PC Ver.3.0.0.18,ﾕﾆｯﾄ Ver.1.32A,ﾕﾆｯﾄﾒｲﾝ Ver.1.36,ﾕﾆｯﾄS Ver.0.46,ﾕﾆｯﾄR Ver.0.45,ﾕﾆｯﾄC Ver.0.08,ﾕﾆｯﾄT Ver.0.11,ﾕﾆｯﾄL Ver.0.52,ﾕﾆｯﾄP Ver.,ﾕﾆｯﾄﾄﾚｲ Ver.0.20,,,,,,,,,,,,,,,,,,,,,,,,,,,
,,,,,,,,,,,,,,,,,,,,,,,,,,,,,,,,,,,,
依頼No.,SID,検体ﾊﾞｰｺｰﾄﾞ,測定日,属性,TAT206(ng/mL), ,TAT1(ng/mL), ,TAT2(ng/mL), ,TAT5(ng/mL), ,TAT6(ng/mL), ,,,,,,,,,,,,,,,,,,,,,,
C001,Request-C001,,2024/06/04 10:35:31 10:43:23,,3.5,  ,,  ,,  ,,  ,,  ,,,,,,,,,,,,,,,,,,,,,,
C002,Request-C002,,2024/06/04 10:35:31 10:43:41,,3.1,  ,,  ,,  ,,  ,,  ,,,,,,,,,,,,,,,,,,,,,,
C003,Request-C003,,2024/06/04 10:35:31 10:43:59,,3.3,  ,,  ,,  ,,  ,,  ,,,,,,,,,,,,,,,,,,,,,,
C004,Request-C004,,2024/06/04 10:35:31 10:47:53,,10.1,  ,,  ,,  ,,  ,,  ,,,,,,,,,,,,,,,,,,,,,,
C005,Request-C005,,2024/06/04 10:35:31 10:48:11,,10.2,  ,,  ,,  ,,  ,,  ,,,,,,,,,,,,,,,,,,,,,,
C006,Request-C006,,2024/06/04 10:35:31 10:48:29,,10.2,  ,,  ,,  ,,  ,,  ,,,,,,,,,,,,,,,,,,,,,,
C007,Request-C007,,2024/06/04 10:35:31 10:55:41,,16.7,  ,,  ,,  ,,  ,,  ,,,,,,,,,,,,,,,,,,,,,,
C008,Request-C008,,2024/06/04 10:35:31 10:55:59,,15.8,  ,,  ,,  ,,  ,,  ,,,,,,,,,,,,,,,,,,,,,,
C009,Request-C009,,2024/06/04 10:35:31 10:56:17,,16.7,  ,,  ,,  ,,  ,,  ,,,,,,,,,,,,,,,,,,,,,,
C010,Request-C010,,2024/06/04 10:35:31 11:01:42,,21.7,  ,,  ,,  ,,  ,,  ,,,,,,,,,,,,,,,,,,,,,,
C011,Request-C011,,2024/06/04 10:35:31 11:02:00,,22.3,  ,,  ,,  ,,  ,,  ,,,,,,,,,,,,,,,,,,,,,,
C012,Request-C012,,2024/06/04 10:35:31 11:02:18,,21.3,  ,,  ,,  ,,  ,,  ,,,,,,,,,,,,,,,,,,,,,,
C013,Request-C013,,2024/06/04 10:35:32 11:09:30,,35.8,  ,,  ,,  ,,  ,,  ,,,,,,,,,,,,,,,,,,,,,,
C014,Request-C014,,2024/06/04 10:35:32 11:09:48,,34.6,  ,,  ,,  ,,  ,,  ,,,,,,,,,,,,,,,,,,,,,,
C015,Request-C015,,2024/06/04 10:35:32 11:10:06,,35.7,  ,,  ,,  ,,  ,,  ,,,,,,,,,,,,,,,,,,,,,,
C016,Request-C016,,2024/06/04 10:35:32 11:14:00,,53,  ,,  ,,  ,,  ,,  ,,,,,,,,,,,,,,,,,,,,,,
C017,Request-C017,,2024/06/04 10:35:32 11:14:18,,51.1,  ,,  ,,  ,,  ,,  ,,,,,,,,,,,,,,,,,,,,,,
C018,Request-C018,,2024/06/04 10:35:32 11:14:36,,51.1,  ,,  ,,  ,,  ,,  ,,,,,,,,,,,,,,,,,,,,,,
C019,Request-C019,,2024/06/04 10:35:32 10:44:17,,,  ,4.7,  ,,  ,,  ,,  ,,,,,,,,,,,,,,,,,,,,,,
C020,Request-C020,,2024/06/04 10:35:32 10:44:35,,,  ,5,  ,,  ,,  ,,  ,,,,,,,,,,,,,,,,,,,,,,
C021,Request-C021,,2024/06/04 10:35:32 10:44:53,,,  ,4.7,  ,,  ,,  ,,  ,,,,,,,,,,,,,,,,,,,,,,
C022,Request-C022,,2024/06/04 10:35:32 10:52:05,,,  ,12.3,  ,,  ,,  ,,  ,,,,,,,,,,,,,,,,,,,,,,
C023,Request-C023,,2024/06/04 10:35:32 10:52:23,,,  ,12.7,  ,,  ,,  ,,  ,,,,,,,,,,,,,,,,,,,,,,
C024,Request-C024,,2024/06/04 10:35:32 10:52:41,,,  ,12.5,  ,,  ,,  ,,  ,,,,,,,,,,,,,,,,,,,,,,
C025,Request-C025,,2024/06/04 10:35:32 10:56:35,,,  ,17.9,  ,,  ,,  ,,  ,,,,,,,,,,,,,,,,,,,,,,
C026,Request-C026,,2024/06/04 10:35:32 10:56:53,,,  ,17.8,  ,,  ,,  ,,  ,,,,,,,,,,,,,,,,,,,,,,
C027,Request-C027,,2024/06/04 10:35:32 10:57:11,,,  ,17.3,  ,,  ,,  ,,  ,,,,,,,,,,,,,,,,,,,,,,
C028,Request-C028,,2024/06/04 10:35:33 11:04:24,,,  ,24.9,  ,,  ,,  ,,  ,,,,,,,,,,,,,,,,,,,,,,
C029,Request-C029,,2024/06/04 10:35:33 11:05:00,,,  ,26.4,  ,,  ,,  ,,  ,,,,,,,,,,,,,,,,,,,,,,
C030,Request-C030,,2024/06/04 10:35:33 11:05:18,,,  ,26.4,  ,,  ,,  ,,  ,,,,,,,,,,,,,,,,,,,,,,
C031,Request-C031,,2024/06/04 10:35:33 11:10:24,,,  ,38.3,  ,,  ,,  ,,  ,,,,,,,,,,,,,,,,,,,,,,
C032,Request-C032,,2024/06/04 10:35:33 11:10:42,,,  ,39.5,  ,,  ,,  ,,  ,,,,,,,,,,,,,,,,,,,,,,
C033,Request-C033,,2024/06/04 10:35:33 11:11:00,,,  ,38.5,  ,,  ,,  ,,  ,,,,,,,,,,,,,,,,,,,,,,
C034,Request-C034,,2024/06/04 10:35:33 11:18:12,,,  ,57.3,  ,,  ,,  ,,  ,,,,,,,,,,,,,,,,,,,,,,
C035,Request-C035,,2024/06/04 10:35:33 11:18:30,,,  ,56.4,  ,,  ,,  ,,  ,,,,,,,,,,,,,,,,,,,,,,
C036,Request-C036,,2024/06/04 10:35:33 11:18:48,,,  ,57,  ,,  ,,  ,,  ,,,,,,,,,,,,,,,,,,,,,,
C037,Request-C037,,2024/06/04 10:35:33 10:46:59,,,  ,,  ,3.7,  ,,  ,,  ,,,,,,,,,,,,,,,,,,,,,,
C038,Request-C038,,2024/06/04 10:35:33 10:47:17,,,  ,,  ,3.1,  ,,  ,,  ,,,,,,,,,,,,,,,,,,,,,,
C039,Request-C039,,2024/06/04 10:35:33 10:47:35,,,  ,,  ,3.3,  ,,  ,,  ,,,,,,,,,,,,,,,,,,,,,,
C040,Request-C040,,2024/06/04 10:35:33 10:52:59,,,  ,,  ,7.5,  ,,  ,,  ,,,,,,,,,,,,,,,,,,,,,,
C041,Request-C041,,2024/06/04 10:35:33 10:53:17,,,  ,,  ,8.2,  ,,  ,,  ,,,,,,,,,,,,,,,,,,,,,,
C042,Request-C042,,2024/06/04 10:35:33 10:53:35,,,  ,,  ,7.7,  ,,  ,,  ,,,,,,,,,,,,,,,,,,,,,,
C043,Request-C043,,2024/06/04 10:35:34 11:00:48,,,  ,,  ,11.6,  ,,  ,,  ,,,,,,,,,,,,,,,,,,,,,,
C044,Request-C044,,2024/06/04 10:35:34 11:01:05,,,  ,,  ,10.9,  ,,  ,,  ,,,,,,,,,,,,,,,,,,,,,,
C045,Request-C045,,2024/06/04 10:35:34 11:01:24,,,  ,,  ,11.8,  ,,  ,,  ,,,,,,,,,,,,,,,,,,,,,,
C046,Request-C046,,2024/06/04 10:35:34 11:05:36,,,  ,,  ,14.7,  ,,  ,,  ,,,,,,,,,,,,,,,,,,,,,,
C047,Request-C047,,2024/06/04 10:35:34 11:05:54,,,  ,,  ,14.5,  ,,  ,,  ,,,,,,,,,,,,,,,,,,,,,,
C048,Request-C048,,2024/06/04 10:35:34 11:04:42,,,  ,,  ,15.1,  ,,  ,,  ,,,,,,,,,,,,,,,,,,,,,,
C049,Request-C049,,2024/06/04 10:35:34 11:13:06,,,  ,,  ,23.2,  ,,  ,,  ,,,,,,,,,,,,,,,,,,,,,,
C050,Request-C050,,2024/06/04 10:35:34 11:13:24,,,  ,,  ,23.1,  ,,  ,,  ,,,,,,,,,,,,,,,,,,,,,,
C051,Request-C051,,2024/06/04 10:35:34 11:13:42,,,  ,,  ,23.3,  ,,  ,,  ,,,,,,,,,,,,,,,,,,,,,,
C052,Request-C052,,2024/06/04 10:35:34 11:19:06,,,  ,,  ,33.6,  ,,  ,,  ,,,,,,,,,,,,,,,,,,,,,,
C053,Request-C053,,2024/06/04 10:35:34 11:19:24,,,  ,,  ,35.4,  ,,  ,,  ,,,,,,,,,,,,,,,,,,,,,,
C054,Request-C054,,2024/06/04 10:35:34 11:19:43,,,  ,,  ,33.3,  ,,  ,,  ,,,,,,,,,,,,,,,,,,,,,,
1,Request-0001,,2024/06/04 10:38:16 11:35:32,Saline,0.1,ﾊﾟﾆｯｸL  ,0,ﾊﾟﾆｯｸL  ,0,ﾊﾟﾆｯｸL  ,1,ﾉｲｽﾞ  ,0,ﾊﾟﾆｯｸL  ,,,,,,,,,,,,,,,,,,,,,,
2,Request-0002,,2024/06/04 10:38:16 11:38:50,Cal-1<300μｌ>,4.4,H  ,4.6,H  ,5.2,H  ,4.9,ﾉｲｽﾞ  ,1.7,ﾉｲｽﾞ  ,,,,,,,,,,,,,,,,,,,,,,
3,Request-0003,,2024/06/04 10:38:16 11:43:39,Cal-2<300μｌ>,12.7,H  ,13.6,H  ,13,H  ,4.9,ﾉｲｽﾞ  ,1.7,  ,,,,,,,,,,,,,,,,,,,,,,
4,Request-0004,,2024/06/04 10:38:16 11:46:57,Cal-3<300μｌ>,29.6,H  ,26.6,H  ,25.3,H  ,4.7,ﾉｲｽﾞ  ,1.5,ﾉｲｽﾞ  ,,,,,,,,,,,,,,,,,,,,,,
5,Request-0005,,2024/06/04 10:38:16 11:51:45,Cal-4<300μｌ>,63.6,H  ,64.9,H  ,58,H  ,5.2,ﾉｲｽﾞ  ,1.9,ﾉｲｽﾞ  ,,,,,,,,,,,,,,,,,,,,,,
6,Request-0006,,2024/06/04 10:38:16 11:55:21,Cal-5<300μｌ>,126.3,ﾊﾟﾆｯｸH  ,126.9,ﾊﾟﾆｯｸH  ,128.1,ﾊﾟﾆｯｸH  ,4.6,ﾉｲｽﾞ  ,1.7,  ,,,,,,,,,,,,,,,,,,,,,,
7,Request-0007,,2024/06/04 10:40:41 11:56:51,Saline,0.1,ﾊﾟﾆｯｸL  ,0,ﾊﾟﾆｯｸL  ,0,ﾊﾟﾆｯｸL  ,0.8,ﾉｲｽﾞ  ,0,ﾊﾟﾆｯｸL  ,,,,,,,,,,,,,,,,,,,,,,
8,Request-0008,,2024/06/04 10:40:41 12:01:21,Cal-1<250μl>,6,H  ,8.7,H  ,7.7,H  ,5.5,ﾉｲｽﾞ  ,1.6,ﾉｲｽﾞ  ,,,,,,,,,,,,,,,,,,,,,,
9,Request-0009,,2024/06/04 10:40:41 12:04:57,Cal-2<250μl>,13,H  ,14.1,H  ,13.3,H  ,4.9,ﾉｲｽﾞ  ,1.9,ﾉｲｽﾞ  ,,,,,,,,,,,,,,,,,,,,,,
10,Request-0010,,2024/06/04 10:40:41 12:09:27,Cal-3<250μl>,30.7,H  ,28.1,H  ,29.1,H  ,4.6,ﾉｲｽﾞ  ,1.7,ﾉｲｽﾞ  ,,,,,,,,,,,,,,,,,,,,,,
11,Request-0011,,2024/06/04 10:40:41 12:13:03,Cal-4<250μl>,63.8,H  ,65.4,H  ,63.5,H  ,4.6,ﾉｲｽﾞ  ,1.7,ﾉｲｽﾞ  ,,,,,,,,,,,,,,,,,,,,,,
12,Request-0012,,2024/06/04 10:40:41 12:19:04,Cal-5<250μl>,133.8,ﾊﾟﾆｯｸH  ,124.8,ﾊﾟﾆｯｸH  ,133.8,ﾊﾟﾆｯｸH  ,4.3,ﾉｲｽﾞ  ,1.7,ﾉｲｽﾞ  ,,,,,,,,,,,,,,,,,,,,,,
13,Request-0013,,2024/06/04 11:28:17 12:17:34,Ctrl -Low,5.5,H  ,4.6,H  ,5,H  ,5.3,ﾉｲｽﾞ  ,1.7,ﾉｲｽﾞ  ,,,,,,,,,,,,,,,,,,,,,,
14,Request-0014,,2024/06/04 11:28:17 12:22:58,Ctrl -High,28.2,H  ,26.7,H  ,27.8,H  ,4.5,ﾉｲｽﾞ  ,1.4,  ,,,,,,,,,,,,,,,,,,,,,,
15,Request-0015,,2024/06/04 13:23:46 13:37:13,240117 TAT-1,,  ,,  ,32.7,H  ,3.8,ﾉｲｽﾞ  ,0,ﾊﾟﾆｯｸL  ,,,,,,,,,,,,,,,,,,,,,,
17,Request-0017,,2024/06/04 13:23:46 13:38:07,240117 TAT-3,,  ,,  ,10.2,H  ,7.1,ﾉｲｽﾞ  ,1.4,  ,,,,,,,,,,,,,,,,,,,,,,
18,Request-0018,,2024/06/04 13:23:46 13:40:50,240117 TAT-4,,  ,,  ,19.2,H  ,5.2,ﾉｲｽﾞ  ,1.2,ﾉｲｽﾞ  ,,,,,,,,,,,,,,,,,,,,,,
19,Request-0019,,2024/06/04 13:23:46 13:41:43,240117 TAT-5,,  ,,  ,70.9,H  ,5.9,ﾉｲｽﾞ  ,0.9,ﾉｲｽﾞ  ,,,,,,,,,,,,,,,,,,,,,,
20,Request-0020,,2024/06/04 13:23:46 13:45:56,240117 TAT-6,,  ,,  ,85.7,H  ,7.7,ﾉｲｽﾞ  ,0.3,ﾉｲｽﾞ  ,,,,,,,,,,,,,,,,,,,,,,
21,Request-0021,,2024/06/04 13:23:46 13:46:50,240117 TAT-7,,  ,,  ,54.3,H  ,5.1,ﾉｲｽﾞ  ,1.3,ﾉｲｽﾞ  ,,,,,,,,,,,,,,,,,,,,,,
22,Request-0022,,2024/06/04 13:23:46 13:49:32,240117 TAT-8,,  ,,  ,19.5,H  ,4.6,ﾉｲｽﾞ  ,1.2,ﾉｲｽﾞ  ,,,,,,,,,,,,,,,,,,,,,,
23,Request-0023,,2024/06/04 13:23:46 13:50:26,240117 TAT-9,,  ,,  ,16.7,H  ,5.7,ﾉｲｽﾞ  ,1,ﾉｲｽﾞ  ,,,,,,,,,,,,,,,,,,,,,,
24,Request-0024,,2024/06/04 13:23:46 13:54:38,240117 TAT-10,,  ,,  ,172,ﾊﾟﾆｯｸH  ,5.9,ﾉｲｽﾞ  ,0.7,ﾉｲｽﾞ  ,,,,,,,,,,,,,,,,,,,,,,
25,Request-0025,,2024/06/04 13:23:46 13:55:32,240117 TAT-11,,  ,,  ,14.4,H  ,6.4,ﾉｲｽﾞ  ,0.8,ﾉｲｽﾞ  ,,,,,,,,,,,,,,,,,,,,,,
26,Request-0026,,2024/06/04 13:23:46 13:58:14,240117 TAT-12,,  ,,  ,101.3,H  ,4.1,ﾉｲｽﾞ  ,1,  ,,,,,,,,,,,,,,,,,,,,,,
27,Request-0027,,2024/06/04 13:23:46 13:59:08,240117 TAT-13,,  ,,  ,101.8,H  ,3.9,ﾉｲｽﾞ  ,0.3,ﾉｲｽﾞ  ,,,,,,,,,,,,,,,,,,,,,,
28,Request-0028,,2024/06/04 13:23:46 14:03:20,240117 TAT-14,,  ,,  ,111.2,H  ,5.9,ﾉｲｽﾞ  ,0.9,ﾉｲｽﾞ  ,,,,,,,,,,,,,,,,,,,,,,
29,Request-0029,,2024/06/04 13:23:46 14:04:14,240117 TAT-15,,  ,,  ,87,H  ,6.2,ﾉｲｽﾞ  ,0,ﾊﾟﾆｯｸL  ,,,,,,,,,,,,,,,,,,,,,,
30,Request-0030,,2024/06/04 13:23:46 14:07:50,240117 TAT-16,23.6,H  ,37.2,H  ,57.5,H  ,4.5,ﾉｲｽﾞ  ,1.1,ﾉｲｽﾞ  ,,,,,,,,,,,,,,,,,,,,,,
31,Request-0031,,2024/06/04 13:23:46 14:12:20,240117 TAT-17,43.1,H  ,58.1,H  ,84.1,H  ,8.8,ﾉｲｽﾞ  ,1.7,ﾉｲｽﾞ  ,,,,,,,,,,,,,,,,,,,,,,
32,Request-0032,,2024/06/04 13:23:46 14:15:57,240117 TAT-18,24.2,H  ,21.7,H  ,31.7,H  ,8.5,ﾉｲｽﾞ  ,1.6,ﾉｲｽﾞ  ,,,,,,,,,,,,,,,,,,,,,,
33,Request-0033,,2024/06/04 13:23:46 14:30:03,240117 TAT-19,29.4,H  ,25.8,H  ,31.1,H  ,2.6,ﾉｲｽﾞ  ,0,ﾊﾟﾆｯｸL  ,,,,,,,,,,,,,,,,,,,,,,
34,Request-0034,,2024/06/04 13:23:46 14:33:39,240117 TAT-20,33.7,H  ,31,H  ,37.7,H  ,4.1,ﾉｲｽﾞ  ,0.9,ﾊﾟﾆｯｸL  ,,,,,,,,,,,,,,,,,,,,,,
35,Request-0035,,2024/06/04 13:31:59 14:58:52,240117 TAT-21,58.8,H  ,84.7,H  ,117.4,H  ,6.7,ﾉｲｽﾞ  ,1.7,ﾉｲｽﾞ  ,,,,,,,,,,,,,,,,,,,,,,
36,Request-0036,,2024/06/04 13:31:59 15:02:10,240117 TAT-22,62.2,H  ,81.3,H  ,108.7,H  ,6,ﾉｲｽﾞ  ,1.6,ﾉｲｽﾞ  ,,,,,,,,,,,,,,,,,,,,,,
37,Request-0037,,2024/06/04 13:31:59 15:04:34,240117 TAT-23,18.6,H  ,22.2,H  ,27.5,H  ,6.8,ﾉｲｽﾞ  ,0.9,ﾉｲｽﾞ  ,,,,,,,,,,,,,,,,,,,,,,
38,Request-0038,,2024/06/04 13:31:59 15:08:28,240117 TAT-24,7.4,H  ,7.3,H  ,5.3,H  ,3.7,ﾉｲｽﾞ  ,0.9,ﾉｲｽﾞ  ,,,,,,,,,,,,,,,,,,,,,,
40,Request-0040,,2024/06/04 13:31:59 15:12:41,240117 TAT-26,15.8,H  ,20.4,H  ,23.1,H  ,5.7,ﾉｲｽﾞ  ,1.1,ﾉｲｽﾞ  ,,,,,,,,,,,,,,,,,,,,,,
41,Request-0041,,2024/06/04 13:31:59 15:16:35,240117 TAT-27,19.4,H  ,19.4,H  ,30.6,H  ,8.3,ﾉｲｽﾞ  ,1.6,ﾉｲｽﾞ  ,,,,,,,,,,,,,,,,,,,,,,
43,Request-0043,,2024/06/04 13:31:59 15:20:47,240117 TAT-29,45.6,H  ,80.6,H  ,119,H  ,5,ﾉｲｽﾞ  ,0.5,ﾉｲｽﾞ  ,,,,,,,,,,,,,,,,,,,,,,
44,Request-0044,,2024/06/04 13:31:59 15:24:41,240117 TAT-30,15,H  ,18.9,H  ,27.8,H  ,6.9,ﾉｲｽﾞ  ,0.7,ﾉｲｽﾞ  ,,,,,,,,,,,,,,,,,,,,,,
45,Request-0045,,2024/06/04 13:38:36 15:26:11,240117 TAT-31,16.8,H  ,24,H  ,45.5,H  ,7.9,ﾉｲｽﾞ  ,0.9,ﾉｲｽﾞ  ,,,,,,,,,,,,,,,,,,,,,,
46,Request-0046,,2024/06/04 13:38:36 15:30:23,240117 TAT-32,267.5,ﾌﾟﾛｿﾞﾝ  ,240.4,ﾌﾟﾛｿﾞﾝ  ,462.1,ﾌﾟﾛｿﾞﾝ  ,5.3,ﾉｲｽﾞ  ,2.1,ﾉｲｽﾞ  ,,,,,,,,,,,,,,,,,,,,,,
47,Request-0047,,2024/06/04 13:38:36 15:34:17,240117 TAT-33,149.9,ﾊﾟﾆｯｸH  ,152.1,ﾊﾟﾆｯｸH  ,192.2,ﾊﾟﾆｯｸH  ,6.9,ﾉｲｽﾞ  ,1.4,ﾉｲｽﾞ  ,,,,,,,,,,,,,,,,,,,,,,
48,Request-0048,,2024/06/04 13:38:36 15:38:29,240117 TAT-34,7.9,H  ,7.3,H  ,9.7,H  ,7.5,ﾉｲｽﾞ  ,0.1,ﾉｲｽﾞ  ,,,,,,,,,,,,,,,,,,,,,,
49,Request-0049,,2024/06/04 13:38:36 15:42:24,240117 TAT-35,9.4,H  ,8.7,H  ,7.7,H  ,3.1,ﾉｲｽﾞ  ,0.6,ﾉｲｽﾞ  ,,,,,,,,,,,,,,,,,,,,,,
50,Request-0050,,2024/06/04 13:38:36 15:46:36,240117 TAT-36,7.2,H  ,7.8,H  ,6.4,H  ,5.5,ﾉｲｽﾞ  ,0.9,ﾉｲｽﾞ  ,,,,,,,,,,,,,,,,,,,,,,
51,Request-0051,,2024/06/04 13:38:36 15:48:06,240117 TAT-37,7.1,H  ,5,H  ,7.4,H  ,7.8,ﾉｲｽﾞ  ,1.1,ﾉｲｽﾞ  ,,,,,,,,,,,,,,,,,,,,,,
52,Request-0052,,2024/06/04 13:38:36 15:52:00,240117 TAT-38,11.7,H  ,11.3,H  ,17,H  ,7.5,ﾉｲｽﾞ  ,1.8,ﾉｲｽﾞ  ,,,,,,,,,,,,,,,,,,,,,,
53,Request-0053,,2024/06/04 13:38:36 15:56:12,240117 TAT-39,55,H  ,33.9,H  ,53.3,H  ,8.4,ﾉｲｽﾞ  ,10.4,H  ,,,,,,,,,,,,,,,,,,,,,,
54,Request-0054,,2024/06/04 13:38:36 16:00:06,240117 TAT-40,5.9,H  ,4.7,H  ,4.9,H  ,4.4,ﾉｲｽﾞ  ,1.9,  ,,,,,,,,,,,,,,,,,,,,,,
55,Request-0055,,2024/06/04 13:38:36 16:04:18,240117 TAT-41,4.4,H  ,3.8,  ,5,H  ,6.2,ﾉｲｽﾞ  ,1.1,ﾉｲｽﾞ  ,,,,,,,,,,,,,,,,,,,,,,
56,Request-0056,,2024/06/04 13:38:36 16:08:12,240117 TAT-42,9.3,H  ,7.9,H  ,11.9,H  ,7.7,ﾉｲｽﾞ  ,0.3,ﾉｲｽﾞ  ,,,,,,,,,,,,,,,,,,,,,,
57,Request-0057,,2024/06/04 13:38:36 16:09:42,240117 TAT-43,7.9,H  ,8.2,H  ,10.2,H  ,7.9,ﾉｲｽﾞ  ,0.7,ﾉｲｽﾞ  ,,,,,,,,,,,,,,,,,,,,,,
58,Request-0058,,2024/06/04 13:38:36 16:13:54,240117 TAT-44,7.8,H  ,6.6,H  ,9.3,H  ,6.4,ﾉｲｽﾞ  ,0.9,ﾉｲｽﾞ  ,,,,,,,,,,,,,,,,,,,,,,
59,Request-0059,,2024/06/04 13:38:36 16:17:49,240117 TAT-45,3.2,  ,3.2,  ,2.2,  ,4.2,ﾉｲｽﾞ  ,1.3,ﾉｲｽﾞ  ,,,,,,,,,,,,,,,,,,,,,,
65,Request-0065,,2024/06/04 13:55:13 14:20:27,240117 TAT-46,62.2,ﾌﾟﾛｿﾞﾝ  ,46.9,H  ,68.5,H  ,9.2,ﾉｲｽﾞ  ,12.1,H  ,,,,,,,,,,,,,,,,,,,,,,
66,Request-0066,,2024/06/04 13:55:13 14:24:03,240117 TAT-47,4.5,H  ,3.7,  ,4.6,H  ,4.6,ﾉｲｽﾞ  ,1.5,ﾉｲｽﾞ  ,,,,,,,,,,,,,,,,,,,,,,
67,Request-0067,,2024/06/04 13:55:13 14:25:33,240117 TAT-48,5.1,H  ,4.2,H  ,6.3,H  ,6.6,ﾉｲｽﾞ  ,1.8,  ,,,,,,,,,,,,,,,,,,,,,,
68,Request-0068,,2024/06/04 14:26:56 14:37:51,240117 TAT-1,15.4,H  ,22.5,H  ,,  ,,  ,,  ,,,,,,,,,,,,,,,,,,,,,,
70,Request-0070,,2024/06/04 14:26:56 14:38:27,240117 TAT-3,9.4,H  ,4.2,H  ,,  ,,  ,,  ,,,,,,,,,,,,,,,,,,,,,,
71,Request-0071,,2024/06/04 14:26:56 14:39:04,240117 TAT-4,14,H  ,16.1,H  ,,  ,,  ,,  ,,,,,,,,,,,,,,,,,,,,,,
72,Request-0072,,2024/06/04 14:26:56 14:41:27,240117 TAT-5,57.4,H  ,59.7,H  ,,  ,,  ,,  ,,,,,,,,,,,,,,,,,,,,,,
73,Request-0073,,2024/06/04 14:26:56 14:49:52,240117 TAT-6,68.8,H  ,70.9,H  ,,  ,,  ,,  ,,,,,,,,,,,,,,,,,,,,,,
74,Request-0074,,2024/06/04 14:26:56 14:50:28,240117 TAT-7,33.7,H  ,45.3,H  ,,  ,,  ,,  ,,,,,,,,,,,,,,,,,,,,,,
75,Request-0075,,2024/06/04 14:26:56 14:51:04,240117 TAT-8,14,H  ,19.4,H  ,,  ,,  ,,  ,,,,,,,,,,,,,,,,,,,,,,
76,Request-0076,,2024/06/04 14:26:56 14:54:04,240117 TAT-9,11.5,H  ,15.9,H  ,,  ,,  ,,  ,,,,,,,,,,,,,,,,,,,,,,
77,Request-0077,,2024/06/04 14:26:56 14:54:58,240117 TAT-10,59.1,H  ,108.9,H  ,,  ,,  ,,  ,,,,,,,,,,,,,,,,,,,,,,
78,Request-0078,,2024/06/04 14:26:56 14:41:45,240117 TAT-11 試料少ない,8,H  ,,  ,,  ,,  ,,  ,,,,,,,,,,,,,,,,,,,,,,
79,Request-0079,,2024/06/04 14:26:56 14:42:04,240117 TAT-12 試料少ない,63.6,H  ,,  ,,  ,,  ,,  ,,,,,,,,,,,,,,,,,,,,,,
80,Request-0080,,2024/06/04 14:26:56 14:42:21,240117 TAT-13 試料少ない,65.2,H  ,,  ,,  ,,  ,,  ,,,,,,,,,,,,,,,,,,,,,,
81,Request-0081,,2024/06/04 14:26:56 14:46:16,240117 TAT-14,35.1,H  ,61.5,H  ,,  ,,  ,,  ,,,,,,,,,,,,,,,,,,,,,,
82,Request-0082,,2024/06/04 14:26:56 14:46:51,240117 TAT-15,32.6,H  ,50,H  ,,  ,,  ,,  ,,,,,,,,,,,,,,,,,,,,,,
 ,,,,,,,,,,,,,,,,,,,,,,,,,,,,,,,,,,,,
 ,,,,,,,,,,,,,,,,,,,,,,,,,,,,,,,,,,,,
依頼No.,項目名,,測光ﾎﾟｰﾄ,処理値,,ﾌﾟﾛﾌｧｲﾙ,,,,,,,,,,,,,,,,,,,,,,,,,,,,,,
C001,TAT206,41,15,3.5,,0,9.2,18,27.2,36,45.2,54,63.2,72,81.2,90,99.2,108,117.2,126,135.2,144,153.2,162,171.2,180,,,532,527,267,374,107,10801,,0
,,,,,,10846,10805,10807,10804,10809,10815,10819,10823,10829,10833,10836,10839,10849,10850,10856,10862,10866,10873,10877,10885,10892,,,,,,,,,,
 ,,,,,,,,,,,,,,,,,,,,,,,,,,,,,,,,,,,,
C002,TAT206,41,16,3.1,,0,9.2,18,27.2,36,45.2,54,63.2,72,81.2,90,99.2,108,117.2,126,135.2,144,153.2,162,171.2,180,,,532,527,268,372,107,10816,,0
,,,,,,10819,10818,10819,10825,10825,10826,10833,10841,10842,10849,10850,10857,10863,10868,10870,10881,10884,10885,10891,10896,10901,,,,,,,,,,
 ,,,,,,,,,,,,,,,,,,,,,,,,,,,,,,,,,,,,
C003,TAT206,41,17,3.3,,0,9.2,18,27.2,36,45.2,54,63.2,72,81.2,90,99.2,108,117.2,126,135.2,144,153.2,162,171.2,180,,,527,527,267,373,107,10767,,0
,,,,,,10774,10771,10773,10771,10778,10783,10785,10789,10792,10798,10799,10805,10812,10818,10822,10827,10832,10839,10843,10848,10858,,,,,,,,,,
 ,,,,,,,,,,,,,,,,,,,,,,,,,,,,,,,,,,,,
C004,TAT206,41,18,10.1,,0,9.2,18,27.2,36,45.2,54,63.2,72,81.2,90,99.2,108,117.2,126,135.2,144,153.2,162,171.2,180,,,527,527,269,373,107,11542,,0
,,,,,,11531,11551,11556,11566,11580,11594,11603,11621,11632,11648,11663,11683,11694,11708,11720,11739,11756,11772,11774,11799,11813,,,,,,,,,,
 ,,,,,,,,,,,,,,,,,,,,,,,,,,,,,,,,,,,,
C005,TAT206,41,19,10.2,,0,9.2,18,27.2,36,45.2,54,63.2,72,81.2,90,99.2,108,117.2,126,135.2,144,153.2,162,171.2,180,,,527,527,268,374,108,11668,,0
,,,,,,11674,11679,11685,11697,11709,11722,11737,11750,11764,11780,11791,11810,11822,11839,11853,11870,11894,11901,11919,11933,11947,,,,,,,,,,
 ,,,,,,,,,,,,,,,,,,,,,,,,,,,,,,,,,,,,
C006,TAT206,41,20,10.2,,0,9.2,18,27.2,36,45.2,54,63.2,72,81.2,90,99.2,108,117.2,126,135.2,144,153.2,162,171.2,180,,,527,527,266,374,108,11620,,0
,,,,,,11639,11648,11663,11676,11688,11703,11712,11723,11737,11751,11765,11780,11793,11808,11824,11846,11855,11868,11880,11904,11908,,,,,,,,,,
 ,,,,,,,,,,,,,,,,,,,,,,,,,,,,,,,,,,,,
C007,TAT206,41,15,16.7,,0,9.2,18,27.2,36,45.2,54,63.2,72,81.2,90,99.2,108,117.2,126,135.2,144,153.2,162,171.2,180,,,532,527,261,373,107,11611,,0
,,,,,,11584,11607,11604,11620,11643,11660,11674,11698,11718,11732,11760,11786,11807,11833,11852,11882,11900,11933,11954,11983,12003,,,,,,,,,,
 ,,,,,,,,,,,,,,,,,,,,,,,,,,,,,,,,,,,,
C008,TAT206,41,16,15.8,,0,9.2,18,27.2,36,45.2,54,63.2,72,81.2,90,99.2,108,117.2,126,135.2,144,153.2,162,171.2,180,,,532,527,261,373,107,11582,,0
,,,,,,11599,11614,11633,11654,11671,11689,11713,11732,11754,11778,11799,11824,11843,11864,11892,11917,11944,11965,11989,12015,12044,,,,,,,,,,
 ,,,,,,,,,,,,,,,,,,,,,,,,,,,,,,,,,,,,
C009,TAT206,41,17,16.7,,0,9.2,18,27.2,36,45.2,54,63.2,72,81.2,90,99.2,108,117.2,126,135.2,144,153.2,162,171.2,180,,,532,527,262,373,107,11547,,0
,,,,,,11574,11587,11610,11622,11638,11656,11678,11696,11715,11737,11765,11784,11811,11831,11855,11885,11907,11936,11956,11987,12008,,,,,,,,,,
 ,,,,,,,,,,,,,,,,,,,,,,,,,,,,,,,,,,,,
C010,TAT206,41,18,21.7,,0,9.2,18,27.2,36,45.2,54,63.2,72,81.2,90,99.2,108,117.2,126,135.2,144,153.2,162,171.2,180,,,532,527,265,374,106,11504,,0
,,,,,,11519,11538,11557,11569,11616,11638,11660,11685,11708,11737,11768,11803,11828,11861,11891,11925,11963,11995,12029,12062,12094,,,,,,,,,,
 ,,,,,,,,,,,,,,,,,,,,,,,,,,,,,,,,,,,,
C011,TAT206,41,19,22.3,,0,9.2,18,27.2,36,45.2,54,63.2,72,81.2,90,99.2,108,117.2,126,135.2,144,153.2,162,171.2,180,,,527,527,264,375,106,11664,,0
,,,,,,11693,11692,11707,11728,11756,11782,11815,11838,11857,11887,11920,11946,11979,12016,12044,12074,12117,12156,12191,12221,12258,,,,,,,,,,
 ,,,,,,,,,,,,,,,,,,,,,,,,,,,,,,,,,,,,
C012,TAT206,41,20,21.3,,0,9.2,18,27.2,36,45.2,54,63.2,72,81.2,90,99.2,108,117.2,126,135.2,144,153.2,162,171.2,180,,,527,527,264,375,107,11615,,0
,,,,,,11606,11617,11618,11645,11668,11693,11716,11742,11768,11799,11823,11854,11884,11912,11949,11979,12012,12051,12080,12118,12151,,,,,,,,,,
 ,,,,,,,,,,,,,,,,,,,,,,,,,,,,,,,,,,,,
C013,TAT206,41,15,35.8,,0,9.2,18,27.2,36,45.2,54,63.2,72,81.2,90,99.2,108,117.2,126,135.2,144,153.2,162,171.2,180,,,527,527,269,372,106,11575,,0
,,,,,,11609,11615,11639,11666,11694,11733,11773,11812,11858,11901,11953,11999,12047,12107,12159,12216,12272,12323,12384,12438,12505,,,,,,,,,,
 ,,,,,,,,,,,,,,,,,,,,,,,,,,,,,,,,,,,,
C014,TAT206,41,16,34.6,,0,9.2,18,27.2,36,45.2,54,63.2,72,81.2,90,99.2,108,117.2,126,135.2,144,153.2,162,171.2,180,,,527,527,267,374,106,11540,,0
,,,,,,11538,11562,11575,11600,11635,11663,11705,11747,11785,11836,11884,11932,11975,12032,12084,12140,12188,12245,12296,12355,12406,,,,,,,,,,
 ,,,,,,,,,,,,,,,,,,,,,,,,,,,,,,,,,,,,
C015,TAT206,41,17,35.7,,0,9.2,18,27.2,36,45.2,54,63.2,72,81.2,90,99.2,108,117.2,126,135.2,144,153.2,162,171.2,180,,,532,527,269,373,107,11539,,0
,,,,,,11573,11569,11586,11619,11652,11684,11721,11771,11811,11856,11905,11958,12009,12064,12118,12174,12225,12286,12343,12392,12451,,,,,,,,,,
 ,,,,,,,,,,,,,,,,,,,,,,,,,,,,,,,,,,,,
C016,TAT206,41,18,53,,0,9.2,18,27.2,36,45.2,54,63.2,72,81.2,90,99.2,108,117.2,126,135.2,144,153.2,162,171.2,180,,,532,527,268,374,106,11533,,0
,,,,,,11557,11585,11614,11656,11708,11763,11817,11879,11945,12019,12094,12176,12246,12333,12405,12485,12568,12655,12726,12814,12885,,,,,,,,,,
 ,,,,,,,,,,,,,,,,,,,,,,,,,,,,,,,,,,,,
C017,TAT206,41,19,51.1,,0,9.2,18,27.2,36,45.2,54,63.2,72,81.2,90,99.2,108,117.2,126,135.2,144,153.2,162,171.2,180,,,532,527,268,375,107,11676,,0
,,,,,,11718,11726,11753,11794,11836,11894,11952,12013,12078,12159,12232,12310,12381,12459,12533,12616,12686,12768,12847,12925,12997,,,,,,,,,,
 ,,,,,,,,,,,,,,,,,,,,,,,,,,,,,,,,,,,,
C018,TAT206,41,20,51.1,,0,9.2,18,27.2,36,45.2,54,63.2,72,81.2,90,99.2,108,117.2,126,135.2,144,153.2,162,171.2,180,,,532,527,269,374,107,11655,,0
,,,,,,11672,11702,11727,11769,11807,11860,11917,11982,12041,12111,12188,12262,12334,12416,12496,12575,12646,12719,12800,12878,12942,,,,,,,,,,
 ,,,,,,,,,,,,,,,,,,,,,,,,,,,,,,,,,,,,
C019,TAT1,42,18,4.7,,0,9.2,18,27.2,36,45.2,54,63.2,72,81.2,90,99.2,108,117.2,126,135.2,144,153.2,162,171.2,180,,,527,527,268,373,107,10843,,0
,,,,,,10829,10840,10838,10846,10848,10852,10859,10868,10866,10878,10880,10889,10896,10905,10913,10920,10928,10933,10940,10948,10954,,,,,,,,,,
 ,,,,,,,,,,,,,,,,,,,,,,,,,,,,,,,,,,,,
C020,TAT1,42,19,5,,0,9.2,18,27.2,36,45.2,54,63.2,72,81.2,90,99.2,108,117.2,126,135.2,144,153.2,162,171.2,180,,,527,527,268,374,108,10933,,0
,,,,,,10924,10928,10925,10929,10935,10941,10947,10953,10959,10965,10969,10979,10985,10993,11002,11006,11015,11022,11028,11040,11042,,,,,,,,,,
 ,,,,,,,,,,,,,,,,,,,,,,,,,,,,,,,,,,,,
C021,TAT1,42,20,4.7,,0,9.2,18,27.2,36,45.2,54,63.2,72,81.2,90,99.2,108,117.2,126,135.2,144,153.2,162,171.2,180,,,527,527,268,372,108,10919,,0
,,,,,,10915,10921,10922,10923,10928,10931,10936,10942,10947,10956,10962,10968,10978,10981,10992,11000,11006,11012,11019,11027,11032,,,,,,,,,,
 ,,,,,,,,,,,,,,,,,,,,,,,,,,,,,,,,,,,,
C022,TAT1,42,15,12.3,,0,9.2,18,27.2,36,45.2,54,63.2,72,81.2,90,99.2,108,117.2,126,135.2,144,153.2,162,171.2,180,,,532,527,264,373,108,11569,,0
,,,,,,11583,11591,11604,11624,11640,11660,11672,11696,11717,11735,11744,11767,11790,11799,11824,11844,11860,11879,11898,11919,11937,,,,,,,,,,
 ,,,,,,,,,,,,,,,,,,,,,,,,,,,,,,,,,,,,
C023,TAT1,42,16,12.7,,0,9.2,18,27.2,36,45.2,54,63.2,72,81.2,90,99.2,108,117.2,126,135.2,144,153.2,162,171.2,180,,,532,527,264,373,107,11472,,0
,,,,,,11499,11491,11502,11515,11529,11550,11568,11585,11593,11610,11635,11655,11667,11688,11706,11725,11744,11767,11778,11800,11821,,,,,,,,,,
 ,,,,,,,,,,,,,,,,,,,,,,,,,,,,,,,,,,,,
C024,TAT1,42,17,12.5,,0,9.2,18,27.2,36,45.2,54,63.2,72,81.2,90,99.2,108,117.2,126,135.2,144,153.2,162,171.2,180,,,532,527,264,374,107,11404,,0
,,,,,,11427,11436,11454,11470,11488,11500,11523,11539,11555,11571,11593,11612,11628,11645,11665,11683,11702,11725,11739,11758,11783,,,,,,,,,,
 ,,,,,,,,,,,,,,,,,,,,,,,,,,,,,,,,,,,,
C025,TAT1,42,18,17.9,,0,9.2,18,27.2,36,45.2,54,63.2,72,81.2,90,99.2,108,117.2,126,135.2,144,153.2,162,171.2,180,,,527,527,262,373,107,11505,,0
,,,,,,11539,11548,11572,11587,11622,11636,11662,11686,11700,11740,11755,11787,11812,11839,11862,11898,11920,11949,11976,12009,12033,,,,,,,,,,
 ,,,,,,,,,,,,,,,,,,,,,,,,,,,,,,,,,,,,
C026,TAT1,42,19,17.8,,0,9.2,18,27.2,36,45.2,54,63.2,72,81.2,90,99.2,108,117.2,126,135.2,144,153.2,162,171.2,180,,,527,527,263,375,107,11621,,0
,,,,,,11609,11632,11638,11661,11680,11702,11731,11757,11777,11805,11829,11850,11883,11906,11936,11958,11990,12016,12045,12072,12103,,,,,,,,,,
 ,,,,,,,,,,,,,,,,,,,,,,,,,,,,,,,,,,,,
C027,TAT1,42,20,17.3,,0,9.2,18,27.2,36,45.2,54,63.2,72,81.2,90,99.2,108,117.2,126,135.2,144,153.2,162,171.2,180,,,527,527,263,373,107,11574,,0
,,,,,,11590,11610,11629,11642,11660,11682,11705,11725,11750,11779,11797,11829,11848,11880,11902,11933,11963,11991,12016,12039,12073,,,,,,,,,,
 ,,,,,,,,,,,,,,,,,,,,,,,,,,,,,,,,,,,,
C028,TAT1,42,15,24.9,,0,9.2,18,27.2,36,45.2,54,63.2,72,81.2,90,99.2,108,117.2,126,135.2,144,153.2,162,171.2,180,,,532,527,267,375,106,11520,,0
,,,,,,11536,11535,11544,11570,11601,11636,11663,11694,11730,11763,11792,11833,11868,11911,11941,11988,12025,12060,12103,12137,12185,,,,,,,,,,
 ,,,,,,,,,,,,,,,,,,,,,,,,,,,,,,,,,,,,
C029,TAT1,42,17,26.4,,0,9.2,18,27.2,36,45.2,54,63.2,72,81.2,90,99.2,108,117.2,126,135.2,144,153.2,162,171.2,180,,,532,527,268,374,108,11411,,0
,,,,,,11420,11437,11452,11478,11507,11543,11567,11603,11635,11671,11705,11742,11781,11818,11859,11900,11939,11981,12019,12067,12105,,,,,,,,,,
 ,,,,,,,,,,,,,,,,,,,,,,,,,,,,,,,,,,,,
C030,TAT1,42,18,26.4,,0,9.2,18,27.2,36,45.2,54,63.2,72,81.2,90,99.2,108,117.2,126,135.2,144,153.2,162,171.2,180,,,532,527,266,375,106,11495,,0
,,,,,,11510,11536,11559,11575,11594,11631,11657,11693,11718,11763,11794,11832,11872,11903,11945,11986,12016,12064,12096,12159,12195,,,,,,,,,,
 ,,,,,,,,,,,,,,,,,,,,,,,,,,,,,,,,,,,,
C031,TAT1,42,18,38.3,,0,9.2,18,27.2,36,45.2,54,63.2,72,81.2,90,99.2,108,117.2,126,135.2,144,153.2,162,171.2,180,,,532,527,268,375,106,11454,,0
,,,,,,11436,11472,11482,11511,11550,11587,11633,11680,11726,11785,11840,11892,11955,12008,12075,12125,12188,12247,12306,12360,12426,,,,,,,,,,
 ,,,,,,,,,,,,,,,,,,,,,,,,,,,,,,,,,,,,
C032,TAT1,42,19,39.5,,0,9.2,18,27.2,36,45.2,54,63.2,72,81.2,90,99.2,108,117.2,126,135.2,144,153.2,162,171.2,180,,,532,527,268,374,106,11518,,0
,,,,,,11546,11560,11583,11620,11650,11695,11735,11790,11836,11891,11944,12006,12059,12124,12181,12249,12309,12363,12423,12483,12542,,,,,,,,,,
 ,,,,,,,,,,,,,,,,,,,,,,,,,,,,,,,,,,,,
C033,TAT1,42,20,38.5,,0,9.2,18,27.2,36,45.2,54,63.2,72,81.2,90,99.2,108,117.2,126,135.2,144,153.2,162,171.2,180,,,532,527,268,376,106,11535,,0
,,,,,,11551,11573,11593,11619,11654,11701,11748,11791,11845,11890,11937,11995,12053,12109,12164,12227,12287,12348,12409,12467,12531,,,,,,,,,,
 ,,,,,,,,,,,,,,,,,,,,,,,,,,,,,,,,,,,,
C034,TAT1,42,15,57.3,,0,9.2,18,27.2,36,45.2,54,63.2,72,81.2,90,99.2,108,117.2,126,135.2,144,153.2,162,171.2,180,,,532,527,269,373,106,11506,,0
,,,,,,11536,11570,11609,11663,11717,11782,11854,11929,12003,12089,12164,12249,12341,12428,12519,12611,12689,12779,12863,12948,13026,,,,,,,,,,
 ,,,,,,,,,,,,,,,,,,,,,,,,,,,,,,,,,,,,
C035,TAT1,42,16,56.4,,0,9.2,18,27.2,36,45.2,54,63.2,72,81.2,90,99.2,108,117.2,126,135.2,144,153.2,162,171.2,180,,,532,527,269,375,106,11460,,0
,,,,,,11506,11529,11570,11614,11668,11729,11800,11869,11951,12029,12104,12189,12275,12358,12448,12533,12619,12709,12790,12875,12955,,,,,,,,,,
 ,,,,,,,,,,,,,,,,,,,,,,,,,,,,,,,,,,,,
C036,TAT1,42,17,57,,0,9.2,18,27.2,36,45.2,54,63.2,72,81.2,90,99.2,108,117.2,126,135.2,144,153.2,162,171.2,180,,,532,527,270,374,106,11450,,0
,,,,,,11455,11497,11524,11563,11615,11683,11751,11826,11907,11985,12064,12154,12238,12327,12408,12495,12583,12671,12756,12840,12932,,,,,,,,,,
 ,,,,,,,,,,,,,,,,,,,,,,,,,,,,,,,,,,,,
C037,TAT2,43,15,3.7,,0,9.2,18,27.2,36,45.2,54,63.2,72,81.2,90,99.2,108,117.2,126,135.2,144,153.2,162,171.2,180,,,532,527,270,374,107,10511,,0
,,,,,,10514,10511,10511,10512,10512,10515,10520,10525,10529,10533,10538,10543,10549,10556,10558,10566,10568,10576,10578,10589,10596,,,,,,,,,,
 ,,,,,,,,,,,,,,,,,,,,,,,,,,,,,,,,,,,,
C038,TAT2,43,16,3.1,,0,9.2,18,27.2,36,45.2,54,63.2,72,81.2,90,99.2,108,117.2,126,135.2,144,153.2,162,171.2,180,,,527,527,270,373,109,10403,,0
,,,,,,10398,10397,10393,10390,10396,10399,10399,10408,10411,10417,10420,10429,10432,10435,10440,10443,10448,10453,10461,10464,10469,,,,,,,,,,
 ,,,,,,,,,,,,,,,,,,,,,,,,,,,,,,,,,,,,
C039,TAT2,43,17,3.3,,0,9.2,18,27.2,36,45.2,54,63.2,72,81.2,90,99.2,108,117.2,126,135.2,144,153.2,162,171.2,180,,,532,527,269,375,107,10415,,0
,,,,,,10412,10409,10405,10411,10414,10419,10422,10423,10433,10439,10442,10445,10450,10455,10460,10464,10468,10477,10483,10488,10495,,,,,,,,,,
 ,,,,,,,,,,,,,,,,,,,,,,,,,,,,,,,,,,,,
C040,TAT2,43,18,7.5,,0,9.2,18,27.2,36,45.2,54,63.2,72,81.2,90,99.2,108,117.2,126,135.2,144,153.2,162,171.2,180,,,532,527,263,375,107,11216,,0
,,,,,,11252,11243,11258,11252,11268,11283,11285,11304,11312,11322,11329,11343,11355,11368,11379,11382,11397,11409,11422,11434,11447,,,,,,,,,,
 ,,,,,,,,,,,,,,,,,,,,,,,,,,,,,,,,,,,,
C041,TAT2,43,19,8.2,,0,9.2,18,27.2,36,45.2,54,63.2,72,81.2,90,99.2,108,117.2,126,135.2,144,153.2,162,171.2,180,,,532,527,261,374,107,11295,,0
,,,,,,11300,11312,11321,11326,11338,11351,11356,11366,11378,11387,11401,11413,11426,11435,11445,11457,11470,11482,11498,11510,11518,,,,,,,,,,
 ,,,,,,,,,,,,,,,,,,,,,,,,,,,,,,,,,,,,
C042,TAT2,43,20,7.7,,0,9.2,18,27.2,36,45.2,54,63.2,72,81.2,90,99.2,108,117.2,126,135.2,144,153.2,162,171.2,180,,,532,527,264,374,107,11295,,0
,,,,,,11264,11275,11264,11281,11294,11301,11316,11324,11331,11344,11364,11377,11385,11392,11400,11415,11435,11443,11458,11460,11482,,,,,,,,,,
 ,,,,,,,,,,,,,,,,,,,,,,,,,,,,,,,,,,,,
C043,TAT2,43,15,11.6,,0,9.2,18,27.2,36,45.2,54,63.2,72,81.2,90,99.2,108,117.2,126,135.2,144,153.2,162,171.2,180,,,532,527,265,375,106,11424,,0
,,,,,,11420,11433,11438,11452,11463,11481,11494,11512,11527,11538,11556,11570,11592,11606,11620,11642,11661,11672,11693,11712,11728,,,,,,,,,,
 ,,,,,,,,,,,,,,,,,,,,,,,,,,,,,,,,,,,,
C044,TAT2,43,16,10.9,,0,9.2,18,27.2,36,45.2,54,63.2,72,81.2,90,99.2,108,117.2,126,135.2,144,153.2,162,171.2,180,,,532,527,264,375,107,11276,,0
,,,,,,11257,11282,11285,11299,11310,11325,11338,11357,11367,11384,11396,11414,11430,11448,11461,11474,11496,11510,11531,11548,11567,,,,,,,,,,
 ,,,,,,,,,,,,,,,,,,,,,,,,,,,,,,,,,,,,
C045,TAT2,43,17,11.8,,0,9.2,18,27.2,36,45.2,54,63.2,72,81.2,90,99.2,108,117.2,126,135.2,144,153.2,162,171.2,180,,,527,527,264,375,106,11261,,0
,,,,,,11265,11272,11278,11282,11296,11306,11322,11342,11352,11361,11380,11397,11412,11427,11445,11465,11483,11501,11516,11538,11553,,,,,,,,,,
 ,,,,,,,,,,,,,,,,,,,,,,,,,,,,,,,,,,,,
C046,TAT2,43,19,14.7,,0,9.2,18,27.2,36,45.2,54,63.2,72,81.2,90,99.2,108,117.2,126,135.2,144,153.2,162,171.2,180,,,532,527,266,374,106,11468,,0
,,,,,,11470,11483,11491,11499,11522,11535,11554,11569,11582,11603,11627,11648,11668,11688,11709,11732,11756,11778,11804,11824,11851,,,,,,,,,,
 ,,,,,,,,,,,,,,,,,,,,,,,,,,,,,,,,,,,,
C047,TAT2,43,20,14.5,,0,9.2,18,27.2,36,45.2,54,63.2,72,81.2,90,99.2,108,117.2,126,135.2,144,153.2,162,171.2,180,,,532,527,266,374,106,11389,,0
,,,,,,11375,11391,11392,11406,11428,11438,11459,11477,11496,11520,11533,11556,11581,11602,11627,11648,11666,11688,11716,11738,11764,,,,,,,,,,
 ,,,,,,,,,,,,,,,,,,,,,,,,,,,,,,,,,,,,
C048,TAT2,43,16,15.1,,0,9.2,18,27.2,36,45.2,54,63.2,72,81.2,90,99.2,108,117.2,126,135.2,144,153.2,162,171.2,180,,,532,527,266,374,106,11224,,0
,,,,,,11200,11218,11214,11228,11244,11262,11281,11300,11322,11338,11360,11377,11399,11426,11445,11464,11491,11515,11537,11565,11587,,,,,,,,,,
 ,,,,,,,,,,,,,,,,,,,,,,,,,,,,,,,,,,,,
C049,TAT2,43,15,23.2,,0,9.2,18,27.2,36,45.2,54,63.2,72,81.2,90,99.2,108,117.2,126,135.2,144,153.2,162,171.2,180,,,527,527,269,376,106,11268,,0
,,,,,,11332,11293,11308,11319,11347,11367,11398,11418,11449,11479,11513,11539,11576,11607,11648,11680,11720,11750,11790,11827,11868,,,,,,,,,,
 ,,,,,,,,,,,,,,,,,,,,,,,,,,,,,,,,,,,,
C050,TAT2,43,16,23.1,,0,9.2,18,27.2,36,45.2,54,63.2,72,81.2,90,99.2,108,117.2,126,135.2,144,153.2,162,171.2,180,,,532,527,269,373,106,11258,,0
,,,,,,11282,11275,11285,11302,11319,11344,11367,11397,11419,11450,11475,11514,11547,11580,11611,11648,11685,11719,11753,11796,11835,,,,,,,,,,
 ,,,,,,,,,,,,,,,,,,,,,,,,,,,,,,,,,,,,
C051,TAT2,43,17,23.3,,0,9.2,18,27.2,36,45.2,54,63.2,72,81.2,90,99.2,108,117.2,126,135.2,144,153.2,162,171.2,180,,,527,527,268,374,106,11196,,0
,,,,,,11188,11205,11210,11223,11245,11268,11299,11320,11352,11376,11410,11434,11468,11509,11544,11574,11617,11652,11683,11726,11763,,,,,,,,,,
 ,,,,,,,,,,,,,,,,,,,,,,,,,,,,,,,,,,,,
C052,TAT2,43,18,33.6,,0,9.2,18,27.2,36,45.2,54,63.2,72,81.2,90,99.2,108,117.2,126,135.2,144,153.2,162,171.2,180,,,532,527,269,375,106,11217,,0
,,,,,,11233,11248,11265,11292,11314,11348,11384,11423,11465,11510,11554,11598,11648,11704,11746,11803,11859,11908,11961,12014,12072,,,,,,,,,,
 ,,,,,,,,,,,,,,,,,,,,,,,,,,,,,,,,,,,,
C053,TAT2,43,19,35.4,,0,9.2,18,27.2,36,45.2,54,63.2,72,81.2,90,99.2,108,117.2,126,135.2,144,153.2,162,171.2,180,,,532,527,268,374,107,11477,,0
,,,,,,11491,11510,11528,11552,11578,11615,11644,11686,11731,11774,11819,11869,11923,11969,12020,12075,12135,12199,12245,12305,12356,,,,,,,,,,
 ,,,,,,,,,,,,,,,,,,,,,,,,,,,,,,,,,,,,
C054,TAT2,43,20,33.3,,0,9.2,18,27.2,36,45.2,54,63.2,72,81.2,90,99.2,108,117.2,126,135.2,144,153.2,162,171.2,180,,,532,527,269,373,107,11384,,0
,,,,,,11392,11416,11433,11459,11484,11520,11557,11592,11632,11678,11722,11771,11822,11869,11916,11967,12020,12081,12128,12178,12234,,,,,,,,,,
 ,,,,,,,,,,,,,,,,,,,,,,,,,,,,,,,,,,,,
1,TAT206,41,15,3.5,,0,9.2,18,27.2,36,45.2,54,63.2,72,81.2,90,99.2,108,117.2,126,135.2,144,153.2,162,171.2,180,,,527,532,272,374,109,10786,,0
,,,,,,10800,10788,10789,10790,10798,10798,10804,10804,10805,10818,10820,10827,10827,10833,10836,10846,10850,10857,10862,10870,10872,,,,,,,,,,
 ,,,,,,,,,,,,,,,,,,,,,,,,,,,,,,,,,,,,
1,TAT1,42,16,4.5,,0,9.2,18,27.2,36,45.2,54,63.2,72,81.2,90,99.2,108,117.2,126,135.2,144,153.2,162,171.2,180,,,527,532,271,371,109,10700,,0
,,,,,,10694,10697,10695,10696,10705,10713,10719,10722,10728,10738,10742,10748,10750,10764,10768,10774,10782,10789,10801,10806,10813,,,,,,,,,,
 ,,,,,,,,,,,,,,,,,,,,,,,,,,,,,,,,,,,,
1,TAT2,43,17,3.3,,0,9.2,18,27.2,36,45.2,54,63.2,72,81.2,90,99.2,108,117.2,126,135.2,144,153.2,162,171.2,180,,,527,532,270,375,109,10483,,0
,,,,,,10472,10482,10481,10484,10483,10483,10488,10488,10498,10502,10507,10509,10516,10525,10524,10533,10537,10538,10546,10551,10556,,,,,,,,,,
 ,,,,,,,,,,,,,,,,,,,,,,,,,,,,,,,,,,,,
1,TAT5,46,18,1,,0,9.2,18,27.2,36,45.2,54,63.2,72,81.2,90,99.2,108,117.2,126,135.2,144,153.2,162,171.2,180,,,527,532,271,372,110,6589,,5
,,,,,,6574,6575,6567,6569,6568,6576,6576,6575,6574,6576,6583,6580,6583,6582,6583,6587,6588,6586,6595,6591,6594,,,,,,,,,,
 ,,,,,,,,,,,,,,,,,,,,,,,,,,,,,,,,,,,,
1,TAT6,47,19,-0.1,,0,9.2,18,27.2,36,45.2,54,63.2,72,81.2,90,99.2,108,117.2,126,135.2,144,153.2,162,171.2,180,,,527,532,272,373,110,8766,,0
,,,,,,8759,8750,8741,8741,8735,8738,8736,8741,8735,8737,8738,8735,8736,8735,8735,8736,8734,8735,8735,8735,8735,,,,,,,,,,
 ,,,,,,,,,,,,,,,,,,,,,,,,,,,,,,,,,,,,
2,TAT206,41,20,9.8,,0,9.2,18,27.2,36,45.2,54,63.2,72,81.2,90,99.2,108,117.2,126,135.2,144,153.2,162,171.2,180,,,527,532,272,372,109,11606,,0
,,,,,,11612,11629,11641,11647,11657,11670,11682,11700,11711,11729,11745,11761,11775,11784,11799,11814,11833,11845,11858,11876,11897,,,,,,,,,,
 ,,,,,,,,,,,,,,,,,,,,,,,,,,,,,,,,,,,,
2,TAT1,42,15,12.3,,0,9.2,18,27.2,36,45.2,54,63.2,72,81.2,90,99.2,108,117.2,126,135.2,144,153.2,162,171.2,180,,,532,532,272,374,109,11447,,0
,,,,,,11465,11474,11490,11506,11522,11533,11551,11573,11592,11609,11625,11646,11662,11683,11710,11723,11739,11760,11781,11794,11814,,,,,,,,,,
 ,,,,,,,,,,,,,,,,,,,,,,,,,,,,,,,,,,,,
2,TAT2,43,16,7.9,,0,9.2,18,27.2,36,45.2,54,63.2,72,81.2,90,99.2,108,117.2,126,135.2,144,153.2,162,171.2,180,,,532,532,272,372,109,11281,,0
,,,,,,11292,11287,11290,11300,11310,11318,11328,11341,11350,11359,11377,11386,11393,11405,11422,11432,11446,11459,11463,11478,11494,,,,,,,,,,
 ,,,,,,,,,,,,,,,,,,,,,,,,,,,,,,,,,,,,
2,TAT5,46,17,4.9,,0,9.2,18,27.2,36,45.2,54,63.2,72,81.2,90,99.2,108,117.2,126,135.2,144,153.2,162,171.2,180,,,532,532,273,375,109,7378,,1
,,,,,,7393,7392,7400,7399,7413,7418,7429,7438,7440,7451,7457,7464,7472,7479,7480,7495,7500,7507,7512,7525,7527,,,,,,,,,,
 ,,,,,,,,,,,,,,,,,,,,,,,,,,,,,,,,,,,,
2,TAT6,47,18,1.7,,0,9.2,18,27.2,36,45.2,54,63.2,72,81.2,90,99.2,108,117.2,126,135.2,144,153.2,162,171.2,180,,,527,532,273,374,109,9473,,4
,,,,,,9472,9479,9482,9476,9476,9480,9481,9487,9493,9500,9500,9508,9508,9513,9508,9519,9519,9519,9521,9526,9525,,,,,,,,,,
 ,,,,,,,,,,,,,,,,,,,,,,,,,,,,,,,,,,,,
3,TAT206,41,19,15.9,,0,9.2,18,27.2,36,45.2,54,63.2,72,81.2,90,99.2,108,117.2,126,135.2,144,153.2,162,171.2,180,,,527,532,271,374,109,11683,,0
,,,,,,11703,11718,11737,11751,11767,11786,11803,11822,11844,11866,11886,11908,11933,11954,11976,12002,12022,12051,12077,12104,12132,,,,,,,,,,
 ,,,,,,,,,,,,,,,,,,,,,,,,,,,,,,,,,,,,
3,TAT1,42,20,17.7,,0,9.2,18,27.2,36,45.2,54,63.2,72,81.2,90,99.2,108,117.2,126,135.2,144,153.2,162,171.2,180,,,527,532,272,374,109,11548,,0
,,,,,,11565,11586,11606,11631,11647,11668,11685,11711,11732,11760,11780,11808,11827,11856,11882,11909,11937,11965,11994,12025,12047,,,,,,,,,,
 ,,,,,,,,,,,,,,,,,,,,,,,,,,,,,,,,,,,,
3,TAT2,43,15,11.3,,0,9.2,18,27.2,36,45.2,54,63.2,72,81.2,90,99.2,108,117.2,126,135.2,144,153.2,162,171.2,180,,,532,532,271,374,109,11276,,0
,,,,,,11304,11306,11324,11334,11354,11365,11380,11394,11405,11429,11438,11457,11478,11491,11508,11525,11543,11557,11578,11598,11614,,,,,,,,,,
 ,,,,,,,,,,,,,,,,,,,,,,,,,,,,,,,,,,,,
3,TAT5,46,16,4.9,,0,9.2,18,27.2,36,45.2,54,63.2,72,81.2,90,99.2,108,117.2,126,135.2,144,153.2,162,171.2,180,,,532,532,273,374,108,7464,,1
,,,,,,7438,7464,7464,7475,7483,7489,7491,7497,7509,7518,7523,7529,7538,7548,7550,7559,7571,7574,7582,7592,7598,,,,,,,,,,
 ,,,,,,,,,,,,,,,,,,,,,,,,,,,,,,,,,,,,
3,TAT6,47,17,1.7,,0,9.2,18,27.2,36,45.2,54,63.2,72,81.2,90,99.2,108,117.2,126,135.2,144,153.2,162,171.2,180,,,527,532,273,375,109,9467,,0
,,,,,,9434,9447,9435,9438,9438,9440,9448,9446,9449,9455,9461,9462,9463,9467,9468,9469,9478,9478,9480,9481,9481,,,,,,,,,,
 ,,,,,,,,,,,,,,,,,,,,,,,,,,,,,,,,,,,,
4,TAT206,41,18,22,,0,9.2,18,27.2,36,45.2,54,63.2,72,81.2,90,99.2,108,117.2,126,135.2,144,153.2,162,171.2,180,,,527,532,271,374,110,11489,,0
,,,,,,11516,11525,11545,11567,11582,11607,11635,11658,11682,11717,11747,11777,11808,11849,11877,11903,11934,11976,12010,12047,12084,,,,,,,,,,
 ,,,,,,,,,,,,,,,,,,,,,,,,,,,,,,,,,,,,
4,TAT1,42,19,25.1,,0,9.2,18,27.2,36,45.2,54,63.2,72,81.2,90,99.2,108,117.2,126,135.2,144,153.2,162,171.2,180,,,527,532,270,374,110,11536,,0
,,,,,,11540,11560,11573,11600,11625,11645,11677,11708,11738,11778,11809,11845,11878,11923,11954,11992,12033,12068,12109,12155,12191,,,,,,,,,,
 ,,,,,,,,,,,,,,,,,,,,,,,,,,,,,,,,,,,,
4,TAT2,43,20,14,,0,9.2,18,27.2,36,45.2,54,63.2,72,81.2,90,99.2,108,117.2,126,135.2,144,153.2,162,171.2,180,,,527,532,273,374,110,11370,,0
,,,,,,11374,11385,11393,11409,11422,11440,11456,11476,11487,11511,11527,11549,11566,11587,11610,11636,11648,11675,11701,11721,11743,,,,,,,,,,
 ,,,,,,,,,,,,,,,,,,,,,,,,,,,,,,,,,,,,
4,TAT5,46,15,4.7,,0,9.2,18,27.2,36,45.2,54,63.2,72,81.2,90,99.2,108,117.2,126,135.2,144,153.2,162,171.2,180,,,527,532,272,373,109,7445,,1
,,,,,,7435,7449,7451,7451,7462,7468,7475,7490,7494,7504,7510,7513,7523,7528,7547,7547,7552,7562,7566,7574,7576,,,,,,,,,,
 ,,,,,,,,,,,,,,,,,,,,,,,,,,,,,,,,,,,,
4,TAT6,47,16,1.5,,0,9.2,18,27.2,36,45.2,54,63.2,72,81.2,90,99.2,108,117.2,126,135.2,144,153.2,162,171.2,180,,,532,532,271,374,109,9425,,4
,,,,,,9434,9425,9425,9430,9431,9435,9442,9442,9443,9452,9455,9458,9459,9458,9461,9467,9469,9473,9476,9474,9477,,,,,,,,,,
 ,,,,,,,,,,,,,,,,,,,,,,,,,,,,,,,,,,,,
5,TAT206,41,17,36.1,,0,9.2,18,27.2,36,45.2,54,63.2,72,81.2,90,99.2,108,117.2,126,135.2,144,153.2,162,171.2,180,,,532,532,272,374,109,11498,,0
,,,,,,11515,11535,11556,11587,11619,11657,11694,11739,11782,11829,11878,11932,11983,12039,12090,12144,12197,12259,12319,12371,12424,,,,,,,,,,
 ,,,,,,,,,,,,,,,,,,,,,,,,,,,,,,,,,,,,
5,TAT1,42,18,39.3,,0,9.2,18,27.2,36,45.2,54,63.2,72,81.2,90,99.2,108,117.2,126,135.2,144,153.2,162,171.2,180,,,532,532,272,374,109,11428,,0
,,,,,,11443,11467,11489,11522,11558,11593,11643,11688,11737,11796,11848,11906,11962,12021,12077,12143,12205,12267,12324,12386,12440,,,,,,,,,,
 ,,,,,,,,,,,,,,,,,,,,,,,,,,,,,,,,,,,,
5,TAT2,43,19,22.2,,0,9.2,18,27.2,36,45.2,54,63.2,72,81.2,90,99.2,108,117.2,126,135.2,144,153.2,162,171.2,180,,,532,532,272,376,109,11416,,0
,,,,,,11423,11437,11448,11472,11486,11509,11534,11562,11586,11619,11644,11679,11711,11740,11778,11813,11854,11884,11926,11952,11995,,,,,,,,,,
 ,,,,,,,,,,,,,,,,,,,,,,,,,,,,,,,,,,,,
5,TAT5,46,20,5.2,,0,9.2,18,27.2,36,45.2,54,63.2,72,81.2,90,99.2,108,117.2,126,135.2,144,153.2,162,171.2,180,,,532,532,272,375,108,7541,,1
,,,,,,7554,7551,7556,7563,7570,7582,7588,7596,7604,7605,7612,7623,7628,7636,7640,7654,7659,7667,7674,7683,7686,,,,,,,,,,
 ,,,,,,,,,,,,,,,,,,,,,,,,,,,,,,,,,,,,
5,TAT6,47,15,1.9,,0,9.2,18,27.2,36,45.2,54,63.2,72,81.2,90,99.2,108,117.2,126,135.2,144,153.2,162,171.2,180,,,532,532,274,373,109,9471,,4
,,,,,,9494,9471,9471,9472,9471,9481,9482,9490,9493,9495,9500,9497,9506,9506,9513,9510,9510,9520,9516,9523,9525,,,,,,,,,,
 ,,,,,,,,,,,,,,,,,,,,,,,,,,,,,,,,,,,,
6,TAT206,41,16,51.2,,0,9.2,18,27.2,36,45.2,54,63.2,72,81.2,90,99.2,108,117.2,126,135.2,144,153.2,162,171.2,180,,,527,532,274,372,109,11482,,0
,,,,,,11523,11545,11582,11621,11665,11716,11779,11843,11907,11971,12043,12119,12190,12268,12345,12422,12499,12578,12654,12739,12811,,,,,,,,,,
 ,,,,,,,,,,,,,,,,,,,,,,,,,,,,,,,,,,,,
6,TAT1,42,17,57.3,,0,9.2,18,27.2,36,45.2,54,63.2,72,81.2,90,99.2,108,117.2,126,135.2,144,153.2,162,171.2,180,,,527,532,273,375,109,11376,,0
,,,,,,11429,11453,11497,11549,11603,11671,11734,11813,11889,11978,12060,12141,12230,12318,12398,12493,12579,12663,12747,12837,12923,,,,,,,,,,
 ,,,,,,,,,,,,,,,,,,,,,,,,,,,,,,,,,,,,
6,TAT2,43,18,33.9,,0,9.2,18,27.2,36,45.2,54,63.2,72,81.2,90,99.2,108,117.2,126,135.2,144,153.2,162,171.2,180,,,532,532,274,373,110,11372,,0
,,,,,,11370,11390,11400,11415,11451,11481,11515,11550,11591,11636,11671,11728,11773,11822,11871,11927,11979,12031,12091,12145,12207,,,,,,,,,,
 ,,,,,,,,,,,,,,,,,,,,,,,,,,,,,,,,,,,,
6,TAT5,46,19,4.6,,0,9.2,18,27.2,36,45.2,54,63.2,72,81.2,90,99.2,108,117.2,126,135.2,144,153.2,162,171.2,180,,,509,532,272,374,108,7528,,1
,,,,,,7510,7528,7528,7524,7535,7546,7556,7559,7570,7574,7583,7586,7596,7605,7609,7619,7626,7635,7638,7643,7654,,,,,,,,,,
 ,,,,,,,,,,,,,,,,,,,,,,,,,,,,,,,,,,,,
6,TAT6,47,20,1.7,,0,9.2,18,27.2,36,45.2,54,63.2,72,81.2,90,99.2,108,117.2,126,135.2,144,153.2,162,171.2,180,,,541,532,270,374,110,9549,,0
,,,,,,9572,9559,9564,9566,9567,9572,9576,9580,9585,9586,9592,9592,9595,9597,9598,9599,9599,9605,9606,9611,9611,,,,,,,,,,
 ,,,,,,,,,,,,,,,,,,,,,,,,,,,,,,,,,,,,
7,TAT206,41,15,3.5,,0,9.2,18,27.2,36,45.2,54,63.2,72,81.2,90,99.2,108,117.2,126,135.2,144,153.2,162,171.2,180,,,537,532,271,373,110,10783,,0
,,,,,,10779,10785,10786,10792,10795,10801,10806,10804,10814,10820,10827,10826,10827,10837,10842,10850,10854,10859,10860,10872,10881,,,,,,,,,,
 ,,,,,,,,,,,,,,,,,,,,,,,,,,,,,,,,,,,,
7,TAT1,42,16,4.6,,0,9.2,18,27.2,36,45.2,54,63.2,72,81.2,90,99.2,108,117.2,126,135.2,144,153.2,162,171.2,180,,,527,532,270,376,109,10640,,0
,,,,,,10646,10647,10651,10654,10659,10665,10671,10679,10685,10691,10696,10699,10708,10712,10721,10729,10740,10743,10753,10760,10766,,,,,,,,,,
 ,,,,,,,,,,,,,,,,,,,,,,,,,,,,,,,,,,,,
7,TAT2,43,17,3.2,,0,9.2,18,27.2,36,45.2,54,63.2,72,81.2,90,99.2,108,117.2,126,135.2,144,153.2,162,171.2,180,,,527,532,269,374,109,10331,,0
,,,,,,10337,10337,10340,10337,10348,10348,10350,10361,10363,10372,10372,10379,10382,10392,10393,10405,10403,10407,10415,10420,10424,,,,,,,,,,
 ,,,,,,,,,,,,,,,,,,,,,,,,,,,,,,,,,,,,
7,TAT5,46,18,0.8,,0,9.2,18,27.2,36,45.2,54,63.2,72,81.2,90,99.2,108,117.2,126,135.2,144,153.2,162,171.2,180,,,527,532,271,373,109,6662,,5
,,,,,,6683,6662,6662,6662,6665,6660,6662,6664,6665,6671,6669,6668,6669,6674,6676,6675,6673,6677,6683,6683,6682,,,,,,,,,,
 ,,,,,,,,,,,,,,,,,,,,,,,,,,,,,,,,,,,,
7,TAT6,47,19,-0.1,,0,9.2,18,27.2,36,45.2,54,63.2,72,81.2,90,99.2,108,117.2,126,135.2,144,153.2,162,171.2,180,,,527,532,269,375,109,8753,,0
,,,,,,8746,8744,8739,8739,8742,8739,8739,8737,8735,8736,8736,8735,8735,8738,8740,8735,8736,8736,8738,8735,8735,,,,,,,,,,
 ,,,,,,,,,,,,,,,,,,,,,,,,,,,,,,,,,,,,
8,TAT206,41,20,11.1,,0,9.2,18,27.2,36,45.2,54,63.2,72,81.2,90,99.2,108,117.2,126,135.2,144,153.2,162,171.2,180,,,523,532,270,374,109,11630,,0
,,,,,,11627,11642,11648,11660,11679,11697,11705,11722,11741,11759,11775,11786,11803,11825,11838,11854,11873,11889,11903,11926,11943,,,,,,,,,,
 ,,,,,,,,,,,,,,,,,,,,,,,,,,,,,,,,,,,,
8,TAT1,42,15,14.8,,0,9.2,18,27.2,36,45.2,54,63.2,72,81.2,90,99.2,108,117.2,126,135.2,144,153.2,162,171.2,180,,,546,532,270,374,108,11517,,0
,,,,,,11539,11535,11546,11573,11585,11605,11631,11646,11665,11676,11709,11723,11745,11770,11786,11810,11832,11854,11874,11898,11920,,,,,,,,,,
 ,,,,,,,,,,,,,,,,,,,,,,,,,,,,,,,,,,,,
8,TAT2,43,16,9,,0,9.2,18,27.2,36,45.2,54,63.2,72,81.2,90,99.2,108,117.2,126,135.2,144,153.2,162,171.2,180,,,546,532,271,375,109,11196,,0
,,,,,,11227,11223,11239,11249,11259,11274,11287,11301,11313,11330,11340,11349,11365,11380,11390,11409,11420,11440,11450,11465,11475,,,,,,,,,,
 ,,,,,,,,,,,,,,,,,,,,,,,,,,,,,,,,,,,,
8,TAT5,46,17,5.5,,0,9.2,18,27.2,36,45.2,54,63.2,72,81.2,90,99.2,108,117.2,126,135.2,144,153.2,162,171.2,180,,,532,532,270,376,109,7296,,1
,,,,,,7316,7314,7324,7328,7336,7345,7354,7368,7368,7381,7392,7399,7408,7413,7424,7433,7441,7445,7456,7464,7473,,,,,,,,,,
 ,,,,,,,,,,,,,,,,,,,,,,,,,,,,,,,,,,,,
8,TAT6,47,18,1.6,,0,9.2,18,27.2,36,45.2,54,63.2,72,81.2,90,99.2,108,117.2,126,135.2,144,153.2,162,171.2,180,,,537,532,272,374,109,9616,,4
,,,,,,9637,9620,9622,9618,9624,9620,9626,9631,9631,9642,9638,9641,9647,9648,9649,9651,9657,9661,9661,9666,9665,,,,,,,,,,
 ,,,,,,,,,,,,,,,,,,,,,,,,,,,,,,,,,,,,
9,TAT206,41,19,16.1,,0,9.2,18,27.2,36,45.2,54,63.2,72,81.2,90,99.2,108,117.2,126,135.2,144,153.2,162,171.2,180,,,541,532,271,372,109,11639,,0
,,,,,,11638,11650,11656,11676,11690,11706,11730,11749,11764,11792,11811,11838,11856,11883,11900,11932,11948,11980,12001,12034,12054,,,,,,,,,,
 ,,,,,,,,,,,,,,,,,,,,,,,,,,,,,,,,,,,,
9,TAT1,42,20,18,,0,9.2,18,27.2,36,45.2,54,63.2,72,81.2,90,99.2,108,117.2,126,135.2,144,153.2,162,171.2,180,,,537,532,273,374,109,11628,,0
,,,,,,11650,11675,11700,11710,11739,11759,11779,11807,11837,11863,11890,11915,11937,11969,11993,12031,12052,12081,12103,12133,12162,,,,,,,,,,
 ,,,,,,,,,,,,,,,,,,,,,,,,,,,,,,,,,,,,
9,TAT2,43,15,11.4,,0,9.2,18,27.2,36,45.2,54,63.2,72,81.2,90,99.2,108,117.2,126,135.2,144,153.2,162,171.2,180,,,551,532,272,375,109,11320,,0
,,,,,,11339,11332,11339,11340,11357,11374,11390,11405,11420,11438,11454,11469,11486,11505,11528,11540,11560,11570,11597,11609,11629,,,,,,,,,,
 ,,,,,,,,,,,,,,,,,,,,,,,,,,,,,,,,,,,,
9,TAT5,46,16,4.9,,0,9.2,18,27.2,36,45.2,54,63.2,72,81.2,90,99.2,108,117.2,126,135.2,144,153.2,162,171.2,180,,,541,532,272,373,110,7456,,1
,,,,,,7476,7470,7478,7478,7488,7491,7494,7504,7513,7522,7532,7535,7543,7550,7554,7567,7575,7577,7592,7596,7605,,,,,,,,,,
 ,,,,,,,,,,,,,,,,,,,,,,,,,,,,,,,,,,,,
9,TAT6,47,17,1.9,,0,9.2,18,27.2,36,45.2,54,63.2,72,81.2,90,99.2,108,117.2,126,135.2,144,153.2,162,171.2,180,,,541,532,271,375,108,9406,,4
,,,,,,9384,9391,9382,9388,9394,9392,9390,9402,9397,9409,9408,9412,9414,9418,9419,9424,9425,9434,9428,9437,9434,,,,,,,,,,
 ,,,,,,,,,,,,,,,,,,,,,,,,,,,,,,,,,,,,
10,TAT206,41,18,22.5,,0,9.2,18,27.2,36,45.2,54,63.2,72,81.2,90,99.2,108,117.2,126,135.2,144,153.2,162,171.2,180,,,541,532,271,374,109,11583,,0
,,,,,,11595,11614,11631,11654,11669,11697,11724,11748,11777,11806,11840,11865,11899,11944,11965,11998,12040,12071,12111,12143,12184,,,,,,,,,,
 ,,,,,,,,,,,,,,,,,,,,,,,,,,,,,,,,,,,,
10,TAT1,42,19,26,,0,9.2,18,27.2,36,45.2,54,63.2,72,81.2,90,99.2,108,117.2,126,135.2,144,153.2,162,171.2,180,,,541,532,271,375,109,11642,,0
,,,,,,11642,11666,11679,11706,11725,11754,11790,11819,11855,11890,11926,11956,12000,12035,12071,12116,12159,12201,12238,12280,12319,,,,,,,,,,
 ,,,,,,,,,,,,,,,,,,,,,,,,,,,,,,,,,,,,
10,TAT2,43,20,14.8,,0,9.2,18,27.2,36,45.2,54,63.2,72,81.2,90,99.2,108,117.2,126,135.2,144,153.2,162,171.2,180,,,537,532,273,374,109,11452,,0
,,,,,,11461,11471,11481,11499,11510,11522,11544,11564,11582,11603,11625,11641,11662,11685,11704,11731,11755,11781,11801,11825,11844,,,,,,,,,,
 ,,,,,,,,,,,,,,,,,,,,,,,,,,,,,,,,,,,,
10,TAT5,46,15,4.6,,0,9.2,18,27.2,36,45.2,54,63.2,72,81.2,90,99.2,108,117.2,126,135.2,144,153.2,162,171.2,180,,,537,532,273,373,109,7557,,1
,,,,,,7516,7538,7526,7531,7543,7551,7561,7563,7572,7584,7586,7596,7601,7613,7618,7631,7631,7642,7643,7653,7661,,,,,,,,,,
 ,,,,,,,,,,,,,,,,,,,,,,,,,,,,,,,,,,,,
10,TAT6,47,16,1.7,,0,9.2,18,27.2,36,45.2,54,63.2,72,81.2,90,99.2,108,117.2,126,135.2,144,153.2,162,171.2,180,,,537,532,273,371,109,9456,,4
,,,,,,9454,9450,9446,9445,9453,9457,9463,9471,9471,9478,9481,9479,9488,9486,9490,9493,9496,9494,9499,9504,9502,,,,,,,,,,
 ,,,,,,,,,,,,,,,,,,,,,,,,,,,,,,,,,,,,
11,TAT206,41,17,36.2,,0,9.2,18,27.2,36,45.2,54,63.2,72,81.2,90,99.2,108,117.2,126,135.2,144,153.2,162,171.2,180,,,532,532,272,373,109,11505,,0
,,,,,,11524,11538,11557,11589,11619,11652,11691,11733,11778,11827,11873,11929,11977,12030,12087,12142,12198,12256,12317,12370,12425,,,,,,,,,,
 ,,,,,,,,,,,,,,,,,,,,,,,,,,,,,,,,,,,,
11,TAT1,42,18,39.5,,0,9.2,18,27.2,36,45.2,54,63.2,72,81.2,90,99.2,108,117.2,126,135.2,144,153.2,162,171.2,180,,,537,532,272,375,110,11504,,0
,,,,,,11527,11552,11579,11619,11648,11695,11735,11789,11834,11900,11943,12004,12055,12122,12184,12249,12307,12368,12423,12492,12547,,,,,,,,,,
 ,,,,,,,,,,,,,,,,,,,,,,,,,,,,,,,,,,,,
11,TAT2,43,19,23.5,,0,9.2,18,27.2,36,45.2,54,63.2,72,81.2,90,99.2,108,117.2,126,135.2,144,153.2,162,171.2,180,,,537,532,274,374,109,11416,,0
,,,,,,11436,11437,11448,11472,11490,11516,11544,11564,11598,11619,11656,11681,11720,11752,11786,11826,11864,11895,11935,11971,12012,,,,,,,,,,
 ,,,,,,,,,,,,,,,,,,,,,,,,,,,,,,,,,,,,
11,TAT5,46,20,4.6,,0,9.2,18,27.2,36,45.2,54,63.2,72,81.2,90,99.2,108,117.2,126,135.2,144,153.2,162,171.2,180,,,537,532,271,373,110,7582,,1
,,,,,,7580,7581,7580,7589,7598,7608,7615,7621,7631,7633,7641,7646,7653,7667,7667,7675,7681,7692,7694,7702,7711,,,,,,,,,,
 ,,,,,,,,,,,,,,,,,,,,,,,,,,,,,,,,,,,,
11,TAT6,47,15,1.7,,0,9.2,18,27.2,36,45.2,54,63.2,72,81.2,90,99.2,108,117.2,126,135.2,144,153.2,162,171.2,180,,,537,532,271,374,109,9380,,4
,,,,,,9380,9380,9380,9380,9384,9385,9395,9402,9404,9410,9412,9415,9419,9420,9429,9428,9431,9427,9429,9435,9439,,,,,,,,,,
 ,,,,,,,,,,,,,,,,,,,,,,,,,,,,,,,,,,,,
12,TAT206,41,15,53,,0,9.2,18,27.2,36,45.2,54,63.2,72,81.2,90,99.2,108,117.2,126,135.2,144,153.2,162,171.2,180,,,546,532,268,372,109,11640,,0
,,,,,,11689,11694,11727,11760,11811,11860,11917,11984,12044,12116,12189,12271,12343,12425,12515,12593,12670,12752,12829,12911,12992,,,,,,,,,,
 ,,,,,,,,,,,,,,,,,,,,,,,,,,,,,,,,,,,,
12,TAT1,42,16,56.7,,0,9.2,18,27.2,36,45.2,54,63.2,72,81.2,90,99.2,108,117.2,126,135.2,144,153.2,162,171.2,180,,,546,532,268,375,109,11442,,0
,,,,,,11478,11508,11547,11596,11652,11715,11786,11860,11932,12012,12099,12176,12259,12352,12429,12522,12607,12698,12777,12862,12946,,,,,,,,,,
 ,,,,,,,,,,,,,,,,,,,,,,,,,,,,,,,,,,,,
12,TAT2,43,17,34.9,,0,9.2,18,27.2,36,45.2,54,63.2,72,81.2,90,99.2,108,117.2,126,135.2,144,153.2,162,171.2,180,,,546,532,268,375,109,11233,,0
,,,,,,11262,11268,11288,11307,11333,11361,11402,11440,11483,11533,11576,11625,11677,11729,11782,11836,11889,11945,11997,12056,12115,,,,,,,,,,
 ,,,,,,,,,,,,,,,,,,,,,,,,,,,,,,,,,,,,
12,TAT5,46,18,4.3,,0,9.2,18,27.2,36,45.2,54,63.2,72,81.2,90,99.2,108,117.2,126,135.2,144,153.2,162,171.2,180,,,541,532,268,372,109,7479,,1
,,,,,,7505,7501,7513,7515,7524,7535,7536,7545,7553,7560,7561,7573,7580,7583,7593,7595,7609,7617,7617,7625,7637,,,,,,,,,,
 ,,,,,,,,,,,,,,,,,,,,,,,,,,,,,,,,,,,,
12,TAT6,47,19,1.7,,0,9.2,18,27.2,36,45.2,54,63.2,72,81.2,90,99.2,108,117.2,126,135.2,144,153.2,162,171.2,180,,,541,532,267,373,109,9606,,4
,,,,,,9620,9606,9606,9604,9611,9616,9615,9619,9626,9629,9629,9631,9632,9636,9638,9640,9646,9644,9650,9654,9654,,,,,,,,,,
 ,,,,,,,,,,,,,,,,,,,,,,,,,,,,,,,,,,,,
13,TAT206,41,16,10.7,,0,9.2,18,27.2,36,45.2,54,63.2,72,81.2,90,99.2,108,117.2,126,135.2,144,153.2,162,171.2,180,,,546,532,271,376,109,11458,,0
,,,,,,11460,11479,11491,11502,11522,11533,11548,11560,11581,11592,11605,11621,11638,11654,11666,11688,11702,11716,11734,11753,11765,,,,,,,,,,
 ,,,,,,,,,,,,,,,,,,,,,,,,,,,,,,,,,,,,
13,TAT1,42,17,12.3,,0,9.2,18,27.2,36,45.2,54,63.2,72,81.2,90,99.2,108,117.2,126,135.2,144,153.2,162,171.2,180,,,546,532,270,374,108,11362,,0
,,,,,,11385,11395,11414,11429,11442,11462,11477,11493,11514,11536,11552,11570,11589,11606,11622,11640,11665,11680,11698,11721,11737,,,,,,,,,,
 ,,,,,,,,,,,,,,,,,,,,,,,,,,,,,,,,,,,,
13,TAT2,43,18,7.9,,0,9.2,18,27.2,36,45.2,54,63.2,72,81.2,90,99.2,108,117.2,126,135.2,144,153.2,162,171.2,180,,,546,532,271,374,109,11323,,0
,,,,,,11342,11339,11348,11354,11362,11380,11389,11396,11410,11422,11434,11446,11461,11472,11475,11492,11508,11515,11528,11540,11556,,,,,,,,,,
 ,,,,,,,,,,,,,,,,,,,,,,,,,,,,,,,,,,,,
13,TAT5,46,19,5.3,,0,9.2,18,27.2,36,45.2,54,63.2,72,81.2,90,99.2,108,117.2,126,135.2,144,153.2,162,171.2,180,,,532,532,270,375,109,7574,,1
,,,,,,7595,7587,7594,7602,7609,7614,7624,7636,7640,7647,7651,7661,7669,7678,7683,7692,7704,7708,7711,7727,7725,,,,,,,,,,
 ,,,,,,,,,,,,,,,,,,,,,,,,,,,,,,,,,,,,
13,TAT6,47,20,1.7,,0,9.2,18,27.2,36,45.2,54,63.2,72,81.2,90,99.2,108,117.2,126,135.2,144,153.2,162,171.2,180,,,546,532,267,375,109,9545,,4
,,,,,,9531,9536,9531,9528,9533,9535,9537,9537,9543,9546,9547,9551,9558,9559,9557,9560,9568,9571,9571,9571,9578,,,,,,,,,,
 ,,,,,,,,,,,,,,,,,,,,,,,,,,,,,,,,,,,,
14,TAT206,41,20,21.5,,0,9.2,18,27.2,36,45.2,54,63.2,72,81.2,90,99.2,108,117.2,126,135.2,144,153.2,162,171.2,180,,,532,532,269,373,110,11589,,0
,,,,,,11618,11634,11658,11680,11699,11724,11752,11781,11804,11837,11858,11898,11920,11958,11989,12025,12059,12097,12121,12159,12195,,,,,,,,,,
 ,,,,,,,,,,,,,,,,,,,,,,,,,,,,,,,,,,,,
14,TAT1,42,15,25.2,,0,9.2,18,27.2,36,45.2,54,63.2,72,81.2,90,99.2,108,117.2,126,135.2,144,153.2,162,171.2,180,,,532,532,268,375,109,11451,,0
,,,,,,11494,11473,11486,11513,11541,11569,11598,11631,11662,11696,11726,11769,11800,11837,11881,11919,11954,11989,12035,12074,12114,,,,,,,,,,
 ,,,,,,,,,,,,,,,,,,,,,,,,,,,,,,,,,,,,
14,TAT2,43,16,14.5,,0,9.2,18,27.2,36,45.2,54,63.2,72,81.2,90,99.2,108,117.2,126,135.2,144,153.2,162,171.2,180,,,532,532,268,374,109,11265,,0
,,,,,,11262,11277,11284,11294,11314,11328,11347,11363,11385,11398,11416,11443,11459,11477,11506,11524,11546,11575,11590,11616,11646,,,,,,,,,,
 ,,,,,,,,,,,,,,,,,,,,,,,,,,,,,,,,,,,,
14,TAT5,46,17,4.5,,0,9.2,18,27.2,36,45.2,54,63.2,72,81.2,90,99.2,108,117.2,126,135.2,144,153.2,162,171.2,180,,,532,532,268,374,110,7319,,1
,,,,,,7333,7333,7341,7346,7349,7357,7369,7375,7387,7394,7399,7406,7413,7421,7434,7436,7447,7455,7457,7462,7474,,,,,,,,,,
 ,,,,,,,,,,,,,,,,,,,,,,,,,,,,,,,,,,,,
14,TAT6,47,18,1.4,,0,9.2,18,27.2,36,45.2,54,63.2,72,81.2,90,99.2,108,117.2,126,135.2,144,153.2,162,171.2,180,,,532,532,268,374,109,9496,,0
,,,,,,9477,9495,9494,9490,9495,9501,9499,9503,9511,9516,9515,9519,9521,9523,9530,9531,9535,9538,9537,9537,9543,,,,,,,,,,
 ,,,,,,,,,,,,,,,,,,,,,,,,,,,,,,,,,,,,
15,TAT2,43,19,15.7,,0,9.2,18,27.2,36,45.2,54,63.2,72,81.2,90,99.2,108,117.2,126,135.2,144,153.2,162,171.2,180,,,509,514,270,374,114,10663,,0
,,,,,,10681,10682,10692,10706,10712,10729,10744,10757,10776,10796,10811,10834,10854,10875,10899,10925,10949,10978,11001,11032,11061,,,,,,,,,,
 ,,,,,,,,,,,,,,,,,,,,,,,,,,,,,,,,,,,,
15,TAT5,46,20,3.8,,0,9.2,18,27.2,36,45.2,54,63.2,72,81.2,90,99.2,108,117.2,126,135.2,144,153.2,162,171.2,180,,,509,514,270,374,114,6775,,1
,,,,,,6767,6759,6750,6752,6756,6760,6762,6764,6770,6773,6778,6783,6788,6795,6801,6806,6812,6817,6826,6830,6837,,,,,,,,,,
 ,,,,,,,,,,,,,,,,,,,,,,,,,,,,,,,,,,,,
15,TAT6,47,15,-0.5,,0,9.2,18,27.2,36,45.2,54,63.2,72,81.2,90,99.2,108,117.2,126,135.2,144,153.2,162,171.2,180,,,504,514,269,374,114,8651,,0
,,,,,,8673,8658,8662,8653,8655,8651,8654,8657,8648,8657,8647,8656,8656,8654,8655,8653,8655,8654,8653,8649,8655,,,,,,,,,,
 ,,,,,,,,,,,,,,,,,,,,,,,,,,,,,,,,,,,,
17,TAT2,43,16,10.1,,0,9.2,18,27.2,36,45.2,54,63.2,72,81.2,90,99.2,108,117.2,126,135.2,144,153.2,162,171.2,180,,,509,514,271,374,114,10636,,0
,,,,,,10627,10645,10650,10658,10671,10689,10696,10711,10727,10742,10755,10772,10782,10802,10818,10831,10845,10862,10878,10893,10905,,,,,,,,,,
 ,,,,,,,,,,,,,,,,,,,,,,,,,,,,,,,,,,,,
17,TAT5,46,17,7.1,,0,9.2,18,27.2,36,45.2,54,63.2,72,81.2,90,99.2,108,117.2,126,135.2,144,153.2,162,171.2,180,,,509,514,270,373,114,6818,,1
,,,,,,6819,6827,6832,6835,6846,6857,6869,6882,6893,6903,6915,6927,6938,6948,6958,6970,6981,6992,7000,7010,7021,,,,,,,,,,
 ,,,,,,,,,,,,,,,,,,,,,,,,,,,,,,,,,,,,
17,TAT6,47,18,1.4,,0,9.2,18,27.2,36,45.2,54,63.2,72,81.2,90,99.2,108,117.2,126,135.2,144,153.2,162,171.2,180,,,509,514,269,373,114,8873,,0
,,,,,,8867,8858,8849,8848,8852,8857,8858,8862,8863,8866,8868,8870,8871,8873,8875,8876,8882,8882,8885,8887,8888,,,,,,,,,,
 ,,,,,,,,,,,,,,,,,,,,,,,,,,,,,,,,,,,,
18,TAT2,43,19,12.7,,0,9.2,18,27.2,36,45.2,54,63.2,72,81.2,90,99.2,108,117.2,126,135.2,144,153.2,162,171.2,180,,,509,514,271,376,113,10733,,0
,,,,,,10758,10754,10765,10772,10786,10792,10806,10823,10835,10851,10867,10883,10904,10919,10937,10954,10983,11000,11020,11042,11059,,,,,,,,,,
 ,,,,,,,,,,,,,,,,,,,,,,,,,,,,,,,,,,,,
18,TAT5,46,20,5.2,,0,9.2,18,27.2,36,45.2,54,63.2,72,81.2,90,99.2,108,117.2,126,135.2,144,153.2,162,171.2,180,,,509,514,272,374,113,6873,,1
,,,,,,6854,6862,6856,6862,6870,6873,6881,6891,6898,6903,6909,6917,6926,6934,6944,6955,6963,6969,6971,6981,6994,,,,,,,,,,
 ,,,,,,,,,,,,,,,,,,,,,,,,,,,,,,,,,,,,
18,TAT6,47,15,1.2,,0,9.2,18,27.2,36,45.2,54,63.2,72,81.2,90,99.2,108,117.2,126,135.2,144,153.2,162,171.2,180,,,509,514,272,374,114,8724,,4
,,,,,,8725,8721,8719,8717,8721,8724,8725,8723,8725,8725,8732,8726,8739,8731,8737,8737,8742,8739,8741,8743,8741,,,,,,,,,,
 ,,,,,,,,,,,,,,,,,,,,,,,,,,,,,,,,,,,,
19,TAT2,43,16,24.7,,0,9.2,18,27.2,36,45.2,54,63.2,72,81.2,90,99.2,108,117.2,126,135.2,144,153.2,162,171.2,180,,,509,514,271,374,113,10756,,0
,,,,,,10778,10790,10810,10829,10848,10875,10898,10931,10959,10992,11026,11062,11096,11133,11163,11207,11238,11281,11321,11362,11399,,,,,,,,,,
 ,,,,,,,,,,,,,,,,,,,,,,,,,,,,,,,,,,,,
19,TAT5,46,17,5.9,,0,9.2,18,27.2,36,45.2,54,63.2,72,81.2,90,99.2,108,117.2,126,135.2,144,153.2,162,171.2,180,,,509,514,271,375,113,6950,,1
,,,,,,6959,6959,6964,6974,6981,6995,7004,7009,7015,7026,7034,7045,7051,7061,7069,7076,7088,7098,7105,7115,7119,,,,,,,,,,
 ,,,,,,,,,,,,,,,,,,,,,,,,,,,,,,,,,,,,
19,TAT6,47,18,0.9,,0,9.2,18,27.2,36,45.2,54,63.2,72,81.2,90,99.2,108,117.2,126,135.2,144,153.2,162,171.2,180,,,509,514,272,374,114,9121,,4
,,,,,,9121,9114,9110,9109,9107,9114,9116,9125,9122,9128,9128,9134,9133,9135,9139,9136,9135,9136,9142,9141,9144,,,,,,,,,,
 ,,,,,,,,,,,,,,,,,,,,,,,,,,,,,,,,,,,,
20,TAT2,43,19,27.1,,0,9.2,18,27.2,36,45.2,54,63.2,72,81.2,90,99.2,108,117.2,126,135.2,144,153.2,162,171.2,180,,,509,514,270,375,113,10727,,0
,,,,,,10750,10760,10778,10795,10821,10856,10886,10915,10947,10986,11024,11061,11103,11141,11187,11228,11271,11313,11349,11392,11436,,,,,,,,,,
 ,,,,,,,,,,,,,,,,,,,,,,,,,,,,,,,,,,,,
20,TAT5,46,20,7.7,,0,9.2,18,27.2,36,45.2,54,63.2,72,81.2,90,99.2,108,117.2,126,135.2,144,153.2,162,171.2,180,,,509,514,272,376,113,6852,,1
,,,,,,6870,6869,6878,6890,6895,6907,6920,6930,6944,6957,6971,6973,6986,7003,7012,7024,7036,7047,7057,7072,7081,,,,,,,,,,
 ,,,,,,,,,,,,,,,,,,,,,,,,,,,,,,,,,,,,
20,TAT6,47,15,0.3,,0,9.2,18,27.2,36,45.2,54,63.2,72,81.2,90,99.2,108,117.2,126,135.2,144,153.2,162,171.2,180,,,509,514,271,374,113,8761,,4
,,,,,,8794,8766,8769,8772,8769,8777,8774,8778,8775,8783,8781,8784,8781,8785,8787,8788,8786,8793,8791,8788,8791,,,,,,,,,,
 ,,,,,,,,,,,,,,,,,,,,,,,,,,,,,,,,,,,,
21,TAT2,43,16,21.3,,0,9.2,18,27.2,36,45.2,54,63.2,72,81.2,90,99.2,108,117.2,126,135.2,144,153.2,162,171.2,180,,,504,514,271,375,112,10691,,0
,,,,,,10713,10725,10745,10760,10775,10796,10822,10843,10870,10892,10924,10953,10978,11016,11047,11079,11109,11151,11179,11211,11249,,,,,,,,,,
 ,,,,,,,,,,,,,,,,,,,,,,,,,,,,,,,,,,,,
21,TAT5,46,17,5.1,,0,9.2,18,27.2,36,45.2,54,63.2,72,81.2,90,99.2,108,117.2,126,135.2,144,153.2,162,171.2,180,,,509,514,269,376,113,6880,,1
,,,,,,6893,6903,6916,6923,6929,6931,6940,6950,6957,6965,6971,6982,6992,6997,7006,7009,7014,7022,7035,7042,7046,,,,,,,,,,
 ,,,,,,,,,,,,,,,,,,,,,,,,,,,,,,,,,,,,
21,TAT6,47,18,1.3,,0,9.2,18,27.2,36,45.2,54,63.2,72,81.2,90,99.2,108,117.2,126,135.2,144,153.2,162,171.2,180,,,504,514,269,374,114,8920,,4
,,,,,,8939,8917,8915,8923,8921,8924,8928,8932,8934,8939,8939,8942,8946,8943,8949,8952,8948,8952,8955,8959,8978,,,,,,,,,,
 ,,,,,,,,,,,,,,,,,,,,,,,,,,,,,,,,,,,,
22,TAT2,43,19,12.8,,0,9.2,18,27.2,36,45.2,54,63.2,72,81.2,90,99.2,108,117.2,126,135.2,144,153.2,162,171.2,180,,,509,514,268,374,112,10770,,0
,,,,,,10769,10780,10785,10798,10808,10823,10841,10858,10866,10889,10906,10915,10933,10960,10977,10996,11020,11043,11054,11081,11102,,,,,,,,,,
 ,,,,,,,,,,,,,,,,,,,,,,,,,,,,,,,,,,,,
22,TAT5,46,20,4.6,,0,9.2,18,27.2,36,45.2,54,63.2,72,81.2,90,99.2,108,117.2,126,135.2,144,153.2,162,171.2,180,,,509,514,269,374,113,6925,,1
,,,,,,6911,6918,6914,6917,6921,6929,6938,6946,6950,6963,6968,6973,6979,6987,6994,7000,7011,7015,7027,7032,7037,,,,,,,,,,
 ,,,,,,,,,,,,,,,,,,,,,,,,,,,,,,,,,,,,
22,TAT6,47,15,1.2,,0,9.2,18,27.2,36,45.2,54,63.2,72,81.2,90,99.2,108,117.2,126,135.2,144,153.2,162,171.2,180,,,509,514,270,372,113,8797,,4
,,,,,,8799,8789,8784,8785,8787,8784,8787,8793,8792,8793,8797,8800,8799,8801,8803,8805,8805,8811,8809,8811,8810,,,,,,,,,,
 ,,,,,,,,,,,,,,,,,,,,,,,,,,,,,,,,,,,,
23,TAT2,43,16,12.2,,0,9.2,18,27.2,36,45.2,54,63.2,72,81.2,90,99.2,108,117.2,126,135.2,144,153.2,162,171.2,180,,,504,514,270,374,113,10839,,0
,,,,,,10855,10858,10869,10887,10895,10908,10927,10942,10954,10969,10988,11009,11022,11043,11061,11079,11097,11119,11142,11152,11172,,,,,,,,,,
 ,,,,,,,,,,,,,,,,,,,,,,,,,,,,,,,,,,,,
23,TAT5,46,17,5.7,,0,9.2,18,27.2,36,45.2,54,63.2,72,81.2,90,99.2,108,117.2,126,135.2,144,153.2,162,171.2,180,,,504,514,269,375,113,7001,,1
,,,,,,7016,7015,7023,7032,7039,7048,7058,7068,7073,7081,7087,7100,7107,7112,7125,7133,7140,7149,7154,7167,7176,,,,,,,,,,
 ,,,,,,,,,,,,,,,,,,,,,,,,,,,,,,,,,,,,
23,TAT6,47,18,1,,0,9.2,18,27.2,36,45.2,54,63.2,72,81.2,90,99.2,108,117.2,126,135.2,144,153.2,162,171.2,180,,,504,514,269,375,114,9168,,4
,,,,,,9154,9158,9152,9151,9153,9161,9157,9163,9164,9164,9167,9173,9164,9174,9173,9180,9176,9178,9175,9179,9180,,,,,,,,,,
 ,,,,,,,,,,,,,,,,,,,,,,,,,,,,,,,,,,,,
24,TAT2,43,19,41.1,,0,9.2,18,27.2,36,45.2,54,63.2,72,81.2,90,99.2,108,117.2,126,135.2,144,153.2,162,171.2,180,,,509,514,274,375,113,11886,,0
,,,,,,11927,11952,11988,12019,12060,12101,12150,12199,12257,12314,12369,12424,12485,12550,12615,12673,12733,12802,12868,12930,12991,,,,,,,,,,
 ,,,,,,,,,,,,,,,,,,,,,,,,,,,,,,,,,,,,
24,TAT5,46,20,5.9,,0,9.2,18,27.2,36,45.2,54,63.2,72,81.2,90,99.2,108,117.2,126,135.2,144,153.2,162,171.2,180,,,509,514,271,375,113,8011,,1
,,,,,,8029,8036,8049,8053,8056,8064,8068,8072,8081,8089,8095,8107,8115,8123,8131,8139,8151,8160,8170,8177,8193,,,,,,,,,,
 ,,,,,,,,,,,,,,,,,,,,,,,,,,,,,,,,,,,,
24,TAT6,47,15,0.7,,0,9.2,18,27.2,36,45.2,54,63.2,72,81.2,90,99.2,108,117.2,126,135.2,144,153.2,162,171.2,180,,,504,514,272,376,113,10026,,4
,,,,,,10054,10036,10042,10037,10031,10033,10032,10032,10035,10036,10035,10039,10035,10040,10035,10040,10039,10039,10042,10047,10039,,,,,,,,,,
 ,,,,,,,,,,,,,,,,,,,,,,,,,,,,,,,,,,,,
25,TAT2,43,16,11.7,,0,9.2,18,27.2,36,45.2,54,63.2,72,81.2,90,99.2,108,117.2,126,135.2,144,153.2,162,171.2,180,,,504,514,272,376,113,10910,,0
,,,,,,10921,10929,10940,10951,10959,10974,10990,10999,11019,11037,11056,11076,11090,11106,11124,11146,11155,11178,11194,11213,11226,,,,,,,,,,
 ,,,,,,,,,,,,,,,,,,,,,,,,,,,,,,,,,,,,
25,TAT5,46,17,6.4,,0,9.2,18,27.2,36,45.2,54,63.2,72,81.2,90,99.2,108,117.2,126,135.2,144,153.2,162,171.2,180,,,509,514,272,374,113,7112,,1
,,,,,,7127,7118,7121,7136,7146,7156,7166,7176,7192,7195,7210,7223,7229,7241,7254,7260,7263,7272,7282,7291,7305,,,,,,,,,,
 ,,,,,,,,,,,,,,,,,,,,,,,,,,,,,,,,,,,,
25,TAT6,47,18,0.8,,0,9.2,18,27.2,36,45.2,54,63.2,72,81.2,90,99.2,108,117.2,126,135.2,144,153.2,162,171.2,180,,,509,514,273,373,112,9199,,4
,,,,,,9214,9191,9186,9194,9188,9198,9192,9200,9198,9202,9206,9206,9205,9208,9211,9213,9216,9220,9218,9214,9222,,,,,,,,,,
 ,,,,,,,,,,,,,,,,,,,,,,,,,,,,,,,,,,,,
26,TAT2,43,19,29.6,,0,9.2,18,27.2,36,45.2,54,63.2,72,81.2,90,99.2,108,117.2,126,135.2,144,153.2,162,171.2,180,,,509,514,273,374,113,10749,,0
,,,,,,10745,10764,10772,10795,10818,10843,10866,10904,10937,10971,11006,11045,11090,11136,11182,11231,11272,11323,11367,11415,11463,,,,,,,,,,
 ,,,,,,,,,,,,,,,,,,,,,,,,,,,,,,,,,,,,
26,TAT5,46,20,4.1,,0,9.2,18,27.2,36,45.2,54,63.2,72,81.2,90,99.2,108,117.2,126,135.2,144,153.2,162,171.2,180,,,504,514,273,373,113,6914,,1
,,,,,,6903,6911,6909,6915,6915,6925,6928,6936,6942,6946,6954,6959,6965,6969,6971,6978,6989,6991,7002,7008,7011,,,,,,,,,,
 ,,,,,,,,,,,,,,,,,,,,,,,,,,,,,,,,,,,,
26,TAT6,47,15,1,,0,9.2,18,27.2,36,45.2,54,63.2,72,81.2,90,99.2,108,117.2,126,135.2,144,153.2,162,171.2,180,,,509,514,273,372,112,8784,,0
,,,,,,8793,8783,8782,8778,8785,8788,8794,8795,8798,8797,8797,8798,8800,8806,8812,8812,8812,8813,8814,8812,8821,,,,,,,,,,
 ,,,,,,,,,,,,,,,,,,,,,,,,,,,,,,,,,,,,
27,TAT2,43,16,29.7,,0,9.2,18,27.2,36,45.2,54,63.2,72,81.2,90,99.2,108,117.2,126,135.2,144,153.2,162,171.2,180,,,509,514,273,376,113,11678,,0
,,,,,,11702,11719,11743,11755,11772,11806,11831,11866,11900,11939,11978,12022,12059,12105,12145,12191,12239,12294,12340,12384,12439,,,,,,,,,,
 ,,,,,,,,,,,,,,,,,,,,,,,,,,,,,,,,,,,,
27,TAT5,46,17,3.9,,0,9.2,18,27.2,36,45.2,54,63.2,72,81.2,90,99.2,108,117.2,126,135.2,144,153.2,162,171.2,180,,,509,514,272,374,113,7925,,1
,,,,,,7934,7941,7950,7952,7955,7960,7959,7969,7975,7977,7984,7990,7996,8002,8008,8013,8021,8025,8032,8036,8039,,,,,,,,,,
 ,,,,,,,,,,,,,,,,,,,,,,,,,,,,,,,,,,,,
27,TAT6,47,18,0.3,,0,9.2,18,27.2,36,45.2,54,63.2,72,81.2,90,99.2,108,117.2,126,135.2,144,153.2,162,171.2,180,,,509,514,271,375,113,9999,,4
,,,,,,10013,10008,10013,10011,10015,10010,10005,10006,10008,10008,10008,10013,10009,10012,10007,10019,10016,10008,10013,10012,10008,,,,,,,,,,
 ,,,,,,,,,,,,,,,,,,,,,,,,,,,,,,,,,,,,
28,TAT2,43,19,31.2,,0,9.2,18,27.2,36,45.2,54,63.2,72,81.2,90,99.2,108,117.2,126,135.2,144,153.2,162,171.2,180,,,504,514,272,375,112,10821,,0
,,,,,,10831,10847,10861,10884,10911,10937,10961,10998,11031,11073,11111,11149,11191,11242,11294,11335,11387,11432,11485,11541,11592,,,,,,,,,,
 ,,,,,,,,,,,,,,,,,,,,,,,,,,,,,,,,,,,,
28,TAT5,46,20,5.9,,0,9.2,18,27.2,36,45.2,54,63.2,72,81.2,90,99.2,108,117.2,126,135.2,144,153.2,162,171.2,180,,,504,514,272,376,113,6948,,1
,,,,,,6964,6960,6966,6971,6977,6978,6995,6996,7004,7014,7017,7031,7034,7042,7050,7064,7071,7083,7092,7103,7106,,,,,,,,,,
 ,,,,,,,,,,,,,,,,,,,,,,,,,,,,,,,,,,,,
28,TAT6,47,15,0.9,,0,9.2,18,27.2,36,45.2,54,63.2,72,81.2,90,99.2,108,117.2,126,135.2,144,153.2,162,171.2,180,,,504,514,272,375,113,8884,,4
,,,,,,8890,8888,8890,8881,8886,8881,8880,8887,8885,8892,8891,8894,8891,8899,8897,8904,8900,8903,8899,8905,8903,,,,,,,,,,
 ,,,,,,,,,,,,,,,,,,,,,,,,,,,,,,,,,,,,
29,TAT2,43,16,27.3,,0,9.2,18,27.2,36,45.2,54,63.2,72,81.2,90,99.2,108,117.2,126,135.2,144,153.2,162,171.2,180,,,509,514,272,375,113,10627,,0
,,,,,,10629,10649,10662,10685,10703,10730,10763,10788,10823,10852,10891,10925,10964,11005,11048,11086,11131,11168,11216,11261,11310,,,,,,,,,,
 ,,,,,,,,,,,,,,,,,,,,,,,,,,,,,,,,,,,,
29,TAT5,46,17,6.2,,0,9.2,18,27.2,36,45.2,54,63.2,72,81.2,90,99.2,108,117.2,126,135.2,144,153.2,162,171.2,180,,,504,514,273,375,113,6771,,1
,,,,,,6785,6782,6788,6797,6799,6812,6816,6826,6831,6840,6849,6855,6866,6876,6887,6896,6902,6914,6925,6933,6944,,,,,,,,,,
 ,,,,,,,,,,,,,,,,,,,,,,,,,,,,,,,,,,,,
29,TAT6,47,18,-1.1,,0,9.2,18,27.2,36,45.2,54,63.2,72,81.2,90,99.2,108,117.2,126,135.2,144,153.2,162,171.2,180,,,504,514,272,375,114,8809,,0
,,,,,,8831,8818,8823,8822,8819,8818,8822,8823,8824,8828,8825,8832,8829,8831,8832,8839,8836,8838,8823,8811,8808,,,,,,,,,,
 ,,,,,,,,,,,,,,,,,,,,,,,,,,,,,,,,,,,,
30,TAT206,41,19,19.9,,0,9.2,18,27.2,36,45.2,54,63.2,72,81.2,90,99.2,108,117.2,126,135.2,144,153.2,162,171.2,180,,,509,514,276,374,113,10967,,0
,,,,,,11000,10997,11013,11028,11043,11059,11082,11109,11129,11149,11175,11202,11228,11259,11289,11319,11350,11377,11414,11448,11478,,,,,,,,,,
 ,,,,,,,,,,,,,,,,,,,,,,,,,,,,,,,,,,,,
30,TAT1,42,20,29.5,,0,9.2,18,27.2,36,45.2,54,63.2,72,81.2,90,99.2,108,117.2,126,135.2,144,153.2,162,171.2,180,,,509,514,273,374,113,10930,,0
,,,,,,10939,10960,10976,10999,11020,11050,11073,11116,11142,11178,11221,11258,11302,11340,11385,11432,11483,11520,11579,11620,11669,,,,,,,,,,
 ,,,,,,,,,,,,,,,,,,,,,,,,,,,,,,,,,,,,
30,TAT2,43,15,22.1,,0,9.2,18,27.2,36,45.2,54,63.2,72,81.2,90,99.2,108,117.2,126,135.2,144,153.2,162,171.2,180,,,509,514,274,374,113,10623,,0
,,,,,,10618,10630,10634,10652,10671,10697,10711,10735,10764,10787,10818,10844,10884,10911,10941,10970,11008,11041,11078,11118,11155,,,,,,,,,,
 ,,,,,,,,,,,,,,,,,,,,,,,,,,,,,,,,,,,,
30,TAT5,46,16,4.5,,0,9.2,18,27.2,36,45.2,54,63.2,72,81.2,90,99.2,108,117.2,126,135.2,144,153.2,162,171.2,180,,,509,514,274,377,113,6647,,1
,,,,,,6661,6653,6656,6661,6663,6670,6677,6683,6692,6701,6707,6715,6720,6729,6730,6742,6746,6756,6764,6769,6780,,,,,,,,,,
 ,,,,,,,,,,,,,,,,,,,,,,,,,,,,,,,,,,,,
30,TAT6,47,17,1.1,,0,9.2,18,27.2,36,45.2,54,63.2,72,81.2,90,99.2,108,117.2,126,135.2,144,153.2,162,171.2,180,,,509,514,273,373,112,8597,,4
,,,,,,8611,8603,8606,8604,8604,8607,8608,8608,8606,8608,8613,8613,8614,8621,8617,8620,8618,8625,8624,8625,8629,,,,,,,,,,
 ,,,,,,,,,,,,,,,,,,,,,,,,,,,,,,,,,,,,
31,TAT206,41,18,27.7,,0,9.2,18,27.2,36,45.2,54,63.2,72,81.2,90,99.2,108,117.2,126,135.2,144,153.2,162,171.2,180,,,509,514,272,373,113,11100,,0
,,,,,,11115,11139,11161,11195,11215,11253,11289,11326,11354,11398,11434,11467,11516,11554,11601,11634,11680,11723,11764,11814,11851,,,,,,,,,,
 ,,,,,,,,,,,,,,,,,,,,,,,,,,,,,,,,,,,,
31,TAT1,42,19,37.1,,0,9.2,18,27.2,36,45.2,54,63.2,72,81.2,90,99.2,108,117.2,126,135.2,144,153.2,162,171.2,180,,,509,514,272,375,112,11090,,0
,,,,,,11116,11140,11167,11198,11233,11274,11313,11368,11415,11452,11509,11564,11612,11662,11722,11782,11836,11886,11945,12008,12064,,,,,,,,,,
 ,,,,,,,,,,,,,,,,,,,,,,,,,,,,,,,,,,,,
31,TAT2,43,20,26.8,,0,9.2,18,27.2,36,45.2,54,63.2,72,81.2,90,99.2,108,117.2,126,135.2,144,153.2,162,171.2,180,,,509,514,272,375,112,10864,,0
,,,,,,10912,10930,10965,10983,11013,11036,11065,11099,11134,11170,11210,11251,11284,11328,11361,11405,11445,11493,11528,11572,11611,,,,,,,,,,
 ,,,,,,,,,,,,,,,,,,,,,,,,,,,,,,,,,,,,
31,TAT5,46,15,8.8,,0,9.2,18,27.2,36,45.2,54,63.2,72,81.2,90,99.2,108,117.2,126,135.2,144,153.2,162,171.2,180,,,509,514,271,376,112,6918,,1
,,,,,,6938,6940,6953,6967,6973,6996,7001,7024,7035,7053,7067,7081,7093,7110,7123,7134,7150,7165,7176,7185,7203,,,,,,,,,,
 ,,,,,,,,,,,,,,,,,,,,,,,,,,,,,,,,,,,,
31,TAT6,47,16,1.7,,0,9.2,18,27.2,36,45.2,54,63.2,72,81.2,90,99.2,108,117.2,126,135.2,144,153.2,162,171.2,180,,,509,514,270,373,112,8918,,4
,,,,,,8914,8918,8918,8914,8916,8925,8925,8925,8930,8929,8935,8934,8941,8942,8941,8950,8947,8949,8949,8954,8955,,,,,,,,,,
 ,,,,,,,,,,,,,,,,,,,,,,,,,,,,,,,,,,,,
32,TAT206,41,17,20.1,,0,9.2,18,27.2,36,45.2,54,63.2,72,81.2,90,99.2,108,117.2,126,135.2,144,153.2,162,171.2,180,,,509,514,270,375,111,11134,,0
,,,,,,11155,11162,11178,11199,11222,11250,11280,11310,11337,11362,11391,11424,11446,11478,11512,11546,11569,11603,11631,11664,11684,,,,,,,,,,
 ,,,,,,,,,,,,,,,,,,,,,,,,,,,,,,,,,,,,
32,TAT1,42,18,22.3,,0,9.2,18,27.2,36,45.2,54,63.2,72,81.2,90,99.2,108,117.2,126,135.2,144,153.2,162,171.2,180,,,509,514,269,375,111,11134,,0
,,,,,,11160,11181,11207,11232,11258,11285,11317,11347,11384,11408,11447,11477,11509,11543,11584,11608,11639,11667,11709,11743,11769,,,,,,,,,,
 ,,,,,,,,,,,,,,,,,,,,,,,,,,,,,,,,,,,,
32,TAT2,43,19,15.5,,0,9.2,18,27.2,36,45.2,54,63.2,72,81.2,90,99.2,108,117.2,126,135.2,144,153.2,162,171.2,180,,,509,514,271,372,111,11028,,0
,,,,,,11050,11043,11051,11070,11086,11111,11133,11156,11173,11192,11214,11246,11265,11288,11317,11335,11360,11379,11398,11424,11450,,,,,,,,,,
 ,,,,,,,,,,,,,,,,,,,,,,,,,,,,,,,,,,,,
32,TAT5,46,20,8.5,,0,9.2,18,27.2,36,45.2,54,63.2,72,81.2,90,99.2,108,117.2,126,135.2,144,153.2,162,171.2,180,,,509,514,270,375,112,7136,,1
,,,,,,7160,7164,7179,7190,7201,7213,7225,7245,7260,7273,7282,7303,7312,7329,7338,7347,7359,7376,7382,7401,7412,,,,,,,,,,
 ,,,,,,,,,,,,,,,,,,,,,,,,,,,,,,,,,,,,
32,TAT6,47,15,1.6,,0,9.2,18,27.2,36,45.2,54,63.2,72,81.2,90,99.2,108,117.2,126,135.2,144,153.2,162,171.2,180,,,509,514,269,372,112,9106,,4
,,,,,,9114,9100,9096,9101,9100,9107,9106,9108,9110,9115,9114,9116,9117,9120,9128,9128,9127,9137,9141,9139,9144,,,,,,,,,,
 ,,,,,,,,,,,,,,,,,,,,,,,,,,,,,,,,,,,,
33,TAT206,41,19,21.9,,0,9.2,18,27.2,36,45.2,54,63.2,72,81.2,90,99.2,108,117.2,126,135.2,144,153.2,162,171.2,180,,,509,514,274,374,112,10926,,0
,,,,,,10948,10956,10972,10988,11006,11031,11050,11067,11091,11119,11154,11182,11208,11243,11278,11311,11345,11378,11417,11448,11492,,,,,,,,,,
 ,,,,,,,,,,,,,,,,,,,,,,,,,,,,,,,,,,,,
33,TAT1,42,20,24.7,,0,9.2,18,27.2,36,45.2,54,63.2,72,81.2,90,99.2,108,117.2,126,135.2,144,153.2,162,171.2,180,,,509,514,276,375,112,10801,,0
,,,,,,10826,10831,10847,10864,10884,10913,10940,10968,10998,11026,11064,11097,11127,11164,11207,11245,11280,11323,11359,11396,11435,,,,,,,,,,
 ,,,,,,,,,,,,,,,,,,,,,,,,,,,,,,,,,,,,
33,TAT2,43,15,15.3,,0,9.2,18,27.2,36,45.2,54,63.2,72,81.2,90,99.2,108,117.2,126,135.2,144,153.2,162,171.2,180,,,509,514,276,374,113,10546,,0
,,,,,,10558,10558,10565,10572,10584,10594,10609,10621,10643,10658,10680,10699,10715,10740,10761,10785,10803,10829,10859,10888,10910,,,,,,,,,,
 ,,,,,,,,,,,,,,,,,,,,,,,,,,,,,,,,,,,,
33,TAT5,46,16,2.6,,0,9.2,18,27.2,36,45.2,54,63.2,72,81.2,90,99.2,108,117.2,126,135.2,144,153.2,162,171.2,180,,,509,514,274,374,112,6623,,5
,,,,,,6625,6620,6618,6626,6630,6633,6634,6637,6644,6650,6648,6655,6658,6663,6669,6674,6675,6682,6689,6689,6696,,,,,,,,,,
 ,,,,,,,,,,,,,,,,,,,,,,,,,,,,,,,,,,,,
33,TAT6,47,17,-0.1,,0,9.2,18,27.2,36,45.2,54,63.2,72,81.2,90,99.2,108,117.2,126,135.2,144,153.2,162,171.2,180,,,509,514,275,376,112,8543,,0
,,,,,,8590,8545,8546,8540,8538,8542,8537,8538,8545,8539,8542,8538,8539,8540,8537,8536,8541,8540,8537,8537,8541,,,,,,,,,,
 ,,,,,,,,,,,,,,,,,,,,,,,,,,,,,,,,,,,,
34,TAT206,41,18,23.7,,0,9.2,18,27.2,36,45.2,54,63.2,72,81.2,90,99.2,108,117.2,126,135.2,144,153.2,162,171.2,180,,,504,514,276,375,112,10930,,0
,,,,,,10952,10955,10969,10993,11015,11040,11062,11087,11118,11152,11179,11210,11246,11284,11315,11350,11395,11428,11467,11508,11542,,,,,,,,,,
 ,,,,,,,,,,,,,,,,,,,,,,,,,,,,,,,,,,,,
34,TAT1,42,19,27.2,,0,9.2,18,27.2,36,45.2,54,63.2,72,81.2,90,99.2,108,117.2,126,135.2,144,153.2,162,171.2,180,,,504,514,276,374,113,11008,,0
,,,,,,11025,11038,11054,11075,11100,11135,11166,11197,11230,11276,11304,11345,11383,11428,11468,11515,11555,11594,11640,11684,11730,,,,,,,,,,
 ,,,,,,,,,,,,,,,,,,,,,,,,,,,,,,,,,,,,
34,TAT2,43,20,17,,0,9.2,18,27.2,36,45.2,54,63.2,72,81.2,90,99.2,108,117.2,126,135.2,144,153.2,162,171.2,180,,,509,514,274,375,112,10668,,0
,,,,,,10686,10691,10703,10714,10729,10743,10757,10774,10799,10813,10837,10859,10886,10908,10934,10962,10988,11014,11043,11068,11078,,,,,,,,,,
 ,,,,,,,,,,,,,,,,,,,,,,,,,,,,,,,,,,,,
34,TAT5,46,15,4.1,,0,9.2,18,27.2,36,45.2,54,63.2,72,81.2,90,99.2,108,117.2,126,135.2,144,153.2,162,171.2,180,,,509,514,275,376,112,6814,,1
,,,,,,6837,6821,6825,6824,6835,6836,6846,6853,6863,6864,6863,6869,6878,6887,6896,6898,6906,6917,6925,6926,6937,,,,,,,,,,
 ,,,,,,,,,,,,,,,,,,,,,,,,,,,,,,,,,,,,
34,TAT6,47,16,0.9,,0,9.2,18,27.2,36,45.2,54,63.2,72,81.2,90,99.2,108,117.2,126,135.2,144,153.2,162,171.2,180,,,509,514,274,374,112,8767,,0
,,,,,,8768,8767,8767,8769,8767,8770,8774,8775,8771,8776,8775,8775,8775,8777,8783,8782,8781,8788,8789,8790,8789,,,,,,,,,,
 ,,,,,,,,,,,,,,,,,,,,,,,,,,,,,,,,,,,,
35,TAT206,41,18,34.4,,0,9.2,18,27.2,36,45.2,54,63.2,72,81.2,90,99.2,108,117.2,126,135.2,144,153.2,162,171.2,180,,,504,514,280,375,112,10953,,0
,,,,,,10989,10996,11020,11044,11079,11116,11150,11191,11230,11273,11319,11367,11415,11467,11520,11571,11622,11675,11725,11789,11841,,,,,,,,,,
 ,,,,,,,,,,,,,,,,,,,,,,,,,,,,,,,,,,,,
35,TAT1,42,19,45.1,,0,9.2,18,27.2,36,45.2,54,63.2,72,81.2,90,99.2,108,117.2,126,135.2,144,153.2,162,171.2,180,,,509,514,280,372,114,10920,,0
,,,,,,10938,10977,11008,11044,11081,11134,11182,11235,11299,11358,11417,11486,11552,11622,11682,11754,11820,11896,11963,12034,12102,,,,,,,,,,
 ,,,,,,,,,,,,,,,,,,,,,,,,,,,,,,,,,,,,
35,TAT2,43,20,32.2,,0,9.2,18,27.2,36,45.2,54,63.2,72,81.2,90,99.2,108,117.2,126,135.2,144,153.2,162,171.2,180,,,509,514,279,374,113,10722,,0
,,,,,,10758,10771,10797,10811,10838,10874,10903,10941,10978,11016,11065,11106,11149,11192,11253,11295,11345,11391,11443,11499,11543,,,,,,,,,,
 ,,,,,,,,,,,,,,,,,,,,,,,,,,,,,,,,,,,,
35,TAT5,46,15,6.7,,0,9.2,18,27.2,36,45.2,54,63.2,72,81.2,90,99.2,108,117.2,126,135.2,144,153.2,162,171.2,180,,,509,514,278,376,112,6819,,1
,,,,,,6826,6829,6835,6842,6853,6857,6865,6874,6883,6895,6909,6918,6928,6937,6946,6962,6963,6979,6989,6996,7009,,,,,,,,,,
 ,,,,,,,,,,,,,,,,,,,,,,,,,,,,,,,,,,,,
35,TAT6,47,16,1.7,,0,9.2,18,27.2,36,45.2,54,63.2,72,81.2,90,99.2,108,117.2,126,135.2,144,153.2,162,171.2,180,,,509,514,277,374,113,8793,,4
,,,,,,8810,8787,8783,8789,8784,8791,8794,8796,8796,8801,8805,8806,8811,8812,8819,8816,8819,8825,8823,8826,8829,,,,,,,,,,
 ,,,,,,,,,,,,,,,,,,,,,,,,,,,,,,,,,,,,
36,TAT206,41,17,35.8,,0,9.2,18,27.2,36,45.2,54,63.2,72,81.2,90,99.2,108,117.2,126,135.2,144,153.2,162,171.2,180,,,509,514,278,375,113,10999,,0
,,,,,,11016,11043,11068,11091,11125,11168,11202,11242,11291,11341,11384,11437,11489,11551,11594,11656,11704,11763,11822,11878,11939,,,,,,,,,,
 ,,,,,,,,,,,,,,,,,,,,,,,,,,,,,,,,,,,,
36,TAT1,42,18,44.1,,0,9.2,18,27.2,36,45.2,54,63.2,72,81.2,90,99.2,108,117.2,126,135.2,144,153.2,162,171.2,180,,,509,514,277,374,112,10913,,0
,,,,,,10929,10945,10963,11003,11038,11088,11137,11198,11251,11316,11369,11439,11505,11572,11644,11711,11772,11848,11911,11977,12045,,,,,,,,,,
 ,,,,,,,,,,,,,,,,,,,,,,,,,,,,,,,,,,,,
36,TAT2,43,19,30.8,,0,9.2,18,27.2,36,45.2,54,63.2,72,81.2,90,99.2,108,117.2,126,135.2,144,153.2,162,171.2,180,,,509,514,278,374,113,10845,,0
,,,,,,10864,10882,10902,10922,10947,10983,11011,11044,11087,11121,11163,11203,11247,11298,11336,11385,11432,11483,11527,11583,11625,,,,,,,,,,
 ,,,,,,,,,,,,,,,,,,,,,,,,,,,,,,,,,,,,
36,TAT5,46,20,6,,0,9.2,18,27.2,36,45.2,54,63.2,72,81.2,90,99.2,108,117.2,126,135.2,144,153.2,162,171.2,180,,,509,514,278,375,113,7016,,1
,,,,,,7023,7020,7022,7028,7040,7049,7056,7064,7068,7079,7089,7094,7106,7116,7118,7130,7138,7150,7161,7169,7177,,,,,,,,,,
 ,,,,,,,,,,,,,,,,,,,,,,,,,,,,,,,,,,,,
36,TAT6,47,15,1.6,,0,9.2,18,27.2,36,45.2,54,63.2,72,81.2,90,99.2,108,117.2,126,135.2,144,153.2,162,171.2,180,,,509,514,279,375,113,8911,,4
,,,,,,8931,8923,8930,8930,8938,8944,8947,8950,8953,8952,8962,8960,8962,8965,8967,8968,8971,8968,8975,8976,8984,,,,,,,,,,
 ,,,,,,,,,,,,,,,,,,,,,,,,,,,,,,,,,,,,
37,TAT206,41,16,18.3,,0,9.2,18,27.2,36,45.2,54,63.2,72,81.2,90,99.2,108,117.2,126,135.2,144,153.2,162,171.2,180,,,509,514,280,375,113,10967,,0
,,,,,,10988,10984,10994,11016,11033,11052,11079,11096,11122,11144,11170,11194,11217,11250,11277,11305,11334,11359,11389,11418,11447,,,,,,,,,,
 ,,,,,,,,,,,,,,,,,,,,,,,,,,,,,,,,,,,,
37,TAT1,42,17,22.6,,0,9.2,18,27.2,36,45.2,54,63.2,72,81.2,90,99.2,108,117.2,126,135.2,144,153.2,162,171.2,180,,,509,514,280,374,113,10752,,0
,,,,,,10771,10784,10802,10826,10849,10877,10908,10931,10958,10994,11024,11057,11088,11125,11157,11194,11224,11261,11296,11333,11367,,,,,,,,,,
 ,,,,,,,,,,,,,,,,,,,,,,,,,,,,,,,,,,,,
37,TAT2,43,18,14.5,,0,9.2,18,27.2,36,45.2,54,63.2,72,81.2,90,99.2,108,117.2,126,135.2,144,153.2,162,171.2,180,,,509,514,279,374,113,10645,,0
,,,,,,10673,10679,10698,10707,10726,10742,10754,10775,10796,10813,10834,10853,10876,10892,10920,10941,10958,10978,11007,11030,11051,,,,,,,,,,
 ,,,,,,,,,,,,,,,,,,,,,,,,,,,,,,,,,,,,
37,TAT5,46,19,6.8,,0,9.2,18,27.2,36,45.2,54,63.2,72,81.2,90,99.2,108,117.2,126,135.2,144,153.2,162,171.2,180,,,509,514,280,373,113,6930,,1
,,,,,,6936,6940,6945,6954,6965,6972,6981,6994,7000,7012,7021,7034,7038,7053,7058,7074,7082,7092,7100,7114,7119,,,,,,,,,,
 ,,,,,,,,,,,,,,,,,,,,,,,,,,,,,,,,,,,,
37,TAT6,47,20,0.9,,0,9.2,18,27.2,36,45.2,54,63.2,72,81.2,90,99.2,108,117.2,126,135.2,144,153.2,162,171.2,180,,,509,514,278,374,113,8890,,4
,,,,,,8915,8896,8899,8899,8899,8898,8906,8906,8912,8912,8911,8915,8916,8919,8920,8927,8926,8923,8930,8926,8929,,,,,,,,,,
 ,,,,,,,,,,,,,,,,,,,,,,,,,,,,,,,,,,,,
38,TAT206,41,15,12.1,,0,9.2,18,27.2,36,45.2,54,63.2,72,81.2,90,99.2,108,117.2,126,135.2,144,153.2,162,171.2,180,,,509,514,277,375,113,11316,,0
,,,,,,11324,11331,11340,11351,11365,11383,11399,11408,11424,11444,11461,11479,11490,11514,11528,11550,11562,11587,11603,11626,11646,,,,,,,,,,
 ,,,,,,,,,,,,,,,,,,,,,,,,,,,,,,,,,,,,
38,TAT1,42,16,14,,0,9.2,18,27.2,36,45.2,54,63.2,72,81.2,90,99.2,108,117.2,126,135.2,144,153.2,162,171.2,180,,,509,514,277,375,113,11138,,0
,,,,,,11154,11162,11176,11188,11207,11225,11245,11261,11280,11302,11322,11340,11358,11384,11402,11422,11446,11463,11483,11512,11527,,,,,,,,,,
 ,,,,,,,,,,,,,,,,,,,,,,,,,,,,,,,,,,,,
38,TAT2,43,17,8,,0,9.2,18,27.2,36,45.2,54,63.2,72,81.2,90,99.2,108,117.2,126,135.2,144,153.2,162,171.2,180,,,509,514,278,372,113,10959,,0
,,,,,,10972,10965,10968,10976,10985,10997,11005,11018,11030,11039,11050,11061,11067,11087,11097,11109,11117,11132,11147,11159,11170,,,,,,,,,,
 ,,,,,,,,,,,,,,,,,,,,,,,,,,,,,,,,,,,,
38,TAT5,46,18,3.7,,0,9.2,18,27.2,36,45.2,54,63.2,72,81.2,90,99.2,108,117.2,126,135.2,144,153.2,162,171.2,180,,,509,514,277,372,112,7170,,1
,,,,,,7163,7163,7159,7165,7179,7184,7187,7197,7200,7207,7213,7218,7223,7229,7236,7243,7249,7255,7259,7263,7268,,,,,,,,,,
 ,,,,,,,,,,,,,,,,,,,,,,,,,,,,,,,,,,,,
38,TAT6,47,19,0.9,,0,9.2,18,27.2,36,45.2,54,63.2,72,81.2,90,99.2,108,117.2,126,135.2,144,153.2,162,171.2,180,,,509,514,276,374,112,9269,,4
,,,,,,9268,9260,9255,9252,9256,9261,9260,9263,9273,9271,9274,9273,9273,9279,9278,9277,9280,9284,9283,9285,9294,,,,,,,,,,
 ,,,,,,,,,,,,,,,,,,,,,,,,,,,,,,,,,,,,
40,TAT206,41,20,17.3,,0,9.2,18,27.2,36,45.2,54,63.2,72,81.2,90,99.2,108,117.2,126,135.2,144,153.2,162,171.2,180,,,504,514,278,374,113,11162,,0
,,,,,,11149,11148,11140,11179,11202,11221,11234,11260,11282,11308,11321,11350,11379,11402,11424,11450,11486,11511,11532,11568,11590,,,,,,,,,,
 ,,,,,,,,,,,,,,,,,,,,,,,,,,,,,,,,,,,,
40,TAT1,42,15,21.6,,0,9.2,18,27.2,36,45.2,54,63.2,72,81.2,90,99.2,108,117.2,126,135.2,144,153.2,162,171.2,180,,,509,514,276,375,113,10924,,0
,,,,,,10936,10949,10964,10978,11001,11023,11048,11076,11102,11134,11166,11192,11222,11255,11283,11319,11352,11394,11422,11458,11498,,,,,,,,,,
 ,,,,,,,,,,,,,,,,,,,,,,,,,,,,,,,,,,,,
40,TAT2,43,16,13.5,,0,9.2,18,27.2,36,45.2,54,63.2,72,81.2,90,99.2,108,117.2,126,135.2,144,153.2,162,171.2,180,,,509,514,278,372,113,10687,,0
,,,,,,10705,10704,10714,10726,10736,10757,10769,10789,10804,10823,10843,10861,10881,10899,10919,10937,10958,10982,11000,11026,11052,,,,,,,,,,
 ,,,,,,,,,,,,,,,,,,,,,,,,,,,,,,,,,,,,
40,TAT5,46,17,5.7,,0,9.2,18,27.2,36,45.2,54,63.2,72,81.2,90,99.2,108,117.2,126,135.2,144,153.2,162,171.2,180,,,509,514,278,374,113,6835,,1
,,,,,,6865,6846,6852,6859,6864,6875,6881,6888,6896,6903,6916,6926,6928,6939,6946,6950,6962,6966,6980,6989,6991,,,,,,,,,,
 ,,,,,,,,,,,,,,,,,,,,,,,,,,,,,,,,,,,,
40,TAT6,47,18,1.1,,0,9.2,18,27.2,36,45.2,54,63.2,72,81.2,90,99.2,108,117.2,126,135.2,144,153.2,162,171.2,180,,,509,514,278,376,113,8894,,4
,,,,,,8907,8907,8914,8913,8917,8911,8915,8921,8915,8922,8925,8928,8934,8937,8936,8939,8933,8936,8945,8939,8944,,,,,,,,,,
 ,,,,,,,,,,,,,,,,,,,,,,,,,,,,,,,,,,,,
41,TAT206,41,19,18.5,,0,9.2,18,27.2,36,45.2,54,63.2,72,81.2,90,99.2,108,117.2,126,135.2,144,153.2,162,171.2,180,,,504,514,279,374,113,11278,,0
,,,,,,11288,11306,11321,11342,11372,11389,11418,11440,11467,11494,11519,11550,11576,11604,11631,11661,11684,11715,11740,11772,11806,,,,,,,,,,
 ,,,,,,,,,,,,,,,,,,,,,,,,,,,,,,,,,,,,
41,TAT1,42,20,21,,0,9.2,18,27.2,36,45.2,54,63.2,72,81.2,90,99.2,108,117.2,126,135.2,144,153.2,162,171.2,180,,,509,514,278,374,113,11136,,0
,,,,,,11143,11174,11194,11215,11249,11273,11294,11337,11367,11387,11430,11450,11485,11518,11539,11577,11613,11639,11666,11702,11734,,,,,,,,,,
 ,,,,,,,,,,,,,,,,,,,,,,,,,,,,,,,,,,,,
41,TAT2,43,15,15.2,,0,9.2,18,27.2,36,45.2,54,63.2,72,81.2,90,99.2,108,117.2,126,135.2,144,153.2,162,171.2,180,,,504,514,280,375,113,10836,,0
,,,,,,10839,10853,10863,10878,10898,10912,10936,10958,10976,11003,11016,11042,11064,11090,11114,11144,11161,11182,11212,11231,11258,,,,,,,,,,
 ,,,,,,,,,,,,,,,,,,,,,,,,,,,,,,,,,,,,
41,TAT5,46,16,8.3,,0,9.2,18,27.2,36,45.2,54,63.2,72,81.2,90,99.2,108,117.2,126,135.2,144,153.2,162,171.2,180,,,504,514,281,374,113,6954,,1
,,,,,,6953,6970,6979,6993,7001,7016,7026,7042,7052,7062,7076,7091,7100,7111,7124,7137,7148,7157,7172,7186,7201,,,,,,,,,,
 ,,,,,,,,,,,,,,,,,,,,,,,,,,,,,,,,,,,,
41,TAT6,47,17,1.6,,0,9.2,18,27.2,36,45.2,54,63.2,72,81.2,90,99.2,108,117.2,126,135.2,144,153.2,162,171.2,180,,,504,514,279,375,112,8948,,4
,,,,,,8941,8936,8929,8933,8934,8935,8938,8943,8944,8948,8947,8951,8956,8958,8959,8962,8961,8967,8962,8972,8969,,,,,,,,,,
 ,,,,,,,,,,,,,,,,,,,,,,,,,,,,,,,,,,,,
43,TAT206,41,18,28.8,,0,9.2,18,27.2,36,45.2,54,63.2,72,81.2,90,99.2,108,117.2,126,135.2,144,153.2,162,171.2,180,,,504,514,279,374,113,10878,,0
,,,,,,10895,10910,10928,10950,10970,10995,11009,11049,11078,11107,11139,11179,11219,11262,11304,11344,11397,11439,11487,11539,11588,,,,,,,,,,
 ,,,,,,,,,,,,,,,,,,,,,,,,,,,,,,,,,,,,
43,TAT1,42,19,43.9,,0,9.2,18,27.2,36,45.2,54,63.2,72,81.2,90,99.2,108,117.2,126,135.2,144,153.2,162,171.2,180,,,504,514,279,374,113,11004,,0
,,,,,,11035,11048,11072,11105,11137,11171,11214,11258,11308,11366,11421,11476,11544,11609,11667,11739,11805,11879,11945,12024,12089,,,,,,,,,,
 ,,,,,,,,,,,,,,,,,,,,,,,,,,,,,,,,,,,,
43,TAT2,43,20,32.5,,0,9.2,18,27.2,36,45.2,54,63.2,72,81.2,90,99.2,108,117.2,126,135.2,144,153.2,162,171.2,180,,,509,514,280,373,114,10728,,0
,,,,,,10745,10760,10777,10795,10806,10847,10852,10907,10939,10992,11024,11065,11112,11160,11210,11261,11320,11367,11421,11479,11532,,,,,,,,,,
 ,,,,,,,,,,,,,,,,,,,,,,,,,,,,,,,,,,,,
43,TAT5,46,15,5,,0,9.2,18,27.2,36,45.2,54,63.2,72,81.2,90,99.2,108,117.2,126,135.2,144,153.2,162,171.2,180,,,518,514,277,373,112,6741,,1
,,,,,,6760,6750,6755,6752,6757,6764,6770,6770,6780,6785,6791,6798,6803,6810,6813,6822,6828,6840,6847,6860,6865,,,,,,,,,,
 ,,,,,,,,,,,,,,,,,,,,,,,,,,,,,,,,,,,,
43,TAT6,47,16,0.5,,0,9.2,18,27.2,36,45.2,54,63.2,72,81.2,90,99.2,108,117.2,126,135.2,144,153.2,162,171.2,180,,,518,514,277,374,113,8752,,4
,,,,,,8782,8751,8750,8749,8746,8752,8747,8747,8751,8748,8748,8753,8753,8754,8753,8755,8754,8751,8753,8756,8753,,,,,,,,,,
 ,,,,,,,,,,,,,,,,,,,,,,,,,,,,,,,,,,,,
44,TAT206,41,17,17.1,,0,9.2,18,27.2,36,45.2,54,63.2,72,81.2,90,99.2,108,117.2,126,135.2,144,153.2,162,171.2,180,,,518,514,278,374,112,10806,,0
,,,,,,10835,10834,10850,10869,10891,10910,10923,10949,10971,10992,11016,11039,11068,11092,11117,11144,11167,11190,11220,11248,11280,,,,,,,,,,
 ,,,,,,,,,,,,,,,,,,,,,,,,,,,,,,,,,,,,
44,TAT1,42,18,20.7,,0,9.2,18,27.2,36,45.2,54,63.2,72,81.2,90,99.2,108,117.2,126,135.2,144,153.2,162,171.2,180,,,518,514,278,376,113,10814,,0
,,,,,,10762,10811,10809,10822,10844,10871,10893,10922,10947,10969,10997,11028,11060,11085,11123,11151,11184,11214,11240,11280,11307,,,,,,,,,,
 ,,,,,,,,,,,,,,,,,,,,,,,,,,,,,,,,,,,,
44,TAT2,43,19,14.5,,0,9.2,18,27.2,36,45.2,54,63.2,72,81.2,90,99.2,108,117.2,126,135.2,144,153.2,162,171.2,180,,,523,514,277,375,113,10741,,0
,,,,,,10750,10751,10756,10768,10782,10799,10819,10835,10852,10875,10890,10915,10930,10955,10974,10997,11027,11043,11072,11093,11112,,,,,,,,,,
 ,,,,,,,,,,,,,,,,,,,,,,,,,,,,,,,,,,,,
44,TAT5,46,20,6.9,,0,9.2,18,27.2,36,45.2,54,63.2,72,81.2,90,99.2,108,117.2,126,135.2,144,153.2,162,171.2,180,,,514,514,278,374,113,6854,,1
,,,,,,6845,6858,6860,6863,6874,6883,6899,6904,6916,6928,6937,6947,6960,6972,6977,6994,7000,7015,7026,7031,7045,,,,,,,,,,
 ,,,,,,,,,,,,,,,,,,,,,,,,,,,,,,,,,,,,
44,TAT6,47,15,0.7,,0,9.2,18,27.2,36,45.2,54,63.2,72,81.2,90,99.2,108,117.2,126,135.2,144,153.2,162,171.2,180,,,523,514,276,375,113,8726,,4
,,,,,,8725,8720,8716,8718,8719,8717,8716,8718,8717,8722,8719,8718,8723,8722,8725,8728,8731,8728,8730,8733,8731,,,,,,,,,,
 ,,,,,,,,,,,,,,,,,,,,,,,,,,,,,,,,,,,,
45,TAT206,41,16,17.7,,0,9.2,18,27.2,36,45.2,54,63.2,72,81.2,90,99.2,108,117.2,126,135.2,144,153.2,162,171.2,180,,,523,514,277,374,113,10910,,0
,,,,,,10923,10936,10951,10976,11002,11021,11051,11073,11096,11127,11147,11175,11203,11228,11255,11283,11311,11335,11360,11392,11409,,,,,,,,,,
 ,,,,,,,,,,,,,,,,,,,,,,,,,,,,,,,,,,,,
45,TAT1,42,17,23.7,,0,9.2,18,27.2,36,45.2,54,63.2,72,81.2,90,99.2,108,117.2,126,135.2,144,153.2,162,171.2,180,,,523,514,277,375,113,10704,,0
,,,,,,10737,10749,10775,10802,10830,10867,10898,10930,10961,10999,11030,11065,11101,11138,11170,11209,11243,11283,11319,11354,11386,,,,,,,,,,
 ,,,,,,,,,,,,,,,,,,,,,,,,,,,,,,,,,,,,
45,TAT2,43,18,19,,0,9.2,18,27.2,36,45.2,54,63.2,72,81.2,90,99.2,108,117.2,126,135.2,144,153.2,162,171.2,180,,,523,514,278,374,112,10634,,0
,,,,,,10658,10673,10695,10711,10732,10753,10779,10804,10828,10860,10886,10910,10944,10971,11001,11028,11058,11088,11113,11145,11176,,,,,,,,,,
 ,,,,,,,,,,,,,,,,,,,,,,,,,,,,,,,,,,,,
45,TAT5,46,19,7.9,,0,9.2,18,27.2,36,45.2,54,63.2,72,81.2,90,99.2,108,117.2,126,135.2,144,153.2,162,171.2,180,,,523,514,276,374,112,6927,,1
,,,,,,6962,6953,6967,6983,6990,7002,7018,7026,7043,7060,7066,7078,7094,7104,7114,7128,7144,7156,7167,7178,7184,,,,,,,,,,
 ,,,,,,,,,,,,,,,,,,,,,,,,,,,,,,,,,,,,
45,TAT6,47,20,0.9,,0,9.2,18,27.2,36,45.2,54,63.2,72,81.2,90,99.2,108,117.2,126,135.2,144,153.2,162,171.2,180,,,514,514,276,375,113,8967,,4
,,,,,,8950,8956,8950,8950,8946,8951,8948,8951,8951,8952,8937,8956,8960,8959,8960,8959,8962,8961,8963,8965,8965,,,,,,,,,,
 ,,,,,,,,,,,,,,,,,,,,,,,,,,,,,,,,,,,,
46,TAT206,41,15,85.1,,0,9.2,18,27.2,36,45.2,54,63.2,72,81.2,90,99.2,108,117.2,126,135.2,144,153.2,162,171.2,180,,,518,514,275,374,112,10964,,0
,,,,,,11089,11198,11341,11518,11689,11866,12040,12212,12375,12552,12705,12854,12997,13132,13262,13391,13502,13617,13725,13829,13919,,,,,,,,,,
 ,,,,,,,,,,,,,,,,,,,,,,,,,,,,,,,,,,,,
46,TAT1,42,16,90.1,,0,9.2,18,27.2,36,45.2,54,63.2,72,81.2,90,99.2,108,117.2,126,135.2,144,153.2,162,171.2,180,,,518,514,275,375,112,10753,,0
,,,,,,10919,11033,11199,11386,11572,11768,11949,12138,12308,12487,12647,12812,12959,13108,13240,13372,13496,13612,13725,13838,13932,,,,,,,,,,
 ,,,,,,,,,,,,,,,,,,,,,,,,,,,,,,,,,,,,
46,TAT2,43,17,88.1,,0,9.2,18,27.2,36,45.2,54,63.2,72,81.2,90,99.2,108,117.2,126,135.2,144,153.2,162,171.2,180,,,518,514,274,375,113,10596,,0
,,,,,,10684,10768,10867,11001,11143,11296,11435,11594,11750,11903,12055,12200,12336,12480,12610,12744,12863,12994,13112,13225,13332,,,,,,,,,,
 ,,,,,,,,,,,,,,,,,,,,,,,,,,,,,,,,,,,,
46,TAT5,46,18,5.3,,0,9.2,18,27.2,36,45.2,54,63.2,72,81.2,90,99.2,108,117.2,126,135.2,144,153.2,162,171.2,180,,,518,514,276,373,112,6923,,1
,,,,,,6912,6922,6921,6931,6942,6953,6957,6967,6970,6973,6984,6988,6995,7004,7017,7024,7026,7034,7042,7053,7053,,,,,,,,,,
 ,,,,,,,,,,,,,,,,,,,,,,,,,,,,,,,,,,,,
46,TAT6,47,19,2.1,,0,9.2,18,27.2,36,45.2,54,63.2,72,81.2,90,99.2,108,117.2,126,135.2,144,153.2,162,171.2,180,,,518,514,274,373,112,9079,,4
,,,,,,9063,9067,9060,9059,9058,9067,9067,9071,9075,9076,9083,9088,9086,9091,9099,9098,9097,9102,9107,9108,9108,,,,,,,,,,
 ,,,,,,,,,,,,,,,,,,,,,,,,,,,,,,,,,,,,
47,TAT206,41,20,56.9,,0,9.2,18,27.2,36,45.2,54,63.2,72,81.2,90,99.2,108,117.2,126,135.2,144,153.2,162,171.2,180,,,523,514,273,375,112,11221,,0
,,,,,,11273,11307,11353,11406,11476,11552,11618,11706,11784,11872,11945,12036,12126,12216,12300,12389,12476,12561,12648,12725,12804,,,,,,,,,,
 ,,,,,,,,,,,,,,,,,,,,,,,,,,,,,,,,,,,,
47,TAT1,42,15,64.5,,0,9.2,18,27.2,36,45.2,54,63.2,72,81.2,90,99.2,108,117.2,126,135.2,144,153.2,162,171.2,180,,,518,514,275,373,112,11118,,0
,,,,,,11191,11218,11279,11340,11422,11507,11589,11691,11780,11880,11979,12072,12173,12274,12369,12471,12567,12665,12752,12848,12939,,,,,,,,,,
 ,,,,,,,,,,,,,,,,,,,,,,,,,,,,,,,,,,,,
47,TAT2,43,16,44.3,,0,9.2,18,27.2,36,45.2,54,63.2,72,81.2,90,99.2,108,117.2,126,135.2,144,153.2,162,171.2,180,,,523,514,272,375,112,10920,,0
,,,,,,10939,10956,10977,11018,11064,11108,11158,11214,11273,11332,11399,11460,11525,11591,11663,11729,11795,11868,11929,11997,12067,,,,,,,,,,
 ,,,,,,,,,,,,,,,,,,,,,,,,,,,,,,,,,,,,
47,TAT5,46,17,6.9,,0,9.2,18,27.2,36,45.2,54,63.2,72,81.2,90,99.2,108,117.2,126,135.2,144,153.2,162,171.2,180,,,523,514,274,374,112,7058,,1
,,,,,,7058,7067,7072,7083,7095,7108,7122,7130,7139,7155,7161,7176,7184,7192,7209,7216,7229,7241,7248,7259,7261,,,,,,,,,,
 ,,,,,,,,,,,,,,,,,,,,,,,,,,,,,,,,,,,,
47,TAT6,47,18,1.4,,0,9.2,18,27.2,36,45.2,54,63.2,72,81.2,90,99.2,108,117.2,126,135.2,144,153.2,162,171.2,180,,,523,514,272,372,112,9124,,4
,,,,,,9146,9132,9136,9135,9133,9142,9145,9146,9151,9151,9150,9158,9158,9163,9161,9163,9167,9163,9166,9172,9165,,,,,,,,,,
 ,,,,,,,,,,,,,,,,,,,,,,,,,,,,,,,,,,,,
48,TAT206,41,19,12.5,,0,9.2,18,27.2,36,45.2,54,63.2,72,81.2,90,99.2,108,117.2,126,135.2,144,153.2,162,171.2,180,,,523,514,273,376,112,11106,,0
,,,,,,11118,11128,11140,11149,11170,11186,11196,11216,11241,11258,11278,11297,11312,11334,11354,11375,11389,11407,11429,11445,11467,,,,,,,,,,
 ,,,,,,,,,,,,,,,,,,,,,,,,,,,,,,,,,,,,
48,TAT1,42,20,14,,0,9.2,18,27.2,36,45.2,54,63.2,72,81.2,90,99.2,108,117.2,126,135.2,144,153.2,162,171.2,180,,,523,514,274,373,112,11022,,0
,,,,,,11028,11037,11045,11062,11078,11098,11112,11130,11154,11171,11200,11218,11240,11256,11273,11301,11317,11340,11357,11381,11396,,,,,,,,,,
 ,,,,,,,,,,,,,,,,,,,,,,,,,,,,,,,,,,,,
48,TAT2,43,15,9.9,,0,9.2,18,27.2,36,45.2,54,63.2,72,81.2,90,99.2,108,117.2,126,135.2,144,153.2,162,171.2,180,,,523,514,274,373,112,10720,,0
,,,,,,10710,10722,10723,10731,10741,10758,10764,10775,10789,10809,10822,10843,10851,10871,10888,10898,10919,10931,10948,10957,10974,,,,,,,,,,
 ,,,,,,,,,,,,,,,,,,,,,,,,,,,,,,,,,,,,
48,TAT5,46,16,7.5,,0,9.2,18,27.2,36,45.2,54,63.2,72,81.2,90,99.2,108,117.2,126,135.2,144,153.2,162,171.2,180,,,523,514,273,374,112,6890,,1
,,,,,,6902,6899,6904,6915,6928,6937,6944,6958,6970,6979,6988,6996,7009,7021,7035,7044,7051,7062,7073,7091,7101,,,,,,,,,,
 ,,,,,,,,,,,,,,,,,,,,,,,,,,,,,,,,,,,,
48,TAT6,47,17,0.1,,0,9.2,18,27.2,36,45.2,54,63.2,72,81.2,90,99.2,108,117.2,126,135.2,144,153.2,162,171.2,180,,,523,514,273,373,112,8844,,4
,,,,,,8805,8810,8790,8796,8802,8788,8793,8799,8803,8801,8793,8804,8802,8808,8806,8806,8802,8803,8804,8803,8804,,,,,,,,,,
 ,,,,,,,,,,,,,,,,,,,,,,,,,,,,,,,,,,,,
49,TAT206,41,18,13.5,,0,9.2,18,27.2,36,45.2,54,63.2,72,81.2,90,99.2,108,117.2,126,135.2,144,153.2,162,171.2,180,,,523,514,273,373,112,10894,,0
,,,,,,10905,10907,10914,10924,10938,10952,10959,10972,10990,11006,11025,11044,11063,11080,11104,11126,11142,11168,11187,11209,11222,,,,,,,,,,
 ,,,,,,,,,,,,,,,,,,,,,,,,,,,,,,,,,,,,
49,TAT1,42,19,14.8,,0,9.2,18,27.2,36,45.2,54,63.2,72,81.2,90,99.2,108,117.2,126,135.2,144,153.2,162,171.2,180,,,514,514,273,374,111,10851,,0
,,,,,,10853,10859,10863,10878,10899,10910,10922,10943,10959,10980,11001,11026,11043,11065,11090,11111,11136,11157,11180,11202,11225,,,,,,,,,,
 ,,,,,,,,,,,,,,,,,,,,,,,,,,,,,,,,,,,,
49,TAT2,43,20,9,,0,9.2,18,27.2,36,45.2,54,63.2,72,81.2,90,99.2,108,117.2,126,135.2,144,153.2,162,171.2,180,,,514,514,275,374,113,10601,,0
,,,,,,10586,10611,10616,10623,10627,10640,10649,10659,10671,10678,10689,10706,10713,10729,10740,10749,10765,10785,10795,10813,10821,,,,,,,,,,
 ,,,,,,,,,,,,,,,,,,,,,,,,,,,,,,,,,,,,
49,TAT5,46,15,3.1,,0,9.2,18,27.2,36,45.2,54,63.2,72,81.2,90,99.2,108,117.2,126,135.2,144,153.2,162,171.2,180,,,523,514,273,374,112,6753,,1
,,,,,,6735,6737,6727,6735,6741,6746,6752,6752,6756,6763,6769,6773,6776,6781,6780,6788,6793,6799,6804,6810,6810,,,,,,,,,,
 ,,,,,,,,,,,,,,,,,,,,,,,,,,,,,,,,,,,,
49,TAT6,47,16,0.6,,0,9.2,18,27.2,36,45.2,54,63.2,72,81.2,90,99.2,108,117.2,126,135.2,144,153.2,162,171.2,180,,,518,514,273,376,112,8705,,4
,,,,,,8706,8692,8684,8683,8683,8689,8685,8683,8687,8685,8690,8690,8691,8689,8694,8690,8691,8697,8698,8694,8699,,,,,,,,,,
 ,,,,,,,,,,,,,,,,,,,,,,,,,,,,,,,,,,,,
50,TAT206,41,17,12,,0,9.2,18,27.2,36,45.2,54,63.2,72,81.2,90,99.2,108,117.2,126,135.2,144,153.2,162,171.2,180,,,518,514,272,375,112,10960,,0
,,,,,,10972,10974,10982,10996,11012,11025,11036,11054,11064,11080,11096,11115,11131,11154,11171,11179,11201,11224,11239,11260,11277,,,,,,,,,,
 ,,,,,,,,,,,,,,,,,,,,,,,,,,,,,,,,,,,,
50,TAT1,42,18,14.3,,0,9.2,18,27.2,36,45.2,54,63.2,72,81.2,90,99.2,108,117.2,126,135.2,144,153.2,162,171.2,180,,,518,514,272,376,112,10967,,0
,,,,,,10957,10976,10981,11005,11021,11038,11058,11075,11088,11108,11132,11146,11167,11193,11211,11232,11258,11279,11300,11322,11343,,,,,,,,,,
 ,,,,,,,,,,,,,,,,,,,,,,,,,,,,,,,,,,,,
50,TAT2,43,19,8.5,,0,9.2,18,27.2,36,45.2,54,63.2,72,81.2,90,99.2,108,117.2,126,135.2,144,153.2,162,171.2,180,,,518,514,273,375,112,10801,,0
,,,,,,10828,10829,10844,10852,10864,10871,10879,10893,10907,10919,10922,10938,10953,10965,10982,10993,11006,11024,11039,11046,11060,,,,,,,,,,
 ,,,,,,,,,,,,,,,,,,,,,,,,,,,,,,,,,,,,
50,TAT5,46,20,5.5,,0,9.2,18,27.2,36,45.2,54,63.2,72,81.2,90,99.2,108,117.2,126,135.2,144,153.2,162,171.2,180,,,514,514,273,376,112,7025,,1
,,,,,,7015,7027,7028,7032,7040,7049,7052,7062,7075,7079,7088,7097,7102,7114,7120,7132,7134,7148,7157,7161,7173,,,,,,,,,,
 ,,,,,,,,,,,,,,,,,,,,,,,,,,,,,,,,,,,,
50,TAT6,47,15,0.9,,0,9.2,18,27.2,36,45.2,54,63.2,72,81.2,90,99.2,108,117.2,126,135.2,144,153.2,162,171.2,180,,,518,514,274,375,112,8787,,4
,,,,,,8802,8797,8803,8804,8804,8806,8810,8812,8811,8819,8824,8824,8831,8827,8830,8831,8838,8835,8832,8832,8840,,,,,,,,,,
 ,,,,,,,,,,,,,,,,,,,,,,,,,,,,,,,,,,,,
51,TAT206,41,16,11.9,,0,9.2,18,27.2,36,45.2,54,63.2,72,81.2,90,99.2,108,117.2,126,135.2,144,153.2,162,171.2,180,,,518,514,274,375,111,10873,,0
,,,,,,10894,10899,10914,10923,10938,10951,10966,10984,11000,11015,11034,11054,11072,11092,11106,11127,11146,11165,11176,11194,11215,,,,,,,,,,
 ,,,,,,,,,,,,,,,,,,,,,,,,,,,,,,,,,,,,
51,TAT1,42,17,12.7,,0,9.2,18,27.2,36,45.2,54,63.2,72,81.2,90,99.2,108,117.2,126,135.2,144,153.2,162,171.2,180,,,518,514,275,373,111,10721,,0
,,,,,,10752,10753,10771,10787,10800,10820,10839,10861,10877,10903,10919,10937,10958,10977,10997,11017,11042,11057,11073,11093,11115,,,,,,,,,,
 ,,,,,,,,,,,,,,,,,,,,,,,,,,,,,,,,,,,,
51,TAT2,43,18,8.9,,0,9.2,18,27.2,36,45.2,54,63.2,72,81.2,90,99.2,108,117.2,126,135.2,144,153.2,162,171.2,180,,,518,514,274,373,112,10620,,0
,,,,,,10651,10651,10668,10679,10690,10699,10711,10724,10734,10750,10768,10782,10794,10809,10824,10834,10848,10864,10875,10883,10904,,,,,,,,,,
 ,,,,,,,,,,,,,,,,,,,,,,,,,,,,,,,,,,,,
51,TAT5,46,19,7.8,,0,9.2,18,27.2,36,45.2,54,63.2,72,81.2,90,99.2,108,117.2,126,135.2,144,153.2,162,171.2,180,,,514,514,274,376,112,6999,,1
,,,,,,7001,7010,7016,7024,7034,7045,7058,7070,7076,7087,7105,7115,7124,7136,7152,7159,7171,7183,7195,7204,7216,,,,,,,,,,
 ,,,,,,,,,,,,,,,,,,,,,,,,,,,,,,,,,,,,
51,TAT6,47,20,1.1,,0,9.2,18,27.2,36,45.2,54,63.2,72,81.2,90,99.2,108,117.2,126,135.2,144,153.2,162,171.2,180,,,523,514,275,374,112,8992,,4
,,,,,,8975,8976,8967,8967,8951,8966,8970,8972,8969,8970,8974,8977,8973,8977,8982,8984,8979,8983,8984,8986,8990,,,,,,,,,,
 ,,,,,,,,,,,,,,,,,,,,,,,,,,,,,,,,,,,,
52,TAT206,41,15,15.2,,0,9.2,18,27.2,36,45.2,54,63.2,72,81.2,90,99.2,108,117.2,126,135.2,144,153.2,162,171.2,180,,,518,514,274,375,112,10898,,0
,,,,,,10919,10912,10920,10933,10946,10960,10977,11002,11016,11032,11058,11083,11098,11127,11144,11169,11184,11212,11236,11260,11279,,,,,,,,,,
 ,,,,,,,,,,,,,,,,,,,,,,,,,,,,,,,,,,,,
52,TAT1,42,16,16.3,,0,9.2,18,27.2,36,45.2,54,63.2,72,81.2,90,99.2,108,117.2,126,135.2,144,153.2,162,171.2,180,,,523,514,276,376,112,10876,,0
,,,,,,10882,10897,10909,10920,10946,10958,10987,11011,11027,11050,11079,11095,11127,11140,11171,11195,11213,11240,11271,11295,11324,,,,,,,,,,
 ,,,,,,,,,,,,,,,,,,,,,,,,,,,,,,,,,,,,
52,TAT2,43,17,12.3,,0,9.2,18,27.2,36,45.2,54,63.2,72,81.2,90,99.2,108,117.2,126,135.2,144,153.2,162,171.2,180,,,523,514,275,375,112,10645,,0
,,,,,,10631,10647,10648,10659,10666,10684,10704,10723,10737,10756,10768,10792,10807,10826,10848,10867,10882,10904,10920,10940,10963,,,,,,,,,,
 ,,,,,,,,,,,,,,,,,,,,,,,,,,,,,,,,,,,,
52,TAT5,46,18,7.5,,0,9.2,18,27.2,36,45.2,54,63.2,72,81.2,90,99.2,108,117.2,126,135.2,144,153.2,162,171.2,180,,,523,514,275,372,112,6842,,1
,,,,,,6828,6839,6837,6847,6855,6865,6872,6886,6897,6907,6916,6928,6937,6949,6962,6978,6986,6993,7007,7019,7029,,,,,,,,,,
 ,,,,,,,,,,,,,,,,,,,,,,,,,,,,,,,,,,,,
52,TAT6,47,19,1.8,,0,9.2,18,27.2,36,45.2,54,63.2,72,81.2,90,99.2,108,117.2,126,135.2,144,153.2,162,171.2,180,,,523,514,275,375,112,9009,,4
,,,,,,8996,8995,8987,8985,8994,8990,8993,8992,8995,8995,8995,8995,9000,8999,9010,9016,9010,9012,9022,9022,9021,,,,,,,,,,
 ,,,,,,,,,,,,,,,,,,,,,,,,,,,,,,,,,,,,
53,TAT206,41,20,32.8,,0,9.2,18,27.2,36,45.2,54,63.2,72,81.2,90,99.2,108,117.2,126,135.2,144,153.2,162,171.2,180,,,514,514,275,373,112,11316,,0
,,,,,,11372,11436,11500,11561,11615,11688,11750,11808,11861,11922,11977,12037,12089,12135,12192,12233,12279,12325,12375,12414,12456,,,,,,,,,,
 ,,,,,,,,,,,,,,,,,,,,,,,,,,,,,,,,,,,,
53,TAT1,42,15,28.3,,0,9.2,18,27.2,36,45.2,54,63.2,72,81.2,90,99.2,108,117.2,126,135.2,144,153.2,162,171.2,180,,,527,514,274,375,111,11083,,0
,,,,,,11121,11167,11218,11265,11310,11360,11413,11465,11511,11549,11605,11646,11691,11728,11776,11816,11850,11896,11931,11973,12003,,,,,,,,,,
 ,,,,,,,,,,,,,,,,,,,,,,,,,,,,,,,,,,,,
53,TAT2,43,16,21,,0,9.2,18,27.2,36,45.2,54,63.2,72,81.2,90,99.2,108,117.2,126,135.2,144,153.2,162,171.2,180,,,527,514,275,375,111,10890,,0
,,,,,,10908,10949,10984,11027,11062,11098,11134,11170,11203,11241,11272,11310,11341,11374,11407,11439,11466,11499,11526,11556,11591,,,,,,,,,,
 ,,,,,,,,,,,,,,,,,,,,,,,,,,,,,,,,,,,,
53,TAT5,46,17,8.4,,0,9.2,18,27.2,36,45.2,54,63.2,72,81.2,90,99.2,108,117.2,126,135.2,144,153.2,162,171.2,180,,,527,514,274,376,112,7103,,1
,,,,,,7117,7138,7158,7176,7196,7204,7226,7241,7260,7269,7283,7297,7311,7327,7340,7354,7367,7375,7386,7395,7412,,,,,,,,,,
 ,,,,,,,,,,,,,,,,,,,,,,,,,,,,,,,,,,,,
53,TAT6,47,18,10.4,,0,9.2,18,27.2,36,45.2,54,63.2,72,81.2,90,99.2,108,117.2,126,135.2,144,153.2,162,171.2,180,,,527,514,275,375,112,9194,,0
,,,,,,9217,9218,9231,9257,9275,9296,9310,9332,9351,9373,9386,9405,9419,9433,9452,9470,9482,9501,9514,9529,9543,,,,,,,,,,
 ,,,,,,,,,,,,,,,,,,,,,,,,,,,,,,,,,,,,
54,TAT206,41,19,11.1,,0,9.2,18,27.2,36,45.2,54,63.2,72,81.2,90,99.2,108,117.2,126,135.2,144,153.2,162,171.2,180,,,523,514,274,374,111,12049,,0
,,,,,,12047,12062,12069,12088,12102,12123,12132,12155,12171,12190,12203,12221,12234,12253,12271,12290,12309,12329,12339,12356,12377,,,,,,,,,,
 ,,,,,,,,,,,,,,,,,,,,,,,,,,,,,,,,,,,,
54,TAT1,42,20,12.5,,0,9.2,18,27.2,36,45.2,54,63.2,72,81.2,90,99.2,108,117.2,126,135.2,144,153.2,162,171.2,180,,,518,514,274,375,112,11802,,0
,,,,,,11834,11842,11863,11869,11887,11897,11908,11934,11926,11979,11994,12020,12027,12045,12068,12088,12103,12130,12143,12166,12180,,,,,,,,,,
 ,,,,,,,,,,,,,,,,,,,,,,,,,,,,,,,,,,,,
54,TAT2,43,15,7.8,,0,9.2,18,27.2,36,45.2,54,63.2,72,81.2,90,99.2,108,117.2,126,135.2,144,153.2,162,171.2,180,,,518,514,275,373,112,11576,,0
,,,,,,11563,11583,11587,11595,11604,11620,11624,11636,11648,11659,11669,11684,11690,11702,11717,11725,11739,11747,11763,11776,11790,,,,,,,,,,
 ,,,,,,,,,,,,,,,,,,,,,,,,,,,,,,,,,,,,
54,TAT5,46,16,4.4,,0,9.2,18,27.2,36,45.2,54,63.2,72,81.2,90,99.2,108,117.2,126,135.2,144,153.2,162,171.2,180,,,527,514,274,370,111,7754,,1
,,,,,,7772,7776,7789,7788,7801,7807,7818,7815,7825,7832,7842,7849,7850,7859,7869,7874,7879,7881,7887,7898,7904,,,,,,,,,,
 ,,,,,,,,,,,,,,,,,,,,,,,,,,,,,,,,,,,,
54,TAT6,47,17,1.9,,0,9.2,18,27.2,36,45.2,54,63.2,72,81.2,90,99.2,108,117.2,126,135.2,144,153.2,162,171.2,180,,,527,514,275,374,112,9743,,0
,,,,,,9763,9756,9763,9763,9763,9768,9771,9774,9778,9781,9783,9789,9789,9793,9799,9803,9802,9802,9806,9809,9811,,,,,,,,,,
 ,,,,,,,,,,,,,,,,,,,,,,,,,,,,,,,,,,,,
55,TAT206,41,18,9.7,,0,9.2,18,27.2,36,45.2,54,63.2,72,81.2,90,99.2,108,117.2,126,135.2,144,153.2,162,171.2,180,,,527,514,275,375,112,10977,,0
,,,,,,10990,11001,11014,11027,11035,11054,11067,11081,11089,11108,11118,11137,11148,11162,11180,11201,11211,11224,11243,11254,11276,,,,,,,,,,
 ,,,,,,,,,,,,,,,,,,,,,,,,,,,,,,,,,,,,
55,TAT1,42,19,11,,0,9.2,18,27.2,36,45.2,54,63.2,72,81.2,90,99.2,108,117.2,126,135.2,144,153.2,162,171.2,180,,,527,514,276,373,111,11017,,0
,,,,,,11043,11038,11049,11057,11076,11093,11103,11120,11138,11155,11169,11186,11196,11215,11238,11255,11267,11291,11300,11320,11338,,,,,,,,,,
 ,,,,,,,,,,,,,,,,,,,,,,,,,,,,,,,,,,,,
55,TAT2,43,20,7.9,,0,9.2,18,27.2,36,45.2,54,63.2,72,81.2,90,99.2,108,117.2,126,135.2,144,153.2,162,171.2,180,,,523,514,275,374,112,10868,,0
,,,,,,10875,10878,10883,10885,10904,10912,10919,10933,10943,10954,10966,10980,10992,11000,11018,11029,11038,11053,11061,11072,11088,,,,,,,,,,
 ,,,,,,,,,,,,,,,,,,,,,,,,,,,,,,,,,,,,
55,TAT5,46,15,6.2,,0,9.2,18,27.2,36,45.2,54,63.2,72,81.2,90,99.2,108,117.2,126,135.2,144,153.2,162,171.2,180,,,527,514,274,373,112,6913,,1
,,,,,,6944,6927,6935,6945,6950,6956,6966,6971,6988,6990,7003,7007,7022,7026,7037,7044,7052,7060,7071,7083,7091,,,,,,,,,,
 ,,,,,,,,,,,,,,,,,,,,,,,,,,,,,,,,,,,,
55,TAT6,47,16,1.1,,0,9.2,18,27.2,36,45.2,54,63.2,72,81.2,90,99.2,108,117.2,126,135.2,144,153.2,162,171.2,180,,,527,514,274,374,112,8898,,4
,,,,,,8923,8912,8920,8921,8914,8919,8922,8928,8927,8930,8928,8936,8934,8940,8939,8940,8943,8949,8953,8947,8955,,,,,,,,,,
 ,,,,,,,,,,,,,,,,,,,,,,,,,,,,,,,,,,,,
56,TAT206,41,17,13.5,,0,9.2,18,27.2,36,45.2,54,63.2,72,81.2,90,99.2,108,117.2,126,135.2,144,153.2,162,171.2,180,,,527,514,273,376,112,10802,,0
,,,,,,10802,10816,10824,10841,10855,10877,10893,10915,10928,10952,10973,10991,11017,11038,11053,11075,11094,11112,11132,11154,11171,,,,,,,,,,
 ,,,,,,,,,,,,,,,,,,,,,,,,,,,,,,,,,,,,
56,TAT1,42,18,14.3,,0,9.2,18,27.2,36,45.2,54,63.2,72,81.2,90,99.2,108,117.2,126,135.2,144,153.2,162,171.2,180,,,527,514,273,377,112,10863,,0
,,,,,,10884,10897,10916,10929,10949,10961,10987,11003,11029,11050,11070,11090,11114,11141,11162,11183,11203,11224,11245,11265,11286,,,,,,,,,,
 ,,,,,,,,,,,,,,,,,,,,,,,,,,,,,,,,,,,,
56,TAT2,43,19,10.8,,0,9.2,18,27.2,36,45.2,54,63.2,72,81.2,90,99.2,108,117.2,126,135.2,144,153.2,162,171.2,180,,,514,514,274,374,112,10740,,0
,,,,,,10738,10750,10755,10764,10775,10789,10797,10816,10831,10847,10857,10872,10890,10907,10919,10938,10955,10976,10993,11009,11021,,,,,,,,,,
 ,,,,,,,,,,,,,,,,,,,,,,,,,,,,,,,,,,,,
56,TAT5,46,20,7.7,,0,9.2,18,27.2,36,45.2,54,63.2,72,81.2,90,99.2,108,117.2,126,135.2,144,153.2,162,171.2,180,,,514,514,273,375,111,6902,,1
,,,,,,6896,6902,6902,6911,6922,6927,6941,6951,6967,6976,6987,7000,7010,7019,7031,7042,7052,7064,7080,7091,7098,,,,,,,,,,
 ,,,,,,,,,,,,,,,,,,,,,,,,,,,,,,,,,,,,
56,TAT6,47,15,0.3,,0,9.2,18,27.2,36,45.2,54,63.2,72,81.2,90,99.2,108,117.2,126,135.2,144,153.2,162,171.2,180,,,509,514,271,374,111,8812,,4
,,,,,,8798,8795,8784,8782,8781,8784,8781,8783,8781,8786,8782,8786,8791,8786,8785,8790,8790,8786,8786,8790,8789,,,,,,,,,,
 ,,,,,,,,,,,,,,,,,,,,,,,,,,,,,,,,,,,,
57,TAT206,41,16,12.5,,0,9.2,18,27.2,36,45.2,54,63.2,72,81.2,90,99.2,108,117.2,126,135.2,144,153.2,162,171.2,180,,,523,514,271,373,112,10797,,0
,,,,,,10810,10819,10832,10841,10866,10881,10897,10916,10934,10951,10969,10995,11012,11027,11048,11071,11089,11109,11126,11138,11163,,,,,,,,,,
 ,,,,,,,,,,,,,,,,,,,,,,,,,,,,,,,,,,,,
57,TAT1,42,17,14.5,,0,9.2,18,27.2,36,45.2,54,63.2,72,81.2,90,99.2,108,117.2,126,135.2,144,153.2,162,171.2,180,,,523,514,272,375,111,10715,,0
,,,,,,10732,10741,10756,10777,10788,10811,10832,10857,10875,10898,10922,10943,10961,10980,11007,11028,11049,11073,11091,11116,11138,,,,,,,,,,
 ,,,,,,,,,,,,,,,,,,,,,,,,,,,,,,,,,,,,
57,TAT2,43,18,10.1,,0,9.2,18,27.2,36,45.2,54,63.2,72,81.2,90,99.2,108,117.2,126,135.2,144,153.2,162,171.2,180,,,523,514,271,375,112,10650,,0
,,,,,,10653,10663,10670,10680,10693,10699,10719,10731,10746,10762,10776,10793,10807,10823,10837,10853,10871,10881,10900,10913,10930,,,,,,,,,,
 ,,,,,,,,,,,,,,,,,,,,,,,,,,,,,,,,,,,,
57,TAT5,46,19,7.9,,0,9.2,18,27.2,36,45.2,54,63.2,72,81.2,90,99.2,108,117.2,126,135.2,144,153.2,162,171.2,180,,,523,514,271,374,112,6899,,1
,,,,,,6916,6920,6931,6939,6945,6960,6971,6976,6990,7002,7015,7025,7036,7047,7058,7069,7079,7094,7103,7120,7129,,,,,,,,,,
 ,,,,,,,,,,,,,,,,,,,,,,,,,,,,,,,,,,,,
57,TAT6,47,20,0.7,,0,9.2,18,27.2,36,45.2,54,63.2,72,81.2,90,99.2,108,117.2,126,135.2,144,153.2,162,171.2,180,,,527,514,271,374,111,8913,,4
,,,,,,8875,8874,8853,8861,8865,8864,8864,8863,8860,8861,8866,8868,8867,8871,8872,8870,8873,8867,8869,8871,8872,,,,,,,,,,
 ,,,,,,,,,,,,,,,,,,,,,,,,,,,,,,,,,,,,
58,TAT206,41,15,12.4,,0,9.2,18,27.2,36,45.2,54,63.2,72,81.2,90,99.2,108,117.2,126,135.2,144,153.2,162,171.2,180,,,518,514,271,373,111,11105,,0
,,,,,,11104,11114,11119,11138,11151,11169,11189,11207,11219,11240,11257,11275,11291,11316,11331,11354,11372,11394,11405,11426,11449,,,,,,,,,,
 ,,,,,,,,,,,,,,,,,,,,,,,,,,,,,,,,,,,,
58,TAT1,42,16,13.6,,0,9.2,18,27.2,36,45.2,54,63.2,72,81.2,90,99.2,108,117.2,126,135.2,144,153.2,162,171.2,180,,,518,514,271,373,112,11055,,0
,,,,,,11058,11079,11093,11106,11130,11146,11168,11189,11207,11229,11250,11269,11290,11316,11335,11351,11370,11396,11411,11433,11453,,,,,,,,,,
 ,,,,,,,,,,,,,,,,,,,,,,,,,,,,,,,,,,,,
58,TAT2,43,17,9.7,,0,9.2,18,27.2,36,45.2,54,63.2,72,81.2,90,99.2,108,117.2,126,135.2,144,153.2,162,171.2,180,,,518,514,270,374,112,10879,,0
,,,,,,10900,10897,10907,10915,10929,10944,10953,10966,10981,10999,11016,11025,11043,11055,11069,11082,11098,11112,11124,11144,11156,,,,,,,,,,
 ,,,,,,,,,,,,,,,,,,,,,,,,,,,,,,,,,,,,
58,TAT5,46,18,6.4,,0,9.2,18,27.2,36,45.2,54,63.2,72,81.2,90,99.2,108,117.2,126,135.2,144,153.2,162,171.2,180,,,518,514,270,374,112,7217,,1
,,,,,,7217,7217,7217,7233,7237,7244,7257,7265,7274,7294,7302,7303,7313,7332,7341,7347,7363,7369,7381,7390,7402,,,,,,,,,,
 ,,,,,,,,,,,,,,,,,,,,,,,,,,,,,,,,,,,,
58,TAT6,47,19,0.9,,0,9.2,18,27.2,36,45.2,54,63.2,72,81.2,90,99.2,108,117.2,126,135.2,144,153.2,162,171.2,180,,,518,514,269,373,112,9269,,4
,,,,,,9266,9257,9250,9252,9251,9261,9260,9259,9259,9266,9268,9269,9268,9272,9270,9277,9272,9275,9270,9279,9276,,,,,,,,,,
 ,,,,,,,,,,,,,,,,,,,,,,,,,,,,,,,,,,,,
59,TAT206,41,20,8,,0,9.2,18,27.2,36,45.2,54,63.2,72,81.2,90,99.2,108,117.2,126,135.2,144,153.2,162,171.2,180,,,527,514,271,376,112,11381,,0
,,,,,,11384,11389,11393,11406,11408,11425,11441,11447,11458,11475,11485,11494,11511,11519,11530,11544,11557,11566,11583,11595,11608,,,,,,,,,,
 ,,,,,,,,,,,,,,,,,,,,,,,,,,,,,,,,,,,,
59,TAT1,42,15,9.9,,0,9.2,18,27.2,36,45.2,54,63.2,72,81.2,90,99.2,108,117.2,126,135.2,144,153.2,162,171.2,180,,,518,514,269,375,111,11214,,0
,,,,,,11237,11221,11225,11242,11254,11272,11283,11295,11312,11326,11339,11361,11373,11389,11400,11419,11433,11450,11466,11475,11493,,,,,,,,,,
 ,,,,,,,,,,,,,,,,,,,,,,,,,,,,,,,,,,,,
59,TAT2,43,16,5.4,,0,9.2,18,27.2,36,45.2,54,63.2,72,81.2,90,99.2,108,117.2,126,135.2,144,153.2,162,171.2,180,,,518,514,271,373,111,10942,,0
,,,,,,10947,10942,10942,10948,10951,10966,10972,10986,10995,10999,11006,11018,11030,11032,11040,11050,11058,11071,11074,11080,11091,,,,,,,,,,
 ,,,,,,,,,,,,,,,,,,,,,,,,,,,,,,,,,,,,
59,TAT5,46,17,4.2,,0,9.2,18,27.2,36,45.2,54,63.2,72,81.2,90,99.2,108,117.2,126,135.2,144,153.2,162,171.2,180,,,518,514,268,372,111,7093,,1
,,,,,,7108,7114,7126,7128,7135,7140,7146,7158,7164,7165,7171,7185,7190,7191,7198,7202,7208,7219,7220,7228,7236,,,,,,,,,,
 ,,,,,,,,,,,,,,,,,,,,,,,,,,,,,,,,,,,,
59,TAT6,47,18,1.3,,0,9.2,18,27.2,36,45.2,54,63.2,72,81.2,90,99.2,108,117.2,126,135.2,144,153.2,162,171.2,180,,,518,514,269,374,111,9201,,4
,,,,,,9219,9209,9213,9207,9207,9209,9209,9216,9219,9216,9217,9221,9222,9228,9230,9226,9231,9232,9231,9235,9240,,,,,,,,,,
 ,,,,,,,,,,,,,,,,,,,,,,,,,,,,,,,,,,,,
65,TAT206,41,16,35.8,,0,9.2,18,27.2,36,45.2,54,63.2,72,81.2,90,99.2,108,117.2,126,135.2,144,153.2,162,171.2,180,,,509,514,269,375,113,11157,,0
,,,,,,11215,11284,11359,11428,11505,11579,11651,11719,11785,11853,11920,11982,12036,12103,12159,12204,12251,12299,12349,12390,12434,,,,,,,,,,
 ,,,,,,,,,,,,,,,,,,,,,,,,,,,,,,,,,,,,
65,TAT1,42,17,33,,0,9.2,18,27.2,36,45.2,54,63.2,72,81.2,90,99.2,108,117.2,126,135.2,144,153.2,162,171.2,180,,,509,514,268,374,112,11082,,0
,,,,,,11122,11179,11235,11299,11353,11411,11466,11530,11576,11634,11686,11743,11799,11854,11898,11948,11992,12039,12083,12129,12166,,,,,,,,,,
 ,,,,,,,,,,,,,,,,,,,,,,,,,,,,,,,,,,,,
65,TAT2,43,18,24.3,,0,9.2,18,27.2,36,45.2,54,63.2,72,81.2,90,99.2,108,117.2,126,135.2,144,153.2,162,171.2,180,,,509,514,271,374,112,10876,,0
,,,,,,10931,10970,11023,11068,11116,11158,11195,11230,11280,11320,11354,11397,11437,11474,11515,11550,11580,11616,11653,11684,11719,,,,,,,,,,
 ,,,,,,,,,,,,,,,,,,,,,,,,,,,,,,,,,,,,
65,TAT5,46,19,9.2,,0,9.2,18,27.2,36,45.2,54,63.2,72,81.2,90,99.2,108,117.2,126,135.2,144,153.2,162,171.2,180,,,509,514,271,374,113,7181,,1
,,,,,,7180,7203,7215,7234,7247,7272,7283,7301,7315,7332,7348,7359,7376,7391,7406,7421,7432,7444,7460,7470,7481,,,,,,,,,,
 ,,,,,,,,,,,,,,,,,,,,,,,,,,,,,,,,,,,,
65,TAT6,47,20,12.1,,0,9.2,18,27.2,36,45.2,54,63.2,72,81.2,90,99.2,108,117.2,126,135.2,144,153.2,162,171.2,180,,,509,514,271,373,112,9210,,0
,,,,,,9240,9255,9279,9293,9319,9340,9363,9383,9402,9429,9451,9468,9490,9507,9533,9542,9564,9583,9591,9610,9627,,,,,,,,,,
 ,,,,,,,,,,,,,,,,,,,,,,,,,,,,,,,,,,,,
66,TAT206,41,15,9.9,,0,9.2,18,27.2,36,45.2,54,63.2,72,81.2,90,99.2,108,117.2,126,135.2,144,153.2,162,171.2,180,,,509,514,271,372,112,10930,,0
,,,,,,10959,10945,10954,10964,10971,10992,11004,11012,11028,11039,11052,11064,11082,11096,11114,11126,11138,11153,11170,11187,11201,,,,,,,,,,
 ,,,,,,,,,,,,,,,,,,,,,,,,,,,,,,,,,,,,
66,TAT1,42,16,10.8,,0,9.2,18,27.2,36,45.2,54,63.2,72,81.2,90,99.2,108,117.2,126,135.2,144,153.2,162,171.2,180,,,509,514,271,374,112,10823,,0
,,,,,,10833,10839,10848,10864,10876,10888,10904,10919,10934,10950,10960,10978,10990,11008,11030,11044,11062,11079,11094,11112,11124,,,,,,,,,,
 ,,,,,,,,,,,,,,,,,,,,,,,,,,,,,,,,,,,,
66,TAT2,43,17,7.6,,0,9.2,18,27.2,36,45.2,54,63.2,72,81.2,90,99.2,108,117.2,126,135.2,144,153.2,162,171.2,180,,,509,514,272,375,112,10577,,0
,,,,,,10586,10581,10583,10593,10595,10607,10620,10627,10638,10644,10659,10667,10672,10686,10698,10706,10720,10730,10747,10758,10768,,,,,,,,,,
 ,,,,,,,,,,,,,,,,,,,,,,,,,,,,,,,,,,,,
66,TAT5,46,18,4.6,,0,9.2,18,27.2,36,45.2,54,63.2,72,81.2,90,99.2,108,117.2,126,135.2,144,153.2,162,171.2,180,,,509,514,272,375,112,6810,,5
,,,,,,6826,6830,6841,6843,6842,6850,6858,6874,6881,6886,6894,6892,6907,6913,6915,6926,6930,6948,6948,6955,6965,,,,,,,,,,
 ,,,,,,,,,,,,,,,,,,,,,,,,,,,,,,,,,,,,
66,TAT6,47,19,1.5,,0,9.2,18,27.2,36,45.2,54,63.2,72,81.2,90,99.2,108,117.2,126,135.2,144,153.2,162,171.2,180,,,509,514,275,376,112,8969,,4
,,,,,,8957,8960,8955,8957,8961,8963,8956,8965,8964,8965,8967,8972,8971,8974,8979,8977,8979,8982,8989,8988,8984,,,,,,,,,,
 ,,,,,,,,,,,,,,,,,,,,,,,,,,,,,,,,,,,,
67,TAT206,41,20,10.5,,0,9.2,18,27.2,36,45.2,54,63.2,72,81.2,90,99.2,108,117.2,126,135.2,144,153.2,162,171.2,180,,,509,514,274,373,112,11976,,0
,,,,,,11988,11999,12011,12023,12034,12048,12069,12078,12095,12107,12120,12141,12151,12169,12184,12203,12214,12229,12247,12264,12278,,,,,,,,,,
 ,,,,,,,,,,,,,,,,,,,,,,,,,,,,,,,,,,,,
67,TAT1,42,15,11.6,,0,9.2,18,27.2,36,45.2,54,63.2,72,81.2,90,99.2,108,117.2,126,135.2,144,153.2,162,171.2,180,,,509,514,275,376,113,11787,,0
,,,,,,11795,11820,11840,11849,11872,11892,11912,11923,11939,11965,11978,11995,12014,12035,12048,12064,12090,12104,12125,12139,12157,,,,,,,,,,
 ,,,,,,,,,,,,,,,,,,,,,,,,,,,,,,,,,,,,
67,TAT2,43,16,8.4,,0,9.2,18,27.2,36,45.2,54,63.2,72,81.2,90,99.2,108,117.2,126,135.2,144,153.2,162,171.2,180,,,509,514,273,374,113,11585,,0
,,,,,,11576,11591,11594,11608,11614,11634,11644,11653,11660,11671,11686,11697,11713,11719,11731,11746,11754,11769,11785,11797,11812,,,,,,,,,,
 ,,,,,,,,,,,,,,,,,,,,,,,,,,,,,,,,,,,,
67,TAT5,46,17,6.6,,0,9.2,18,27.2,36,45.2,54,63.2,72,81.2,90,99.2,108,117.2,126,135.2,144,153.2,162,171.2,180,,,509,514,272,375,113,7656,,1
,,,,,,7660,7681,7695,7705,7712,7718,7731,7745,7755,7760,7772,7780,7788,7797,7812,7822,7827,7844,7848,7859,7865,,,,,,,,,,
 ,,,,,,,,,,,,,,,,,,,,,,,,,,,,,,,,,,,,
67,TAT6,47,18,1.8,,0,9.2,18,27.2,36,45.2,54,63.2,72,81.2,90,99.2,108,117.2,126,135.2,144,153.2,162,171.2,180,,,509,514,274,376,112,9758,,0
,,,,,,9783,9780,9792,9790,9792,9797,9802,9803,9803,9806,9814,9815,9814,9818,9822,9824,9824,9829,9834,9833,9836,,,,,,,,,,
 ,,,,,,,,,,,,,,,,,,,,,,,,,,,,,,,,,,,,
68,TAT206,41,17,17.2,,0,9.2,18,27.2,36,45.2,54,63.2,72,81.2,90,99.2,108,117.2,126,135.2,144,153.2,162,171.2,180,,,509,514,277,375,112,10758,,0
,,,,,,10776,10784,10799,10809,10827,10843,10858,10878,10900,10918,10938,10963,10986,11011,11043,11062,11091,11119,11151,11176,11212,,,,,,,,,,
 ,,,,,,,,,,,,,,,,,,,,,,,,,,,,,,,,,,,,
68,TAT1,42,18,22.8,,0,9.2,18,27.2,36,45.2,54,63.2,72,81.2,90,99.2,108,117.2,126,135.2,144,153.2,162,171.2,180,,,509,514,277,375,112,10777,,0
,,,,,,10779,10793,10802,10818,10831,10855,10884,10900,10930,10955,10985,11017,11047,11083,11120,11154,11195,11229,11260,11297,11340,,,,,,,,,,
 ,,,,,,,,,,,,,,,,,,,,,,,,,,,,,,,,,,,,
70,TAT206,41,19,13.5,,0,9.2,18,27.2,36,45.2,54,63.2,72,81.2,90,99.2,108,117.2,126,135.2,144,153.2,162,171.2,180,,,509,514,277,374,112,11109,,0
,,,,,,11124,11144,11163,11168,11181,11206,11223,11242,11262,11283,11301,11323,11343,11370,11381,11402,11427,11444,11463,11486,11510,,,,,,,,,,
 ,,,,,,,,,,,,,,,,,,,,,,,,,,,,,,,,,,,,
70,TAT1,42,20,11.6,,0,9.2,18,27.2,36,45.2,54,63.2,72,81.2,90,99.2,108,117.2,126,135.2,144,153.2,162,171.2,180,,,504,514,276,373,112,11037,,0
,,,,,,11040,11054,11063,11067,11074,11096,11109,11120,11138,11147,11163,11180,11198,11212,11230,11251,11260,11283,11299,11321,11336,,,,,,,,,,
 ,,,,,,,,,,,,,,,,,,,,,,,,,,,,,,,,,,,,
71,TAT206,41,15,16.7,,0,9.2,18,27.2,36,45.2,54,63.2,72,81.2,90,99.2,108,117.2,126,135.2,144,153.2,162,171.2,180,,,509,514,277,375,112,10966,,0
,,,,,,10974,10980,10988,11005,11016,11033,11051,11074,11096,11114,11144,11164,11185,11210,11235,11258,11280,11309,11337,11365,11393,,,,,,,,,,
 ,,,,,,,,,,,,,,,,,,,,,,,,,,,,,,,,,,,,
71,TAT1,42,16,19.1,,0,9.2,18,27.2,36,45.2,54,63.2,72,81.2,90,99.2,108,117.2,126,135.2,144,153.2,162,171.2,180,,,509,514,276,374,113,10803,,0
,,,,,,10810,10817,10825,10849,10863,10893,10910,10935,10955,10983,11006,11039,11069,11090,11121,11145,11179,11207,11238,11270,11302,,,,,,,,,,
 ,,,,,,,,,,,,,,,,,,,,,,,,,,,,,,,,,,,,
72,TAT206,41,17,33.8,,0,9.2,18,27.2,36,45.2,54,63.2,72,81.2,90,99.2,108,117.2,126,135.2,144,153.2,162,171.2,180,,,509,514,277,374,112,11057,,0
,,,,,,11090,11096,11118,11148,11177,11213,11252,11294,11332,11378,11423,11469,11517,11568,11619,11674,11722,11779,11827,11885,11932,,,,,,,,,,
 ,,,,,,,,,,,,,,,,,,,,,,,,,,,,,,,,,,,,
72,TAT1,42,18,37.7,,0,9.2,18,27.2,36,45.2,54,63.2,72,81.2,90,99.2,108,117.2,126,135.2,144,153.2,162,171.2,180,,,509,514,276,373,113,11041,,0
,,,,,,11071,11093,11122,11157,11201,11242,11285,11339,11386,11444,11491,11552,11611,11662,11723,11781,11844,11899,11955,12009,12072,,,,,,,,,,
 ,,,,,,,,,,,,,,,,,,,,,,,,,,,,,,,,,,,,
73,TAT206,41,20,37.4,,0,9.2,18,27.2,36,45.2,54,63.2,72,81.2,90,99.2,108,117.2,126,135.2,144,153.2,162,171.2,180,,,504,514,276,375,112,10981,,0
,,,,,,11012,11036,11065,11095,11140,11177,11231,11276,11331,11383,11438,11499,11548,11611,11654,11724,11775,11838,11887,11944,12001,,,,,,,,,,
 ,,,,,,,,,,,,,,,,,,,,,,,,,,,,,,,,,,,,
73,TAT1,42,15,41.1,,0,9.2,18,27.2,36,45.2,54,63.2,72,81.2,90,99.2,108,117.2,126,135.2,144,153.2,162,171.2,180,,,504,514,277,375,113,10788,,0
,,,,,,10805,10838,10868,10908,10952,10997,11049,11108,11165,11224,11279,11345,11405,11472,11533,11597,11656,11723,11779,11840,11903,,,,,,,,,,
 ,,,,,,,,,,,,,,,,,,,,,,,,,,,,,,,,,,,,
74,TAT206,41,16,23.7,,0,9.2,18,27.2,36,45.2,54,63.2,72,81.2,90,99.2,108,117.2,126,135.2,144,153.2,162,171.2,180,,,509,514,277,374,112,10978,,0
,,,,,,10990,11010,11029,11044,11062,11087,11108,11138,11160,11195,11223,11255,11287,11328,11361,11401,11436,11469,11510,11551,11590,,,,,,,,,,
 ,,,,,,,,,,,,,,,,,,,,,,,,,,,,,,,,,,,,
74,TAT1,42,17,32.4,,0,9.2,18,27.2,36,45.2,54,63.2,72,81.2,90,99.2,108,117.2,126,135.2,144,153.2,162,171.2,180,,,509,514,278,373,113,10936,,0
,,,,,,10954,10978,11002,11023,11050,11085,11122,11159,11193,11240,11285,11333,11372,11421,11465,11521,11567,11621,11673,11726,11781,,,,,,,,,,
 ,,,,,,,,,,,,,,,,,,,,,,,,,,,,,,,,,,,,
75,TAT206,41,18,16.7,,0,9.2,18,27.2,36,45.2,54,63.2,72,81.2,90,99.2,108,117.2,126,135.2,144,153.2,162,171.2,180,,,509,514,277,374,112,10950,,0
,,,,,,10964,10982,11000,11011,11030,11051,11070,11083,11112,11138,11154,11182,11210,11230,11260,11283,11317,11340,11367,11389,11423,,,,,,,,,,
 ,,,,,,,,,,,,,,,,,,,,,,,,,,,,,,,,,,,,
75,TAT1,42,19,21,,0,9.2,18,27.2,36,45.2,54,63.2,72,81.2,90,99.2,108,117.2,126,135.2,144,153.2,162,171.2,180,,,504,514,277,374,112,10997,,0
,,,,,,11020,11027,11043,11055,11080,11103,11128,11150,11177,11206,11236,11265,11299,11328,11359,11391,11422,11454,11483,11521,11555,,,,,,,,,,
 ,,,,,,,,,,,,,,,,,,,,,,,,,,,,,,,,,,,,
76,TAT206,41,20,15,,0,9.2,18,27.2,36,45.2,54,63.2,72,81.2,90,99.2,108,117.2,126,135.2,144,153.2,162,171.2,180,,,509,514,280,374,112,11238,,0
,,,,,,11244,11255,11264,11283,11298,11319,11340,11357,11378,11400,11418,11443,11462,11488,11511,11532,11558,11576,11600,11625,11643,,,,,,,,,,
 ,,,,,,,,,,,,,,,,,,,,,,,,,,,,,,,,,,,,
76,TAT1,42,15,19,,0,9.2,18,27.2,36,45.2,54,63.2,72,81.2,90,99.2,108,117.2,126,135.2,144,153.2,162,171.2,180,,,509,514,279,376,112,11055,,0
,,,,,,11054,11077,11090,11109,11134,11153,11177,11206,11227,11254,11280,11308,11335,11368,11400,11425,11457,11477,11514,11539,11568,,,,,,,,,,
 ,,,,,,,,,,,,,,,,,,,,,,,,,,,,,,,,,,,,
77,TAT206,41,16,34.5,,0,9.2,18,27.2,36,45.2,54,63.2,72,81.2,90,99.2,108,117.2,126,135.2,144,153.2,162,171.2,180,,,509,514,280,372,113,12125,,0
,,,,,,12128,12159,12179,12205,12232,12260,12294,12336,12371,12417,12455,12503,12549,12604,12650,12714,12764,12818,12872,12935,12987,,,,,,,,,,
 ,,,,,,,,,,,,,,,,,,,,,,,,,,,,,,,,,,,,
77,TAT1,42,17,52.1,,0,9.2,18,27.2,36,45.2,54,63.2,72,81.2,90,99.2,108,117.2,126,135.2,144,153.2,162,171.2,180,,,509,514,280,375,112,12034,,0
,,,,,,12063,12090,12122,12159,12201,12260,12314,12371,12429,12499,12575,12640,12715,12801,12878,12963,13042,13123,13203,13280,13364,,,,,,,,,,
 ,,,,,,,,,,,,,,,,,,,,,,,,,,,,,,,,,,,,
78,TAT206,41,19,12.5,,0,9.2,18,27.2,36,45.2,54,63.2,72,81.2,90,99.2,108,117.2,126,135.2,144,153.2,162,171.2,180,,,509,514,277,372,112,11344,,0
,,,,,,11382,11381,11401,11412,11428,11438,11458,11477,11498,11512,11528,11555,11571,11587,11610,11627,11646,11668,11683,11700,11726,,,,,,,,,,
 ,,,,,,,,,,,,,,,,,,,,,,,,,,,,,,,,,,,,
79,TAT206,41,20,36.1,,0,9.2,18,27.2,36,45.2,54,63.2,72,81.2,90,99.2,108,117.2,126,135.2,144,153.2,162,171.2,180,,,509,514,276,373,112,11044,,0
,,,,,,11060,11078,11096,11124,11151,11188,11222,11266,11314,11360,11405,11458,11511,11569,11621,11677,11737,11790,11841,11902,11958,,,,,,,,,,
 ,,,,,,,,,,,,,,,,,,,,,,,,,,,,,,,,,,,,
80,TAT206,41,15,36.5,,0,9.2,18,27.2,36,45.2,54,63.2,72,81.2,90,99.2,108,117.2,126,135.2,144,153.2,162,171.2,180,,,509,514,276,373,112,12297,,0
,,,,,,12296,12333,12355,12376,12409,12441,12490,12527,12575,12626,12674,12721,12773,12830,12890,12945,12998,13063,13116,13174,13234,,,,,,,,,,
 ,,,,,,,,,,,,,,,,,,,,,,,,,,,,,,,,,,,,
81,TAT206,41,16,24.3,,0,9.2,18,27.2,36,45.2,54,63.2,72,81.2,90,99.2,108,117.2,126,135.2,144,153.2,162,171.2,180,,,509,514,276,375,112,11055,,0
,,,,,,11064,11079,11093,11108,11126,11145,11172,11196,11221,11252,11284,11314,11348,11380,11423,11457,11495,11539,11578,11617,11659,,,,,,,,,,
 ,,,,,,,,,,,,,,,,,,,,,,,,,,,,,,,,,,,,
81,TAT1,42,17,38.3,,0,9.2,18,27.2,36,45.2,54,63.2,72,81.2,90,99.2,108,117.2,126,135.2,144,153.2,162,171.2,180,,,509,514,277,373,112,10859,,0
,,,,,,10869,10887,10903,10929,10958,10997,11034,11069,11115,11164,11212,11264,11314,11374,11427,11486,11553,11610,11680,11739,11802,,,,,,,,,,
 ,,,,,,,,,,,,,,,,,,,,,,,,,,,,,,,,,,,,
82,TAT206,41,18,23.3,,0,9.2,18,27.2,36,45.2,54,63.2,72,81.2,90,99.2,108,117.2,126,135.2,144,153.2,162,171.2,180,,,509,514,278,374,112,10976,,0
,,,,,,10995,10998,11010,11028,11043,11075,11085,11115,11138,11168,11197,11222,11256,11295,11329,11364,11394,11439,11469,11517,11548,,,,,,,,,,
 ,,,,,,,,,,,,,,,,,,,,,,,,,,,,,,,,,,,,
82,TAT1,42,19,34.1,,0,9.2,18,27.2,36,45.2,54,63.2,72,81.2,90,99.2,108,117.2,126,135.2,144,153.2,162,171.2,180,,,509,514,277,376,113,11025,,0
,,,,,,11032,11055,11071,11099,11125,11157,11188,11227,11272,11311,11354,11401,11446,11501,11551,11602,11657,11703,11765,11823,11881,,,,,,,,,,
 ,,,,,,,,,,,,,,,,,,,,,,,,,,,,,,,,,,,,
