source_index,source_file,global_request_id,依頼No.,項目名,項目No.,測光ﾎﾟｰﾄ,処理値,時間,吸光度
1,240517_calCSV_data.csv,1_C001,C001,TAT206,41,15,3.5,0.0,10866.0
1,240517_calCSV_data.csv,1_C001,C001,TAT206,41,15,3.5,9.2,10862.0
1,240517_calCSV_data.csv,1_C001,C001,TAT206,41,15,3.5,18.0,10859.0
1,240517_calCSV_data.csv,1_C001,C001,TAT206,41,15,3.5,27.2,10857.0
1,240517_calCSV_data.csv,1_C001,C001,TAT206,41,15,3.5,36.0,10864.0
1,240517_calCSV_data.csv,1_C001,C001,TAT206,41,15,3.5,45.2,10864.0
1,240517_calCSV_data.csv,1_C001,C001,TAT206,41,15,3.5,54.0,10871.0
1,240517_calCSV_data.csv,1_C001,C001,TAT206,41,15,3.5,63.2,10875.0
1,240517_calCSV_data.csv,1_C001,C001,TAT206,41,15,3.5,72.0,10876.0
1,240517_calCSV_data.csv,1_C001,C001,TAT206,41,15,3.5,81.2,10880.0
1,240517_calCSV_data.csv,1_C001,C001,TAT206,41,15,3.5,90.0,10885.0
1,240517_calCSV_data.csv,1_C001,C001,TAT206,41,15,3.5,99.2,10891.0
1,240517_calCSV_data.csv,1_C001,C001,TAT206,41,15,3.5,108.0,10891.0
1,240517_calCSV_data.csv,1_C001,C001,TAT206,41,15,3.5,117.2,10901.0
1,240517_calCSV_data.csv,1_C001,C001,TAT206,41,15,3.5,126.0,10901.0
1,240517_calCSV_data.csv,1_C001,C001,TAT206,41,15,3.5,135.2,10908.0
1,240517_calCSV_data.csv,1_C001,C001,TAT206,41,15,3.5,144.0,10912.0
1,240517_calCSV_data.csv,1_C001,C001,TAT206,41,15,3.5,153.2,10920.0
1,240517_calCSV_data.csv,1_C001,C001,TAT206,41,15,3.5,162.0,10926.0
1,240517_calCSV_data.csv,1_C001,C001,TAT206,41,15,3.5,171.2,10933.0
1,240517_calCSV_data.csv,1_C001,C001,TAT206,41,15,3.5,180.0,10939.0
1,240517_calCSV_data.csv,1_C002,C002,TAT206,41,16,3.2,0.0,10802.0
1,240517_calCSV_data.csv,1_C002,C002,TAT206,41,16,3.2,9.2,10800.0
1,240517_calCSV_data.csv,1_C002,C002,TAT206,41,16,3.2,18.0,10797.0
1,240517_calCSV_data.csv,1_C002,C002,TAT206,41,16,3.2,27.2,10793.0
1,240517_calCSV_data.csv,1_C002,C002,TAT206,41,16,3.2,36.0,10797.0
1,240517_calCSV_data.csv,1_C002,C002,TAT206,41,16,3.2,45.2,10806.0
1,240517_calCSV_data.csv,1_C002,C002,TAT206,41,16,3.2,54.0,10806.0
1,240517_calCSV_data.csv,1_C002,C002,TAT206,41,16,3.2,63.2,10810.0
1,240517_calCSV_data.csv,1_C002,C002,TAT206,41,16,3.2,72.0,10812.0
1,240517_calCSV_data.csv,1_C002,C002,TAT206,41,16,3.2,81.2,10819.0
1,240517_calCSV_data.csv,1_C002,C002,TAT206,41,16,3.2,90.0,10822.0
1,240517_calCSV_data.csv,1_C002,C002,TAT206,41,16,3.2,99.2,10826.0
1,240517_calCSV_data.csv,1_C002,C002,TAT206,41,16,3.2,108.0,10829.0
1,240517_calCSV_data.csv,1_C002,C002,TAT206,41,16,3.2,117.2,10835.0
1,240517_calCSV_data.csv,1_C002,C002,TAT206,41,16,3.2,126.0,10839.0
1,240517_calCSV_data.csv,1_C002,C002,TAT206,41,16,3.2,135.2,10846.0
1,240517_calCSV_data.csv,1_C002,C002,TAT206,41,16,3.2,144.0,10850.0
1,240517_calCSV_data.csv,1_C002,C002,TAT206,41,16,3.2,153.2,10854.0
1,240517_calCSV_data.csv,1_C002,C002,TAT206,41,16,3.2,162.0,10861.0
1,240517_calCSV_data.csv,1_C002,C002,TAT206,41,16,3.2,171.2,10867.0
1,240517_calCSV_data.csv,1_C002,C002,TAT206,41,16,3.2,180.0,10871.0
1,240517_calCSV_data.csv,1_C003,C003,TAT206,41,17,3.5,0.0,10697.0
1,240517_calCSV_data.csv,1_C003,C003,TAT206,41,17,3.5,9.2,10706.0
1,240517_calCSV_data.csv,1_C003,C003,TAT206,41,17,3.5,18.0,10704.0
1,240517_calCSV_data.csv,1_C003,C003,TAT206,41,17,3.5,27.2,10708.0
1,240517_calCSV_data.csv,1_C003,C003,TAT206,41,17,3.5,36.0,10708.0
1,240517_calCSV_data.csv,1_C003,C003,TAT206,41,17,3.5,45.2,10712.0
1,240517_calCSV_data.csv,1_C003,C003,TAT206,41,17,3.5,54.0,10718.0
1,240517_calCSV_data.csv,1_C003,C003,TAT206,41,17,3.5,63.2,10719.0
1,240517_calCSV_data.csv,1_C003,C003,TAT206,41,17,3.5,72.0,10724.0
1,240517_calCSV_data.csv,1_C003,C003,TAT206,41,17,3.5,81.2,10727.0
1,240517_calCSV_data.csv,1_C003,C003,TAT206,41,17,3.5,90.0,10731.0
1,240517_calCSV_data.csv,1_C003,C003,TAT206,41,17,3.5,99.2,10738.0
1,240517_calCSV_data.csv,1_C003,C003,TAT206,41,17,3.5,108.0,10742.0
1,240517_calCSV_data.csv,1_C003,C003,TAT206,41,17,3.5,117.2,10748.0
1,240517_calCSV_data.csv,1_C003,C003,TAT206,41,17,3.5,126.0,10750.0
1,240517_calCSV_data.csv,1_C003,C003,TAT206,41,17,3.5,135.2,10758.0
1,240517_calCSV_data.csv,1_C003,C003,TAT206,41,17,3.5,144.0,10766.0
1,240517_calCSV_data.csv,1_C003,C003,TAT206,41,17,3.5,153.2,10770.0
1,240517_calCSV_data.csv,1_C003,C003,TAT206,41,17,3.5,162.0,10774.0
1,240517_calCSV_data.csv,1_C003,C003,TAT206,41,17,3.5,171.2,10780.0
1,240517_calCSV_data.csv,1_C003,C003,TAT206,41,17,3.5,180.0,10784.0
1,240517_calCSV_data.csv,1_C004,C004,TAT206,41,18,10.2,0.0,11566.0
1,240517_calCSV_data.csv,1_C004,C004,TAT206,41,18,10.2,9.2,11571.0
1,240517_calCSV_data.csv,1_C004,C004,TAT206,41,18,10.2,18.0,11583.0
1,240517_calCSV_data.csv,1_C004,C004,TAT206,41,18,10.2,27.2,11589.0
1,240517_calCSV_data.csv,1_C004,C004,TAT206,41,18,10.2,36.0,11604.0
1,240517_calCSV_data.csv,1_C004,C004,TAT206,41,18,10.2,45.2,11615.0
1,240517_calCSV_data.csv,1_C004,C004,TAT206,41,18,10.2,54.0,11622.0
1,240517_calCSV_data.csv,1_C004,C004,TAT206,41,18,10.2,63.2,11639.0
1,240517_calCSV_data.csv,1_C004,C004,TAT206,41,18,10.2,72.0,11655.0
1,240517_calCSV_data.csv,1_C004,C004,TAT206,41,18,10.2,81.2,11668.0
1,240517_calCSV_data.csv,1_C004,C004,TAT206,41,18,10.2,90.0,11685.0
1,240517_calCSV_data.csv,1_C004,C004,TAT206,41,18,10.2,99.2,11695.0
1,240517_calCSV_data.csv,1_C004,C004,TAT206,41,18,10.2,108.0,11710.0
1,240517_calCSV_data.csv,1_C004,C004,TAT206,41,18,10.2,117.2,11725.0
1,240517_calCSV_data.csv,1_C004,C004,TAT206,41,18,10.2,126.0,11742.0
1,240517_calCSV_data.csv,1_C004,C004,TAT206,41,18,10.2,135.2,11759.0
1,240517_calCSV_data.csv,1_C004,C004,TAT206,41,18,10.2,144.0,11777.0
1,240517_calCSV_data.csv,1_C004,C004,TAT206,41,18,10.2,153.2,11793.0
1,240517_calCSV_data.csv,1_C004,C004,TAT206,41,18,10.2,162.0,11806.0
1,240517_calCSV_data.csv,1_C004,C004,TAT206,41,18,10.2,171.2,11821.0
1,240517_calCSV_data.csv,1_C004,C004,TAT206,41,18,10.2,180.0,11833.0
1,240517_calCSV_data.csv,1_C005,C005,TAT206,41,19,9.9,0.0,11687.0
1,240517_calCSV_data.csv,1_C005,C005,TAT206,41,19,9.9,9.2,11703.0
1,240517_calCSV_data.csv,1_C005,C005,TAT206,41,19,9.9,18.0,11714.0
1,240517_calCSV_data.csv,1_C005,C005,TAT206,41,19,9.9,27.2,11724.0
1,240517_calCSV_data.csv,1_C005,C005,TAT206,41,19,9.9,36.0,11734.0
1,240517_calCSV_data.csv,1_C005,C005,TAT206,41,19,9.9,45.2,11748.0
1,240517_calCSV_data.csv,1_C005,C005,TAT206,41,19,9.9,54.0,11761.0
1,240517_calCSV_data.csv,1_C005,C005,TAT206,41,19,9.9,63.2,11776.0
1,240517_calCSV_data.csv,1_C005,C005,TAT206,41,19,9.9,72.0,11789.0
1,240517_calCSV_data.csv,1_C005,C005,TAT206,41,19,9.9,81.2,11805.0
1,240517_calCSV_data.csv,1_C005,C005,TAT206,41,19,9.9,90.0,11818.0
1,240517_calCSV_data.csv,1_C005,C005,TAT206,41,19,9.9,99.2,11833.0
1,240517_calCSV_data.csv,1_C005,C005,TAT206,41,19,9.9,108.0,11849.0
1,240517_calCSV_data.csv,1_C005,C005,TAT206,41,19,9.9,117.2,11864.0
1,240517_calCSV_data.csv,1_C005,C005,TAT206,41,19,9.9,126.0,11881.0
1,240517_calCSV_data.csv,1_C005,C005,TAT206,41,19,9.9,135.2,11898.0
1,240517_calCSV_data.csv,1_C005,C005,TAT206,41,19,9.9,144.0,11909.0
1,240517_calCSV_data.csv,1_C005,C005,TAT206,41,19,9.9,153.2,11924.0
1,240517_calCSV_data.csv,1_C005,C005,TAT206,41,19,9.9,162.0,11938.0
1,240517_calCSV_data.csv,1_C005,C005,TAT206,41,19,9.9,171.2,11954.0
1,240517_calCSV_data.csv,1_C005,C005,TAT206,41,19,9.9,180.0,11972.0
1,240517_calCSV_data.csv,1_C006,C006,TAT206,41,20,10.1,0.0,11725.0
1,240517_calCSV_data.csv,1_C006,C006,TAT206,41,20,10.1,9.2,11737.0
1,240517_calCSV_data.csv,1_C006,C006,TAT206,41,20,10.1,18.0,11754.0
1,240517_calCSV_data.csv,1_C006,C006,TAT206,41,20,10.1,27.2,11757.0
1,240517_calCSV_data.csv,1_C006,C006,TAT206,41,20,10.1,36.0,11767.0
1,240517_calCSV_data.csv,1_C006,C006,TAT206,41,20,10.1,45.2,11777.0
1,240517_calCSV_data.csv,1_C006,C006,TAT206,41,20,10.1,54.0,11799.0
1,240517_calCSV_data.csv,1_C006,C006,TAT206,41,20,10.1,63.2,11811.0
1,240517_calCSV_data.csv,1_C006,C006,TAT206,41,20,10.1,72.0,11822.0
1,240517_calCSV_data.csv,1_C006,C006,TAT206,41,20,10.1,81.2,11834.0
1,240517_calCSV_data.csv,1_C006,C006,TAT206,41,20,10.1,90.0,11840.0
1,240517_calCSV_data.csv,1_C006,C006,TAT206,41,20,10.1,99.2,11863.0
1,240517_calCSV_data.csv,1_C006,C006,TAT206,41,20,10.1,108.0,11875.0
1,240517_calCSV_data.csv,1_C006,C006,TAT206,41,20,10.1,117.2,11892.0
1,240517_calCSV_data.csv,1_C006,C006,TAT206,41,20,10.1,126.0,11907.0
1,240517_calCSV_data.csv,1_C006,C006,TAT206,41,20,10.1,135.2,11916.0
1,240517_calCSV_data.csv,1_C006,C006,TAT206,41,20,10.1,144.0,11937.0
1,240517_calCSV_data.csv,1_C006,C006,TAT206,41,20,10.1,153.2,11949.0
1,240517_calCSV_data.csv,1_C006,C006,TAT206,41,20,10.1,162.0,11966.0
1,240517_calCSV_data.csv,1_C006,C006,TAT206,41,20,10.1,171.2,11986.0
1,240517_calCSV_data.csv,1_C006,C006,TAT206,41,20,10.1,180.0,12002.0
1,240517_calCSV_data.csv,1_C007,C007,TAT206,41,15,16.5,0.0,11582.0
1,240517_calCSV_data.csv,1_C007,C007,TAT206,41,15,16.5,9.2,11596.0
1,240517_calCSV_data.csv,1_C007,C007,TAT206,41,15,16.5,18.0,11607.0
1,240517_calCSV_data.csv,1_C007,C007,TAT206,41,15,16.5,27.2,11627.0
1,240517_calCSV_data.csv,1_C007,C007,TAT206,41,15,16.5,36.0,11635.0
1,240517_calCSV_data.csv,1_C007,C007,TAT206,41,15,16.5,45.2,11656.0
1,240517_calCSV_data.csv,1_C007,C007,TAT206,41,15,16.5,54.0,11668.0
1,240517_calCSV_data.csv,1_C007,C007,TAT206,41,15,16.5,63.2,11693.0
1,240517_calCSV_data.csv,1_C007,C007,TAT206,41,15,16.5,72.0,11711.0
1,240517_calCSV_data.csv,1_C007,C007,TAT206,41,15,16.5,81.2,11733.0
1,240517_calCSV_data.csv,1_C007,C007,TAT206,41,15,16.5,90.0,11758.0
1,240517_calCSV_data.csv,1_C007,C007,TAT206,41,15,16.5,99.2,11784.0
1,240517_calCSV_data.csv,1_C007,C007,TAT206,41,15,16.5,108.0,11802.0
1,240517_calCSV_data.csv,1_C007,C007,TAT206,41,15,16.5,117.2,11829.0
1,240517_calCSV_data.csv,1_C007,C007,TAT206,41,15,16.5,126.0,11851.0
1,240517_calCSV_data.csv,1_C007,C007,TAT206,41,15,16.5,135.2,11879.0
1,240517_calCSV_data.csv,1_C007,C007,TAT206,41,15,16.5,144.0,11898.0
1,240517_calCSV_data.csv,1_C007,C007,TAT206,41,15,16.5,153.2,11925.0
1,240517_calCSV_data.csv,1_C007,C007,TAT206,41,15,16.5,162.0,11946.0
1,240517_calCSV_data.csv,1_C007,C007,TAT206,41,15,16.5,171.2,11980.0
1,240517_calCSV_data.csv,1_C007,C007,TAT206,41,15,16.5,180.0,11997.0
1,240517_calCSV_data.csv,1_C008,C008,TAT206,41,18,15.5,0.0,11565.0
1,240517_calCSV_data.csv,1_C008,C008,TAT206,41,18,15.5,9.2,11580.0
1,240517_calCSV_data.csv,1_C008,C008,TAT206,41,18,15.5,18.0,11579.0
1,240517_calCSV_data.csv,1_C008,C008,TAT206,41,18,15.5,27.2,11596.0
1,240517_calCSV_data.csv,1_C008,C008,TAT206,41,18,15.5,36.0,11612.0
1,240517_calCSV_data.csv,1_C008,C008,TAT206,41,18,15.5,45.2,11625.0
1,240517_calCSV_data.csv,1_C008,C008,TAT206,41,18,15.5,54.0,11639.0
1,240517_calCSV_data.csv,1_C008,C008,TAT206,41,18,15.5,63.2,11667.0
1,240517_calCSV_data.csv,1_C008,C008,TAT206,41,18,15.5,72.0,11685.0
1,240517_calCSV_data.csv,1_C008,C008,TAT206,41,18,15.5,81.2,11705.0
1,240517_calCSV_data.csv,1_C008,C008,TAT206,41,18,15.5,90.0,11720.0
1,240517_calCSV_data.csv,1_C008,C008,TAT206,41,18,15.5,99.2,11749.0
1,240517_calCSV_data.csv,1_C008,C008,TAT206,41,18,15.5,108.0,11771.0
1,240517_calCSV_data.csv,1_C008,C008,TAT206,41,18,15.5,117.2,11797.0
1,240517_calCSV_data.csv,1_C008,C008,TAT206,41,18,15.5,126.0,11814.0
1,240517_calCSV_data.csv,1_C008,C008,TAT206,41,18,15.5,135.2,11842.0
1,240517_calCSV_data.csv,1_C008,C008,TAT206,41,18,15.5,144.0,11858.0
1,240517_calCSV_data.csv,1_C008,C008,TAT206,41,18,15.5,153.2,11884.0
1,240517_calCSV_data.csv,1_C008,C008,TAT206,41,18,15.5,162.0,11914.0
1,240517_calCSV_data.csv,1_C008,C008,TAT206,41,18,15.5,171.2,11938.0
1,240517_calCSV_data.csv,1_C008,C008,TAT206,41,18,15.5,180.0,11963.0
1,240517_calCSV_data.csv,1_C009,C009,TAT206,41,19,15.8,0.0,11712.0
1,240517_calCSV_data.csv,1_C009,C009,TAT206,41,19,15.8,9.2,11713.0
1,240517_calCSV_data.csv,1_C009,C009,TAT206,41,19,15.8,18.0,11730.0
1,240517_calCSV_data.csv,1_C009,C009,TAT206,41,19,15.8,27.2,11739.0
1,240517_calCSV_data.csv,1_C009,C009,TAT206,41,19,15.8,36.0,11756.0
1,240517_calCSV_data.csv,1_C009,C009,TAT206,41,19,15.8,45.2,11772.0
1,240517_calCSV_data.csv,1_C009,C009,TAT206,41,19,15.8,54.0,11793.0
1,240517_calCSV_data.csv,1_C009,C009,TAT206,41,19,15.8,63.2,11806.0
1,240517_calCSV_data.csv,1_C009,C009,TAT206,41,19,15.8,72.0,11831.0
1,240517_calCSV_data.csv,1_C009,C009,TAT206,41,19,15.8,81.2,11850.0
1,240517_calCSV_data.csv,1_C009,C009,TAT206,41,19,15.8,90.0,11876.0
1,240517_calCSV_data.csv,1_C009,C009,TAT206,41,19,15.8,99.2,11895.0
1,240517_calCSV_data.csv,1_C009,C009,TAT206,41,19,15.8,108.0,11923.0
1,240517_calCSV_data.csv,1_C009,C009,TAT206,41,19,15.8,117.2,11938.0
1,240517_calCSV_data.csv,1_C009,C009,TAT206,41,19,15.8,126.0,11967.0
1,240517_calCSV_data.csv,1_C009,C009,TAT206,41,19,15.8,135.2,11991.0
1,240517_calCSV_data.csv,1_C009,C009,TAT206,41,19,15.8,144.0,12014.0
1,240517_calCSV_data.csv,1_C009,C009,TAT206,41,19,15.8,153.2,12043.0
1,240517_calCSV_data.csv,1_C009,C009,TAT206,41,19,15.8,162.0,12062.0
1,240517_calCSV_data.csv,1_C009,C009,TAT206,41,19,15.8,171.2,12087.0
1,240517_calCSV_data.csv,1_C009,C009,TAT206,41,19,15.8,180.0,12118.0
1,240517_calCSV_data.csv,1_C010,C010,TAT206,41,18,21.8,0.0,11583.0
1,240517_calCSV_data.csv,1_C010,C010,TAT206,41,18,21.8,9.2,11593.0
1,240517_calCSV_data.csv,1_C010,C010,TAT206,41,18,21.8,18.0,11618.0
1,240517_calCSV_data.csv,1_C010,C010,TAT206,41,18,21.8,27.2,11630.0
1,240517_calCSV_data.csv,1_C010,C010,TAT206,41,18,21.8,36.0,11646.0
1,240517_calCSV_data.csv,1_C010,C010,TAT206,41,18,21.8,45.2,11671.0
1,240517_calCSV_data.csv,1_C010,C010,TAT206,41,18,21.8,54.0,11693.0
1,240517_calCSV_data.csv,1_C010,C010,TAT206,41,18,21.8,63.2,11716.0
1,240517_calCSV_data.csv,1_C010,C010,TAT206,41,18,21.8,72.0,11744.0
1,240517_calCSV_data.csv,1_C010,C010,TAT206,41,18,21.8,81.2,11776.0
1,240517_calCSV_data.csv,1_C010,C010,TAT206,41,18,21.8,90.0,11810.0
1,240517_calCSV_data.csv,1_C010,C010,TAT206,41,18,21.8,99.2,11839.0
1,240517_calCSV_data.csv,1_C010,C010,TAT206,41,18,21.8,108.0,11867.0
1,240517_calCSV_data.csv,1_C010,C010,TAT206,41,18,21.8,117.2,11902.0
1,240517_calCSV_data.csv,1_C010,C010,TAT206,41,18,21.8,126.0,11935.0
1,240517_calCSV_data.csv,1_C010,C010,TAT206,41,18,21.8,135.2,11965.0
1,240517_calCSV_data.csv,1_C010,C010,TAT206,41,18,21.8,144.0,11995.0
1,240517_calCSV_data.csv,1_C010,C010,TAT206,41,18,21.8,153.2,12036.0
1,240517_calCSV_data.csv,1_C010,C010,TAT206,41,18,21.8,162.0,12064.0
1,240517_calCSV_data.csv,1_C010,C010,TAT206,41,18,21.8,171.2,12103.0
1,240517_calCSV_data.csv,1_C010,C010,TAT206,41,18,21.8,180.0,12142.0
1,240517_calCSV_data.csv,1_C011,C011,TAT206,41,19,22.7,0.0,11793.0
1,240517_calCSV_data.csv,1_C011,C011,TAT206,41,19,22.7,9.2,11791.0
1,240517_calCSV_data.csv,1_C011,C011,TAT206,41,19,22.7,18.0,11803.0
1,240517_calCSV_data.csv,1_C011,C011,TAT206,41,19,22.7,27.2,11820.0
1,240517_calCSV_data.csv,1_C011,C011,TAT206,41,19,22.7,36.0,11838.0
1,240517_calCSV_data.csv,1_C011,C011,TAT206,41,19,22.7,45.2,11864.0
1,240517_calCSV_data.csv,1_C011,C011,TAT206,41,19,22.7,54.0,11893.0
1,240517_calCSV_data.csv,1_C011,C011,TAT206,41,19,22.7,63.2,11913.0
1,240517_calCSV_data.csv,1_C011,C011,TAT206,41,19,22.7,72.0,11940.0
1,240517_calCSV_data.csv,1_C011,C011,TAT206,41,19,22.7,81.2,11971.0
1,240517_calCSV_data.csv,1_C011,C011,TAT206,41,19,22.7,90.0,11998.0
1,240517_calCSV_data.csv,1_C011,C011,TAT206,41,19,22.7,99.2,12029.0
1,240517_calCSV_data.csv,1_C011,C011,TAT206,41,19,22.7,108.0,12060.0
1,240517_calCSV_data.csv,1_C011,C011,TAT206,41,19,22.7,117.2,12094.0
1,240517_calCSV_data.csv,1_C011,C011,TAT206,41,19,22.7,126.0,12132.0
1,240517_calCSV_data.csv,1_C011,C011,TAT206,41,19,22.7,135.2,12167.0
1,240517_calCSV_data.csv,1_C011,C011,TAT206,41,19,22.7,144.0,12201.0
1,240517_calCSV_data.csv,1_C011,C011,TAT206,41,19,22.7,153.2,12237.0
1,240517_calCSV_data.csv,1_C011,C011,TAT206,41,19,22.7,162.0,12272.0
1,240517_calCSV_data.csv,1_C011,C011,TAT206,41,19,22.7,171.2,12312.0
1,240517_calCSV_data.csv,1_C011,C011,TAT206,41,19,22.7,180.0,12343.0
1,240517_calCSV_data.csv,1_C012,C012,TAT206,41,20,21.2,0.0,11656.0
1,240517_calCSV_data.csv,1_C012,C012,TAT206,41,20,21.2,9.2,11665.0
1,240517_calCSV_data.csv,1_C012,C012,TAT206,41,20,21.2,18.0,11682.0
1,240517_calCSV_data.csv,1_C012,C012,TAT206,41,20,21.2,27.2,11701.0
1,240517_calCSV_data.csv,1_C012,C012,TAT206,41,20,21.2,36.0,11724.0
1,240517_calCSV_data.csv,1_C012,C012,TAT206,41,20,21.2,45.2,11746.0
1,240517_calCSV_data.csv,1_C012,C012,TAT206,41,20,21.2,54.0,11772.0
1,240517_calCSV_data.csv,1_C012,C012,TAT206,41,20,21.2,63.2,11803.0
1,240517_calCSV_data.csv,1_C012,C012,TAT206,41,20,21.2,72.0,11832.0
1,240517_calCSV_data.csv,1_C012,C012,TAT206,41,20,21.2,81.2,11856.0
1,240517_calCSV_data.csv,1_C012,C012,TAT206,41,20,21.2,90.0,11881.0
1,240517_calCSV_data.csv,1_C012,C012,TAT206,41,20,21.2,99.2,11907.0
1,240517_calCSV_data.csv,1_C012,C012,TAT206,41,20,21.2,108.0,11940.0
1,240517_calCSV_data.csv,1_C012,C012,TAT206,41,20,21.2,117.2,11980.0
1,240517_calCSV_data.csv,1_C012,C012,TAT206,41,20,21.2,126.0,12007.0
1,240517_calCSV_data.csv,1_C012,C012,TAT206,41,20,21.2,135.2,12039.0
1,240517_calCSV_data.csv,1_C012,C012,TAT206,41,20,21.2,144.0,12073.0
1,240517_calCSV_data.csv,1_C012,C012,TAT206,41,20,21.2,153.2,12111.0
1,240517_calCSV_data.csv,1_C012,C012,TAT206,41,20,21.2,162.0,12140.0
1,240517_calCSV_data.csv,1_C012,C012,TAT206,41,20,21.2,171.2,12174.0
1,240517_calCSV_data.csv,1_C012,C012,TAT206,41,20,21.2,180.0,12205.0
1,240517_calCSV_data.csv,1_C013,C013,TAT206,41,15,35.6,0.0,11692.0
1,240517_calCSV_data.csv,1_C013,C013,TAT206,41,15,35.6,9.2,11695.0
1,240517_calCSV_data.csv,1_C013,C013,TAT206,41,15,35.6,18.0,11710.0
1,240517_calCSV_data.csv,1_C013,C013,TAT206,41,15,35.6,27.2,11733.0
1,240517_calCSV_data.csv,1_C013,C013,TAT206,41,15,35.6,36.0,11766.0
1,240517_calCSV_data.csv,1_C013,C013,TAT206,41,15,35.6,45.2,11805.0
1,240517_calCSV_data.csv,1_C013,C013,TAT206,41,15,35.6,54.0,11841.0
1,240517_calCSV_data.csv,1_C013,C013,TAT206,41,15,35.6,63.2,11885.0
1,240517_calCSV_data.csv,1_C013,C013,TAT206,41,15,35.6,72.0,11925.0
1,240517_calCSV_data.csv,1_C013,C013,TAT206,41,15,35.6,81.2,11981.0
1,240517_calCSV_data.csv,1_C013,C013,TAT206,41,15,35.6,90.0,12019.0
1,240517_calCSV_data.csv,1_C013,C013,TAT206,41,15,35.6,99.2,12070.0
1,240517_calCSV_data.csv,1_C013,C013,TAT206,41,15,35.6,108.0,12127.0
1,240517_calCSV_data.csv,1_C013,C013,TAT206,41,15,35.6,117.2,12170.0
1,240517_calCSV_data.csv,1_C013,C013,TAT206,41,15,35.6,126.0,12231.0
1,240517_calCSV_data.csv,1_C013,C013,TAT206,41,15,35.6,135.2,12286.0
1,240517_calCSV_data.csv,1_C013,C013,TAT206,41,15,35.6,144.0,12334.0
1,240517_calCSV_data.csv,1_C013,C013,TAT206,41,15,35.6,153.2,12398.0
1,240517_calCSV_data.csv,1_C013,C013,TAT206,41,15,35.6,162.0,12451.0
1,240517_calCSV_data.csv,1_C013,C013,TAT206,41,15,35.6,171.2,12515.0
1,240517_calCSV_data.csv,1_C013,C013,TAT206,41,15,35.6,180.0,12567.0
1,240517_calCSV_data.csv,1_C014,C014,TAT206,41,16,34.1,0.0,11569.0
1,240517_calCSV_data.csv,1_C014,C014,TAT206,41,16,34.1,9.2,11582.0
1,240517_calCSV_data.csv,1_C014,C014,TAT206,41,16,34.1,18.0,11600.0
1,240517_calCSV_data.csv,1_C014,C014,TAT206,41,16,34.1,27.2,11625.0
1,240517_calCSV_data.csv,1_C014,C014,TAT206,41,16,34.1,36.0,11656.0
1,240517_calCSV_data.csv,1_C014,C014,TAT206,41,16,34.1,45.2,11694.0
1,240517_calCSV_data.csv,1_C014,C014,TAT206,41,16,34.1,54.0,11724.0
1,240517_calCSV_data.csv,1_C014,C014,TAT206,41,16,34.1,63.2,11766.0
1,240517_calCSV_data.csv,1_C014,C014,TAT206,41,16,34.1,72.0,11808.0
1,240517_calCSV_data.csv,1_C014,C014,TAT206,41,16,34.1,81.2,11858.0
1,240517_calCSV_data.csv,1_C014,C014,TAT206,41,16,34.1,90.0,11896.0
1,240517_calCSV_data.csv,1_C014,C014,TAT206,41,16,34.1,99.2,11956.0
1,240517_calCSV_data.csv,1_C014,C014,TAT206,41,16,34.1,108.0,12000.0
1,240517_calCSV_data.csv,1_C014,C014,TAT206,41,16,34.1,117.2,12050.0
1,240517_calCSV_data.csv,1_C014,C014,TAT206,41,16,34.1,126.0,12103.0
1,240517_calCSV_data.csv,1_C014,C014,TAT206,41,16,34.1,135.2,12156.0
1,240517_calCSV_data.csv,1_C014,C014,TAT206,41,16,34.1,144.0,12204.0
1,240517_calCSV_data.csv,1_C014,C014,TAT206,41,16,34.1,153.2,12261.0
1,240517_calCSV_data.csv,1_C014,C014,TAT206,41,16,34.1,162.0,12317.0
1,240517_calCSV_data.csv,1_C014,C014,TAT206,41,16,34.1,171.2,12370.0
1,240517_calCSV_data.csv,1_C014,C014,TAT206,41,16,34.1,180.0,12422.0
1,240517_calCSV_data.csv,1_C015,C015,TAT206,41,17,35.0,0.0,11580.0
1,240517_calCSV_data.csv,1_C015,C015,TAT206,41,17,35.0,9.2,11596.0
1,240517_calCSV_data.csv,1_C015,C015,TAT206,41,17,35.0,18.0,11608.0
1,240517_calCSV_data.csv,1_C015,C015,TAT206,41,17,35.0,27.2,11636.0
1,240517_calCSV_data.csv,1_C015,C015,TAT206,41,17,35.0,36.0,11667.0
1,240517_calCSV_data.csv,1_C015,C015,TAT206,41,17,35.0,45.2,11700.0
1,240517_calCSV_data.csv,1_C015,C015,TAT206,41,17,35.0,54.0,11740.0
1,240517_calCSV_data.csv,1_C015,C015,TAT206,41,17,35.0,63.2,11781.0
1,240517_calCSV_data.csv,1_C015,C015,TAT206,41,17,35.0,72.0,11823.0
1,240517_calCSV_data.csv,1_C015,C015,TAT206,41,17,35.0,81.2,11870.0
1,240517_calCSV_data.csv,1_C015,C015,TAT206,41,17,35.0,90.0,11918.0
1,240517_calCSV_data.csv,1_C015,C015,TAT206,41,17,35.0,99.2,11968.0
1,240517_calCSV_data.csv,1_C015,C015,TAT206,41,17,35.0,108.0,12019.0
1,240517_calCSV_data.csv,1_C015,C015,TAT206,41,17,35.0,117.2,12070.0
1,240517_calCSV_data.csv,1_C015,C015,TAT206,41,17,35.0,126.0,12122.0
1,240517_calCSV_data.csv,1_C015,C015,TAT206,41,17,35.0,135.2,12177.0
1,240517_calCSV_data.csv,1_C015,C015,TAT206,41,17,35.0,144.0,12230.0
1,240517_calCSV_data.csv,1_C015,C015,TAT206,41,17,35.0,153.2,12290.0
1,240517_calCSV_data.csv,1_C015,C015,TAT206,41,17,35.0,162.0,12342.0
1,240517_calCSV_data.csv,1_C015,C015,TAT206,41,17,35.0,171.2,12395.0
1,240517_calCSV_data.csv,1_C015,C015,TAT206,41,17,35.0,180.0,12448.0
1,240517_calCSV_data.csv,1_C016,C016,TAT206,41,18,50.9,0.0,11586.0
1,240517_calCSV_data.csv,1_C016,C016,TAT206,41,18,50.9,9.2,11607.0
1,240517_calCSV_data.csv,1_C016,C016,TAT206,41,18,50.9,18.0,11635.0
1,240517_calCSV_data.csv,1_C016,C016,TAT206,41,18,50.9,27.2,11676.0
1,240517_calCSV_data.csv,1_C016,C016,TAT206,41,18,50.9,36.0,11717.0
1,240517_calCSV_data.csv,1_C016,C016,TAT206,41,18,50.9,45.2,11776.0
1,240517_calCSV_data.csv,1_C016,C016,TAT206,41,18,50.9,54.0,11831.0
1,240517_calCSV_data.csv,1_C016,C016,TAT206,41,18,50.9,63.2,11885.0
1,240517_calCSV_data.csv,1_C016,C016,TAT206,41,18,50.9,72.0,11954.0
1,240517_calCSV_data.csv,1_C016,C016,TAT206,41,18,50.9,81.2,12024.0
1,240517_calCSV_data.csv,1_C016,C016,TAT206,41,18,50.9,90.0,12093.0
1,240517_calCSV_data.csv,1_C016,C016,TAT206,41,18,50.9,99.2,12180.0
1,240517_calCSV_data.csv,1_C016,C016,TAT206,41,18,50.9,108.0,12245.0
1,240517_calCSV_data.csv,1_C016,C016,TAT206,41,18,50.9,117.2,12327.0
1,240517_calCSV_data.csv,1_C016,C016,TAT206,41,18,50.9,126.0,12399.0
1,240517_calCSV_data.csv,1_C016,C016,TAT206,41,18,50.9,135.2,12477.0
1,240517_calCSV_data.csv,1_C016,C016,TAT206,41,18,50.9,144.0,12558.0
1,240517_calCSV_data.csv,1_C016,C016,TAT206,41,18,50.9,153.2,12636.0
1,240517_calCSV_data.csv,1_C016,C016,TAT206,41,18,50.9,162.0,12707.0
1,240517_calCSV_data.csv,1_C016,C016,TAT206,41,18,50.9,171.2,12788.0
1,240517_calCSV_data.csv,1_C016,C016,TAT206,41,18,50.9,180.0,12863.0
1,240517_calCSV_data.csv,1_C017,C017,TAT206,41,19,50.9,0.0,11619.0
1,240517_calCSV_data.csv,1_C017,C017,TAT206,41,19,50.9,9.2,11640.0
1,240517_calCSV_data.csv,1_C017,C017,TAT206,41,19,50.9,18.0,11663.0
1,240517_calCSV_data.csv,1_C017,C017,TAT206,41,19,50.9,27.2,11703.0
1,240517_calCSV_data.csv,1_C017,C017,TAT206,41,19,50.9,36.0,11751.0
1,240517_calCSV_data.csv,1_C017,C017,TAT206,41,19,50.9,45.2,11807.0
1,240517_calCSV_data.csv,1_C017,C017,TAT206,41,19,50.9,54.0,11861.0
1,240517_calCSV_data.csv,1_C017,C017,TAT206,41,19,50.9,63.2,11925.0
1,240517_calCSV_data.csv,1_C017,C017,TAT206,41,19,50.9,72.0,11990.0
1,240517_calCSV_data.csv,1_C017,C017,TAT206,41,19,50.9,81.2,12056.0
1,240517_calCSV_data.csv,1_C017,C017,TAT206,41,19,50.9,90.0,12130.0
1,240517_calCSV_data.csv,1_C017,C017,TAT206,41,19,50.9,99.2,12204.0
1,240517_calCSV_data.csv,1_C017,C017,TAT206,41,19,50.9,108.0,12282.0
1,240517_calCSV_data.csv,1_C017,C017,TAT206,41,19,50.9,117.2,12358.0
1,240517_calCSV_data.csv,1_C017,C017,TAT206,41,19,50.9,126.0,12436.0
1,240517_calCSV_data.csv,1_C017,C017,TAT206,41,19,50.9,135.2,12507.0
1,240517_calCSV_data.csv,1_C017,C017,TAT206,41,19,50.9,144.0,12591.0
1,240517_calCSV_data.csv,1_C017,C017,TAT206,41,19,50.9,153.2,12663.0
1,240517_calCSV_data.csv,1_C017,C017,TAT206,41,19,50.9,162.0,12737.0
1,240517_calCSV_data.csv,1_C017,C017,TAT206,41,19,50.9,171.2,12819.0
1,240517_calCSV_data.csv,1_C017,C017,TAT206,41,19,50.9,180.0,12890.0
1,240517_calCSV_data.csv,1_C018,C018,TAT206,41,20,50.4,0.0,11670.0
1,240517_calCSV_data.csv,1_C018,C018,TAT206,41,20,50.4,9.2,11690.0
1,240517_calCSV_data.csv,1_C018,C018,TAT206,41,20,50.4,18.0,11735.0
1,240517_calCSV_data.csv,1_C018,C018,TAT206,41,20,50.4,27.2,11766.0
1,240517_calCSV_data.csv,1_C018,C018,TAT206,41,20,50.4,36.0,11811.0
1,240517_calCSV_data.csv,1_C018,C018,TAT206,41,20,50.4,45.2,11868.0
1,240517_calCSV_data.csv,1_C018,C018,TAT206,41,20,50.4,54.0,11921.0
1,240517_calCSV_data.csv,1_C018,C018,TAT206,41,20,50.4,63.2,11989.0
1,240517_calCSV_data.csv,1_C018,C018,TAT206,41,20,50.4,72.0,12050.0
1,240517_calCSV_data.csv,1_C018,C018,TAT206,41,20,50.4,81.2,12119.0
1,240517_calCSV_data.csv,1_C018,C018,TAT206,41,20,50.4,90.0,12182.0
1,240517_calCSV_data.csv,1_C018,C018,TAT206,41,20,50.4,99.2,12266.0
1,240517_calCSV_data.csv,1_C018,C018,TAT206,41,20,50.4,108.0,12329.0
1,240517_calCSV_data.csv,1_C018,C018,TAT206,41,20,50.4,117.2,12419.0
1,240517_calCSV_data.csv,1_C018,C018,TAT206,41,20,50.4,126.0,12495.0
1,240517_calCSV_data.csv,1_C018,C018,TAT206,41,20,50.4,135.2,12577.0
1,240517_calCSV_data.csv,1_C018,C018,TAT206,41,20,50.4,144.0,12648.0
1,240517_calCSV_data.csv,1_C018,C018,TAT206,41,20,50.4,153.2,12726.0
1,240517_calCSV_data.csv,1_C018,C018,TAT206,41,20,50.4,162.0,12806.0
1,240517_calCSV_data.csv,1_C018,C018,TAT206,41,20,50.4,171.2,12875.0
1,240517_calCSV_data.csv,1_C018,C018,TAT206,41,20,50.4,180.0,12944.0
1,240517_calCSV_data.csv,1_C019,C019,TAT1,42,18,4.7,0.0,10755.0
1,240517_calCSV_data.csv,1_C019,C019,TAT1,42,18,4.7,9.2,10768.0
1,240517_calCSV_data.csv,1_C019,C019,TAT1,42,18,4.7,18.0,10766.0
1,240517_calCSV_data.csv,1_C019,C019,TAT1,42,18,4.7,27.2,10771.0
1,240517_calCSV_data.csv,1_C019,C019,TAT1,42,18,4.7,36.0,10774.0
1,240517_calCSV_data.csv,1_C019,C019,TAT1,42,18,4.7,45.2,10781.0
1,240517_calCSV_data.csv,1_C019,C019,TAT1,42,18,4.7,54.0,10785.0
1,240517_calCSV_data.csv,1_C019,C019,TAT1,42,18,4.7,63.2,10792.0
1,240517_calCSV_data.csv,1_C019,C019,TAT1,42,18,4.7,72.0,10795.0
1,240517_calCSV_data.csv,1_C019,C019,TAT1,42,18,4.7,81.2,10799.0
1,240517_calCSV_data.csv,1_C019,C019,TAT1,42,18,4.7,90.0,10808.0
1,240517_calCSV_data.csv,1_C019,C019,TAT1,42,18,4.7,99.2,10810.0
1,240517_calCSV_data.csv,1_C019,C019,TAT1,42,18,4.7,108.0,10821.0
1,240517_calCSV_data.csv,1_C019,C019,TAT1,42,18,4.7,117.2,10828.0
1,240517_calCSV_data.csv,1_C019,C019,TAT1,42,18,4.7,126.0,10835.0
1,240517_calCSV_data.csv,1_C019,C019,TAT1,42,18,4.7,135.2,10841.0
1,240517_calCSV_data.csv,1_C019,C019,TAT1,42,18,4.7,144.0,10850.0
1,240517_calCSV_data.csv,1_C019,C019,TAT1,42,18,4.7,153.2,10856.0
1,240517_calCSV_data.csv,1_C019,C019,TAT1,42,18,4.7,162.0,10862.0
1,240517_calCSV_data.csv,1_C019,C019,TAT1,42,18,4.7,171.2,10870.0
1,240517_calCSV_data.csv,1_C019,C019,TAT1,42,18,4.7,180.0,10876.0
1,240517_calCSV_data.csv,1_C020,C020,TAT1,42,19,4.7,0.0,10898.0
1,240517_calCSV_data.csv,1_C020,C020,TAT1,42,19,4.7,9.2,10905.0
1,240517_calCSV_data.csv,1_C020,C020,TAT1,42,19,4.7,18.0,10904.0
1,240517_calCSV_data.csv,1_C020,C020,TAT1,42,19,4.7,27.2,10908.0
1,240517_calCSV_data.csv,1_C020,C020,TAT1,42,19,4.7,36.0,10910.0
1,240517_calCSV_data.csv,1_C020,C020,TAT1,42,19,4.7,45.2,10915.0
1,240517_calCSV_data.csv,1_C020,C020,TAT1,42,19,4.7,54.0,10922.0
1,240517_calCSV_data.csv,1_C020,C020,TAT1,42,19,4.7,63.2,10924.0
1,240517_calCSV_data.csv,1_C020,C020,TAT1,42,19,4.7,72.0,10928.0
1,240517_calCSV_data.csv,1_C020,C020,TAT1,42,19,4.7,81.2,10938.0
1,240517_calCSV_data.csv,1_C020,C020,TAT1,42,19,4.7,90.0,10944.0
1,240517_calCSV_data.csv,1_C020,C020,TAT1,42,19,4.7,99.2,10950.0
1,240517_calCSV_data.csv,1_C020,C020,TAT1,42,19,4.7,108.0,10958.0
1,240517_calCSV_data.csv,1_C020,C020,TAT1,42,19,4.7,117.2,10967.0
1,240517_calCSV_data.csv,1_C020,C020,TAT1,42,19,4.7,126.0,10973.0
1,240517_calCSV_data.csv,1_C020,C020,TAT1,42,19,4.7,135.2,10981.0
1,240517_calCSV_data.csv,1_C020,C020,TAT1,42,19,4.7,144.0,10983.0
1,240517_calCSV_data.csv,1_C020,C020,TAT1,42,19,4.7,153.2,10995.0
1,240517_calCSV_data.csv,1_C020,C020,TAT1,42,19,4.7,162.0,11002.0
1,240517_calCSV_data.csv,1_C020,C020,TAT1,42,19,4.7,171.2,11009.0
1,240517_calCSV_data.csv,1_C020,C020,TAT1,42,19,4.7,180.0,11021.0
1,240517_calCSV_data.csv,1_C021,C021,TAT1,42,20,4.1,0.0,10815.0
1,240517_calCSV_data.csv,1_C021,C021,TAT1,42,20,4.1,9.2,10812.0
1,240517_calCSV_data.csv,1_C021,C021,TAT1,42,20,4.1,18.0,10806.0
1,240517_calCSV_data.csv,1_C021,C021,TAT1,42,20,4.1,27.2,10809.0
1,240517_calCSV_data.csv,1_C021,C021,TAT1,42,20,4.1,36.0,10810.0
1,240517_calCSV_data.csv,1_C021,C021,TAT1,42,20,4.1,45.2,10810.0
1,240517_calCSV_data.csv,1_C021,C021,TAT1,42,20,4.1,54.0,10814.0
1,240517_calCSV_data.csv,1_C021,C021,TAT1,42,20,4.1,63.2,10823.0
1,240517_calCSV_data.csv,1_C021,C021,TAT1,42,20,4.1,72.0,10827.0
1,240517_calCSV_data.csv,1_C021,C021,TAT1,42,20,4.1,81.2,10838.0
1,240517_calCSV_data.csv,1_C021,C021,TAT1,42,20,4.1,90.0,10845.0
1,240517_calCSV_data.csv,1_C021,C021,TAT1,42,20,4.1,99.2,10850.0
1,240517_calCSV_data.csv,1_C021,C021,TAT1,42,20,4.1,108.0,10854.0
1,240517_calCSV_data.csv,1_C021,C021,TAT1,42,20,4.1,117.2,10862.0
1,240517_calCSV_data.csv,1_C021,C021,TAT1,42,20,4.1,126.0,10869.0
1,240517_calCSV_data.csv,1_C021,C021,TAT1,42,20,4.1,135.2,10871.0
1,240517_calCSV_data.csv,1_C021,C021,TAT1,42,20,4.1,144.0,10875.0
1,240517_calCSV_data.csv,1_C021,C021,TAT1,42,20,4.1,153.2,10884.0
1,240517_calCSV_data.csv,1_C021,C021,TAT1,42,20,4.1,162.0,10896.0
1,240517_calCSV_data.csv,1_C021,C021,TAT1,42,20,4.1,171.2,10900.0
1,240517_calCSV_data.csv,1_C021,C021,TAT1,42,20,4.1,180.0,10907.0
1,240517_calCSV_data.csv,1_C022,C022,TAT1,42,15,12.5,0.0,11515.0
1,240517_calCSV_data.csv,1_C022,C022,TAT1,42,15,12.5,9.2,11538.0
1,240517_calCSV_data.csv,1_C022,C022,TAT1,42,15,12.5,18.0,11537.0
1,240517_calCSV_data.csv,1_C022,C022,TAT1,42,15,12.5,27.2,11551.0
1,240517_calCSV_data.csv,1_C022,C022,TAT1,42,15,12.5,36.0,11562.0
1,240517_calCSV_data.csv,1_C022,C022,TAT1,42,15,12.5,45.2,11586.0
1,240517_calCSV_data.csv,1_C022,C022,TAT1,42,15,12.5,54.0,11598.0
1,240517_calCSV_data.csv,1_C022,C022,TAT1,42,15,12.5,63.2,11618.0
1,240517_calCSV_data.csv,1_C022,C022,TAT1,42,15,12.5,72.0,11633.0
1,240517_calCSV_data.csv,1_C022,C022,TAT1,42,15,12.5,81.2,11653.0
1,240517_calCSV_data.csv,1_C022,C022,TAT1,42,15,12.5,90.0,11665.0
1,240517_calCSV_data.csv,1_C022,C022,TAT1,42,15,12.5,99.2,11687.0
1,240517_calCSV_data.csv,1_C022,C022,TAT1,42,15,12.5,108.0,11707.0
1,240517_calCSV_data.csv,1_C022,C022,TAT1,42,15,12.5,117.2,11727.0
1,240517_calCSV_data.csv,1_C022,C022,TAT1,42,15,12.5,126.0,11745.0
1,240517_calCSV_data.csv,1_C022,C022,TAT1,42,15,12.5,135.2,11766.0
1,240517_calCSV_data.csv,1_C022,C022,TAT1,42,15,12.5,144.0,11781.0
1,240517_calCSV_data.csv,1_C022,C022,TAT1,42,15,12.5,153.2,11794.0
1,240517_calCSV_data.csv,1_C022,C022,TAT1,42,15,12.5,162.0,11813.0
1,240517_calCSV_data.csv,1_C022,C022,TAT1,42,15,12.5,171.2,11840.0
1,240517_calCSV_data.csv,1_C022,C022,TAT1,42,15,12.5,180.0,11853.0
1,240517_calCSV_data.csv,1_C023,C023,TAT1,42,16,12.5,0.0,11538.0
1,240517_calCSV_data.csv,1_C023,C023,TAT1,42,16,12.5,9.2,11542.0
1,240517_calCSV_data.csv,1_C023,C023,TAT1,42,16,12.5,18.0,11544.0
1,240517_calCSV_data.csv,1_C023,C023,TAT1,42,16,12.5,27.2,11566.0
1,240517_calCSV_data.csv,1_C023,C023,TAT1,42,16,12.5,36.0,11582.0
1,240517_calCSV_data.csv,1_C023,C023,TAT1,42,16,12.5,45.2,11598.0
1,240517_calCSV_data.csv,1_C023,C023,TAT1,42,16,12.5,54.0,11618.0
1,240517_calCSV_data.csv,1_C023,C023,TAT1,42,16,12.5,63.2,11638.0
1,240517_calCSV_data.csv,1_C023,C023,TAT1,42,16,12.5,72.0,11656.0
1,240517_calCSV_data.csv,1_C023,C023,TAT1,42,16,12.5,81.2,11673.0
1,240517_calCSV_data.csv,1_C023,C023,TAT1,42,16,12.5,90.0,11692.0
1,240517_calCSV_data.csv,1_C023,C023,TAT1,42,16,12.5,99.2,11706.0
1,240517_calCSV_data.csv,1_C023,C023,TAT1,42,16,12.5,108.0,11729.0
1,240517_calCSV_data.csv,1_C023,C023,TAT1,42,16,12.5,117.2,11748.0
1,240517_calCSV_data.csv,1_C023,C023,TAT1,42,16,12.5,126.0,11766.0
1,240517_calCSV_data.csv,1_C023,C023,TAT1,42,16,12.5,135.2,11788.0
1,240517_calCSV_data.csv,1_C023,C023,TAT1,42,16,12.5,144.0,11805.0
1,240517_calCSV_data.csv,1_C023,C023,TAT1,42,16,12.5,153.2,11823.0
1,240517_calCSV_data.csv,1_C023,C023,TAT1,42,16,12.5,162.0,11842.0
1,240517_calCSV_data.csv,1_C023,C023,TAT1,42,16,12.5,171.2,11860.0
1,240517_calCSV_data.csv,1_C023,C023,TAT1,42,16,12.5,180.0,11881.0
1,240517_calCSV_data.csv,1_C024,C024,TAT1,42,17,12.7,0.0,11456.0
1,240517_calCSV_data.csv,1_C024,C024,TAT1,42,17,12.7,9.2,11477.0
1,240517_calCSV_data.csv,1_C024,C024,TAT1,42,17,12.7,18.0,11497.0
1,240517_calCSV_data.csv,1_C024,C024,TAT1,42,17,12.7,27.2,11504.0
1,240517_calCSV_data.csv,1_C024,C024,TAT1,42,17,12.7,36.0,11521.0
1,240517_calCSV_data.csv,1_C024,C024,TAT1,42,17,12.7,45.2,11537.0
1,240517_calCSV_data.csv,1_C024,C024,TAT1,42,17,12.7,54.0,11552.0
1,240517_calCSV_data.csv,1_C024,C024,TAT1,42,17,12.7,63.2,11571.0
1,240517_calCSV_data.csv,1_C024,C024,TAT1,42,17,12.7,72.0,11588.0
1,240517_calCSV_data.csv,1_C024,C024,TAT1,42,17,12.7,81.2,11610.0
1,240517_calCSV_data.csv,1_C024,C024,TAT1,42,17,12.7,90.0,11623.0
1,240517_calCSV_data.csv,1_C024,C024,TAT1,42,17,12.7,99.2,11641.0
1,240517_calCSV_data.csv,1_C024,C024,TAT1,42,17,12.7,108.0,11664.0
1,240517_calCSV_data.csv,1_C024,C024,TAT1,42,17,12.7,117.2,11678.0
1,240517_calCSV_data.csv,1_C024,C024,TAT1,42,17,12.7,126.0,11698.0
1,240517_calCSV_data.csv,1_C024,C024,TAT1,42,17,12.7,135.2,11723.0
1,240517_calCSV_data.csv,1_C024,C024,TAT1,42,17,12.7,144.0,11739.0
1,240517_calCSV_data.csv,1_C024,C024,TAT1,42,17,12.7,153.2,11759.0
1,240517_calCSV_data.csv,1_C024,C024,TAT1,42,17,12.7,162.0,11778.0
1,240517_calCSV_data.csv,1_C024,C024,TAT1,42,17,12.7,171.2,11800.0
1,240517_calCSV_data.csv,1_C024,C024,TAT1,42,17,12.7,180.0,11813.0
1,240517_calCSV_data.csv,1_C025,C025,TAT1,42,20,18.1,0.0,11608.0
1,240517_calCSV_data.csv,1_C025,C025,TAT1,42,20,18.1,9.2,11615.0
1,240517_calCSV_data.csv,1_C025,C025,TAT1,42,20,18.1,18.0,11618.0
1,240517_calCSV_data.csv,1_C025,C025,TAT1,42,20,18.1,27.2,11637.0
1,240517_calCSV_data.csv,1_C025,C025,TAT1,42,20,18.1,36.0,11653.0
1,240517_calCSV_data.csv,1_C025,C025,TAT1,42,20,18.1,45.2,11681.0
1,240517_calCSV_data.csv,1_C025,C025,TAT1,42,20,18.1,54.0,11703.0
1,240517_calCSV_data.csv,1_C025,C025,TAT1,42,20,18.1,63.2,11723.0
1,240517_calCSV_data.csv,1_C025,C025,TAT1,42,20,18.1,72.0,11744.0
1,240517_calCSV_data.csv,1_C025,C025,TAT1,42,20,18.1,81.2,11771.0
1,240517_calCSV_data.csv,1_C025,C025,TAT1,42,20,18.1,90.0,11794.0
1,240517_calCSV_data.csv,1_C025,C025,TAT1,42,20,18.1,99.2,11826.0
1,240517_calCSV_data.csv,1_C025,C025,TAT1,42,20,18.1,108.0,11847.0
1,240517_calCSV_data.csv,1_C025,C025,TAT1,42,20,18.1,117.2,11877.0
1,240517_calCSV_data.csv,1_C025,C025,TAT1,42,20,18.1,126.0,11899.0
1,240517_calCSV_data.csv,1_C025,C025,TAT1,42,20,18.1,135.2,11926.0
1,240517_calCSV_data.csv,1_C025,C025,TAT1,42,20,18.1,144.0,11958.0
1,240517_calCSV_data.csv,1_C025,C025,TAT1,42,20,18.1,153.2,11987.0
1,240517_calCSV_data.csv,1_C025,C025,TAT1,42,20,18.1,162.0,12007.0
1,240517_calCSV_data.csv,1_C025,C025,TAT1,42,20,18.1,171.2,12042.0
1,240517_calCSV_data.csv,1_C025,C025,TAT1,42,20,18.1,180.0,12063.0
1,240517_calCSV_data.csv,1_C026,C026,TAT1,42,16,18.2,0.0,11445.0
1,240517_calCSV_data.csv,1_C026,C026,TAT1,42,16,18.2,9.2,11459.0
1,240517_calCSV_data.csv,1_C026,C026,TAT1,42,16,18.2,18.0,11474.0
1,240517_calCSV_data.csv,1_C026,C026,TAT1,42,16,18.2,27.2,11485.0
1,240517_calCSV_data.csv,1_C026,C026,TAT1,42,16,18.2,36.0,11506.0
1,240517_calCSV_data.csv,1_C026,C026,TAT1,42,16,18.2,45.2,11528.0
1,240517_calCSV_data.csv,1_C026,C026,TAT1,42,16,18.2,54.0,11552.0
1,240517_calCSV_data.csv,1_C026,C026,TAT1,42,16,18.2,63.2,11578.0
1,240517_calCSV_data.csv,1_C026,C026,TAT1,42,16,18.2,72.0,11596.0
1,240517_calCSV_data.csv,1_C026,C026,TAT1,42,16,18.2,81.2,11627.0
1,240517_calCSV_data.csv,1_C026,C026,TAT1,42,16,18.2,90.0,11651.0
1,240517_calCSV_data.csv,1_C026,C026,TAT1,42,16,18.2,99.2,11675.0
1,240517_calCSV_data.csv,1_C026,C026,TAT1,42,16,18.2,108.0,11706.0
1,240517_calCSV_data.csv,1_C026,C026,TAT1,42,16,18.2,117.2,11727.0
1,240517_calCSV_data.csv,1_C026,C026,TAT1,42,16,18.2,126.0,11760.0
1,240517_calCSV_data.csv,1_C026,C026,TAT1,42,16,18.2,135.2,11784.0
1,240517_calCSV_data.csv,1_C026,C026,TAT1,42,16,18.2,144.0,11818.0
1,240517_calCSV_data.csv,1_C026,C026,TAT1,42,16,18.2,153.2,11837.0
1,240517_calCSV_data.csv,1_C026,C026,TAT1,42,16,18.2,162.0,11872.0
1,240517_calCSV_data.csv,1_C026,C026,TAT1,42,16,18.2,171.2,11900.0
1,240517_calCSV_data.csv,1_C026,C026,TAT1,42,16,18.2,180.0,11930.0
1,240517_calCSV_data.csv,1_C027,C027,TAT1,42,15,18.7,0.0,11580.0
1,240517_calCSV_data.csv,1_C027,C027,TAT1,42,15,18.7,9.2,11598.0
1,240517_calCSV_data.csv,1_C027,C027,TAT1,42,15,18.7,18.0,11597.0
1,240517_calCSV_data.csv,1_C027,C027,TAT1,42,15,18.7,27.2,11622.0
1,240517_calCSV_data.csv,1_C027,C027,TAT1,42,15,18.7,36.0,11644.0
1,240517_calCSV_data.csv,1_C027,C027,TAT1,42,15,18.7,45.2,11661.0
1,240517_calCSV_data.csv,1_C027,C027,TAT1,42,15,18.7,54.0,11687.0
1,240517_calCSV_data.csv,1_C027,C027,TAT1,42,15,18.7,63.2,11710.0
1,240517_calCSV_data.csv,1_C027,C027,TAT1,42,15,18.7,72.0,11731.0
1,240517_calCSV_data.csv,1_C027,C027,TAT1,42,15,18.7,81.2,11759.0
1,240517_calCSV_data.csv,1_C027,C027,TAT1,42,15,18.7,90.0,11786.0
1,240517_calCSV_data.csv,1_C027,C027,TAT1,42,15,18.7,99.2,11808.0
1,240517_calCSV_data.csv,1_C027,C027,TAT1,42,15,18.7,108.0,11844.0
1,240517_calCSV_data.csv,1_C027,C027,TAT1,42,15,18.7,117.2,11869.0
1,240517_calCSV_data.csv,1_C027,C027,TAT1,42,15,18.7,126.0,11896.0
1,240517_calCSV_data.csv,1_C027,C027,TAT1,42,15,18.7,135.2,11922.0
1,240517_calCSV_data.csv,1_C027,C027,TAT1,42,15,18.7,144.0,11955.0
1,240517_calCSV_data.csv,1_C027,C027,TAT1,42,15,18.7,153.2,11987.0
1,240517_calCSV_data.csv,1_C027,C027,TAT1,42,15,18.7,162.0,12011.0
1,240517_calCSV_data.csv,1_C027,C027,TAT1,42,15,18.7,171.2,12040.0
1,240517_calCSV_data.csv,1_C027,C027,TAT1,42,15,18.7,180.0,12070.0
1,240517_calCSV_data.csv,1_C028,C028,TAT1,42,15,26.1,0.0,11613.0
1,240517_calCSV_data.csv,1_C028,C028,TAT1,42,15,26.1,9.2,11602.0
1,240517_calCSV_data.csv,1_C028,C028,TAT1,42,15,26.1,18.0,11614.0
1,240517_calCSV_data.csv,1_C028,C028,TAT1,42,15,26.1,27.2,11644.0
1,240517_calCSV_data.csv,1_C028,C028,TAT1,42,15,26.1,36.0,11664.0
1,240517_calCSV_data.csv,1_C028,C028,TAT1,42,15,26.1,45.2,11693.0
1,240517_calCSV_data.csv,1_C028,C028,TAT1,42,15,26.1,54.0,11728.0
1,240517_calCSV_data.csv,1_C028,C028,TAT1,42,15,26.1,63.2,11759.0
1,240517_calCSV_data.csv,1_C028,C028,TAT1,42,15,26.1,72.0,11790.0
1,240517_calCSV_data.csv,1_C028,C028,TAT1,42,15,26.1,81.2,11829.0
1,240517_calCSV_data.csv,1_C028,C028,TAT1,42,15,26.1,90.0,11863.0
1,240517_calCSV_data.csv,1_C028,C028,TAT1,42,15,26.1,99.2,11906.0
1,240517_calCSV_data.csv,1_C028,C028,TAT1,42,15,26.1,108.0,11940.0
1,240517_calCSV_data.csv,1_C028,C028,TAT1,42,15,26.1,117.2,11982.0
1,240517_calCSV_data.csv,1_C028,C028,TAT1,42,15,26.1,126.0,12016.0
1,240517_calCSV_data.csv,1_C028,C028,TAT1,42,15,26.1,135.2,12060.0
1,240517_calCSV_data.csv,1_C028,C028,TAT1,42,15,26.1,144.0,12096.0
1,240517_calCSV_data.csv,1_C028,C028,TAT1,42,15,26.1,153.2,12139.0
1,240517_calCSV_data.csv,1_C028,C028,TAT1,42,15,26.1,162.0,12178.0
1,240517_calCSV_data.csv,1_C028,C028,TAT1,42,15,26.1,171.2,12220.0
1,240517_calCSV_data.csv,1_C028,C028,TAT1,42,15,26.1,180.0,12257.0
1,240517_calCSV_data.csv,1_C029,C029,TAT1,42,16,25.9,0.0,11517.0
1,240517_calCSV_data.csv,1_C029,C029,TAT1,42,16,25.9,9.2,11528.0
1,240517_calCSV_data.csv,1_C029,C029,TAT1,42,16,25.9,18.0,11550.0
1,240517_calCSV_data.csv,1_C029,C029,TAT1,42,16,25.9,27.2,11573.0
1,240517_calCSV_data.csv,1_C029,C029,TAT1,42,16,25.9,36.0,11599.0
1,240517_calCSV_data.csv,1_C029,C029,TAT1,42,16,25.9,45.2,11627.0
1,240517_calCSV_data.csv,1_C029,C029,TAT1,42,16,25.9,54.0,11658.0
1,240517_calCSV_data.csv,1_C029,C029,TAT1,42,16,25.9,63.2,11689.0
1,240517_calCSV_data.csv,1_C029,C029,TAT1,42,16,25.9,72.0,11718.0
1,240517_calCSV_data.csv,1_C029,C029,TAT1,42,16,25.9,81.2,11755.0
1,240517_calCSV_data.csv,1_C029,C029,TAT1,42,16,25.9,90.0,11791.0
1,240517_calCSV_data.csv,1_C029,C029,TAT1,42,16,25.9,99.2,11834.0
1,240517_calCSV_data.csv,1_C029,C029,TAT1,42,16,25.9,108.0,11870.0
1,240517_calCSV_data.csv,1_C029,C029,TAT1,42,16,25.9,117.2,11903.0
1,240517_calCSV_data.csv,1_C029,C029,TAT1,42,16,25.9,126.0,11945.0
1,240517_calCSV_data.csv,1_C029,C029,TAT1,42,16,25.9,135.2,11979.0
1,240517_calCSV_data.csv,1_C029,C029,TAT1,42,16,25.9,144.0,12024.0
1,240517_calCSV_data.csv,1_C029,C029,TAT1,42,16,25.9,153.2,12067.0
1,240517_calCSV_data.csv,1_C029,C029,TAT1,42,16,25.9,162.0,12101.0
1,240517_calCSV_data.csv,1_C029,C029,TAT1,42,16,25.9,171.2,12144.0
1,240517_calCSV_data.csv,1_C029,C029,TAT1,42,16,25.9,180.0,12179.0
1,240517_calCSV_data.csv,1_C030,C030,TAT1,42,17,25.9,0.0,11422.0
1,240517_calCSV_data.csv,1_C030,C030,TAT1,42,17,25.9,9.2,11432.0
1,240517_calCSV_data.csv,1_C030,C030,TAT1,42,17,25.9,18.0,11457.0
1,240517_calCSV_data.csv,1_C030,C030,TAT1,42,17,25.9,27.2,11485.0
1,240517_calCSV_data.csv,1_C030,C030,TAT1,42,17,25.9,36.0,11508.0
1,240517_calCSV_data.csv,1_C030,C030,TAT1,42,17,25.9,45.2,11543.0
1,240517_calCSV_data.csv,1_C030,C030,TAT1,42,17,25.9,54.0,11569.0
1,240517_calCSV_data.csv,1_C030,C030,TAT1,42,17,25.9,63.2,11606.0
1,240517_calCSV_data.csv,1_C030,C030,TAT1,42,17,25.9,72.0,11631.0
1,240517_calCSV_data.csv,1_C030,C030,TAT1,42,17,25.9,81.2,11671.0
1,240517_calCSV_data.csv,1_C030,C030,TAT1,42,17,25.9,90.0,11703.0
1,240517_calCSV_data.csv,1_C030,C030,TAT1,42,17,25.9,99.2,11742.0
1,240517_calCSV_data.csv,1_C030,C030,TAT1,42,17,25.9,108.0,11783.0
1,240517_calCSV_data.csv,1_C030,C030,TAT1,42,17,25.9,117.2,11820.0
1,240517_calCSV_data.csv,1_C030,C030,TAT1,42,17,25.9,126.0,11855.0
1,240517_calCSV_data.csv,1_C030,C030,TAT1,42,17,25.9,135.2,11896.0
1,240517_calCSV_data.csv,1_C030,C030,TAT1,42,17,25.9,144.0,11932.0
1,240517_calCSV_data.csv,1_C030,C030,TAT1,42,17,25.9,153.2,11975.0
1,240517_calCSV_data.csv,1_C030,C030,TAT1,42,17,25.9,162.0,12010.0
1,240517_calCSV_data.csv,1_C030,C030,TAT1,42,17,25.9,171.2,12059.0
1,240517_calCSV_data.csv,1_C030,C030,TAT1,42,17,25.9,180.0,12094.0
1,240517_calCSV_data.csv,1_C031,C031,TAT1,42,18,39.8,0.0,11593.0
1,240517_calCSV_data.csv,1_C031,C031,TAT1,42,18,39.8,9.2,11605.0
1,240517_calCSV_data.csv,1_C031,C031,TAT1,42,18,39.8,18.0,11633.0
1,240517_calCSV_data.csv,1_C031,C031,TAT1,42,18,39.8,27.2,11669.0
1,240517_calCSV_data.csv,1_C031,C031,TAT1,42,18,39.8,36.0,11703.0
1,240517_calCSV_data.csv,1_C031,C031,TAT1,42,18,39.8,45.2,11752.0
1,240517_calCSV_data.csv,1_C031,C031,TAT1,42,18,39.8,54.0,11793.0
1,240517_calCSV_data.csv,1_C031,C031,TAT1,42,18,39.8,63.2,11845.0
1,240517_calCSV_data.csv,1_C031,C031,TAT1,42,18,39.8,72.0,11886.0
1,240517_calCSV_data.csv,1_C031,C031,TAT1,42,18,39.8,81.2,11949.0
1,240517_calCSV_data.csv,1_C031,C031,TAT1,42,18,39.8,90.0,12003.0
1,240517_calCSV_data.csv,1_C031,C031,TAT1,42,18,39.8,99.2,12061.0
1,240517_calCSV_data.csv,1_C031,C031,TAT1,42,18,39.8,108.0,12122.0
1,240517_calCSV_data.csv,1_C031,C031,TAT1,42,18,39.8,117.2,12185.0
1,240517_calCSV_data.csv,1_C031,C031,TAT1,42,18,39.8,126.0,12244.0
1,240517_calCSV_data.csv,1_C031,C031,TAT1,42,18,39.8,135.2,12306.0
1,240517_calCSV_data.csv,1_C031,C031,TAT1,42,18,39.8,144.0,12362.0
1,240517_calCSV_data.csv,1_C031,C031,TAT1,42,18,39.8,153.2,12425.0
1,240517_calCSV_data.csv,1_C031,C031,TAT1,42,18,39.8,162.0,12480.0
1,240517_calCSV_data.csv,1_C031,C031,TAT1,42,18,39.8,171.2,12546.0
1,240517_calCSV_data.csv,1_C031,C031,TAT1,42,18,39.8,180.0,12603.0
1,240517_calCSV_data.csv,1_C032,C032,TAT1,42,16,38.9,0.0,11499.0
1,240517_calCSV_data.csv,1_C032,C032,TAT1,42,16,38.9,9.2,11525.0
1,240517_calCSV_data.csv,1_C032,C032,TAT1,42,16,38.9,18.0,11541.0
1,240517_calCSV_data.csv,1_C032,C032,TAT1,42,16,38.9,27.2,11578.0
1,240517_calCSV_data.csv,1_C032,C032,TAT1,42,16,38.9,36.0,11616.0
1,240517_calCSV_data.csv,1_C032,C032,TAT1,42,16,38.9,45.2,11659.0
1,240517_calCSV_data.csv,1_C032,C032,TAT1,42,16,38.9,54.0,11706.0
1,240517_calCSV_data.csv,1_C032,C032,TAT1,42,16,38.9,63.2,11751.0
1,240517_calCSV_data.csv,1_C032,C032,TAT1,42,16,38.9,72.0,11801.0
1,240517_calCSV_data.csv,1_C032,C032,TAT1,42,16,38.9,81.2,11860.0
1,240517_calCSV_data.csv,1_C032,C032,TAT1,42,16,38.9,90.0,11909.0
1,240517_calCSV_data.csv,1_C032,C032,TAT1,42,16,38.9,99.2,11967.0
1,240517_calCSV_data.csv,1_C032,C032,TAT1,42,16,38.9,108.0,12025.0
1,240517_calCSV_data.csv,1_C032,C032,TAT1,42,16,38.9,117.2,12090.0
1,240517_calCSV_data.csv,1_C032,C032,TAT1,42,16,38.9,126.0,12143.0
1,240517_calCSV_data.csv,1_C032,C032,TAT1,42,16,38.9,135.2,12207.0
1,240517_calCSV_data.csv,1_C032,C032,TAT1,42,16,38.9,144.0,12263.0
1,240517_calCSV_data.csv,1_C032,C032,TAT1,42,16,38.9,153.2,12327.0
1,240517_calCSV_data.csv,1_C032,C032,TAT1,42,16,38.9,162.0,12384.0
1,240517_calCSV_data.csv,1_C032,C032,TAT1,42,16,38.9,171.2,12444.0
1,240517_calCSV_data.csv,1_C032,C032,TAT1,42,16,38.9,180.0,12498.0
1,240517_calCSV_data.csv,1_C033,C033,TAT1,42,17,39.5,0.0,11498.0
1,240517_calCSV_data.csv,1_C033,C033,TAT1,42,17,39.5,9.2,11499.0
1,240517_calCSV_data.csv,1_C033,C033,TAT1,42,17,39.5,18.0,11532.0
1,240517_calCSV_data.csv,1_C033,C033,TAT1,42,17,39.5,27.2,11569.0
1,240517_calCSV_data.csv,1_C033,C033,TAT1,42,17,39.5,36.0,11603.0
1,240517_calCSV_data.csv,1_C033,C033,TAT1,42,17,39.5,45.2,11647.0
1,240517_calCSV_data.csv,1_C033,C033,TAT1,42,17,39.5,54.0,11692.0
1,240517_calCSV_data.csv,1_C033,C033,TAT1,42,17,39.5,63.2,11738.0
1,240517_calCSV_data.csv,1_C033,C033,TAT1,42,17,39.5,72.0,11793.0
1,240517_calCSV_data.csv,1_C033,C033,TAT1,42,17,39.5,81.2,11846.0
1,240517_calCSV_data.csv,1_C033,C033,TAT1,42,17,39.5,90.0,11899.0
1,240517_calCSV_data.csv,1_C033,C033,TAT1,42,17,39.5,99.2,11959.0
1,240517_calCSV_data.csv,1_C033,C033,TAT1,42,17,39.5,108.0,12021.0
1,240517_calCSV_data.csv,1_C033,C033,TAT1,42,17,39.5,117.2,12078.0
1,240517_calCSV_data.csv,1_C033,C033,TAT1,42,17,39.5,126.0,12138.0
1,240517_calCSV_data.csv,1_C033,C033,TAT1,42,17,39.5,135.2,12198.0
1,240517_calCSV_data.csv,1_C033,C033,TAT1,42,17,39.5,144.0,12257.0
1,240517_calCSV_data.csv,1_C033,C033,TAT1,42,17,39.5,153.2,12321.0
1,240517_calCSV_data.csv,1_C033,C033,TAT1,42,17,39.5,162.0,12380.0
1,240517_calCSV_data.csv,1_C033,C033,TAT1,42,17,39.5,171.2,12438.0
1,240517_calCSV_data.csv,1_C033,C033,TAT1,42,17,39.5,180.0,12499.0
1,240517_calCSV_data.csv,1_C034,C034,TAT1,42,15,58.2,0.0,11459.0
1,240517_calCSV_data.csv,1_C034,C034,TAT1,42,15,58.2,9.2,11500.0
1,240517_calCSV_data.csv,1_C034,C034,TAT1,42,15,58.2,18.0,11535.0
1,240517_calCSV_data.csv,1_C034,C034,TAT1,42,15,58.2,27.2,11582.0
1,240517_calCSV_data.csv,1_C034,C034,TAT1,42,15,58.2,36.0,11646.0
1,240517_calCSV_data.csv,1_C034,C034,TAT1,42,15,58.2,45.2,11702.0
1,240517_calCSV_data.csv,1_C034,C034,TAT1,42,15,58.2,54.0,11773.0
1,240517_calCSV_data.csv,1_C034,C034,TAT1,42,15,58.2,63.2,11850.0
1,240517_calCSV_data.csv,1_C034,C034,TAT1,42,15,58.2,72.0,11925.0
1,240517_calCSV_data.csv,1_C034,C034,TAT1,42,15,58.2,81.2,11999.0
1,240517_calCSV_data.csv,1_C034,C034,TAT1,42,15,58.2,90.0,12086.0
1,240517_calCSV_data.csv,1_C034,C034,TAT1,42,15,58.2,99.2,12171.0
1,240517_calCSV_data.csv,1_C034,C034,TAT1,42,15,58.2,108.0,12258.0
1,240517_calCSV_data.csv,1_C034,C034,TAT1,42,15,58.2,117.2,12350.0
1,240517_calCSV_data.csv,1_C034,C034,TAT1,42,15,58.2,126.0,12437.0
1,240517_calCSV_data.csv,1_C034,C034,TAT1,42,15,58.2,135.2,12528.0
1,240517_calCSV_data.csv,1_C034,C034,TAT1,42,15,58.2,144.0,12614.0
1,240517_calCSV_data.csv,1_C034,C034,TAT1,42,15,58.2,153.2,12703.0
1,240517_calCSV_data.csv,1_C034,C034,TAT1,42,15,58.2,162.0,12786.0
1,240517_calCSV_data.csv,1_C034,C034,TAT1,42,15,58.2,171.2,12872.0
1,240517_calCSV_data.csv,1_C034,C034,TAT1,42,15,58.2,180.0,12952.0
1,240517_calCSV_data.csv,1_C035,C035,TAT1,42,16,56.3,0.0,11483.0
1,240517_calCSV_data.csv,1_C035,C035,TAT1,42,16,56.3,9.2,11502.0
1,240517_calCSV_data.csv,1_C035,C035,TAT1,42,16,56.3,18.0,11539.0
1,240517_calCSV_data.csv,1_C035,C035,TAT1,42,16,56.3,27.2,11583.0
1,240517_calCSV_data.csv,1_C035,C035,TAT1,42,16,56.3,36.0,11638.0
1,240517_calCSV_data.csv,1_C035,C035,TAT1,42,16,56.3,45.2,11706.0
1,240517_calCSV_data.csv,1_C035,C035,TAT1,42,16,56.3,54.0,11766.0
1,240517_calCSV_data.csv,1_C035,C035,TAT1,42,16,56.3,63.2,11844.0
1,240517_calCSV_data.csv,1_C035,C035,TAT1,42,16,56.3,72.0,11915.0
1,240517_calCSV_data.csv,1_C035,C035,TAT1,42,16,56.3,81.2,12003.0
1,240517_calCSV_data.csv,1_C035,C035,TAT1,42,16,56.3,90.0,12080.0
1,240517_calCSV_data.csv,1_C035,C035,TAT1,42,16,56.3,99.2,12161.0
1,240517_calCSV_data.csv,1_C035,C035,TAT1,42,16,56.3,108.0,12242.0
1,240517_calCSV_data.csv,1_C035,C035,TAT1,42,16,56.3,117.2,12333.0
1,240517_calCSV_data.csv,1_C035,C035,TAT1,42,16,56.3,126.0,12413.0
1,240517_calCSV_data.csv,1_C035,C035,TAT1,42,16,56.3,135.2,12499.0
1,240517_calCSV_data.csv,1_C035,C035,TAT1,42,16,56.3,144.0,12586.0
1,240517_calCSV_data.csv,1_C035,C035,TAT1,42,16,56.3,153.2,12674.0
1,240517_calCSV_data.csv,1_C035,C035,TAT1,42,16,56.3,162.0,12759.0
1,240517_calCSV_data.csv,1_C035,C035,TAT1,42,16,56.3,171.2,12848.0
1,240517_calCSV_data.csv,1_C035,C035,TAT1,42,16,56.3,180.0,12927.0
1,240517_calCSV_data.csv,1_C036,C036,TAT1,42,17,58.5,0.0,11484.0
1,240517_calCSV_data.csv,1_C036,C036,TAT1,42,17,58.5,9.2,11521.0
1,240517_calCSV_data.csv,1_C036,C036,TAT1,42,17,58.5,18.0,11557.0
1,240517_calCSV_data.csv,1_C036,C036,TAT1,42,17,58.5,27.2,11596.0
1,240517_calCSV_data.csv,1_C036,C036,TAT1,42,17,58.5,36.0,11652.0
1,240517_calCSV_data.csv,1_C036,C036,TAT1,42,17,58.5,45.2,11718.0
1,240517_calCSV_data.csv,1_C036,C036,TAT1,42,17,58.5,54.0,11789.0
1,240517_calCSV_data.csv,1_C036,C036,TAT1,42,17,58.5,63.2,11865.0
1,240517_calCSV_data.csv,1_C036,C036,TAT1,42,17,58.5,72.0,11940.0
1,240517_calCSV_data.csv,1_C036,C036,TAT1,42,17,58.5,81.2,12029.0
1,240517_calCSV_data.csv,1_C036,C036,TAT1,42,17,58.5,90.0,12117.0
1,240517_calCSV_data.csv,1_C036,C036,TAT1,42,17,58.5,99.2,12200.0
1,240517_calCSV_data.csv,1_C036,C036,TAT1,42,17,58.5,108.0,12291.0
1,240517_calCSV_data.csv,1_C036,C036,TAT1,42,17,58.5,117.2,12379.0
1,240517_calCSV_data.csv,1_C036,C036,TAT1,42,17,58.5,126.0,12459.0
1,240517_calCSV_data.csv,1_C036,C036,TAT1,42,17,58.5,135.2,12551.0
1,240517_calCSV_data.csv,1_C036,C036,TAT1,42,17,58.5,144.0,12638.0
1,240517_calCSV_data.csv,1_C036,C036,TAT1,42,17,58.5,153.2,12722.0
1,240517_calCSV_data.csv,1_C036,C036,TAT1,42,17,58.5,162.0,12813.0
1,240517_calCSV_data.csv,1_C036,C036,TAT1,42,17,58.5,171.2,12907.0
1,240517_calCSV_data.csv,1_C036,C036,TAT1,42,17,58.5,180.0,12985.0
1,240517_calCSV_data.csv,1_C037,C037,TAT2,43,15,3.6,0.0,10794.0
1,240517_calCSV_data.csv,1_C037,C037,TAT2,43,15,3.6,9.2,10784.0
1,240517_calCSV_data.csv,1_C037,C037,TAT2,43,15,3.6,18.0,10792.0
1,240517_calCSV_data.csv,1_C037,C037,TAT2,43,15,3.6,27.2,10793.0
1,240517_calCSV_data.csv,1_C037,C037,TAT2,43,15,3.6,36.0,10796.0
1,240517_calCSV_data.csv,1_C037,C037,TAT2,43,15,3.6,45.2,10804.0
1,240517_calCSV_data.csv,1_C037,C037,TAT2,43,15,3.6,54.0,10807.0
1,240517_calCSV_data.csv,1_C037,C037,TAT2,43,15,3.6,63.2,10814.0
1,240517_calCSV_data.csv,1_C037,C037,TAT2,43,15,3.6,72.0,10817.0
1,240517_calCSV_data.csv,1_C037,C037,TAT2,43,15,3.6,81.2,10827.0
1,240517_calCSV_data.csv,1_C037,C037,TAT2,43,15,3.6,90.0,10827.0
1,240517_calCSV_data.csv,1_C037,C037,TAT2,43,15,3.6,99.2,10832.0
1,240517_calCSV_data.csv,1_C037,C037,TAT2,43,15,3.6,108.0,10837.0
1,240517_calCSV_data.csv,1_C037,C037,TAT2,43,15,3.6,117.2,10845.0
1,240517_calCSV_data.csv,1_C037,C037,TAT2,43,15,3.6,126.0,10850.0
1,240517_calCSV_data.csv,1_C037,C037,TAT2,43,15,3.6,135.2,10850.0
1,240517_calCSV_data.csv,1_C037,C037,TAT2,43,15,3.6,144.0,10863.0
1,240517_calCSV_data.csv,1_C037,C037,TAT2,43,15,3.6,153.2,10867.0
1,240517_calCSV_data.csv,1_C037,C037,TAT2,43,15,3.6,162.0,10873.0
1,240517_calCSV_data.csv,1_C037,C037,TAT2,43,15,3.6,171.2,10881.0
1,240517_calCSV_data.csv,1_C037,C037,TAT2,43,15,3.6,180.0,10886.0
1,240517_calCSV_data.csv,1_C038,C038,TAT2,43,16,3.7,0.0,10775.0
1,240517_calCSV_data.csv,1_C038,C038,TAT2,43,16,3.7,9.2,10774.0
1,240517_calCSV_data.csv,1_C038,C038,TAT2,43,16,3.7,18.0,10772.0
1,240517_calCSV_data.csv,1_C038,C038,TAT2,43,16,3.7,27.2,10772.0
1,240517_calCSV_data.csv,1_C038,C038,TAT2,43,16,3.7,36.0,10776.0
1,240517_calCSV_data.csv,1_C038,C038,TAT2,43,16,3.7,45.2,10782.0
1,240517_calCSV_data.csv,1_C038,C038,TAT2,43,16,3.7,54.0,10786.0
1,240517_calCSV_data.csv,1_C038,C038,TAT2,43,16,3.7,63.2,10793.0
1,240517_calCSV_data.csv,1_C038,C038,TAT2,43,16,3.7,72.0,10796.0
1,240517_calCSV_data.csv,1_C038,C038,TAT2,43,16,3.7,81.2,10800.0
1,240517_calCSV_data.csv,1_C038,C038,TAT2,43,16,3.7,90.0,10805.0
1,240517_calCSV_data.csv,1_C038,C038,TAT2,43,16,3.7,99.2,10810.0
1,240517_calCSV_data.csv,1_C038,C038,TAT2,43,16,3.7,108.0,10812.0
1,240517_calCSV_data.csv,1_C038,C038,TAT2,43,16,3.7,117.2,10815.0
1,240517_calCSV_data.csv,1_C038,C038,TAT2,43,16,3.7,126.0,10823.0
1,240517_calCSV_data.csv,1_C038,C038,TAT2,43,16,3.7,135.2,10828.0
1,240517_calCSV_data.csv,1_C038,C038,TAT2,43,16,3.7,144.0,10834.0
1,240517_calCSV_data.csv,1_C038,C038,TAT2,43,16,3.7,153.2,10840.0
1,240517_calCSV_data.csv,1_C038,C038,TAT2,43,16,3.7,162.0,10846.0
1,240517_calCSV_data.csv,1_C038,C038,TAT2,43,16,3.7,171.2,10855.0
1,240517_calCSV_data.csv,1_C038,C038,TAT2,43,16,3.7,180.0,10862.0
1,240517_calCSV_data.csv,1_C039,C039,TAT2,43,17,3.4,0.0,10709.0
1,240517_calCSV_data.csv,1_C039,C039,TAT2,43,17,3.4,9.2,10718.0
1,240517_calCSV_data.csv,1_C039,C039,TAT2,43,17,3.4,18.0,10716.0
1,240517_calCSV_data.csv,1_C039,C039,TAT2,43,17,3.4,27.2,10720.0
1,240517_calCSV_data.csv,1_C039,C039,TAT2,43,17,3.4,36.0,10723.0
1,240517_calCSV_data.csv,1_C039,C039,TAT2,43,17,3.4,45.2,10729.0
1,240517_calCSV_data.csv,1_C039,C039,TAT2,43,17,3.4,54.0,10734.0
1,240517_calCSV_data.csv,1_C039,C039,TAT2,43,17,3.4,63.2,10737.0
1,240517_calCSV_data.csv,1_C039,C039,TAT2,43,17,3.4,72.0,10741.0
1,240517_calCSV_data.csv,1_C039,C039,TAT2,43,17,3.4,81.2,10749.0
1,240517_calCSV_data.csv,1_C039,C039,TAT2,43,17,3.4,90.0,10753.0
1,240517_calCSV_data.csv,1_C039,C039,TAT2,43,17,3.4,99.2,10758.0
1,240517_calCSV_data.csv,1_C039,C039,TAT2,43,17,3.4,108.0,10763.0
1,240517_calCSV_data.csv,1_C039,C039,TAT2,43,17,3.4,117.2,10769.0
1,240517_calCSV_data.csv,1_C039,C039,TAT2,43,17,3.4,126.0,10775.0
1,240517_calCSV_data.csv,1_C039,C039,TAT2,43,17,3.4,135.2,10780.0
1,240517_calCSV_data.csv,1_C039,C039,TAT2,43,17,3.4,144.0,10782.0
1,240517_calCSV_data.csv,1_C039,C039,TAT2,43,17,3.4,153.2,10788.0
1,240517_calCSV_data.csv,1_C039,C039,TAT2,43,17,3.4,162.0,10794.0
1,240517_calCSV_data.csv,1_C039,C039,TAT2,43,17,3.4,171.2,10800.0
1,240517_calCSV_data.csv,1_C039,C039,TAT2,43,17,3.4,180.0,10811.0
1,240517_calCSV_data.csv,1_C040,C040,TAT2,43,18,9.0,0.0,11355.0
1,240517_calCSV_data.csv,1_C040,C040,TAT2,43,18,9.0,9.2,11357.0
1,240517_calCSV_data.csv,1_C040,C040,TAT2,43,18,9.0,18.0,11364.0
1,240517_calCSV_data.csv,1_C040,C040,TAT2,43,18,9.0,27.2,11372.0
1,240517_calCSV_data.csv,1_C040,C040,TAT2,43,18,9.0,36.0,11381.0
1,240517_calCSV_data.csv,1_C040,C040,TAT2,43,18,9.0,45.2,11396.0
1,240517_calCSV_data.csv,1_C040,C040,TAT2,43,18,9.0,54.0,11409.0
1,240517_calCSV_data.csv,1_C040,C040,TAT2,43,18,9.0,63.2,11419.0
1,240517_calCSV_data.csv,1_C040,C040,TAT2,43,18,9.0,72.0,11433.0
1,240517_calCSV_data.csv,1_C040,C040,TAT2,43,18,9.0,81.2,11445.0
1,240517_calCSV_data.csv,1_C040,C040,TAT2,43,18,9.0,90.0,11451.0
1,240517_calCSV_data.csv,1_C040,C040,TAT2,43,18,9.0,99.2,11469.0
1,240517_calCSV_data.csv,1_C040,C040,TAT2,43,18,9.0,108.0,11481.0
1,240517_calCSV_data.csv,1_C040,C040,TAT2,43,18,9.0,117.2,11493.0
1,240517_calCSV_data.csv,1_C040,C040,TAT2,43,18,9.0,126.0,11509.0
1,240517_calCSV_data.csv,1_C040,C040,TAT2,43,18,9.0,135.2,11523.0
1,240517_calCSV_data.csv,1_C040,C040,TAT2,43,18,9.0,144.0,11539.0
1,240517_calCSV_data.csv,1_C040,C040,TAT2,43,18,9.0,153.2,11548.0
1,240517_calCSV_data.csv,1_C040,C040,TAT2,43,18,9.0,162.0,11565.0
1,240517_calCSV_data.csv,1_C040,C040,TAT2,43,18,9.0,171.2,11580.0
1,240517_calCSV_data.csv,1_C040,C040,TAT2,43,18,9.0,180.0,11587.0
1,240517_calCSV_data.csv,1_C041,C041,TAT2,43,19,8.7,0.0,11474.0
1,240517_calCSV_data.csv,1_C041,C041,TAT2,43,19,8.7,9.2,11472.0
1,240517_calCSV_data.csv,1_C041,C041,TAT2,43,19,8.7,18.0,11478.0
1,240517_calCSV_data.csv,1_C041,C041,TAT2,43,19,8.7,27.2,11486.0
1,240517_calCSV_data.csv,1_C041,C041,TAT2,43,19,8.7,36.0,11497.0
1,240517_calCSV_data.csv,1_C041,C041,TAT2,43,19,8.7,45.2,11504.0
1,240517_calCSV_data.csv,1_C041,C041,TAT2,43,19,8.7,54.0,11520.0
1,240517_calCSV_data.csv,1_C041,C041,TAT2,43,19,8.7,63.2,11536.0
1,240517_calCSV_data.csv,1_C041,C041,TAT2,43,19,8.7,72.0,11547.0
1,240517_calCSV_data.csv,1_C041,C041,TAT2,43,19,8.7,81.2,11557.0
1,240517_calCSV_data.csv,1_C041,C041,TAT2,43,19,8.7,90.0,11569.0
1,240517_calCSV_data.csv,1_C041,C041,TAT2,43,19,8.7,99.2,11578.0
1,240517_calCSV_data.csv,1_C041,C041,TAT2,43,19,8.7,108.0,11593.0
1,240517_calCSV_data.csv,1_C041,C041,TAT2,43,19,8.7,117.2,11609.0
1,240517_calCSV_data.csv,1_C041,C041,TAT2,43,19,8.7,126.0,11618.0
1,240517_calCSV_data.csv,1_C041,C041,TAT2,43,19,8.7,135.2,11631.0
1,240517_calCSV_data.csv,1_C041,C041,TAT2,43,19,8.7,144.0,11649.0
1,240517_calCSV_data.csv,1_C041,C041,TAT2,43,19,8.7,153.2,11658.0
1,240517_calCSV_data.csv,1_C041,C041,TAT2,43,19,8.7,162.0,11675.0
1,240517_calCSV_data.csv,1_C041,C041,TAT2,43,19,8.7,171.2,11688.0
1,240517_calCSV_data.csv,1_C041,C041,TAT2,43,19,8.7,180.0,11700.0
1,240517_calCSV_data.csv,1_C042,C042,TAT2,43,20,8.3,0.0,11482.0
1,240517_calCSV_data.csv,1_C042,C042,TAT2,43,20,8.3,9.2,11491.0
1,240517_calCSV_data.csv,1_C042,C042,TAT2,43,20,8.3,18.0,11500.0
1,240517_calCSV_data.csv,1_C042,C042,TAT2,43,20,8.3,27.2,11511.0
1,240517_calCSV_data.csv,1_C042,C042,TAT2,43,20,8.3,36.0,11520.0
1,240517_calCSV_data.csv,1_C042,C042,TAT2,43,20,8.3,45.2,11536.0
1,240517_calCSV_data.csv,1_C042,C042,TAT2,43,20,8.3,54.0,11541.0
1,240517_calCSV_data.csv,1_C042,C042,TAT2,43,20,8.3,63.2,11557.0
1,240517_calCSV_data.csv,1_C042,C042,TAT2,43,20,8.3,72.0,11566.0
1,240517_calCSV_data.csv,1_C042,C042,TAT2,43,20,8.3,81.2,11582.0
1,240517_calCSV_data.csv,1_C042,C042,TAT2,43,20,8.3,90.0,11591.0
1,240517_calCSV_data.csv,1_C042,C042,TAT2,43,20,8.3,99.2,11603.0
1,240517_calCSV_data.csv,1_C042,C042,TAT2,43,20,8.3,108.0,11610.0
1,240517_calCSV_data.csv,1_C042,C042,TAT2,43,20,8.3,117.2,11628.0
1,240517_calCSV_data.csv,1_C042,C042,TAT2,43,20,8.3,126.0,11623.0
1,240517_calCSV_data.csv,1_C042,C042,TAT2,43,20,8.3,135.2,11656.0
1,240517_calCSV_data.csv,1_C042,C042,TAT2,43,20,8.3,144.0,11666.0
1,240517_calCSV_data.csv,1_C042,C042,TAT2,43,20,8.3,153.2,11674.0
1,240517_calCSV_data.csv,1_C042,C042,TAT2,43,20,8.3,162.0,11697.0
1,240517_calCSV_data.csv,1_C042,C042,TAT2,43,20,8.3,171.2,11706.0
1,240517_calCSV_data.csv,1_C042,C042,TAT2,43,20,8.3,180.0,11726.0
1,240517_calCSV_data.csv,1_C043,C043,TAT2,43,16,12.3,0.0,11305.0
1,240517_calCSV_data.csv,1_C043,C043,TAT2,43,16,12.3,9.2,11311.0
1,240517_calCSV_data.csv,1_C043,C043,TAT2,43,16,12.3,18.0,11311.0
1,240517_calCSV_data.csv,1_C043,C043,TAT2,43,16,12.3,27.2,11322.0
1,240517_calCSV_data.csv,1_C043,C043,TAT2,43,16,12.3,36.0,11328.0
1,240517_calCSV_data.csv,1_C043,C043,TAT2,43,16,12.3,45.2,11350.0
1,240517_calCSV_data.csv,1_C043,C043,TAT2,43,16,12.3,54.0,11362.0
1,240517_calCSV_data.csv,1_C043,C043,TAT2,43,16,12.3,63.2,11376.0
1,240517_calCSV_data.csv,1_C043,C043,TAT2,43,16,12.3,72.0,11383.0
1,240517_calCSV_data.csv,1_C043,C043,TAT2,43,16,12.3,81.2,11404.0
1,240517_calCSV_data.csv,1_C043,C043,TAT2,43,16,12.3,90.0,11420.0
1,240517_calCSV_data.csv,1_C043,C043,TAT2,43,16,12.3,99.2,11442.0
1,240517_calCSV_data.csv,1_C043,C043,TAT2,43,16,12.3,108.0,11450.0
1,240517_calCSV_data.csv,1_C043,C043,TAT2,43,16,12.3,117.2,11474.0
1,240517_calCSV_data.csv,1_C043,C043,TAT2,43,16,12.3,126.0,11487.0
1,240517_calCSV_data.csv,1_C043,C043,TAT2,43,16,12.3,135.2,11510.0
1,240517_calCSV_data.csv,1_C043,C043,TAT2,43,16,12.3,144.0,11529.0
1,240517_calCSV_data.csv,1_C043,C043,TAT2,43,16,12.3,153.2,11555.0
1,240517_calCSV_data.csv,1_C043,C043,TAT2,43,16,12.3,162.0,11574.0
1,240517_calCSV_data.csv,1_C043,C043,TAT2,43,16,12.3,171.2,11589.0
1,240517_calCSV_data.csv,1_C043,C043,TAT2,43,16,12.3,180.0,11610.0
1,240517_calCSV_data.csv,1_C044,C044,TAT2,43,17,13.3,0.0,11268.0
1,240517_calCSV_data.csv,1_C044,C044,TAT2,43,17,13.3,9.2,11277.0
1,240517_calCSV_data.csv,1_C044,C044,TAT2,43,17,13.3,18.0,11291.0
1,240517_calCSV_data.csv,1_C044,C044,TAT2,43,17,13.3,27.2,11296.0
1,240517_calCSV_data.csv,1_C044,C044,TAT2,43,17,13.3,36.0,11308.0
1,240517_calCSV_data.csv,1_C044,C044,TAT2,43,17,13.3,45.2,11327.0
1,240517_calCSV_data.csv,1_C044,C044,TAT2,43,17,13.3,54.0,11342.0
1,240517_calCSV_data.csv,1_C044,C044,TAT2,43,17,13.3,63.2,11357.0
1,240517_calCSV_data.csv,1_C044,C044,TAT2,43,17,13.3,72.0,11367.0
1,240517_calCSV_data.csv,1_C044,C044,TAT2,43,17,13.3,81.2,11381.0
1,240517_calCSV_data.csv,1_C044,C044,TAT2,43,17,13.3,90.0,11402.0
1,240517_calCSV_data.csv,1_C044,C044,TAT2,43,17,13.3,99.2,11414.0
1,240517_calCSV_data.csv,1_C044,C044,TAT2,43,17,13.3,108.0,11435.0
1,240517_calCSV_data.csv,1_C044,C044,TAT2,43,17,13.3,117.2,11453.0
1,240517_calCSV_data.csv,1_C044,C044,TAT2,43,17,13.3,126.0,11472.0
1,240517_calCSV_data.csv,1_C044,C044,TAT2,43,17,13.3,135.2,11492.0
1,240517_calCSV_data.csv,1_C044,C044,TAT2,43,17,13.3,144.0,11514.0
1,240517_calCSV_data.csv,1_C044,C044,TAT2,43,17,13.3,153.2,11537.0
1,240517_calCSV_data.csv,1_C044,C044,TAT2,43,17,13.3,162.0,11557.0
1,240517_calCSV_data.csv,1_C044,C044,TAT2,43,17,13.3,171.2,11580.0
1,240517_calCSV_data.csv,1_C044,C044,TAT2,43,17,13.3,180.0,11603.0
1,240517_calCSV_data.csv,1_C045,C045,TAT2,43,18,12.6,0.0,11280.0
1,240517_calCSV_data.csv,1_C045,C045,TAT2,43,18,12.6,9.2,11299.0
1,240517_calCSV_data.csv,1_C045,C045,TAT2,43,18,12.6,18.0,11303.0
1,240517_calCSV_data.csv,1_C045,C045,TAT2,43,18,12.6,27.2,11309.0
1,240517_calCSV_data.csv,1_C045,C045,TAT2,43,18,12.6,36.0,11320.0
1,240517_calCSV_data.csv,1_C045,C045,TAT2,43,18,12.6,45.2,11331.0
1,240517_calCSV_data.csv,1_C045,C045,TAT2,43,18,12.6,54.0,11348.0
1,240517_calCSV_data.csv,1_C045,C045,TAT2,43,18,12.6,63.2,11366.0
1,240517_calCSV_data.csv,1_C045,C045,TAT2,43,18,12.6,72.0,11376.0
1,240517_calCSV_data.csv,1_C045,C045,TAT2,43,18,12.6,81.2,11390.0
1,240517_calCSV_data.csv,1_C045,C045,TAT2,43,18,12.6,90.0,11407.0
1,240517_calCSV_data.csv,1_C045,C045,TAT2,43,18,12.6,99.2,11431.0
1,240517_calCSV_data.csv,1_C045,C045,TAT2,43,18,12.6,108.0,11444.0
1,240517_calCSV_data.csv,1_C045,C045,TAT2,43,18,12.6,117.2,11466.0
1,240517_calCSV_data.csv,1_C045,C045,TAT2,43,18,12.6,126.0,11485.0
1,240517_calCSV_data.csv,1_C045,C045,TAT2,43,18,12.6,135.2,11505.0
1,240517_calCSV_data.csv,1_C045,C045,TAT2,43,18,12.6,144.0,11524.0
1,240517_calCSV_data.csv,1_C045,C045,TAT2,43,18,12.6,153.2,11547.0
1,240517_calCSV_data.csv,1_C045,C045,TAT2,43,18,12.6,162.0,11563.0
1,240517_calCSV_data.csv,1_C045,C045,TAT2,43,18,12.6,171.2,11579.0
1,240517_calCSV_data.csv,1_C045,C045,TAT2,43,18,12.6,180.0,11593.0
1,240517_calCSV_data.csv,1_C046,C046,TAT2,43,18,16.8,0.0,11347.0
1,240517_calCSV_data.csv,1_C046,C046,TAT2,43,18,16.8,9.2,11351.0
1,240517_calCSV_data.csv,1_C046,C046,TAT2,43,18,16.8,18.0,11357.0
1,240517_calCSV_data.csv,1_C046,C046,TAT2,43,18,16.8,27.2,11376.0
1,240517_calCSV_data.csv,1_C046,C046,TAT2,43,18,16.8,36.0,11386.0
1,240517_calCSV_data.csv,1_C046,C046,TAT2,43,18,16.8,45.2,11406.0
1,240517_calCSV_data.csv,1_C046,C046,TAT2,43,18,16.8,54.0,11427.0
1,240517_calCSV_data.csv,1_C046,C046,TAT2,43,18,16.8,63.2,11442.0
1,240517_calCSV_data.csv,1_C046,C046,TAT2,43,18,16.8,72.0,11467.0
1,240517_calCSV_data.csv,1_C046,C046,TAT2,43,18,16.8,81.2,11488.0
1,240517_calCSV_data.csv,1_C046,C046,TAT2,43,18,16.8,90.0,11507.0
1,240517_calCSV_data.csv,1_C046,C046,TAT2,43,18,16.8,99.2,11531.0
1,240517_calCSV_data.csv,1_C046,C046,TAT2,43,18,16.8,108.0,11560.0
1,240517_calCSV_data.csv,1_C046,C046,TAT2,43,18,16.8,117.2,11578.0
1,240517_calCSV_data.csv,1_C046,C046,TAT2,43,18,16.8,126.0,11609.0
1,240517_calCSV_data.csv,1_C046,C046,TAT2,43,18,16.8,135.2,11629.0
1,240517_calCSV_data.csv,1_C046,C046,TAT2,43,18,16.8,144.0,11655.0
1,240517_calCSV_data.csv,1_C046,C046,TAT2,43,18,16.8,153.2,11681.0
1,240517_calCSV_data.csv,1_C046,C046,TAT2,43,18,16.8,162.0,11709.0
1,240517_calCSV_data.csv,1_C046,C046,TAT2,43,18,16.8,171.2,11740.0
1,240517_calCSV_data.csv,1_C046,C046,TAT2,43,18,16.8,180.0,11766.0
1,240517_calCSV_data.csv,1_C047,C047,TAT2,43,19,16.7,0.0,11464.0
1,240517_calCSV_data.csv,1_C047,C047,TAT2,43,19,16.7,9.2,11461.0
1,240517_calCSV_data.csv,1_C047,C047,TAT2,43,19,16.7,18.0,11476.0
1,240517_calCSV_data.csv,1_C047,C047,TAT2,43,19,16.7,27.2,11484.0
1,240517_calCSV_data.csv,1_C047,C047,TAT2,43,19,16.7,36.0,11497.0
1,240517_calCSV_data.csv,1_C047,C047,TAT2,43,19,16.7,45.2,11520.0
1,240517_calCSV_data.csv,1_C047,C047,TAT2,43,19,16.7,54.0,11536.0
1,240517_calCSV_data.csv,1_C047,C047,TAT2,43,19,16.7,63.2,11553.0
1,240517_calCSV_data.csv,1_C047,C047,TAT2,43,19,16.7,72.0,11575.0
1,240517_calCSV_data.csv,1_C047,C047,TAT2,43,19,16.7,81.2,11599.0
1,240517_calCSV_data.csv,1_C047,C047,TAT2,43,19,16.7,90.0,11617.0
1,240517_calCSV_data.csv,1_C047,C047,TAT2,43,19,16.7,99.2,11642.0
1,240517_calCSV_data.csv,1_C047,C047,TAT2,43,19,16.7,108.0,11666.0
1,240517_calCSV_data.csv,1_C047,C047,TAT2,43,19,16.7,117.2,11691.0
1,240517_calCSV_data.csv,1_C047,C047,TAT2,43,19,16.7,126.0,11716.0
1,240517_calCSV_data.csv,1_C047,C047,TAT2,43,19,16.7,135.2,11743.0
1,240517_calCSV_data.csv,1_C047,C047,TAT2,43,19,16.7,144.0,11771.0
1,240517_calCSV_data.csv,1_C047,C047,TAT2,43,19,16.7,153.2,11798.0
1,240517_calCSV_data.csv,1_C047,C047,TAT2,43,19,16.7,162.0,11826.0
1,240517_calCSV_data.csv,1_C047,C047,TAT2,43,19,16.7,171.2,11849.0
1,240517_calCSV_data.csv,1_C047,C047,TAT2,43,19,16.7,180.0,11878.0
1,240517_calCSV_data.csv,1_C048,C048,TAT2,43,20,17.0,0.0,11379.0
1,240517_calCSV_data.csv,1_C048,C048,TAT2,43,20,17.0,9.2,11404.0
1,240517_calCSV_data.csv,1_C048,C048,TAT2,43,20,17.0,18.0,11414.0
1,240517_calCSV_data.csv,1_C048,C048,TAT2,43,20,17.0,27.2,11429.0
1,240517_calCSV_data.csv,1_C048,C048,TAT2,43,20,17.0,36.0,11443.0
1,240517_calCSV_data.csv,1_C048,C048,TAT2,43,20,17.0,45.2,11463.0
1,240517_calCSV_data.csv,1_C048,C048,TAT2,43,20,17.0,54.0,11479.0
1,240517_calCSV_data.csv,1_C048,C048,TAT2,43,20,17.0,63.2,11505.0
1,240517_calCSV_data.csv,1_C048,C048,TAT2,43,20,17.0,72.0,11514.0
1,240517_calCSV_data.csv,1_C048,C048,TAT2,43,20,17.0,81.2,11536.0
1,240517_calCSV_data.csv,1_C048,C048,TAT2,43,20,17.0,90.0,11557.0
1,240517_calCSV_data.csv,1_C048,C048,TAT2,43,20,17.0,99.2,11574.0
1,240517_calCSV_data.csv,1_C048,C048,TAT2,43,20,17.0,108.0,11603.0
1,240517_calCSV_data.csv,1_C048,C048,TAT2,43,20,17.0,117.2,11630.0
1,240517_calCSV_data.csv,1_C048,C048,TAT2,43,20,17.0,126.0,11653.0
1,240517_calCSV_data.csv,1_C048,C048,TAT2,43,20,17.0,135.2,11690.0
1,240517_calCSV_data.csv,1_C048,C048,TAT2,43,20,17.0,144.0,11715.0
1,240517_calCSV_data.csv,1_C048,C048,TAT2,43,20,17.0,153.2,11739.0
1,240517_calCSV_data.csv,1_C048,C048,TAT2,43,20,17.0,162.0,11768.0
1,240517_calCSV_data.csv,1_C048,C048,TAT2,43,20,17.0,171.2,11791.0
1,240517_calCSV_data.csv,1_C048,C048,TAT2,43,20,17.0,180.0,11827.0
1,240517_calCSV_data.csv,1_C049,C049,TAT2,43,18,27.1,0.0,11371.0
1,240517_calCSV_data.csv,1_C049,C049,TAT2,43,18,27.1,9.2,11371.0
1,240517_calCSV_data.csv,1_C049,C049,TAT2,43,18,27.1,18.0,11385.0
1,240517_calCSV_data.csv,1_C049,C049,TAT2,43,18,27.1,27.2,11406.0
1,240517_calCSV_data.csv,1_C049,C049,TAT2,43,18,27.1,36.0,11426.0
1,240517_calCSV_data.csv,1_C049,C049,TAT2,43,18,27.1,45.2,11451.0
1,240517_calCSV_data.csv,1_C049,C049,TAT2,43,18,27.1,54.0,11477.0
1,240517_calCSV_data.csv,1_C049,C049,TAT2,43,18,27.1,63.2,11508.0
1,240517_calCSV_data.csv,1_C049,C049,TAT2,43,18,27.1,72.0,11546.0
1,240517_calCSV_data.csv,1_C049,C049,TAT2,43,18,27.1,81.2,11570.0
1,240517_calCSV_data.csv,1_C049,C049,TAT2,43,18,27.1,90.0,11603.0
1,240517_calCSV_data.csv,1_C049,C049,TAT2,43,18,27.1,99.2,11641.0
1,240517_calCSV_data.csv,1_C049,C049,TAT2,43,18,27.1,108.0,11677.0
1,240517_calCSV_data.csv,1_C049,C049,TAT2,43,18,27.1,117.2,11717.0
1,240517_calCSV_data.csv,1_C049,C049,TAT2,43,18,27.1,126.0,11757.0
1,240517_calCSV_data.csv,1_C049,C049,TAT2,43,18,27.1,135.2,11801.0
1,240517_calCSV_data.csv,1_C049,C049,TAT2,43,18,27.1,144.0,11839.0
1,240517_calCSV_data.csv,1_C049,C049,TAT2,43,18,27.1,153.2,11885.0
1,240517_calCSV_data.csv,1_C049,C049,TAT2,43,18,27.1,162.0,11929.0
1,240517_calCSV_data.csv,1_C049,C049,TAT2,43,18,27.1,171.2,11976.0
1,240517_calCSV_data.csv,1_C049,C049,TAT2,43,18,27.1,180.0,12019.0
1,240517_calCSV_data.csv,1_C050,C050,TAT2,43,19,27.3,0.0,11464.0
1,240517_calCSV_data.csv,1_C050,C050,TAT2,43,19,27.3,9.2,11476.0
1,240517_calCSV_data.csv,1_C050,C050,TAT2,43,19,27.3,18.0,11491.0
1,240517_calCSV_data.csv,1_C050,C050,TAT2,43,19,27.3,27.2,11509.0
1,240517_calCSV_data.csv,1_C050,C050,TAT2,43,19,27.3,36.0,11530.0
1,240517_calCSV_data.csv,1_C050,C050,TAT2,43,19,27.3,45.2,11555.0
1,240517_calCSV_data.csv,1_C050,C050,TAT2,43,19,27.3,54.0,11583.0
1,240517_calCSV_data.csv,1_C050,C050,TAT2,43,19,27.3,63.2,11611.0
1,240517_calCSV_data.csv,1_C050,C050,TAT2,43,19,27.3,72.0,11632.0
1,240517_calCSV_data.csv,1_C050,C050,TAT2,43,19,27.3,81.2,11678.0
1,240517_calCSV_data.csv,1_C050,C050,TAT2,43,19,27.3,90.0,11705.0
1,240517_calCSV_data.csv,1_C050,C050,TAT2,43,19,27.3,99.2,11749.0
1,240517_calCSV_data.csv,1_C050,C050,TAT2,43,19,27.3,108.0,11789.0
1,240517_calCSV_data.csv,1_C050,C050,TAT2,43,19,27.3,117.2,11823.0
1,240517_calCSV_data.csv,1_C050,C050,TAT2,43,19,27.3,126.0,11866.0
1,240517_calCSV_data.csv,1_C050,C050,TAT2,43,19,27.3,135.2,11904.0
1,240517_calCSV_data.csv,1_C050,C050,TAT2,43,19,27.3,144.0,11946.0
1,240517_calCSV_data.csv,1_C050,C050,TAT2,43,19,27.3,153.2,11994.0
1,240517_calCSV_data.csv,1_C050,C050,TAT2,43,19,27.3,162.0,12035.0
1,240517_calCSV_data.csv,1_C050,C050,TAT2,43,19,27.3,171.2,12087.0
1,240517_calCSV_data.csv,1_C050,C050,TAT2,43,19,27.3,180.0,12132.0
1,240517_calCSV_data.csv,1_C051,C051,TAT2,43,20,26.6,0.0,11491.0
1,240517_calCSV_data.csv,1_C051,C051,TAT2,43,20,26.6,9.2,11497.0
1,240517_calCSV_data.csv,1_C051,C051,TAT2,43,20,26.6,18.0,11518.0
1,240517_calCSV_data.csv,1_C051,C051,TAT2,43,20,26.6,27.2,11535.0
1,240517_calCSV_data.csv,1_C051,C051,TAT2,43,20,26.6,36.0,11553.0
1,240517_calCSV_data.csv,1_C051,C051,TAT2,43,20,26.6,45.2,11582.0
1,240517_calCSV_data.csv,1_C051,C051,TAT2,43,20,26.6,54.0,11612.0
1,240517_calCSV_data.csv,1_C051,C051,TAT2,43,20,26.6,63.2,11634.0
1,240517_calCSV_data.csv,1_C051,C051,TAT2,43,20,26.6,72.0,11667.0
1,240517_calCSV_data.csv,1_C051,C051,TAT2,43,20,26.6,81.2,11699.0
1,240517_calCSV_data.csv,1_C051,C051,TAT2,43,20,26.6,90.0,11735.0
1,240517_calCSV_data.csv,1_C051,C051,TAT2,43,20,26.6,99.2,11774.0
1,240517_calCSV_data.csv,1_C051,C051,TAT2,43,20,26.6,108.0,11814.0
1,240517_calCSV_data.csv,1_C051,C051,TAT2,43,20,26.6,117.2,11847.0
1,240517_calCSV_data.csv,1_C051,C051,TAT2,43,20,26.6,126.0,11889.0
1,240517_calCSV_data.csv,1_C051,C051,TAT2,43,20,26.6,135.2,11929.0
1,240517_calCSV_data.csv,1_C051,C051,TAT2,43,20,26.6,144.0,11971.0
1,240517_calCSV_data.csv,1_C051,C051,TAT2,43,20,26.6,153.2,12012.0
1,240517_calCSV_data.csv,1_C051,C051,TAT2,43,20,26.6,162.0,12057.0
1,240517_calCSV_data.csv,1_C051,C051,TAT2,43,20,26.6,171.2,12098.0
1,240517_calCSV_data.csv,1_C051,C051,TAT2,43,20,26.6,180.0,12151.0
1,240517_calCSV_data.csv,1_C052,C052,TAT2,43,18,40.2,0.0,11351.0
1,240517_calCSV_data.csv,1_C052,C052,TAT2,43,18,40.2,9.2,11363.0
1,240517_calCSV_data.csv,1_C052,C052,TAT2,43,18,40.2,18.0,11383.0
1,240517_calCSV_data.csv,1_C052,C052,TAT2,43,18,40.2,27.2,11405.0
1,240517_calCSV_data.csv,1_C052,C052,TAT2,43,18,40.2,36.0,11440.0
1,240517_calCSV_data.csv,1_C052,C052,TAT2,43,18,40.2,45.2,11475.0
1,240517_calCSV_data.csv,1_C052,C052,TAT2,43,18,40.2,54.0,11517.0
1,240517_calCSV_data.csv,1_C052,C052,TAT2,43,18,40.2,63.2,11562.0
1,240517_calCSV_data.csv,1_C052,C052,TAT2,43,18,40.2,72.0,11609.0
1,240517_calCSV_data.csv,1_C052,C052,TAT2,43,18,40.2,81.2,11656.0
1,240517_calCSV_data.csv,1_C052,C052,TAT2,43,18,40.2,90.0,11705.0
1,240517_calCSV_data.csv,1_C052,C052,TAT2,43,18,40.2,99.2,11766.0
1,240517_calCSV_data.csv,1_C052,C052,TAT2,43,18,40.2,108.0,11820.0
1,240517_calCSV_data.csv,1_C052,C052,TAT2,43,18,40.2,117.2,11881.0
1,240517_calCSV_data.csv,1_C052,C052,TAT2,43,18,40.2,126.0,11938.0
1,240517_calCSV_data.csv,1_C052,C052,TAT2,43,18,40.2,135.2,12007.0
1,240517_calCSV_data.csv,1_C052,C052,TAT2,43,18,40.2,144.0,12061.0
1,240517_calCSV_data.csv,1_C052,C052,TAT2,43,18,40.2,153.2,12132.0
1,240517_calCSV_data.csv,1_C052,C052,TAT2,43,18,40.2,162.0,12194.0
1,240517_calCSV_data.csv,1_C052,C052,TAT2,43,18,40.2,171.2,12259.0
1,240517_calCSV_data.csv,1_C052,C052,TAT2,43,18,40.2,180.0,12330.0
1,240517_calCSV_data.csv,1_C053,C053,TAT2,43,19,41.3,0.0,11457.0
1,240517_calCSV_data.csv,1_C053,C053,TAT2,43,19,41.3,9.2,11479.0
1,240517_calCSV_data.csv,1_C053,C053,TAT2,43,19,41.3,18.0,11498.0
1,240517_calCSV_data.csv,1_C053,C053,TAT2,43,19,41.3,27.2,11529.0
1,240517_calCSV_data.csv,1_C053,C053,TAT2,43,19,41.3,36.0,11551.0
1,240517_calCSV_data.csv,1_C053,C053,TAT2,43,19,41.3,45.2,11593.0
1,240517_calCSV_data.csv,1_C053,C053,TAT2,43,19,41.3,54.0,11630.0
1,240517_calCSV_data.csv,1_C053,C053,TAT2,43,19,41.3,63.2,11678.0
1,240517_calCSV_data.csv,1_C053,C053,TAT2,43,19,41.3,72.0,11724.0
1,240517_calCSV_data.csv,1_C053,C053,TAT2,43,19,41.3,81.2,11776.0
1,240517_calCSV_data.csv,1_C053,C053,TAT2,43,19,41.3,90.0,11830.0
1,240517_calCSV_data.csv,1_C053,C053,TAT2,43,19,41.3,99.2,11884.0
1,240517_calCSV_data.csv,1_C053,C053,TAT2,43,19,41.3,108.0,11949.0
1,240517_calCSV_data.csv,1_C053,C053,TAT2,43,19,41.3,117.2,12006.0
1,240517_calCSV_data.csv,1_C053,C053,TAT2,43,19,41.3,126.0,12065.0
1,240517_calCSV_data.csv,1_C053,C053,TAT2,43,19,41.3,135.2,12140.0
1,240517_calCSV_data.csv,1_C053,C053,TAT2,43,19,41.3,144.0,12198.0
1,240517_calCSV_data.csv,1_C053,C053,TAT2,43,19,41.3,153.2,12266.0
1,240517_calCSV_data.csv,1_C053,C053,TAT2,43,19,41.3,162.0,12323.0
1,240517_calCSV_data.csv,1_C053,C053,TAT2,43,19,41.3,171.2,12396.0
1,240517_calCSV_data.csv,1_C053,C053,TAT2,43,19,41.3,180.0,12453.0
1,240517_calCSV_data.csv,1_C054,C054,TAT2,43,20,39.0,0.0,11409.0
1,240517_calCSV_data.csv,1_C054,C054,TAT2,43,20,39.0,9.2,11427.0
1,240517_calCSV_data.csv,1_C054,C054,TAT2,43,20,39.0,18.0,11441.0
1,240517_calCSV_data.csv,1_C054,C054,TAT2,43,20,39.0,27.2,11474.0
1,240517_calCSV_data.csv,1_C054,C054,TAT2,43,20,39.0,36.0,11504.0
1,240517_calCSV_data.csv,1_C054,C054,TAT2,43,20,39.0,45.2,11539.0
1,240517_calCSV_data.csv,1_C054,C054,TAT2,43,20,39.0,54.0,11559.0
1,240517_calCSV_data.csv,1_C054,C054,TAT2,43,20,39.0,63.2,11631.0
1,240517_calCSV_data.csv,1_C054,C054,TAT2,43,20,39.0,72.0,11664.0
1,240517_calCSV_data.csv,1_C054,C054,TAT2,43,20,39.0,81.2,11719.0
1,240517_calCSV_data.csv,1_C054,C054,TAT2,43,20,39.0,90.0,11771.0
1,240517_calCSV_data.csv,1_C054,C054,TAT2,43,20,39.0,99.2,11823.0
1,240517_calCSV_data.csv,1_C054,C054,TAT2,43,20,39.0,108.0,11874.0
1,240517_calCSV_data.csv,1_C054,C054,TAT2,43,20,39.0,117.2,11931.0
1,240517_calCSV_data.csv,1_C054,C054,TAT2,43,20,39.0,126.0,11992.0
1,240517_calCSV_data.csv,1_C054,C054,TAT2,43,20,39.0,135.2,12046.0
1,240517_calCSV_data.csv,1_C054,C054,TAT2,43,20,39.0,144.0,12109.0
1,240517_calCSV_data.csv,1_C054,C054,TAT2,43,20,39.0,153.2,12172.0
1,240517_calCSV_data.csv,1_C054,C054,TAT2,43,20,39.0,162.0,12236.0
1,240517_calCSV_data.csv,1_C054,C054,TAT2,43,20,39.0,171.2,12304.0
1,240517_calCSV_data.csv,1_C054,C054,TAT2,43,20,39.0,180.0,12362.0
1,240517_calCSV_data.csv,1_C055,C055,TAT3,44,18,4.3,0.0,10790.0
1,240517_calCSV_data.csv,1_C055,C055,TAT3,44,18,4.3,9.2,10786.0
1,240517_calCSV_data.csv,1_C055,C055,TAT3,44,18,4.3,18.0,10787.0
1,240517_calCSV_data.csv,1_C055,C055,TAT3,44,18,4.3,27.2,10790.0
1,240517_calCSV_data.csv,1_C055,C055,TAT3,44,18,4.3,36.0,10796.0
1,240517_calCSV_data.csv,1_C055,C055,TAT3,44,18,4.3,45.2,10797.0
1,240517_calCSV_data.csv,1_C055,C055,TAT3,44,18,4.3,54.0,10801.0
1,240517_calCSV_data.csv,1_C055,C055,TAT3,44,18,4.3,63.2,10807.0
1,240517_calCSV_data.csv,1_C055,C055,TAT3,44,18,4.3,72.0,10814.0
1,240517_calCSV_data.csv,1_C055,C055,TAT3,44,18,4.3,81.2,10819.0
1,240517_calCSV_data.csv,1_C055,C055,TAT3,44,18,4.3,90.0,10824.0
1,240517_calCSV_data.csv,1_C055,C055,TAT3,44,18,4.3,99.2,10830.0
1,240517_calCSV_data.csv,1_C055,C055,TAT3,44,18,4.3,108.0,10840.0
1,240517_calCSV_data.csv,1_C055,C055,TAT3,44,18,4.3,117.2,10842.0
1,240517_calCSV_data.csv,1_C055,C055,TAT3,44,18,4.3,126.0,10849.0
1,240517_calCSV_data.csv,1_C055,C055,TAT3,44,18,4.3,135.2,10856.0
1,240517_calCSV_data.csv,1_C055,C055,TAT3,44,18,4.3,144.0,10861.0
1,240517_calCSV_data.csv,1_C055,C055,TAT3,44,18,4.3,153.2,10870.0
1,240517_calCSV_data.csv,1_C055,C055,TAT3,44,18,4.3,162.0,10878.0
1,240517_calCSV_data.csv,1_C055,C055,TAT3,44,18,4.3,171.2,10883.0
1,240517_calCSV_data.csv,1_C055,C055,TAT3,44,18,4.3,180.0,10893.0
1,240517_calCSV_data.csv,1_C056,C056,TAT3,44,19,3.9,0.0,10875.0
1,240517_calCSV_data.csv,1_C056,C056,TAT3,44,19,3.9,9.2,10871.0
1,240517_calCSV_data.csv,1_C056,C056,TAT3,44,19,3.9,18.0,10876.0
1,240517_calCSV_data.csv,1_C056,C056,TAT3,44,19,3.9,27.2,10878.0
1,240517_calCSV_data.csv,1_C056,C056,TAT3,44,19,3.9,36.0,10880.0
1,240517_calCSV_data.csv,1_C056,C056,TAT3,44,19,3.9,45.2,10885.0
1,240517_calCSV_data.csv,1_C056,C056,TAT3,44,19,3.9,54.0,10888.0
1,240517_calCSV_data.csv,1_C056,C056,TAT3,44,19,3.9,63.2,10894.0
1,240517_calCSV_data.csv,1_C056,C056,TAT3,44,19,3.9,72.0,10899.0
1,240517_calCSV_data.csv,1_C056,C056,TAT3,44,19,3.9,81.2,10904.0
1,240517_calCSV_data.csv,1_C056,C056,TAT3,44,19,3.9,90.0,10910.0
1,240517_calCSV_data.csv,1_C056,C056,TAT3,44,19,3.9,99.2,10913.0
1,240517_calCSV_data.csv,1_C056,C056,TAT3,44,19,3.9,108.0,10920.0
1,240517_calCSV_data.csv,1_C056,C056,TAT3,44,19,3.9,117.2,10925.0
1,240517_calCSV_data.csv,1_C056,C056,TAT3,44,19,3.9,126.0,10931.0
1,240517_calCSV_data.csv,1_C056,C056,TAT3,44,19,3.9,135.2,10935.0
1,240517_calCSV_data.csv,1_C056,C056,TAT3,44,19,3.9,144.0,10940.0
1,240517_calCSV_data.csv,1_C056,C056,TAT3,44,19,3.9,153.2,10945.0
1,240517_calCSV_data.csv,1_C056,C056,TAT3,44,19,3.9,162.0,10952.0
1,240517_calCSV_data.csv,1_C056,C056,TAT3,44,19,3.9,171.2,10963.0
1,240517_calCSV_data.csv,1_C056,C056,TAT3,44,19,3.9,180.0,10971.0
1,240517_calCSV_data.csv,1_C057,C057,TAT3,44,20,4.5,0.0,10898.0
1,240517_calCSV_data.csv,1_C057,C057,TAT3,44,20,4.5,9.2,10899.0
1,240517_calCSV_data.csv,1_C057,C057,TAT3,44,20,4.5,18.0,10896.0
1,240517_calCSV_data.csv,1_C057,C057,TAT3,44,20,4.5,27.2,10900.0
1,240517_calCSV_data.csv,1_C057,C057,TAT3,44,20,4.5,36.0,10905.0
1,240517_calCSV_data.csv,1_C057,C057,TAT3,44,20,4.5,45.2,10915.0
1,240517_calCSV_data.csv,1_C057,C057,TAT3,44,20,4.5,54.0,10913.0
1,240517_calCSV_data.csv,1_C057,C057,TAT3,44,20,4.5,63.2,10920.0
1,240517_calCSV_data.csv,1_C057,C057,TAT3,44,20,4.5,72.0,10922.0
1,240517_calCSV_data.csv,1_C057,C057,TAT3,44,20,4.5,81.2,10928.0
1,240517_calCSV_data.csv,1_C057,C057,TAT3,44,20,4.5,90.0,10915.0
1,240517_calCSV_data.csv,1_C057,C057,TAT3,44,20,4.5,99.2,10940.0
1,240517_calCSV_data.csv,1_C057,C057,TAT3,44,20,4.5,108.0,10947.0
1,240517_calCSV_data.csv,1_C057,C057,TAT3,44,20,4.5,117.2,10955.0
1,240517_calCSV_data.csv,1_C057,C057,TAT3,44,20,4.5,126.0,10961.0
1,240517_calCSV_data.csv,1_C057,C057,TAT3,44,20,4.5,135.2,10967.0
1,240517_calCSV_data.csv,1_C057,C057,TAT3,44,20,4.5,144.0,10973.0
1,240517_calCSV_data.csv,1_C057,C057,TAT3,44,20,4.5,153.2,10985.0
1,240517_calCSV_data.csv,1_C057,C057,TAT3,44,20,4.5,162.0,10992.0
1,240517_calCSV_data.csv,1_C057,C057,TAT3,44,20,4.5,171.2,10995.0
1,240517_calCSV_data.csv,1_C057,C057,TAT3,44,20,4.5,180.0,10999.0
1,240517_calCSV_data.csv,1_C058,C058,TAT3,44,15,9.3,0.0,11379.0
1,240517_calCSV_data.csv,1_C058,C058,TAT3,44,15,9.3,9.2,11382.0
1,240517_calCSV_data.csv,1_C058,C058,TAT3,44,15,9.3,18.0,11387.0
1,240517_calCSV_data.csv,1_C058,C058,TAT3,44,15,9.3,27.2,11397.0
1,240517_calCSV_data.csv,1_C058,C058,TAT3,44,15,9.3,36.0,11403.0
1,240517_calCSV_data.csv,1_C058,C058,TAT3,44,15,9.3,45.2,11419.0
1,240517_calCSV_data.csv,1_C058,C058,TAT3,44,15,9.3,54.0,11426.0
1,240517_calCSV_data.csv,1_C058,C058,TAT3,44,15,9.3,63.2,11443.0
1,240517_calCSV_data.csv,1_C058,C058,TAT3,44,15,9.3,72.0,11452.0
1,240517_calCSV_data.csv,1_C058,C058,TAT3,44,15,9.3,81.2,11460.0
1,240517_calCSV_data.csv,1_C058,C058,TAT3,44,15,9.3,90.0,11478.0
1,240517_calCSV_data.csv,1_C058,C058,TAT3,44,15,9.3,99.2,11483.0
1,240517_calCSV_data.csv,1_C058,C058,TAT3,44,15,9.3,108.0,11501.0
1,240517_calCSV_data.csv,1_C058,C058,TAT3,44,15,9.3,117.2,11515.0
1,240517_calCSV_data.csv,1_C058,C058,TAT3,44,15,9.3,126.0,11530.0
1,240517_calCSV_data.csv,1_C058,C058,TAT3,44,15,9.3,135.2,11542.0
1,240517_calCSV_data.csv,1_C058,C058,TAT3,44,15,9.3,144.0,11552.0
1,240517_calCSV_data.csv,1_C058,C058,TAT3,44,15,9.3,153.2,11570.0
1,240517_calCSV_data.csv,1_C058,C058,TAT3,44,15,9.3,162.0,11588.0
1,240517_calCSV_data.csv,1_C058,C058,TAT3,44,15,9.3,171.2,11599.0
1,240517_calCSV_data.csv,1_C058,C058,TAT3,44,15,9.3,180.0,11617.0
1,240517_calCSV_data.csv,1_C059,C059,TAT3,44,16,9.3,0.0,11334.0
1,240517_calCSV_data.csv,1_C059,C059,TAT3,44,16,9.3,9.2,11353.0
1,240517_calCSV_data.csv,1_C059,C059,TAT3,44,16,9.3,18.0,11359.0
1,240517_calCSV_data.csv,1_C059,C059,TAT3,44,16,9.3,27.2,11371.0
1,240517_calCSV_data.csv,1_C059,C059,TAT3,44,16,9.3,36.0,11379.0
1,240517_calCSV_data.csv,1_C059,C059,TAT3,44,16,9.3,45.2,11389.0
1,240517_calCSV_data.csv,1_C059,C059,TAT3,44,16,9.3,54.0,11402.0
1,240517_calCSV_data.csv,1_C059,C059,TAT3,44,16,9.3,63.2,11418.0
1,240517_calCSV_data.csv,1_C059,C059,TAT3,44,16,9.3,72.0,11429.0
1,240517_calCSV_data.csv,1_C059,C059,TAT3,44,16,9.3,81.2,11439.0
1,240517_calCSV_data.csv,1_C059,C059,TAT3,44,16,9.3,90.0,11450.0
1,240517_calCSV_data.csv,1_C059,C059,TAT3,44,16,9.3,99.2,11461.0
1,240517_calCSV_data.csv,1_C059,C059,TAT3,44,16,9.3,108.0,11474.0
1,240517_calCSV_data.csv,1_C059,C059,TAT3,44,16,9.3,117.2,11487.0
1,240517_calCSV_data.csv,1_C059,C059,TAT3,44,16,9.3,126.0,11506.0
1,240517_calCSV_data.csv,1_C059,C059,TAT3,44,16,9.3,135.2,11520.0
1,240517_calCSV_data.csv,1_C059,C059,TAT3,44,16,9.3,144.0,11534.0
1,240517_calCSV_data.csv,1_C059,C059,TAT3,44,16,9.3,153.2,11549.0
1,240517_calCSV_data.csv,1_C059,C059,TAT3,44,16,9.3,162.0,11557.0
1,240517_calCSV_data.csv,1_C059,C059,TAT3,44,16,9.3,171.2,11578.0
1,240517_calCSV_data.csv,1_C059,C059,TAT3,44,16,9.3,180.0,11589.0
1,240517_calCSV_data.csv,1_C060,C060,TAT3,44,17,8.9,0.0,11312.0
1,240517_calCSV_data.csv,1_C060,C060,TAT3,44,17,8.9,9.2,11310.0
1,240517_calCSV_data.csv,1_C060,C060,TAT3,44,17,8.9,18.0,11324.0
1,240517_calCSV_data.csv,1_C060,C060,TAT3,44,17,8.9,27.2,11327.0
1,240517_calCSV_data.csv,1_C060,C060,TAT3,44,17,8.9,36.0,11337.0
1,240517_calCSV_data.csv,1_C060,C060,TAT3,44,17,8.9,45.2,11351.0
1,240517_calCSV_data.csv,1_C060,C060,TAT3,44,17,8.9,54.0,11356.0
1,240517_calCSV_data.csv,1_C060,C060,TAT3,44,17,8.9,63.2,11369.0
1,240517_calCSV_data.csv,1_C060,C060,TAT3,44,17,8.9,72.0,11382.0
1,240517_calCSV_data.csv,1_C060,C060,TAT3,44,17,8.9,81.2,11399.0
1,240517_calCSV_data.csv,1_C060,C060,TAT3,44,17,8.9,90.0,11410.0
1,240517_calCSV_data.csv,1_C060,C060,TAT3,44,17,8.9,99.2,11422.0
1,240517_calCSV_data.csv,1_C060,C060,TAT3,44,17,8.9,108.0,11433.0
1,240517_calCSV_data.csv,1_C060,C060,TAT3,44,17,8.9,117.2,11446.0
1,240517_calCSV_data.csv,1_C060,C060,TAT3,44,17,8.9,126.0,11459.0
1,240517_calCSV_data.csv,1_C060,C060,TAT3,44,17,8.9,135.2,11472.0
1,240517_calCSV_data.csv,1_C060,C060,TAT3,44,17,8.9,144.0,11488.0
1,240517_calCSV_data.csv,1_C060,C060,TAT3,44,17,8.9,153.2,11505.0
1,240517_calCSV_data.csv,1_C060,C060,TAT3,44,17,8.9,162.0,11522.0
1,240517_calCSV_data.csv,1_C060,C060,TAT3,44,17,8.9,171.2,11532.0
1,240517_calCSV_data.csv,1_C060,C060,TAT3,44,17,8.9,180.0,11544.0
1,240517_calCSV_data.csv,1_C061,C061,TAT3,44,19,12.9,0.0,11518.0
1,240517_calCSV_data.csv,1_C061,C061,TAT3,44,19,12.9,9.2,11515.0
1,240517_calCSV_data.csv,1_C061,C061,TAT3,44,19,12.9,18.0,11522.0
1,240517_calCSV_data.csv,1_C061,C061,TAT3,44,19,12.9,27.2,11537.0
1,240517_calCSV_data.csv,1_C061,C061,TAT3,44,19,12.9,36.0,11549.0
1,240517_calCSV_data.csv,1_C061,C061,TAT3,44,19,12.9,45.2,11559.0
1,240517_calCSV_data.csv,1_C061,C061,TAT3,44,19,12.9,54.0,11573.0
1,240517_calCSV_data.csv,1_C061,C061,TAT3,44,19,12.9,63.2,11593.0
1,240517_calCSV_data.csv,1_C061,C061,TAT3,44,19,12.9,72.0,11605.0
1,240517_calCSV_data.csv,1_C061,C061,TAT3,44,19,12.9,81.2,11623.0
1,240517_calCSV_data.csv,1_C061,C061,TAT3,44,19,12.9,90.0,11636.0
1,240517_calCSV_data.csv,1_C061,C061,TAT3,44,19,12.9,99.2,11658.0
1,240517_calCSV_data.csv,1_C061,C061,TAT3,44,19,12.9,108.0,11671.0
1,240517_calCSV_data.csv,1_C061,C061,TAT3,44,19,12.9,117.2,11690.0
1,240517_calCSV_data.csv,1_C061,C061,TAT3,44,19,12.9,126.0,11709.0
1,240517_calCSV_data.csv,1_C061,C061,TAT3,44,19,12.9,135.2,11727.0
1,240517_calCSV_data.csv,1_C061,C061,TAT3,44,19,12.9,144.0,11751.0
1,240517_calCSV_data.csv,1_C061,C061,TAT3,44,19,12.9,153.2,11774.0
1,240517_calCSV_data.csv,1_C061,C061,TAT3,44,19,12.9,162.0,11790.0
1,240517_calCSV_data.csv,1_C061,C061,TAT3,44,19,12.9,171.2,11816.0
1,240517_calCSV_data.csv,1_C061,C061,TAT3,44,19,12.9,180.0,11836.0
1,240517_calCSV_data.csv,1_C062,C062,TAT3,44,20,12.8,0.0,11400.0
1,240517_calCSV_data.csv,1_C062,C062,TAT3,44,20,12.8,9.2,11399.0
1,240517_calCSV_data.csv,1_C062,C062,TAT3,44,20,12.8,18.0,11405.0
1,240517_calCSV_data.csv,1_C062,C062,TAT3,44,20,12.8,27.2,11419.0
1,240517_calCSV_data.csv,1_C062,C062,TAT3,44,20,12.8,36.0,11436.0
1,240517_calCSV_data.csv,1_C062,C062,TAT3,44,20,12.8,45.2,11439.0
1,240517_calCSV_data.csv,1_C062,C062,TAT3,44,20,12.8,54.0,11455.0
1,240517_calCSV_data.csv,1_C062,C062,TAT3,44,20,12.8,63.2,11478.0
1,240517_calCSV_data.csv,1_C062,C062,TAT3,44,20,12.8,72.0,11494.0
1,240517_calCSV_data.csv,1_C062,C062,TAT3,44,20,12.8,81.2,11501.0
1,240517_calCSV_data.csv,1_C062,C062,TAT3,44,20,12.8,90.0,11517.0
1,240517_calCSV_data.csv,1_C062,C062,TAT3,44,20,12.8,99.2,11538.0
1,240517_calCSV_data.csv,1_C062,C062,TAT3,44,20,12.8,108.0,11557.0
1,240517_calCSV_data.csv,1_C062,C062,TAT3,44,20,12.8,117.2,11578.0
1,240517_calCSV_data.csv,1_C062,C062,TAT3,44,20,12.8,126.0,11590.0
1,240517_calCSV_data.csv,1_C062,C062,TAT3,44,20,12.8,135.2,11607.0
1,240517_calCSV_data.csv,1_C062,C062,TAT3,44,20,12.8,144.0,11637.0
1,240517_calCSV_data.csv,1_C062,C062,TAT3,44,20,12.8,153.2,11646.0
1,240517_calCSV_data.csv,1_C062,C062,TAT3,44,20,12.8,162.0,11668.0
1,240517_calCSV_data.csv,1_C062,C062,TAT3,44,20,12.8,171.2,11693.0
1,240517_calCSV_data.csv,1_C062,C062,TAT3,44,20,12.8,180.0,11711.0
1,240517_calCSV_data.csv,1_C063,C063,TAT3,44,15,13.2,0.0,11363.0
1,240517_calCSV_data.csv,1_C063,C063,TAT3,44,15,13.2,9.2,11352.0
1,240517_calCSV_data.csv,1_C063,C063,TAT3,44,15,13.2,18.0,11366.0
1,240517_calCSV_data.csv,1_C063,C063,TAT3,44,15,13.2,27.2,11373.0
1,240517_calCSV_data.csv,1_C063,C063,TAT3,44,15,13.2,36.0,11388.0
1,240517_calCSV_data.csv,1_C063,C063,TAT3,44,15,13.2,45.2,11402.0
1,240517_calCSV_data.csv,1_C063,C063,TAT3,44,15,13.2,54.0,11417.0
1,240517_calCSV_data.csv,1_C063,C063,TAT3,44,15,13.2,63.2,11432.0
1,240517_calCSV_data.csv,1_C063,C063,TAT3,44,15,13.2,72.0,11448.0
1,240517_calCSV_data.csv,1_C063,C063,TAT3,44,15,13.2,81.2,11469.0
1,240517_calCSV_data.csv,1_C063,C063,TAT3,44,15,13.2,90.0,11486.0
1,240517_calCSV_data.csv,1_C063,C063,TAT3,44,15,13.2,99.2,11507.0
1,240517_calCSV_data.csv,1_C063,C063,TAT3,44,15,13.2,108.0,11524.0
1,240517_calCSV_data.csv,1_C063,C063,TAT3,44,15,13.2,117.2,11538.0
1,240517_calCSV_data.csv,1_C063,C063,TAT3,44,15,13.2,126.0,11555.0
1,240517_calCSV_data.csv,1_C063,C063,TAT3,44,15,13.2,135.2,11581.0
1,240517_calCSV_data.csv,1_C063,C063,TAT3,44,15,13.2,144.0,11601.0
1,240517_calCSV_data.csv,1_C063,C063,TAT3,44,15,13.2,153.2,11626.0
1,240517_calCSV_data.csv,1_C063,C063,TAT3,44,15,13.2,162.0,11652.0
1,240517_calCSV_data.csv,1_C063,C063,TAT3,44,15,13.2,171.2,11667.0
1,240517_calCSV_data.csv,1_C063,C063,TAT3,44,15,13.2,180.0,11693.0
1,240517_calCSV_data.csv,1_C064,C064,TAT3,44,15,17.9,0.0,11415.0
1,240517_calCSV_data.csv,1_C064,C064,TAT3,44,15,17.9,9.2,11418.0
1,240517_calCSV_data.csv,1_C064,C064,TAT3,44,15,17.9,18.0,11434.0
1,240517_calCSV_data.csv,1_C064,C064,TAT3,44,15,17.9,27.2,11446.0
1,240517_calCSV_data.csv,1_C064,C064,TAT3,44,15,17.9,36.0,11465.0
1,240517_calCSV_data.csv,1_C064,C064,TAT3,44,15,17.9,45.2,11483.0
1,240517_calCSV_data.csv,1_C064,C064,TAT3,44,15,17.9,54.0,11503.0
1,240517_calCSV_data.csv,1_C064,C064,TAT3,44,15,17.9,63.2,11523.0
1,240517_calCSV_data.csv,1_C064,C064,TAT3,44,15,17.9,72.0,11548.0
1,240517_calCSV_data.csv,1_C064,C064,TAT3,44,15,17.9,81.2,11567.0
1,240517_calCSV_data.csv,1_C064,C064,TAT3,44,15,17.9,90.0,11594.0
1,240517_calCSV_data.csv,1_C064,C064,TAT3,44,15,17.9,99.2,11623.0
1,240517_calCSV_data.csv,1_C064,C064,TAT3,44,15,17.9,108.0,11644.0
1,240517_calCSV_data.csv,1_C064,C064,TAT3,44,15,17.9,117.2,11666.0
1,240517_calCSV_data.csv,1_C064,C064,TAT3,44,15,17.9,126.0,11699.0
1,240517_calCSV_data.csv,1_C064,C064,TAT3,44,15,17.9,135.2,11725.0
1,240517_calCSV_data.csv,1_C064,C064,TAT3,44,15,17.9,144.0,11756.0
1,240517_calCSV_data.csv,1_C064,C064,TAT3,44,15,17.9,153.2,11786.0
1,240517_calCSV_data.csv,1_C064,C064,TAT3,44,15,17.9,162.0,11810.0
1,240517_calCSV_data.csv,1_C064,C064,TAT3,44,15,17.9,171.2,11836.0
1,240517_calCSV_data.csv,1_C064,C064,TAT3,44,15,17.9,180.0,11870.0
1,240517_calCSV_data.csv,1_C065,C065,TAT3,44,16,17.7,0.0,11290.0
1,240517_calCSV_data.csv,1_C065,C065,TAT3,44,16,17.7,9.2,11292.0
1,240517_calCSV_data.csv,1_C065,C065,TAT3,44,16,17.7,18.0,11301.0
1,240517_calCSV_data.csv,1_C065,C065,TAT3,44,16,17.7,27.2,11319.0
1,240517_calCSV_data.csv,1_C065,C065,TAT3,44,16,17.7,36.0,11327.0
1,240517_calCSV_data.csv,1_C065,C065,TAT3,44,16,17.7,45.2,11350.0
1,240517_calCSV_data.csv,1_C065,C065,TAT3,44,16,17.7,54.0,11369.0
1,240517_calCSV_data.csv,1_C065,C065,TAT3,44,16,17.7,63.2,11389.0
1,240517_calCSV_data.csv,1_C065,C065,TAT3,44,16,17.7,72.0,11411.0
1,240517_calCSV_data.csv,1_C065,C065,TAT3,44,16,17.7,81.2,11435.0
1,240517_calCSV_data.csv,1_C065,C065,TAT3,44,16,17.7,90.0,11454.0
1,240517_calCSV_data.csv,1_C065,C065,TAT3,44,16,17.7,99.2,11480.0
1,240517_calCSV_data.csv,1_C065,C065,TAT3,44,16,17.7,108.0,11507.0
1,240517_calCSV_data.csv,1_C065,C065,TAT3,44,16,17.7,117.2,11535.0
1,240517_calCSV_data.csv,1_C065,C065,TAT3,44,16,17.7,126.0,11563.0
1,240517_calCSV_data.csv,1_C065,C065,TAT3,44,16,17.7,135.2,11583.0
1,240517_calCSV_data.csv,1_C065,C065,TAT3,44,16,17.7,144.0,11608.0
1,240517_calCSV_data.csv,1_C065,C065,TAT3,44,16,17.7,153.2,11646.0
1,240517_calCSV_data.csv,1_C065,C065,TAT3,44,16,17.7,162.0,11665.0
1,240517_calCSV_data.csv,1_C065,C065,TAT3,44,16,17.7,171.2,11700.0
1,240517_calCSV_data.csv,1_C065,C065,TAT3,44,16,17.7,180.0,11722.0
1,240517_calCSV_data.csv,1_C066,C066,TAT3,44,17,17.8,0.0,11294.0
1,240517_calCSV_data.csv,1_C066,C066,TAT3,44,17,17.8,9.2,11297.0
1,240517_calCSV_data.csv,1_C066,C066,TAT3,44,17,17.8,18.0,11306.0
1,240517_calCSV_data.csv,1_C066,C066,TAT3,44,17,17.8,27.2,11325.0
1,240517_calCSV_data.csv,1_C066,C066,TAT3,44,17,17.8,36.0,11341.0
1,240517_calCSV_data.csv,1_C066,C066,TAT3,44,17,17.8,45.2,11356.0
1,240517_calCSV_data.csv,1_C066,C066,TAT3,44,17,17.8,54.0,11373.0
1,240517_calCSV_data.csv,1_C066,C066,TAT3,44,17,17.8,63.2,11402.0
1,240517_calCSV_data.csv,1_C066,C066,TAT3,44,17,17.8,72.0,11422.0
1,240517_calCSV_data.csv,1_C066,C066,TAT3,44,17,17.8,81.2,11444.0
1,240517_calCSV_data.csv,1_C066,C066,TAT3,44,17,17.8,90.0,11471.0
1,240517_calCSV_data.csv,1_C066,C066,TAT3,44,17,17.8,99.2,11493.0
1,240517_calCSV_data.csv,1_C066,C066,TAT3,44,17,17.8,108.0,11520.0
1,240517_calCSV_data.csv,1_C066,C066,TAT3,44,17,17.8,117.2,11545.0
1,240517_calCSV_data.csv,1_C066,C066,TAT3,44,17,17.8,126.0,11572.0
1,240517_calCSV_data.csv,1_C066,C066,TAT3,44,17,17.8,135.2,11600.0
1,240517_calCSV_data.csv,1_C066,C066,TAT3,44,17,17.8,144.0,11626.0
1,240517_calCSV_data.csv,1_C066,C066,TAT3,44,17,17.8,153.2,11659.0
1,240517_calCSV_data.csv,1_C066,C066,TAT3,44,17,17.8,162.0,11683.0
1,240517_calCSV_data.csv,1_C066,C066,TAT3,44,17,17.8,171.2,11711.0
1,240517_calCSV_data.csv,1_C066,C066,TAT3,44,17,17.8,180.0,11742.0
1,240517_calCSV_data.csv,1_C067,C067,TAT3,44,15,27.2,0.0,11366.0
1,240517_calCSV_data.csv,1_C067,C067,TAT3,44,15,27.2,9.2,11376.0
1,240517_calCSV_data.csv,1_C067,C067,TAT3,44,15,27.2,18.0,11382.0
1,240517_calCSV_data.csv,1_C067,C067,TAT3,44,15,27.2,27.2,11402.0
1,240517_calCSV_data.csv,1_C067,C067,TAT3,44,15,27.2,36.0,11421.0
1,240517_calCSV_data.csv,1_C067,C067,TAT3,44,15,27.2,45.2,11452.0
1,240517_calCSV_data.csv,1_C067,C067,TAT3,44,15,27.2,54.0,11472.0
1,240517_calCSV_data.csv,1_C067,C067,TAT3,44,15,27.2,63.2,11506.0
1,240517_calCSV_data.csv,1_C067,C067,TAT3,44,15,27.2,72.0,11541.0
1,240517_calCSV_data.csv,1_C067,C067,TAT3,44,15,27.2,81.2,11572.0
1,240517_calCSV_data.csv,1_C067,C067,TAT3,44,15,27.2,90.0,11609.0
1,240517_calCSV_data.csv,1_C067,C067,TAT3,44,15,27.2,99.2,11653.0
1,240517_calCSV_data.csv,1_C067,C067,TAT3,44,15,27.2,108.0,11687.0
1,240517_calCSV_data.csv,1_C067,C067,TAT3,44,15,27.2,117.2,11726.0
1,240517_calCSV_data.csv,1_C067,C067,TAT3,44,15,27.2,126.0,11761.0
1,240517_calCSV_data.csv,1_C067,C067,TAT3,44,15,27.2,135.2,11811.0
1,240517_calCSV_data.csv,1_C067,C067,TAT3,44,15,27.2,144.0,11846.0
1,240517_calCSV_data.csv,1_C067,C067,TAT3,44,15,27.2,153.2,11897.0
1,240517_calCSV_data.csv,1_C067,C067,TAT3,44,15,27.2,162.0,11932.0
1,240517_calCSV_data.csv,1_C067,C067,TAT3,44,15,27.2,171.2,11980.0
1,240517_calCSV_data.csv,1_C067,C067,TAT3,44,15,27.2,180.0,12018.0
1,240517_calCSV_data.csv,1_C068,C068,TAT3,44,16,26.9,0.0,11405.0
1,240517_calCSV_data.csv,1_C068,C068,TAT3,44,16,26.9,9.2,11392.0
1,240517_calCSV_data.csv,1_C068,C068,TAT3,44,16,26.9,18.0,11406.0
1,240517_calCSV_data.csv,1_C068,C068,TAT3,44,16,26.9,27.2,11430.0
1,240517_calCSV_data.csv,1_C068,C068,TAT3,44,16,26.9,36.0,11450.0
1,240517_calCSV_data.csv,1_C068,C068,TAT3,44,16,26.9,45.2,11473.0
1,240517_calCSV_data.csv,1_C068,C068,TAT3,44,16,26.9,54.0,11505.0
1,240517_calCSV_data.csv,1_C068,C068,TAT3,44,16,26.9,63.2,11535.0
1,240517_calCSV_data.csv,1_C068,C068,TAT3,44,16,26.9,72.0,11570.0
1,240517_calCSV_data.csv,1_C068,C068,TAT3,44,16,26.9,81.2,11601.0
1,240517_calCSV_data.csv,1_C068,C068,TAT3,44,16,26.9,90.0,11639.0
1,240517_calCSV_data.csv,1_C068,C068,TAT3,44,16,26.9,99.2,11677.0
1,240517_calCSV_data.csv,1_C068,C068,TAT3,44,16,26.9,108.0,11714.0
1,240517_calCSV_data.csv,1_C068,C068,TAT3,44,16,26.9,117.2,11754.0
1,240517_calCSV_data.csv,1_C068,C068,TAT3,44,16,26.9,126.0,11795.0
1,240517_calCSV_data.csv,1_C068,C068,TAT3,44,16,26.9,135.2,11834.0
1,240517_calCSV_data.csv,1_C068,C068,TAT3,44,16,26.9,144.0,11877.0
1,240517_calCSV_data.csv,1_C068,C068,TAT3,44,16,26.9,153.2,11918.0
1,240517_calCSV_data.csv,1_C068,C068,TAT3,44,16,26.9,162.0,11962.0
1,240517_calCSV_data.csv,1_C068,C068,TAT3,44,16,26.9,171.2,12005.0
1,240517_calCSV_data.csv,1_C068,C068,TAT3,44,16,26.9,180.0,12053.0
1,240517_calCSV_data.csv,1_C069,C069,TAT3,44,17,27.6,0.0,11329.0
1,240517_calCSV_data.csv,1_C069,C069,TAT3,44,17,27.6,9.2,11347.0
1,240517_calCSV_data.csv,1_C069,C069,TAT3,44,17,27.6,18.0,11358.0
1,240517_calCSV_data.csv,1_C069,C069,TAT3,44,17,27.6,27.2,11370.0
1,240517_calCSV_data.csv,1_C069,C069,TAT3,44,17,27.6,36.0,11389.0
1,240517_calCSV_data.csv,1_C069,C069,TAT3,44,17,27.6,45.2,11422.0
1,240517_calCSV_data.csv,1_C069,C069,TAT3,44,17,27.6,54.0,11445.0
1,240517_calCSV_data.csv,1_C069,C069,TAT3,44,17,27.6,63.2,11475.0
1,240517_calCSV_data.csv,1_C069,C069,TAT3,44,17,27.6,72.0,11507.0
1,240517_calCSV_data.csv,1_C069,C069,TAT3,44,17,27.6,81.2,11543.0
1,240517_calCSV_data.csv,1_C069,C069,TAT3,44,17,27.6,90.0,11578.0
1,240517_calCSV_data.csv,1_C069,C069,TAT3,44,17,27.6,99.2,11619.0
1,240517_calCSV_data.csv,1_C069,C069,TAT3,44,17,27.6,108.0,11660.0
1,240517_calCSV_data.csv,1_C069,C069,TAT3,44,17,27.6,117.2,11698.0
1,240517_calCSV_data.csv,1_C069,C069,TAT3,44,17,27.6,126.0,11740.0
1,240517_calCSV_data.csv,1_C069,C069,TAT3,44,17,27.6,135.2,11784.0
1,240517_calCSV_data.csv,1_C069,C069,TAT3,44,17,27.6,144.0,11823.0
1,240517_calCSV_data.csv,1_C069,C069,TAT3,44,17,27.6,153.2,11870.0
1,240517_calCSV_data.csv,1_C069,C069,TAT3,44,17,27.6,162.0,11910.0
1,240517_calCSV_data.csv,1_C069,C069,TAT3,44,17,27.6,171.2,11957.0
1,240517_calCSV_data.csv,1_C069,C069,TAT3,44,17,27.6,180.0,11999.0
1,240517_calCSV_data.csv,1_C070,C070,TAT3,44,15,40.7,0.0,11390.0
1,240517_calCSV_data.csv,1_C070,C070,TAT3,44,15,40.7,9.2,11401.0
1,240517_calCSV_data.csv,1_C070,C070,TAT3,44,15,40.7,18.0,11422.0
1,240517_calCSV_data.csv,1_C070,C070,TAT3,44,15,40.7,27.2,11451.0
1,240517_calCSV_data.csv,1_C070,C070,TAT3,44,15,40.7,36.0,11481.0
1,240517_calCSV_data.csv,1_C070,C070,TAT3,44,15,40.7,45.2,11520.0
1,240517_calCSV_data.csv,1_C070,C070,TAT3,44,15,40.7,54.0,11561.0
1,240517_calCSV_data.csv,1_C070,C070,TAT3,44,15,40.7,63.2,11609.0
1,240517_calCSV_data.csv,1_C070,C070,TAT3,44,15,40.7,72.0,11658.0
1,240517_calCSV_data.csv,1_C070,C070,TAT3,44,15,40.7,81.2,11710.0
1,240517_calCSV_data.csv,1_C070,C070,TAT3,44,15,40.7,90.0,11770.0
1,240517_calCSV_data.csv,1_C070,C070,TAT3,44,15,40.7,99.2,11823.0
1,240517_calCSV_data.csv,1_C070,C070,TAT3,44,15,40.7,108.0,11883.0
1,240517_calCSV_data.csv,1_C070,C070,TAT3,44,15,40.7,117.2,11942.0
1,240517_calCSV_data.csv,1_C070,C070,TAT3,44,15,40.7,126.0,11998.0
1,240517_calCSV_data.csv,1_C070,C070,TAT3,44,15,40.7,135.2,12061.0
1,240517_calCSV_data.csv,1_C070,C070,TAT3,44,15,40.7,144.0,12128.0
1,240517_calCSV_data.csv,1_C070,C070,TAT3,44,15,40.7,153.2,12193.0
1,240517_calCSV_data.csv,1_C070,C070,TAT3,44,15,40.7,162.0,12255.0
1,240517_calCSV_data.csv,1_C070,C070,TAT3,44,15,40.7,171.2,12320.0
1,240517_calCSV_data.csv,1_C070,C070,TAT3,44,15,40.7,180.0,12382.0
1,240517_calCSV_data.csv,1_C071,C071,TAT3,44,16,39.2,0.0,11312.0
1,240517_calCSV_data.csv,1_C071,C071,TAT3,44,16,39.2,9.2,11329.0
1,240517_calCSV_data.csv,1_C071,C071,TAT3,44,16,39.2,18.0,11345.0
1,240517_calCSV_data.csv,1_C071,C071,TAT3,44,16,39.2,27.2,11376.0
1,240517_calCSV_data.csv,1_C071,C071,TAT3,44,16,39.2,36.0,11403.0
1,240517_calCSV_data.csv,1_C071,C071,TAT3,44,16,39.2,45.2,11447.0
1,240517_calCSV_data.csv,1_C071,C071,TAT3,44,16,39.2,54.0,11483.0
1,240517_calCSV_data.csv,1_C071,C071,TAT3,44,16,39.2,63.2,11534.0
1,240517_calCSV_data.csv,1_C071,C071,TAT3,44,16,39.2,72.0,11576.0
1,240517_calCSV_data.csv,1_C071,C071,TAT3,44,16,39.2,81.2,11629.0
1,240517_calCSV_data.csv,1_C071,C071,TAT3,44,16,39.2,90.0,11679.0
1,240517_calCSV_data.csv,1_C071,C071,TAT3,44,16,39.2,99.2,11734.0
1,240517_calCSV_data.csv,1_C071,C071,TAT3,44,16,39.2,108.0,11800.0
1,240517_calCSV_data.csv,1_C071,C071,TAT3,44,16,39.2,117.2,11854.0
1,240517_calCSV_data.csv,1_C071,C071,TAT3,44,16,39.2,126.0,11913.0
1,240517_calCSV_data.csv,1_C071,C071,TAT3,44,16,39.2,135.2,11977.0
1,240517_calCSV_data.csv,1_C071,C071,TAT3,44,16,39.2,144.0,12034.0
1,240517_calCSV_data.csv,1_C071,C071,TAT3,44,16,39.2,153.2,12098.0
1,240517_calCSV_data.csv,1_C071,C071,TAT3,44,16,39.2,162.0,12151.0
1,240517_calCSV_data.csv,1_C071,C071,TAT3,44,16,39.2,171.2,12217.0
1,240517_calCSV_data.csv,1_C071,C071,TAT3,44,16,39.2,180.0,12279.0
1,240517_calCSV_data.csv,1_C072,C072,TAT3,44,17,41.1,0.0,11333.0
1,240517_calCSV_data.csv,1_C072,C072,TAT3,44,17,41.1,9.2,11343.0
1,240517_calCSV_data.csv,1_C072,C072,TAT3,44,17,41.1,18.0,11355.0
1,240517_calCSV_data.csv,1_C072,C072,TAT3,44,17,41.1,27.2,11391.0
1,240517_calCSV_data.csv,1_C072,C072,TAT3,44,17,41.1,36.0,11422.0
1,240517_calCSV_data.csv,1_C072,C072,TAT3,44,17,41.1,45.2,11467.0
1,240517_calCSV_data.csv,1_C072,C072,TAT3,44,17,41.1,54.0,11511.0
1,240517_calCSV_data.csv,1_C072,C072,TAT3,44,17,41.1,63.2,11555.0
1,240517_calCSV_data.csv,1_C072,C072,TAT3,44,17,41.1,72.0,11610.0
1,240517_calCSV_data.csv,1_C072,C072,TAT3,44,17,41.1,81.2,11663.0
1,240517_calCSV_data.csv,1_C072,C072,TAT3,44,17,41.1,90.0,11717.0
1,240517_calCSV_data.csv,1_C072,C072,TAT3,44,17,41.1,99.2,11778.0
1,240517_calCSV_data.csv,1_C072,C072,TAT3,44,17,41.1,108.0,11833.0
1,240517_calCSV_data.csv,1_C072,C072,TAT3,44,17,41.1,117.2,11892.0
1,240517_calCSV_data.csv,1_C072,C072,TAT3,44,17,41.1,126.0,11955.0
1,240517_calCSV_data.csv,1_C072,C072,TAT3,44,17,41.1,135.2,12017.0
1,240517_calCSV_data.csv,1_C072,C072,TAT3,44,17,41.1,144.0,12083.0
1,240517_calCSV_data.csv,1_C072,C072,TAT3,44,17,41.1,153.2,12145.0
1,240517_calCSV_data.csv,1_C072,C072,TAT3,44,17,41.1,162.0,12209.0
1,240517_calCSV_data.csv,1_C072,C072,TAT3,44,17,41.1,171.2,12279.0
1,240517_calCSV_data.csv,1_C072,C072,TAT3,44,17,41.1,180.0,12332.0
1,240517_calCSV_data.csv,1_C073,C073,TAT4,45,15,2.2,0.0,10864.0
1,240517_calCSV_data.csv,1_C073,C073,TAT4,45,15,2.2,9.2,10860.0
1,240517_calCSV_data.csv,1_C073,C073,TAT4,45,15,2.2,18.0,10861.0
1,240517_calCSV_data.csv,1_C073,C073,TAT4,45,15,2.2,27.2,10863.0
1,240517_calCSV_data.csv,1_C073,C073,TAT4,45,15,2.2,36.0,10865.0
1,240517_calCSV_data.csv,1_C073,C073,TAT4,45,15,2.2,45.2,10870.0
1,240517_calCSV_data.csv,1_C073,C073,TAT4,45,15,2.2,54.0,10869.0
1,240517_calCSV_data.csv,1_C073,C073,TAT4,45,15,2.2,63.2,10872.0
1,240517_calCSV_data.csv,1_C073,C073,TAT4,45,15,2.2,72.0,10872.0
1,240517_calCSV_data.csv,1_C073,C073,TAT4,45,15,2.2,81.2,10884.0
1,240517_calCSV_data.csv,1_C073,C073,TAT4,45,15,2.2,90.0,10881.0
1,240517_calCSV_data.csv,1_C073,C073,TAT4,45,15,2.2,99.2,10887.0
1,240517_calCSV_data.csv,1_C073,C073,TAT4,45,15,2.2,108.0,10890.0
1,240517_calCSV_data.csv,1_C073,C073,TAT4,45,15,2.2,117.2,10890.0
1,240517_calCSV_data.csv,1_C073,C073,TAT4,45,15,2.2,126.0,10897.0
1,240517_calCSV_data.csv,1_C073,C073,TAT4,45,15,2.2,135.2,10900.0
1,240517_calCSV_data.csv,1_C073,C073,TAT4,45,15,2.2,144.0,10902.0
1,240517_calCSV_data.csv,1_C073,C073,TAT4,45,15,2.2,153.2,10911.0
1,240517_calCSV_data.csv,1_C073,C073,TAT4,45,15,2.2,162.0,10911.0
1,240517_calCSV_data.csv,1_C073,C073,TAT4,45,15,2.2,171.2,10917.0
1,240517_calCSV_data.csv,1_C073,C073,TAT4,45,15,2.2,180.0,10923.0
1,240517_calCSV_data.csv,1_C074,C074,TAT4,45,16,2.9,0.0,10858.0
1,240517_calCSV_data.csv,1_C074,C074,TAT4,45,16,2.9,9.2,10817.0
1,240517_calCSV_data.csv,1_C074,C074,TAT4,45,16,2.9,18.0,10820.0
1,240517_calCSV_data.csv,1_C074,C074,TAT4,45,16,2.9,27.2,10821.0
1,240517_calCSV_data.csv,1_C074,C074,TAT4,45,16,2.9,36.0,10821.0
1,240517_calCSV_data.csv,1_C074,C074,TAT4,45,16,2.9,45.2,10821.0
1,240517_calCSV_data.csv,1_C074,C074,TAT4,45,16,2.9,54.0,10827.0
1,240517_calCSV_data.csv,1_C074,C074,TAT4,45,16,2.9,63.2,10830.0
1,240517_calCSV_data.csv,1_C074,C074,TAT4,45,16,2.9,72.0,10832.0
1,240517_calCSV_data.csv,1_C074,C074,TAT4,45,16,2.9,81.2,10832.0
1,240517_calCSV_data.csv,1_C074,C074,TAT4,45,16,2.9,90.0,10835.0
1,240517_calCSV_data.csv,1_C074,C074,TAT4,45,16,2.9,99.2,10846.0
1,240517_calCSV_data.csv,1_C074,C074,TAT4,45,16,2.9,108.0,10843.0
1,240517_calCSV_data.csv,1_C074,C074,TAT4,45,16,2.9,117.2,10852.0
1,240517_calCSV_data.csv,1_C074,C074,TAT4,45,16,2.9,126.0,10854.0
1,240517_calCSV_data.csv,1_C074,C074,TAT4,45,16,2.9,135.2,10858.0
1,240517_calCSV_data.csv,1_C074,C074,TAT4,45,16,2.9,144.0,10862.0
1,240517_calCSV_data.csv,1_C074,C074,TAT4,45,16,2.9,153.2,10868.0
1,240517_calCSV_data.csv,1_C074,C074,TAT4,45,16,2.9,162.0,10871.0
1,240517_calCSV_data.csv,1_C074,C074,TAT4,45,16,2.9,171.2,10875.0
1,240517_calCSV_data.csv,1_C074,C074,TAT4,45,16,2.9,180.0,10876.0
1,240517_calCSV_data.csv,1_C075,C075,TAT4,45,17,2.4,0.0,10782.0
1,240517_calCSV_data.csv,1_C075,C075,TAT4,45,17,2.4,9.2,10758.0
1,240517_calCSV_data.csv,1_C075,C075,TAT4,45,17,2.4,18.0,10759.0
1,240517_calCSV_data.csv,1_C075,C075,TAT4,45,17,2.4,27.2,10753.0
1,240517_calCSV_data.csv,1_C075,C075,TAT4,45,17,2.4,36.0,10760.0
1,240517_calCSV_data.csv,1_C075,C075,TAT4,45,17,2.4,45.2,10759.0
1,240517_calCSV_data.csv,1_C075,C075,TAT4,45,17,2.4,54.0,10764.0
1,240517_calCSV_data.csv,1_C075,C075,TAT4,45,17,2.4,63.2,10765.0
1,240517_calCSV_data.csv,1_C075,C075,TAT4,45,17,2.4,72.0,10770.0
1,240517_calCSV_data.csv,1_C075,C075,TAT4,45,17,2.4,81.2,10774.0
1,240517_calCSV_data.csv,1_C075,C075,TAT4,45,17,2.4,90.0,10777.0
1,240517_calCSV_data.csv,1_C075,C075,TAT4,45,17,2.4,99.2,10779.0
1,240517_calCSV_data.csv,1_C075,C075,TAT4,45,17,2.4,108.0,10782.0
1,240517_calCSV_data.csv,1_C075,C075,TAT4,45,17,2.4,117.2,10784.0
1,240517_calCSV_data.csv,1_C075,C075,TAT4,45,17,2.4,126.0,10783.0
1,240517_calCSV_data.csv,1_C075,C075,TAT4,45,17,2.4,135.2,10790.0
1,240517_calCSV_data.csv,1_C075,C075,TAT4,45,17,2.4,144.0,10794.0
1,240517_calCSV_data.csv,1_C075,C075,TAT4,45,17,2.4,153.2,10800.0
1,240517_calCSV_data.csv,1_C075,C075,TAT4,45,17,2.4,162.0,10800.0
1,240517_calCSV_data.csv,1_C075,C075,TAT4,45,17,2.4,171.2,10810.0
1,240517_calCSV_data.csv,1_C075,C075,TAT4,45,17,2.4,180.0,10817.0
1,240517_calCSV_data.csv,1_C076,C076,TAT4,45,18,7.1,0.0,11510.0
1,240517_calCSV_data.csv,1_C076,C076,TAT4,45,18,7.1,9.2,11516.0
1,240517_calCSV_data.csv,1_C076,C076,TAT4,45,18,7.1,18.0,11520.0
1,240517_calCSV_data.csv,1_C076,C076,TAT4,45,18,7.1,27.2,11528.0
1,240517_calCSV_data.csv,1_C076,C076,TAT4,45,18,7.1,36.0,11535.0
1,240517_calCSV_data.csv,1_C076,C076,TAT4,45,18,7.1,45.2,11541.0
1,240517_calCSV_data.csv,1_C076,C076,TAT4,45,18,7.1,54.0,11544.0
1,240517_calCSV_data.csv,1_C076,C076,TAT4,45,18,7.1,63.2,11558.0
1,240517_calCSV_data.csv,1_C076,C076,TAT4,45,18,7.1,72.0,11565.0
1,240517_calCSV_data.csv,1_C076,C076,TAT4,45,18,7.1,81.2,11574.0
1,240517_calCSV_data.csv,1_C076,C076,TAT4,45,18,7.1,90.0,11584.0
1,240517_calCSV_data.csv,1_C076,C076,TAT4,45,18,7.1,99.2,11594.0
1,240517_calCSV_data.csv,1_C076,C076,TAT4,45,18,7.1,108.0,11607.0
1,240517_calCSV_data.csv,1_C076,C076,TAT4,45,18,7.1,117.2,11620.0
1,240517_calCSV_data.csv,1_C076,C076,TAT4,45,18,7.1,126.0,11623.0
1,240517_calCSV_data.csv,1_C076,C076,TAT4,45,18,7.1,135.2,11634.0
1,240517_calCSV_data.csv,1_C076,C076,TAT4,45,18,7.1,144.0,11644.0
1,240517_calCSV_data.csv,1_C076,C076,TAT4,45,18,7.1,153.2,11658.0
1,240517_calCSV_data.csv,1_C076,C076,TAT4,45,18,7.1,162.0,11669.0
1,240517_calCSV_data.csv,1_C076,C076,TAT4,45,18,7.1,171.2,11681.0
1,240517_calCSV_data.csv,1_C076,C076,TAT4,45,18,7.1,180.0,11692.0
1,240517_calCSV_data.csv,1_C077,C077,TAT4,45,19,6.7,0.0,11599.0
1,240517_calCSV_data.csv,1_C077,C077,TAT4,45,19,6.7,9.2,11601.0
1,240517_calCSV_data.csv,1_C077,C077,TAT4,45,19,6.7,18.0,11606.0
1,240517_calCSV_data.csv,1_C077,C077,TAT4,45,19,6.7,27.2,11608.0
1,240517_calCSV_data.csv,1_C077,C077,TAT4,45,19,6.7,36.0,11617.0
1,240517_calCSV_data.csv,1_C077,C077,TAT4,45,19,6.7,45.2,11629.0
1,240517_calCSV_data.csv,1_C077,C077,TAT4,45,19,6.7,54.0,11627.0
1,240517_calCSV_data.csv,1_C077,C077,TAT4,45,19,6.7,63.2,11636.0
1,240517_calCSV_data.csv,1_C077,C077,TAT4,45,19,6.7,72.0,11652.0
1,240517_calCSV_data.csv,1_C077,C077,TAT4,45,19,6.7,81.2,11659.0
1,240517_calCSV_data.csv,1_C077,C077,TAT4,45,19,6.7,90.0,11662.0
1,240517_calCSV_data.csv,1_C077,C077,TAT4,45,19,6.7,99.2,11674.0
1,240517_calCSV_data.csv,1_C077,C077,TAT4,45,19,6.7,108.0,11679.0
1,240517_calCSV_data.csv,1_C077,C077,TAT4,45,19,6.7,117.2,11695.0
1,240517_calCSV_data.csv,1_C077,C077,TAT4,45,19,6.7,126.0,11699.0
1,240517_calCSV_data.csv,1_C077,C077,TAT4,45,19,6.7,135.2,11710.0
1,240517_calCSV_data.csv,1_C077,C077,TAT4,45,19,6.7,144.0,11723.0
1,240517_calCSV_data.csv,1_C077,C077,TAT4,45,19,6.7,153.2,11736.0
1,240517_calCSV_data.csv,1_C077,C077,TAT4,45,19,6.7,162.0,11747.0
1,240517_calCSV_data.csv,1_C077,C077,TAT4,45,19,6.7,171.2,11760.0
1,240517_calCSV_data.csv,1_C077,C077,TAT4,45,19,6.7,180.0,11773.0
1,240517_calCSV_data.csv,1_C078,C078,TAT4,45,20,7.1,0.0,11583.0
1,240517_calCSV_data.csv,1_C078,C078,TAT4,45,20,7.1,9.2,11575.0
1,240517_calCSV_data.csv,1_C078,C078,TAT4,45,20,7.1,18.0,11584.0
1,240517_calCSV_data.csv,1_C078,C078,TAT4,45,20,7.1,27.2,11597.0
1,240517_calCSV_data.csv,1_C078,C078,TAT4,45,20,7.1,36.0,11595.0
1,240517_calCSV_data.csv,1_C078,C078,TAT4,45,20,7.1,45.2,11604.0
1,240517_calCSV_data.csv,1_C078,C078,TAT4,45,20,7.1,54.0,11616.0
1,240517_calCSV_data.csv,1_C078,C078,TAT4,45,20,7.1,63.2,11623.0
1,240517_calCSV_data.csv,1_C078,C078,TAT4,45,20,7.1,72.0,11636.0
1,240517_calCSV_data.csv,1_C078,C078,TAT4,45,20,7.1,81.2,11639.0
1,240517_calCSV_data.csv,1_C078,C078,TAT4,45,20,7.1,90.0,11649.0
1,240517_calCSV_data.csv,1_C078,C078,TAT4,45,20,7.1,99.2,11663.0
1,240517_calCSV_data.csv,1_C078,C078,TAT4,45,20,7.1,108.0,11663.0
1,240517_calCSV_data.csv,1_C078,C078,TAT4,45,20,7.1,117.2,11675.0
1,240517_calCSV_data.csv,1_C078,C078,TAT4,45,20,7.1,126.0,11683.0
1,240517_calCSV_data.csv,1_C078,C078,TAT4,45,20,7.1,135.2,11697.0
1,240517_calCSV_data.csv,1_C078,C078,TAT4,45,20,7.1,144.0,11705.0
1,240517_calCSV_data.csv,1_C078,C078,TAT4,45,20,7.1,153.2,11723.0
1,240517_calCSV_data.csv,1_C078,C078,TAT4,45,20,7.1,162.0,11733.0
1,240517_calCSV_data.csv,1_C078,C078,TAT4,45,20,7.1,171.2,11746.0
1,240517_calCSV_data.csv,1_C078,C078,TAT4,45,20,7.1,180.0,11754.0
1,240517_calCSV_data.csv,1_C079,C079,TAT4,45,16,10.3,0.0,11388.0
1,240517_calCSV_data.csv,1_C079,C079,TAT4,45,16,10.3,9.2,11404.0
1,240517_calCSV_data.csv,1_C079,C079,TAT4,45,16,10.3,18.0,11406.0
1,240517_calCSV_data.csv,1_C079,C079,TAT4,45,16,10.3,27.2,11408.0
1,240517_calCSV_data.csv,1_C079,C079,TAT4,45,16,10.3,36.0,11423.0
1,240517_calCSV_data.csv,1_C079,C079,TAT4,45,16,10.3,45.2,11435.0
1,240517_calCSV_data.csv,1_C079,C079,TAT4,45,16,10.3,54.0,11445.0
1,240517_calCSV_data.csv,1_C079,C079,TAT4,45,16,10.3,63.2,11452.0
1,240517_calCSV_data.csv,1_C079,C079,TAT4,45,16,10.3,72.0,11466.0
1,240517_calCSV_data.csv,1_C079,C079,TAT4,45,16,10.3,81.2,11475.0
1,240517_calCSV_data.csv,1_C079,C079,TAT4,45,16,10.3,90.0,11485.0
1,240517_calCSV_data.csv,1_C079,C079,TAT4,45,16,10.3,99.2,11508.0
1,240517_calCSV_data.csv,1_C079,C079,TAT4,45,16,10.3,108.0,11520.0
1,240517_calCSV_data.csv,1_C079,C079,TAT4,45,16,10.3,117.2,11536.0
1,240517_calCSV_data.csv,1_C079,C079,TAT4,45,16,10.3,126.0,11549.0
1,240517_calCSV_data.csv,1_C079,C079,TAT4,45,16,10.3,135.2,11565.0
1,240517_calCSV_data.csv,1_C079,C079,TAT4,45,16,10.3,144.0,11581.0
1,240517_calCSV_data.csv,1_C079,C079,TAT4,45,16,10.3,153.2,11594.0
1,240517_calCSV_data.csv,1_C079,C079,TAT4,45,16,10.3,162.0,11609.0
1,240517_calCSV_data.csv,1_C079,C079,TAT4,45,16,10.3,171.2,11629.0
1,240517_calCSV_data.csv,1_C079,C079,TAT4,45,16,10.3,180.0,11643.0
1,240517_calCSV_data.csv,1_C080,C080,TAT4,45,17,10.6,0.0,11443.0
1,240517_calCSV_data.csv,1_C080,C080,TAT4,45,17,10.6,9.2,11433.0
1,240517_calCSV_data.csv,1_C080,C080,TAT4,45,17,10.6,18.0,11435.0
1,240517_calCSV_data.csv,1_C080,C080,TAT4,45,17,10.6,27.2,11445.0
1,240517_calCSV_data.csv,1_C080,C080,TAT4,45,17,10.6,36.0,11453.0
1,240517_calCSV_data.csv,1_C080,C080,TAT4,45,17,10.6,45.2,11469.0
1,240517_calCSV_data.csv,1_C080,C080,TAT4,45,17,10.6,54.0,11475.0
1,240517_calCSV_data.csv,1_C080,C080,TAT4,45,17,10.6,63.2,11493.0
1,240517_calCSV_data.csv,1_C080,C080,TAT4,45,17,10.6,72.0,11503.0
1,240517_calCSV_data.csv,1_C080,C080,TAT4,45,17,10.6,81.2,11519.0
1,240517_calCSV_data.csv,1_C080,C080,TAT4,45,17,10.6,90.0,11534.0
1,240517_calCSV_data.csv,1_C080,C080,TAT4,45,17,10.6,99.2,11545.0
1,240517_calCSV_data.csv,1_C080,C080,TAT4,45,17,10.6,108.0,11558.0
1,240517_calCSV_data.csv,1_C080,C080,TAT4,45,17,10.6,117.2,11577.0
1,240517_calCSV_data.csv,1_C080,C080,TAT4,45,17,10.6,126.0,11594.0
1,240517_calCSV_data.csv,1_C080,C080,TAT4,45,17,10.6,135.2,11609.0
1,240517_calCSV_data.csv,1_C080,C080,TAT4,45,17,10.6,144.0,11627.0
1,240517_calCSV_data.csv,1_C080,C080,TAT4,45,17,10.6,153.2,11638.0
1,240517_calCSV_data.csv,1_C080,C080,TAT4,45,17,10.6,162.0,11662.0
1,240517_calCSV_data.csv,1_C080,C080,TAT4,45,17,10.6,171.2,11678.0
1,240517_calCSV_data.csv,1_C080,C080,TAT4,45,17,10.6,180.0,11691.0
1,240517_calCSV_data.csv,1_C081,C081,TAT4,45,17,10.7,0.0,11400.0
1,240517_calCSV_data.csv,1_C081,C081,TAT4,45,17,10.7,9.2,11395.0
1,240517_calCSV_data.csv,1_C081,C081,TAT4,45,17,10.7,18.0,11397.0
1,240517_calCSV_data.csv,1_C081,C081,TAT4,45,17,10.7,27.2,11407.0
1,240517_calCSV_data.csv,1_C081,C081,TAT4,45,17,10.7,36.0,11416.0
1,240517_calCSV_data.csv,1_C081,C081,TAT4,45,17,10.7,45.2,11422.0
1,240517_calCSV_data.csv,1_C081,C081,TAT4,45,17,10.7,54.0,11434.0
1,240517_calCSV_data.csv,1_C081,C081,TAT4,45,17,10.7,63.2,11443.0
1,240517_calCSV_data.csv,1_C081,C081,TAT4,45,17,10.7,72.0,11461.0
1,240517_calCSV_data.csv,1_C081,C081,TAT4,45,17,10.7,81.2,11474.0
1,240517_calCSV_data.csv,1_C081,C081,TAT4,45,17,10.7,90.0,11482.0
1,240517_calCSV_data.csv,1_C081,C081,TAT4,45,17,10.7,99.2,11502.0
1,240517_calCSV_data.csv,1_C081,C081,TAT4,45,17,10.7,108.0,11523.0
1,240517_calCSV_data.csv,1_C081,C081,TAT4,45,17,10.7,117.2,11534.0
1,240517_calCSV_data.csv,1_C081,C081,TAT4,45,17,10.7,126.0,11550.0
1,240517_calCSV_data.csv,1_C081,C081,TAT4,45,17,10.7,135.2,11564.0
1,240517_calCSV_data.csv,1_C081,C081,TAT4,45,17,10.7,144.0,11580.0
1,240517_calCSV_data.csv,1_C081,C081,TAT4,45,17,10.7,153.2,11600.0
1,240517_calCSV_data.csv,1_C081,C081,TAT4,45,17,10.7,162.0,11613.0
1,240517_calCSV_data.csv,1_C081,C081,TAT4,45,17,10.7,171.2,11634.0
1,240517_calCSV_data.csv,1_C081,C081,TAT4,45,17,10.7,180.0,11648.0
1,240517_calCSV_data.csv,1_C082,C082,TAT4,45,18,13.8,0.0,11504.0
1,240517_calCSV_data.csv,1_C082,C082,TAT4,45,18,13.8,9.2,11502.0
1,240517_calCSV_data.csv,1_C082,C082,TAT4,45,18,13.8,18.0,11514.0
1,240517_calCSV_data.csv,1_C082,C082,TAT4,45,18,13.8,27.2,11517.0
1,240517_calCSV_data.csv,1_C082,C082,TAT4,45,18,13.8,36.0,11532.0
1,240517_calCSV_data.csv,1_C082,C082,TAT4,45,18,13.8,45.2,11548.0
1,240517_calCSV_data.csv,1_C082,C082,TAT4,45,18,13.8,54.0,11552.0
1,240517_calCSV_data.csv,1_C082,C082,TAT4,45,18,13.8,63.2,11565.0
1,240517_calCSV_data.csv,1_C082,C082,TAT4,45,18,13.8,72.0,11583.0
1,240517_calCSV_data.csv,1_C082,C082,TAT4,45,18,13.8,81.2,11601.0
1,240517_calCSV_data.csv,1_C082,C082,TAT4,45,18,13.8,90.0,11623.0
1,240517_calCSV_data.csv,1_C082,C082,TAT4,45,18,13.8,99.2,11639.0
1,240517_calCSV_data.csv,1_C082,C082,TAT4,45,18,13.8,108.0,11653.0
1,240517_calCSV_data.csv,1_C082,C082,TAT4,45,18,13.8,117.2,11677.0
1,240517_calCSV_data.csv,1_C082,C082,TAT4,45,18,13.8,126.0,11695.0
1,240517_calCSV_data.csv,1_C082,C082,TAT4,45,18,13.8,135.2,11717.0
1,240517_calCSV_data.csv,1_C082,C082,TAT4,45,18,13.8,144.0,11736.0
1,240517_calCSV_data.csv,1_C082,C082,TAT4,45,18,13.8,153.2,11762.0
1,240517_calCSV_data.csv,1_C082,C082,TAT4,45,18,13.8,162.0,11785.0
1,240517_calCSV_data.csv,1_C082,C082,TAT4,45,18,13.8,171.2,11808.0
1,240517_calCSV_data.csv,1_C082,C082,TAT4,45,18,13.8,180.0,11823.0
1,240517_calCSV_data.csv,1_C083,C083,TAT4,45,19,13.9,0.0,11629.0
1,240517_calCSV_data.csv,1_C083,C083,TAT4,45,19,13.9,9.2,11640.0
1,240517_calCSV_data.csv,1_C083,C083,TAT4,45,19,13.9,18.0,11651.0
1,240517_calCSV_data.csv,1_C083,C083,TAT4,45,19,13.9,27.2,11651.0
1,240517_calCSV_data.csv,1_C083,C083,TAT4,45,19,13.9,36.0,11664.0
1,240517_calCSV_data.csv,1_C083,C083,TAT4,45,19,13.9,45.2,11680.0
1,240517_calCSV_data.csv,1_C083,C083,TAT4,45,19,13.9,54.0,11693.0
1,240517_calCSV_data.csv,1_C083,C083,TAT4,45,19,13.9,63.2,11711.0
1,240517_calCSV_data.csv,1_C083,C083,TAT4,45,19,13.9,72.0,11725.0
1,240517_calCSV_data.csv,1_C083,C083,TAT4,45,19,13.9,81.2,11741.0
1,240517_calCSV_data.csv,1_C083,C083,TAT4,45,19,13.9,90.0,11760.0
1,240517_calCSV_data.csv,1_C083,C083,TAT4,45,19,13.9,99.2,11783.0
1,240517_calCSV_data.csv,1_C083,C083,TAT4,45,19,13.9,108.0,11798.0
1,240517_calCSV_data.csv,1_C083,C083,TAT4,45,19,13.9,117.2,11817.0
1,240517_calCSV_data.csv,1_C083,C083,TAT4,45,19,13.9,126.0,11841.0
1,240517_calCSV_data.csv,1_C083,C083,TAT4,45,19,13.9,135.2,11865.0
1,240517_calCSV_data.csv,1_C083,C083,TAT4,45,19,13.9,144.0,11878.0
1,240517_calCSV_data.csv,1_C083,C083,TAT4,45,19,13.9,153.2,11908.0
1,240517_calCSV_data.csv,1_C083,C083,TAT4,45,19,13.9,162.0,11934.0
1,240517_calCSV_data.csv,1_C083,C083,TAT4,45,19,13.9,171.2,11949.0
1,240517_calCSV_data.csv,1_C083,C083,TAT4,45,19,13.9,180.0,11976.0
1,240517_calCSV_data.csv,1_C084,C084,TAT4,45,20,13.9,0.0,11598.0
1,240517_calCSV_data.csv,1_C084,C084,TAT4,45,20,13.9,9.2,11608.0
1,240517_calCSV_data.csv,1_C084,C084,TAT4,45,20,13.9,18.0,11619.0
1,240517_calCSV_data.csv,1_C084,C084,TAT4,45,20,13.9,27.2,11622.0
1,240517_calCSV_data.csv,1_C084,C084,TAT4,45,20,13.9,36.0,11639.0
1,240517_calCSV_data.csv,1_C084,C084,TAT4,45,20,13.9,45.2,11641.0
1,240517_calCSV_data.csv,1_C084,C084,TAT4,45,20,13.9,54.0,11654.0
1,240517_calCSV_data.csv,1_C084,C084,TAT4,45,20,13.9,63.2,11679.0
1,240517_calCSV_data.csv,1_C084,C084,TAT4,45,20,13.9,72.0,11693.0
1,240517_calCSV_data.csv,1_C084,C084,TAT4,45,20,13.9,81.2,11708.0
1,240517_calCSV_data.csv,1_C084,C084,TAT4,45,20,13.9,90.0,11728.0
1,240517_calCSV_data.csv,1_C084,C084,TAT4,45,20,13.9,99.2,11747.0
1,240517_calCSV_data.csv,1_C084,C084,TAT4,45,20,13.9,108.0,11767.0
1,240517_calCSV_data.csv,1_C084,C084,TAT4,45,20,13.9,117.2,11782.0
1,240517_calCSV_data.csv,1_C084,C084,TAT4,45,20,13.9,126.0,11803.0
1,240517_calCSV_data.csv,1_C084,C084,TAT4,45,20,13.9,135.2,11833.0
1,240517_calCSV_data.csv,1_C084,C084,TAT4,45,20,13.9,144.0,11842.0
1,240517_calCSV_data.csv,1_C084,C084,TAT4,45,20,13.9,153.2,11869.0
1,240517_calCSV_data.csv,1_C084,C084,TAT4,45,20,13.9,162.0,11891.0
1,240517_calCSV_data.csv,1_C084,C084,TAT4,45,20,13.9,171.2,11917.0
1,240517_calCSV_data.csv,1_C084,C084,TAT4,45,20,13.9,180.0,11940.0
1,240517_calCSV_data.csv,1_C085,C085,TAT4,45,19,22.5,0.0,11626.0
1,240517_calCSV_data.csv,1_C085,C085,TAT4,45,19,22.5,9.2,11639.0
1,240517_calCSV_data.csv,1_C085,C085,TAT4,45,19,22.5,18.0,11654.0
1,240517_calCSV_data.csv,1_C085,C085,TAT4,45,19,22.5,27.2,11671.0
1,240517_calCSV_data.csv,1_C085,C085,TAT4,45,19,22.5,36.0,11682.0
1,240517_calCSV_data.csv,1_C085,C085,TAT4,45,19,22.5,45.2,11706.0
1,240517_calCSV_data.csv,1_C085,C085,TAT4,45,19,22.5,54.0,11730.0
1,240517_calCSV_data.csv,1_C085,C085,TAT4,45,19,22.5,63.2,11750.0
1,240517_calCSV_data.csv,1_C085,C085,TAT4,45,19,22.5,72.0,11781.0
1,240517_calCSV_data.csv,1_C085,C085,TAT4,45,19,22.5,81.2,11806.0
1,240517_calCSV_data.csv,1_C085,C085,TAT4,45,19,22.5,90.0,11833.0
1,240517_calCSV_data.csv,1_C085,C085,TAT4,45,19,22.5,99.2,11864.0
1,240517_calCSV_data.csv,1_C085,C085,TAT4,45,19,22.5,108.0,11892.0
1,240517_calCSV_data.csv,1_C085,C085,TAT4,45,19,22.5,117.2,11926.0
1,240517_calCSV_data.csv,1_C085,C085,TAT4,45,19,22.5,126.0,11960.0
1,240517_calCSV_data.csv,1_C085,C085,TAT4,45,19,22.5,135.2,11995.0
1,240517_calCSV_data.csv,1_C085,C085,TAT4,45,19,22.5,144.0,12031.0
1,240517_calCSV_data.csv,1_C085,C085,TAT4,45,19,22.5,153.2,12062.0
1,240517_calCSV_data.csv,1_C085,C085,TAT4,45,19,22.5,162.0,12098.0
1,240517_calCSV_data.csv,1_C085,C085,TAT4,45,19,22.5,171.2,12144.0
1,240517_calCSV_data.csv,1_C085,C085,TAT4,45,19,22.5,180.0,12182.0
1,240517_calCSV_data.csv,1_C086,C086,TAT4,45,20,21.7,0.0,11641.0
1,240517_calCSV_data.csv,1_C086,C086,TAT4,45,20,21.7,9.2,11651.0
1,240517_calCSV_data.csv,1_C086,C086,TAT4,45,20,21.7,18.0,11658.0
1,240517_calCSV_data.csv,1_C086,C086,TAT4,45,20,21.7,27.2,11673.0
1,240517_calCSV_data.csv,1_C086,C086,TAT4,45,20,21.7,36.0,11671.0
1,240517_calCSV_data.csv,1_C086,C086,TAT4,45,20,21.7,45.2,11711.0
1,240517_calCSV_data.csv,1_C086,C086,TAT4,45,20,21.7,54.0,11736.0
1,240517_calCSV_data.csv,1_C086,C086,TAT4,45,20,21.7,63.2,11767.0
1,240517_calCSV_data.csv,1_C086,C086,TAT4,45,20,21.7,72.0,11785.0
1,240517_calCSV_data.csv,1_C086,C086,TAT4,45,20,21.7,81.2,11810.0
1,240517_calCSV_data.csv,1_C086,C086,TAT4,45,20,21.7,90.0,11832.0
1,240517_calCSV_data.csv,1_C086,C086,TAT4,45,20,21.7,99.2,11871.0
1,240517_calCSV_data.csv,1_C086,C086,TAT4,45,20,21.7,108.0,11897.0
1,240517_calCSV_data.csv,1_C086,C086,TAT4,45,20,21.7,117.2,11932.0
1,240517_calCSV_data.csv,1_C086,C086,TAT4,45,20,21.7,126.0,11961.0
1,240517_calCSV_data.csv,1_C086,C086,TAT4,45,20,21.7,135.2,11995.0
1,240517_calCSV_data.csv,1_C086,C086,TAT4,45,20,21.7,144.0,12029.0
1,240517_calCSV_data.csv,1_C086,C086,TAT4,45,20,21.7,153.2,12069.0
1,240517_calCSV_data.csv,1_C086,C086,TAT4,45,20,21.7,162.0,12096.0
1,240517_calCSV_data.csv,1_C086,C086,TAT4,45,20,21.7,171.2,12136.0
1,240517_calCSV_data.csv,1_C086,C086,TAT4,45,20,21.7,180.0,12172.0
1,240517_calCSV_data.csv,1_C087,C087,TAT4,45,15,22.7,0.0,11592.0
1,240517_calCSV_data.csv,1_C087,C087,TAT4,45,15,22.7,9.2,11600.0
1,240517_calCSV_data.csv,1_C087,C087,TAT4,45,15,22.7,18.0,11608.0
1,240517_calCSV_data.csv,1_C087,C087,TAT4,45,15,22.7,27.2,11621.0
1,240517_calCSV_data.csv,1_C087,C087,TAT4,45,15,22.7,36.0,11640.0
1,240517_calCSV_data.csv,1_C087,C087,TAT4,45,15,22.7,45.2,11658.0
1,240517_calCSV_data.csv,1_C087,C087,TAT4,45,15,22.7,54.0,11684.0
1,240517_calCSV_data.csv,1_C087,C087,TAT4,45,15,22.7,63.2,11705.0
1,240517_calCSV_data.csv,1_C087,C087,TAT4,45,15,22.7,72.0,11724.0
1,240517_calCSV_data.csv,1_C087,C087,TAT4,45,15,22.7,81.2,11756.0
1,240517_calCSV_data.csv,1_C087,C087,TAT4,45,15,22.7,90.0,11786.0
1,240517_calCSV_data.csv,1_C087,C087,TAT4,45,15,22.7,99.2,11820.0
1,240517_calCSV_data.csv,1_C087,C087,TAT4,45,15,22.7,108.0,11853.0
1,240517_calCSV_data.csv,1_C087,C087,TAT4,45,15,22.7,117.2,11885.0
1,240517_calCSV_data.csv,1_C087,C087,TAT4,45,15,22.7,126.0,11915.0
1,240517_calCSV_data.csv,1_C087,C087,TAT4,45,15,22.7,135.2,11956.0
1,240517_calCSV_data.csv,1_C087,C087,TAT4,45,15,22.7,144.0,11983.0
1,240517_calCSV_data.csv,1_C087,C087,TAT4,45,15,22.7,153.2,12024.0
1,240517_calCSV_data.csv,1_C087,C087,TAT4,45,15,22.7,162.0,12055.0
1,240517_calCSV_data.csv,1_C087,C087,TAT4,45,15,22.7,171.2,12096.0
1,240517_calCSV_data.csv,1_C087,C087,TAT4,45,15,22.7,180.0,12136.0
1,240517_calCSV_data.csv,1_C088,C088,TAT4,45,18,34.7,0.0,11588.0
1,240517_calCSV_data.csv,1_C088,C088,TAT4,45,18,34.7,9.2,11578.0
1,240517_calCSV_data.csv,1_C088,C088,TAT4,45,18,34.7,18.0,11593.0
1,240517_calCSV_data.csv,1_C088,C088,TAT4,45,18,34.7,27.2,11616.0
1,240517_calCSV_data.csv,1_C088,C088,TAT4,45,18,34.7,36.0,11633.0
1,240517_calCSV_data.csv,1_C088,C088,TAT4,45,18,34.7,45.2,11672.0
1,240517_calCSV_data.csv,1_C088,C088,TAT4,45,18,34.7,54.0,11696.0
1,240517_calCSV_data.csv,1_C088,C088,TAT4,45,18,34.7,63.2,11737.0
1,240517_calCSV_data.csv,1_C088,C088,TAT4,45,18,34.7,72.0,11776.0
1,240517_calCSV_data.csv,1_C088,C088,TAT4,45,18,34.7,81.2,11821.0
1,240517_calCSV_data.csv,1_C088,C088,TAT4,45,18,34.7,90.0,11868.0
1,240517_calCSV_data.csv,1_C088,C088,TAT4,45,18,34.7,99.2,11913.0
1,240517_calCSV_data.csv,1_C088,C088,TAT4,45,18,34.7,108.0,11957.0
1,240517_calCSV_data.csv,1_C088,C088,TAT4,45,18,34.7,117.2,12014.0
1,240517_calCSV_data.csv,1_C088,C088,TAT4,45,18,34.7,126.0,12064.0
1,240517_calCSV_data.csv,1_C088,C088,TAT4,45,18,34.7,135.2,12120.0
1,240517_calCSV_data.csv,1_C088,C088,TAT4,45,18,34.7,144.0,12171.0
1,240517_calCSV_data.csv,1_C088,C088,TAT4,45,18,34.7,153.2,12225.0
1,240517_calCSV_data.csv,1_C088,C088,TAT4,45,18,34.7,162.0,12283.0
1,240517_calCSV_data.csv,1_C088,C088,TAT4,45,18,34.7,171.2,12341.0
1,240517_calCSV_data.csv,1_C088,C088,TAT4,45,18,34.7,180.0,12393.0
1,240517_calCSV_data.csv,1_C089,C089,TAT4,45,19,34.4,0.0,11581.0
1,240517_calCSV_data.csv,1_C089,C089,TAT4,45,19,34.4,9.2,11596.0
1,240517_calCSV_data.csv,1_C089,C089,TAT4,45,19,34.4,18.0,11615.0
1,240517_calCSV_data.csv,1_C089,C089,TAT4,45,19,34.4,27.2,11629.0
1,240517_calCSV_data.csv,1_C089,C089,TAT4,45,19,34.4,36.0,11665.0
1,240517_calCSV_data.csv,1_C089,C089,TAT4,45,19,34.4,45.2,11688.0
1,240517_calCSV_data.csv,1_C089,C089,TAT4,45,19,34.4,54.0,11724.0
1,240517_calCSV_data.csv,1_C089,C089,TAT4,45,19,34.4,63.2,11764.0
1,240517_calCSV_data.csv,1_C089,C089,TAT4,45,19,34.4,72.0,11797.0
1,240517_calCSV_data.csv,1_C089,C089,TAT4,45,19,34.4,81.2,11841.0
1,240517_calCSV_data.csv,1_C089,C089,TAT4,45,19,34.4,90.0,11885.0
1,240517_calCSV_data.csv,1_C089,C089,TAT4,45,19,34.4,99.2,11933.0
1,240517_calCSV_data.csv,1_C089,C089,TAT4,45,19,34.4,108.0,11975.0
1,240517_calCSV_data.csv,1_C089,C089,TAT4,45,19,34.4,117.2,12029.0
1,240517_calCSV_data.csv,1_C089,C089,TAT4,45,19,34.4,126.0,12083.0
1,240517_calCSV_data.csv,1_C089,C089,TAT4,45,19,34.4,135.2,12139.0
1,240517_calCSV_data.csv,1_C089,C089,TAT4,45,19,34.4,144.0,12190.0
1,240517_calCSV_data.csv,1_C089,C089,TAT4,45,19,34.4,153.2,12246.0
1,240517_calCSV_data.csv,1_C089,C089,TAT4,45,19,34.4,162.0,12302.0
1,240517_calCSV_data.csv,1_C089,C089,TAT4,45,19,34.4,171.2,12357.0
1,240517_calCSV_data.csv,1_C089,C089,TAT4,45,19,34.4,180.0,12407.0
1,240517_calCSV_data.csv,1_C090,C090,TAT4,45,20,34.0,0.0,11588.0
1,240517_calCSV_data.csv,1_C090,C090,TAT4,45,20,34.0,9.2,11597.0
1,240517_calCSV_data.csv,1_C090,C090,TAT4,45,20,34.0,18.0,11617.0
1,240517_calCSV_data.csv,1_C090,C090,TAT4,45,20,34.0,27.2,11639.0
1,240517_calCSV_data.csv,1_C090,C090,TAT4,45,20,34.0,36.0,11664.0
1,240517_calCSV_data.csv,1_C090,C090,TAT4,45,20,34.0,45.2,11691.0
1,240517_calCSV_data.csv,1_C090,C090,TAT4,45,20,34.0,54.0,11727.0
1,240517_calCSV_data.csv,1_C090,C090,TAT4,45,20,34.0,63.2,11760.0
1,240517_calCSV_data.csv,1_C090,C090,TAT4,45,20,34.0,72.0,11806.0
1,240517_calCSV_data.csv,1_C090,C090,TAT4,45,20,34.0,81.2,11842.0
1,240517_calCSV_data.csv,1_C090,C090,TAT4,45,20,34.0,90.0,11886.0
1,240517_calCSV_data.csv,1_C090,C090,TAT4,45,20,34.0,99.2,11934.0
1,240517_calCSV_data.csv,1_C090,C090,TAT4,45,20,34.0,108.0,11980.0
1,240517_calCSV_data.csv,1_C090,C090,TAT4,45,20,34.0,117.2,12027.0
1,240517_calCSV_data.csv,1_C090,C090,TAT4,45,20,34.0,126.0,12079.0
1,240517_calCSV_data.csv,1_C090,C090,TAT4,45,20,34.0,135.2,12135.0
1,240517_calCSV_data.csv,1_C090,C090,TAT4,45,20,34.0,144.0,12183.0
1,240517_calCSV_data.csv,1_C090,C090,TAT4,45,20,34.0,153.2,12236.0
1,240517_calCSV_data.csv,1_C090,C090,TAT4,45,20,34.0,162.0,12294.0
1,240517_calCSV_data.csv,1_C090,C090,TAT4,45,20,34.0,171.2,12352.0
1,240517_calCSV_data.csv,1_C090,C090,TAT4,45,20,34.0,180.0,12403.0
1,240517_calCSV_data.csv,1_0007,0007,TAT206,41,15,5.4,0.0,10915.0
1,240517_calCSV_data.csv,1_0007,0007,TAT206,41,15,5.4,9.2,10889.0
1,240517_calCSV_data.csv,1_0007,0007,TAT206,41,15,5.4,18.0,10892.0
1,240517_calCSV_data.csv,1_0007,0007,TAT206,41,15,5.4,27.2,10893.0
1,240517_calCSV_data.csv,1_0007,0007,TAT206,41,15,5.4,36.0,10900.0
1,240517_calCSV_data.csv,1_0007,0007,TAT206,41,15,5.4,45.2,10906.0
1,240517_calCSV_data.csv,1_0007,0007,TAT206,41,15,5.4,54.0,10913.0
1,240517_calCSV_data.csv,1_0007,0007,TAT206,41,15,5.4,63.2,10925.0
1,240517_calCSV_data.csv,1_0007,0007,TAT206,41,15,5.4,72.0,10927.0
1,240517_calCSV_data.csv,1_0007,0007,TAT206,41,15,5.4,81.2,10944.0
1,240517_calCSV_data.csv,1_0007,0007,TAT206,41,15,5.4,90.0,10949.0
1,240517_calCSV_data.csv,1_0007,0007,TAT206,41,15,5.4,99.2,10955.0
1,240517_calCSV_data.csv,1_0007,0007,TAT206,41,15,5.4,108.0,10956.0
1,240517_calCSV_data.csv,1_0007,0007,TAT206,41,15,5.4,117.2,10970.0
1,240517_calCSV_data.csv,1_0007,0007,TAT206,41,15,5.4,126.0,10978.0
1,240517_calCSV_data.csv,1_0007,0007,TAT206,41,15,5.4,135.2,10987.0
1,240517_calCSV_data.csv,1_0007,0007,TAT206,41,15,5.4,144.0,10993.0
1,240517_calCSV_data.csv,1_0007,0007,TAT206,41,15,5.4,153.2,11011.0
1,240517_calCSV_data.csv,1_0007,0007,TAT206,41,15,5.4,162.0,11013.0
1,240517_calCSV_data.csv,1_0007,0007,TAT206,41,15,5.4,171.2,11025.0
1,240517_calCSV_data.csv,1_0007,0007,TAT206,41,15,5.4,180.0,11032.0
1,240517_calCSV_data.csv,1_0007,0007,TAT1,42,16,7.3,0.0,10738.0
1,240517_calCSV_data.csv,1_0007,0007,TAT1,42,16,7.3,9.2,10725.0
1,240517_calCSV_data.csv,1_0007,0007,TAT1,42,16,7.3,18.0,10728.0
1,240517_calCSV_data.csv,1_0007,0007,TAT1,42,16,7.3,27.2,10726.0
1,240517_calCSV_data.csv,1_0007,0007,TAT1,42,16,7.3,36.0,10741.0
1,240517_calCSV_data.csv,1_0007,0007,TAT1,42,16,7.3,45.2,10750.0
1,240517_calCSV_data.csv,1_0007,0007,TAT1,42,16,7.3,54.0,10755.0
1,240517_calCSV_data.csv,1_0007,0007,TAT1,42,16,7.3,63.2,10763.0
1,240517_calCSV_data.csv,1_0007,0007,TAT1,42,16,7.3,72.0,10772.0
1,240517_calCSV_data.csv,1_0007,0007,TAT1,42,16,7.3,81.2,10781.0
1,240517_calCSV_data.csv,1_0007,0007,TAT1,42,16,7.3,90.0,10798.0
1,240517_calCSV_data.csv,1_0007,0007,TAT1,42,16,7.3,99.2,10803.0
1,240517_calCSV_data.csv,1_0007,0007,TAT1,42,16,7.3,108.0,10815.0
1,240517_calCSV_data.csv,1_0007,0007,TAT1,42,16,7.3,117.2,10828.0
1,240517_calCSV_data.csv,1_0007,0007,TAT1,42,16,7.3,126.0,10832.0
1,240517_calCSV_data.csv,1_0007,0007,TAT1,42,16,7.3,135.2,10845.0
1,240517_calCSV_data.csv,1_0007,0007,TAT1,42,16,7.3,144.0,10857.0
1,240517_calCSV_data.csv,1_0007,0007,TAT1,42,16,7.3,153.2,10870.0
1,240517_calCSV_data.csv,1_0007,0007,TAT1,42,16,7.3,162.0,10879.0
1,240517_calCSV_data.csv,1_0007,0007,TAT1,42,16,7.3,171.2,10891.0
1,240517_calCSV_data.csv,1_0007,0007,TAT1,42,16,7.3,180.0,10901.0
1,240517_calCSV_data.csv,1_0007,0007,TAT2,43,17,5.8,0.0,10715.0
1,240517_calCSV_data.csv,1_0007,0007,TAT2,43,17,5.8,9.2,10719.0
1,240517_calCSV_data.csv,1_0007,0007,TAT2,43,17,5.8,18.0,10716.0
1,240517_calCSV_data.csv,1_0007,0007,TAT2,43,17,5.8,27.2,10721.0
1,240517_calCSV_data.csv,1_0007,0007,TAT2,43,17,5.8,36.0,10728.0
1,240517_calCSV_data.csv,1_0007,0007,TAT2,43,17,5.8,45.2,10735.0
1,240517_calCSV_data.csv,1_0007,0007,TAT2,43,17,5.8,54.0,10739.0
1,240517_calCSV_data.csv,1_0007,0007,TAT2,43,17,5.8,63.2,10753.0
1,240517_calCSV_data.csv,1_0007,0007,TAT2,43,17,5.8,72.0,10756.0
1,240517_calCSV_data.csv,1_0007,0007,TAT2,43,17,5.8,81.2,10765.0
1,240517_calCSV_data.csv,1_0007,0007,TAT2,43,17,5.8,90.0,10775.0
1,240517_calCSV_data.csv,1_0007,0007,TAT2,43,17,5.8,99.2,10780.0
1,240517_calCSV_data.csv,1_0007,0007,TAT2,43,17,5.8,108.0,10788.0
1,240517_calCSV_data.csv,1_0007,0007,TAT2,43,17,5.8,117.2,10795.0
1,240517_calCSV_data.csv,1_0007,0007,TAT2,43,17,5.8,126.0,10808.0
1,240517_calCSV_data.csv,1_0007,0007,TAT2,43,17,5.8,135.2,10813.0
1,240517_calCSV_data.csv,1_0007,0007,TAT2,43,17,5.8,144.0,10826.0
1,240517_calCSV_data.csv,1_0007,0007,TAT2,43,17,5.8,153.2,10832.0
1,240517_calCSV_data.csv,1_0007,0007,TAT2,43,17,5.8,162.0,10843.0
1,240517_calCSV_data.csv,1_0007,0007,TAT2,43,17,5.8,171.2,10852.0
1,240517_calCSV_data.csv,1_0007,0007,TAT2,43,17,5.8,180.0,10860.0
1,240517_calCSV_data.csv,1_0007,0007,TAT3,44,18,5.6,0.0,10792.0
1,240517_calCSV_data.csv,1_0007,0007,TAT3,44,18,5.6,9.2,10791.0
1,240517_calCSV_data.csv,1_0007,0007,TAT3,44,18,5.6,18.0,10790.0
1,240517_calCSV_data.csv,1_0007,0007,TAT3,44,18,5.6,27.2,10800.0
1,240517_calCSV_data.csv,1_0007,0007,TAT3,44,18,5.6,36.0,10803.0
1,240517_calCSV_data.csv,1_0007,0007,TAT3,44,18,5.6,45.2,10806.0
1,240517_calCSV_data.csv,1_0007,0007,TAT3,44,18,5.6,54.0,10816.0
1,240517_calCSV_data.csv,1_0007,0007,TAT3,44,18,5.6,63.2,10824.0
1,240517_calCSV_data.csv,1_0007,0007,TAT3,44,18,5.6,72.0,10829.0
1,240517_calCSV_data.csv,1_0007,0007,TAT3,44,18,5.6,81.2,10842.0
1,240517_calCSV_data.csv,1_0007,0007,TAT3,44,18,5.6,90.0,10845.0
1,240517_calCSV_data.csv,1_0007,0007,TAT3,44,18,5.6,99.2,10857.0
1,240517_calCSV_data.csv,1_0007,0007,TAT3,44,18,5.6,108.0,10864.0
1,240517_calCSV_data.csv,1_0007,0007,TAT3,44,18,5.6,117.2,10875.0
1,240517_calCSV_data.csv,1_0007,0007,TAT3,44,18,5.6,126.0,10879.0
1,240517_calCSV_data.csv,1_0007,0007,TAT3,44,18,5.6,135.2,10887.0
1,240517_calCSV_data.csv,1_0007,0007,TAT3,44,18,5.6,144.0,10897.0
1,240517_calCSV_data.csv,1_0007,0007,TAT3,44,18,5.6,153.2,10910.0
1,240517_calCSV_data.csv,1_0007,0007,TAT3,44,18,5.6,162.0,10918.0
1,240517_calCSV_data.csv,1_0007,0007,TAT3,44,18,5.6,171.2,10926.0
1,240517_calCSV_data.csv,1_0007,0007,TAT3,44,18,5.6,180.0,10937.0
1,240517_calCSV_data.csv,1_0007,0007,TAT5,46,19,3.6,0.0,6896.0
1,240517_calCSV_data.csv,1_0007,0007,TAT5,46,19,3.6,9.2,6892.0
1,240517_calCSV_data.csv,1_0007,0007,TAT5,46,19,3.6,18.0,6893.0
1,240517_calCSV_data.csv,1_0007,0007,TAT5,46,19,3.6,27.2,6890.0
1,240517_calCSV_data.csv,1_0007,0007,TAT5,46,19,3.6,36.0,6897.0
1,240517_calCSV_data.csv,1_0007,0007,TAT5,46,19,3.6,45.2,6897.0
1,240517_calCSV_data.csv,1_0007,0007,TAT5,46,19,3.6,54.0,6907.0
1,240517_calCSV_data.csv,1_0007,0007,TAT5,46,19,3.6,63.2,6907.0
1,240517_calCSV_data.csv,1_0007,0007,TAT5,46,19,3.6,72.0,6915.0
1,240517_calCSV_data.csv,1_0007,0007,TAT5,46,19,3.6,81.2,6912.0
1,240517_calCSV_data.csv,1_0007,0007,TAT5,46,19,3.6,90.0,6920.0
1,240517_calCSV_data.csv,1_0007,0007,TAT5,46,19,3.6,99.2,6924.0
1,240517_calCSV_data.csv,1_0007,0007,TAT5,46,19,3.6,108.0,6932.0
1,240517_calCSV_data.csv,1_0007,0007,TAT5,46,19,3.6,117.2,6938.0
1,240517_calCSV_data.csv,1_0007,0007,TAT5,46,19,3.6,126.0,6938.0
1,240517_calCSV_data.csv,1_0007,0007,TAT5,46,19,3.6,135.2,6946.0
1,240517_calCSV_data.csv,1_0007,0007,TAT5,46,19,3.6,144.0,6947.0
1,240517_calCSV_data.csv,1_0007,0007,TAT5,46,19,3.6,153.2,6958.0
1,240517_calCSV_data.csv,1_0007,0007,TAT5,46,19,3.6,162.0,6957.0
1,240517_calCSV_data.csv,1_0007,0007,TAT5,46,19,3.6,171.2,6966.0
1,240517_calCSV_data.csv,1_0007,0007,TAT5,46,19,3.6,180.0,6972.0
1,240517_calCSV_data.csv,1_0007,0007,TAT6,47,20,-1.1,0.0,8806.0
1,240517_calCSV_data.csv,1_0007,0007,TAT6,47,20,-1.1,9.2,8801.0
1,240517_calCSV_data.csv,1_0007,0007,TAT6,47,20,-1.1,18.0,8791.0
1,240517_calCSV_data.csv,1_0007,0007,TAT6,47,20,-1.1,27.2,8791.0
1,240517_calCSV_data.csv,1_0007,0007,TAT6,47,20,-1.1,36.0,8787.0
1,240517_calCSV_data.csv,1_0007,0007,TAT6,47,20,-1.1,45.2,8782.0
1,240517_calCSV_data.csv,1_0007,0007,TAT6,47,20,-1.1,54.0,8783.0
1,240517_calCSV_data.csv,1_0007,0007,TAT6,47,20,-1.1,63.2,8783.0
1,240517_calCSV_data.csv,1_0007,0007,TAT6,47,20,-1.1,72.0,8781.0
1,240517_calCSV_data.csv,1_0007,0007,TAT6,47,20,-1.1,81.2,8782.0
1,240517_calCSV_data.csv,1_0007,0007,TAT6,47,20,-1.1,90.0,8774.0
1,240517_calCSV_data.csv,1_0007,0007,TAT6,47,20,-1.1,99.2,8775.0
1,240517_calCSV_data.csv,1_0007,0007,TAT6,47,20,-1.1,108.0,8775.0
1,240517_calCSV_data.csv,1_0007,0007,TAT6,47,20,-1.1,117.2,8769.0
1,240517_calCSV_data.csv,1_0007,0007,TAT6,47,20,-1.1,126.0,8773.0
1,240517_calCSV_data.csv,1_0007,0007,TAT6,47,20,-1.1,135.2,8768.0
1,240517_calCSV_data.csv,1_0007,0007,TAT6,47,20,-1.1,144.0,8770.0
1,240517_calCSV_data.csv,1_0007,0007,TAT6,47,20,-1.1,153.2,8766.0
1,240517_calCSV_data.csv,1_0007,0007,TAT6,47,20,-1.1,162.0,8769.0
1,240517_calCSV_data.csv,1_0007,0007,TAT6,47,20,-1.1,171.2,8766.0
1,240517_calCSV_data.csv,1_0007,0007,TAT6,47,20,-1.1,180.0,8765.0
1,240517_calCSV_data.csv,1_0008,0008,TAT206,41,15,5.6,0.0,10944.0
1,240517_calCSV_data.csv,1_0008,0008,TAT206,41,15,5.6,9.2,10937.0
1,240517_calCSV_data.csv,1_0008,0008,TAT206,41,15,5.6,18.0,10937.0
1,240517_calCSV_data.csv,1_0008,0008,TAT206,41,15,5.6,27.2,10945.0
1,240517_calCSV_data.csv,1_0008,0008,TAT206,41,15,5.6,36.0,10947.0
1,240517_calCSV_data.csv,1_0008,0008,TAT206,41,15,5.6,45.2,10957.0
1,240517_calCSV_data.csv,1_0008,0008,TAT206,41,15,5.6,54.0,10955.0
1,240517_calCSV_data.csv,1_0008,0008,TAT206,41,15,5.6,63.2,10962.0
1,240517_calCSV_data.csv,1_0008,0008,TAT206,41,15,5.6,72.0,10968.0
1,240517_calCSV_data.csv,1_0008,0008,TAT206,41,15,5.6,81.2,10973.0
1,240517_calCSV_data.csv,1_0008,0008,TAT206,41,15,5.6,90.0,10985.0
1,240517_calCSV_data.csv,1_0008,0008,TAT206,41,15,5.6,99.2,10989.0
1,240517_calCSV_data.csv,1_0008,0008,TAT206,41,15,5.6,108.0,10996.0
1,240517_calCSV_data.csv,1_0008,0008,TAT206,41,15,5.6,117.2,11007.0
1,240517_calCSV_data.csv,1_0008,0008,TAT206,41,15,5.6,126.0,11011.0
1,240517_calCSV_data.csv,1_0008,0008,TAT206,41,15,5.6,135.2,11024.0
1,240517_calCSV_data.csv,1_0008,0008,TAT206,41,15,5.6,144.0,11026.0
1,240517_calCSV_data.csv,1_0008,0008,TAT206,41,15,5.6,153.2,11038.0
1,240517_calCSV_data.csv,1_0008,0008,TAT206,41,15,5.6,162.0,11041.0
1,240517_calCSV_data.csv,1_0008,0008,TAT206,41,15,5.6,171.2,11057.0
1,240517_calCSV_data.csv,1_0008,0008,TAT206,41,15,5.6,180.0,11068.0
1,240517_calCSV_data.csv,1_0008,0008,TAT1,42,16,6.7,0.0,10798.0
1,240517_calCSV_data.csv,1_0008,0008,TAT1,42,16,6.7,9.2,10802.0
1,240517_calCSV_data.csv,1_0008,0008,TAT1,42,16,6.7,18.0,10796.0
1,240517_calCSV_data.csv,1_0008,0008,TAT1,42,16,6.7,27.2,10803.0
1,240517_calCSV_data.csv,1_0008,0008,TAT1,42,16,6.7,36.0,10809.0
1,240517_calCSV_data.csv,1_0008,0008,TAT1,42,16,6.7,45.2,10814.0
1,240517_calCSV_data.csv,1_0008,0008,TAT1,42,16,6.7,54.0,10820.0
1,240517_calCSV_data.csv,1_0008,0008,TAT1,42,16,6.7,63.2,10832.0
1,240517_calCSV_data.csv,1_0008,0008,TAT1,42,16,6.7,72.0,10843.0
1,240517_calCSV_data.csv,1_0008,0008,TAT1,42,16,6.7,81.2,10850.0
1,240517_calCSV_data.csv,1_0008,0008,TAT1,42,16,6.7,90.0,10861.0
1,240517_calCSV_data.csv,1_0008,0008,TAT1,42,16,6.7,99.2,10869.0
1,240517_calCSV_data.csv,1_0008,0008,TAT1,42,16,6.7,108.0,10881.0
1,240517_calCSV_data.csv,1_0008,0008,TAT1,42,16,6.7,117.2,10886.0
1,240517_calCSV_data.csv,1_0008,0008,TAT1,42,16,6.7,126.0,10899.0
1,240517_calCSV_data.csv,1_0008,0008,TAT1,42,16,6.7,135.2,10907.0
1,240517_calCSV_data.csv,1_0008,0008,TAT1,42,16,6.7,144.0,10922.0
1,240517_calCSV_data.csv,1_0008,0008,TAT1,42,16,6.7,153.2,10930.0
1,240517_calCSV_data.csv,1_0008,0008,TAT1,42,16,6.7,162.0,10943.0
1,240517_calCSV_data.csv,1_0008,0008,TAT1,42,16,6.7,171.2,10950.0
1,240517_calCSV_data.csv,1_0008,0008,TAT1,42,16,6.7,180.0,10962.0
1,240517_calCSV_data.csv,1_0008,0008,TAT2,43,17,5.1,0.0,10715.0
1,240517_calCSV_data.csv,1_0008,0008,TAT2,43,17,5.1,9.2,10714.0
1,240517_calCSV_data.csv,1_0008,0008,TAT2,43,17,5.1,18.0,10719.0
1,240517_calCSV_data.csv,1_0008,0008,TAT2,43,17,5.1,27.2,10718.0
1,240517_calCSV_data.csv,1_0008,0008,TAT2,43,17,5.1,36.0,10728.0
1,240517_calCSV_data.csv,1_0008,0008,TAT2,43,17,5.1,45.2,10728.0
1,240517_calCSV_data.csv,1_0008,0008,TAT2,43,17,5.1,54.0,10736.0
1,240517_calCSV_data.csv,1_0008,0008,TAT2,43,17,5.1,63.2,10748.0
1,240517_calCSV_data.csv,1_0008,0008,TAT2,43,17,5.1,72.0,10754.0
1,240517_calCSV_data.csv,1_0008,0008,TAT2,43,17,5.1,81.2,10760.0
1,240517_calCSV_data.csv,1_0008,0008,TAT2,43,17,5.1,90.0,10768.0
1,240517_calCSV_data.csv,1_0008,0008,TAT2,43,17,5.1,99.2,10773.0
1,240517_calCSV_data.csv,1_0008,0008,TAT2,43,17,5.1,108.0,10782.0
1,240517_calCSV_data.csv,1_0008,0008,TAT2,43,17,5.1,117.2,10785.0
1,240517_calCSV_data.csv,1_0008,0008,TAT2,43,17,5.1,126.0,10794.0
1,240517_calCSV_data.csv,1_0008,0008,TAT2,43,17,5.1,135.2,10803.0
1,240517_calCSV_data.csv,1_0008,0008,TAT2,43,17,5.1,144.0,10810.0
1,240517_calCSV_data.csv,1_0008,0008,TAT2,43,17,5.1,153.2,10822.0
1,240517_calCSV_data.csv,1_0008,0008,TAT2,43,17,5.1,162.0,10827.0
1,240517_calCSV_data.csv,1_0008,0008,TAT2,43,17,5.1,171.2,10837.0
1,240517_calCSV_data.csv,1_0008,0008,TAT2,43,17,5.1,180.0,10850.0
1,240517_calCSV_data.csv,1_0008,0008,TAT3,44,18,5.2,0.0,10801.0
1,240517_calCSV_data.csv,1_0008,0008,TAT3,44,18,5.2,9.2,10810.0
1,240517_calCSV_data.csv,1_0008,0008,TAT3,44,18,5.2,18.0,10807.0
1,240517_calCSV_data.csv,1_0008,0008,TAT3,44,18,5.2,27.2,10807.0
1,240517_calCSV_data.csv,1_0008,0008,TAT3,44,18,5.2,36.0,10812.0
1,240517_calCSV_data.csv,1_0008,0008,TAT3,44,18,5.2,45.2,10815.0
1,240517_calCSV_data.csv,1_0008,0008,TAT3,44,18,5.2,54.0,10827.0
1,240517_calCSV_data.csv,1_0008,0008,TAT3,44,18,5.2,63.2,10831.0
1,240517_calCSV_data.csv,1_0008,0008,TAT3,44,18,5.2,72.0,10839.0
1,240517_calCSV_data.csv,1_0008,0008,TAT3,44,18,5.2,81.2,10849.0
1,240517_calCSV_data.csv,1_0008,0008,TAT3,44,18,5.2,90.0,10850.0
1,240517_calCSV_data.csv,1_0008,0008,TAT3,44,18,5.2,99.2,10865.0
1,240517_calCSV_data.csv,1_0008,0008,TAT3,44,18,5.2,108.0,10868.0
1,240517_calCSV_data.csv,1_0008,0008,TAT3,44,18,5.2,117.2,10874.0
1,240517_calCSV_data.csv,1_0008,0008,TAT3,44,18,5.2,126.0,10888.0
1,240517_calCSV_data.csv,1_0008,0008,TAT3,44,18,5.2,135.2,10889.0
1,240517_calCSV_data.csv,1_0008,0008,TAT3,44,18,5.2,144.0,10904.0
1,240517_calCSV_data.csv,1_0008,0008,TAT3,44,18,5.2,153.2,10913.0
1,240517_calCSV_data.csv,1_0008,0008,TAT3,44,18,5.2,162.0,10919.0
1,240517_calCSV_data.csv,1_0008,0008,TAT3,44,18,5.2,171.2,10927.0
1,240517_calCSV_data.csv,1_0008,0008,TAT3,44,18,5.2,180.0,10940.0
1,240517_calCSV_data.csv,1_0008,0008,TAT5,46,19,3.2,0.0,6928.0
1,240517_calCSV_data.csv,1_0008,0008,TAT5,46,19,3.2,9.2,6928.0
1,240517_calCSV_data.csv,1_0008,0008,TAT5,46,19,3.2,18.0,6926.0
1,240517_calCSV_data.csv,1_0008,0008,TAT5,46,19,3.2,27.2,6932.0
1,240517_calCSV_data.csv,1_0008,0008,TAT5,46,19,3.2,36.0,6938.0
1,240517_calCSV_data.csv,1_0008,0008,TAT5,46,19,3.2,45.2,6937.0
1,240517_calCSV_data.csv,1_0008,0008,TAT5,46,19,3.2,54.0,6944.0
1,240517_calCSV_data.csv,1_0008,0008,TAT5,46,19,3.2,63.2,6942.0
1,240517_calCSV_data.csv,1_0008,0008,TAT5,46,19,3.2,72.0,6952.0
1,240517_calCSV_data.csv,1_0008,0008,TAT5,46,19,3.2,81.2,6950.0
1,240517_calCSV_data.csv,1_0008,0008,TAT5,46,19,3.2,90.0,6957.0
1,240517_calCSV_data.csv,1_0008,0008,TAT5,46,19,3.2,99.2,6959.0
1,240517_calCSV_data.csv,1_0008,0008,TAT5,46,19,3.2,108.0,6962.0
1,240517_calCSV_data.csv,1_0008,0008,TAT5,46,19,3.2,117.2,6969.0
1,240517_calCSV_data.csv,1_0008,0008,TAT5,46,19,3.2,126.0,6975.0
1,240517_calCSV_data.csv,1_0008,0008,TAT5,46,19,3.2,135.2,6977.0
1,240517_calCSV_data.csv,1_0008,0008,TAT5,46,19,3.2,144.0,6979.0
1,240517_calCSV_data.csv,1_0008,0008,TAT5,46,19,3.2,153.2,6985.0
1,240517_calCSV_data.csv,1_0008,0008,TAT5,46,19,3.2,162.0,6986.0
1,240517_calCSV_data.csv,1_0008,0008,TAT5,46,19,3.2,171.2,6998.0
1,240517_calCSV_data.csv,1_0008,0008,TAT5,46,19,3.2,180.0,6996.0
1,240517_calCSV_data.csv,1_0008,0008,TAT6,47,20,-0.7,0.0,8859.0
1,240517_calCSV_data.csv,1_0008,0008,TAT6,47,20,-0.7,9.2,8839.0
1,240517_calCSV_data.csv,1_0008,0008,TAT6,47,20,-0.7,18.0,8837.0
1,240517_calCSV_data.csv,1_0008,0008,TAT6,47,20,-0.7,27.2,8838.0
1,240517_calCSV_data.csv,1_0008,0008,TAT6,47,20,-0.7,36.0,8831.0
1,240517_calCSV_data.csv,1_0008,0008,TAT6,47,20,-0.7,45.2,8832.0
1,240517_calCSV_data.csv,1_0008,0008,TAT6,47,20,-0.7,54.0,8825.0
1,240517_calCSV_data.csv,1_0008,0008,TAT6,47,20,-0.7,63.2,8826.0
1,240517_calCSV_data.csv,1_0008,0008,TAT6,47,20,-0.7,72.0,8824.0
1,240517_calCSV_data.csv,1_0008,0008,TAT6,47,20,-0.7,81.2,8831.0
1,240517_calCSV_data.csv,1_0008,0008,TAT6,47,20,-0.7,90.0,8814.0
1,240517_calCSV_data.csv,1_0008,0008,TAT6,47,20,-0.7,99.2,8824.0
1,240517_calCSV_data.csv,1_0008,0008,TAT6,47,20,-0.7,108.0,8824.0
1,240517_calCSV_data.csv,1_0008,0008,TAT6,47,20,-0.7,117.2,8824.0
1,240517_calCSV_data.csv,1_0008,0008,TAT6,47,20,-0.7,126.0,8822.0
1,240517_calCSV_data.csv,1_0008,0008,TAT6,47,20,-0.7,135.2,8818.0
1,240517_calCSV_data.csv,1_0008,0008,TAT6,47,20,-0.7,144.0,8819.0
1,240517_calCSV_data.csv,1_0008,0008,TAT6,47,20,-0.7,153.2,8819.0
1,240517_calCSV_data.csv,1_0008,0008,TAT6,47,20,-0.7,162.0,8819.0
1,240517_calCSV_data.csv,1_0008,0008,TAT6,47,20,-0.7,171.2,8821.0
1,240517_calCSV_data.csv,1_0008,0008,TAT6,47,20,-0.7,180.0,8816.0
1,240517_calCSV_data.csv,1_0009,0009,TAT206,41,15,11.2,0.0,10922.0
1,240517_calCSV_data.csv,1_0009,0009,TAT206,41,15,11.2,9.2,10927.0
1,240517_calCSV_data.csv,1_0009,0009,TAT206,41,15,11.2,18.0,10926.0
1,240517_calCSV_data.csv,1_0009,0009,TAT206,41,15,11.2,27.2,10939.0
1,240517_calCSV_data.csv,1_0009,0009,TAT206,41,15,11.2,36.0,10949.0
1,240517_calCSV_data.csv,1_0009,0009,TAT206,41,15,11.2,45.2,10953.0
1,240517_calCSV_data.csv,1_0009,0009,TAT206,41,15,11.2,54.0,10971.0
1,240517_calCSV_data.csv,1_0009,0009,TAT206,41,15,11.2,63.2,10987.0
1,240517_calCSV_data.csv,1_0009,0009,TAT206,41,15,11.2,72.0,10997.0
1,240517_calCSV_data.csv,1_0009,0009,TAT206,41,15,11.2,81.2,11011.0
1,240517_calCSV_data.csv,1_0009,0009,TAT206,41,15,11.2,90.0,11025.0
1,240517_calCSV_data.csv,1_0009,0009,TAT206,41,15,11.2,99.2,11040.0
1,240517_calCSV_data.csv,1_0009,0009,TAT206,41,15,11.2,108.0,11059.0
1,240517_calCSV_data.csv,1_0009,0009,TAT206,41,15,11.2,117.2,11077.0
1,240517_calCSV_data.csv,1_0009,0009,TAT206,41,15,11.2,126.0,11089.0
1,240517_calCSV_data.csv,1_0009,0009,TAT206,41,15,11.2,135.2,11109.0
1,240517_calCSV_data.csv,1_0009,0009,TAT206,41,15,11.2,144.0,11130.0
1,240517_calCSV_data.csv,1_0009,0009,TAT206,41,15,11.2,153.2,11140.0
1,240517_calCSV_data.csv,1_0009,0009,TAT206,41,15,11.2,162.0,11159.0
1,240517_calCSV_data.csv,1_0009,0009,TAT206,41,15,11.2,171.2,11179.0
1,240517_calCSV_data.csv,1_0009,0009,TAT206,41,15,11.2,180.0,11191.0
1,240517_calCSV_data.csv,1_0009,0009,TAT1,42,16,11.8,0.0,10858.0
1,240517_calCSV_data.csv,1_0009,0009,TAT1,42,16,11.8,9.2,10875.0
1,240517_calCSV_data.csv,1_0009,0009,TAT1,42,16,11.8,18.0,10875.0
1,240517_calCSV_data.csv,1_0009,0009,TAT1,42,16,11.8,27.2,10886.0
1,240517_calCSV_data.csv,1_0009,0009,TAT1,42,16,11.8,36.0,10896.0
1,240517_calCSV_data.csv,1_0009,0009,TAT1,42,16,11.8,45.2,10905.0
1,240517_calCSV_data.csv,1_0009,0009,TAT1,42,16,11.8,54.0,10921.0
1,240517_calCSV_data.csv,1_0009,0009,TAT1,42,16,11.8,63.2,10939.0
1,240517_calCSV_data.csv,1_0009,0009,TAT1,42,16,11.8,72.0,10952.0
1,240517_calCSV_data.csv,1_0009,0009,TAT1,42,16,11.8,81.2,10968.0
1,240517_calCSV_data.csv,1_0009,0009,TAT1,42,16,11.8,90.0,10983.0
1,240517_calCSV_data.csv,1_0009,0009,TAT1,42,16,11.8,99.2,10999.0
1,240517_calCSV_data.csv,1_0009,0009,TAT1,42,16,11.8,108.0,11014.0
1,240517_calCSV_data.csv,1_0009,0009,TAT1,42,16,11.8,117.2,11036.0
1,240517_calCSV_data.csv,1_0009,0009,TAT1,42,16,11.8,126.0,11051.0
1,240517_calCSV_data.csv,1_0009,0009,TAT1,42,16,11.8,135.2,11075.0
1,240517_calCSV_data.csv,1_0009,0009,TAT1,42,16,11.8,144.0,11086.0
1,240517_calCSV_data.csv,1_0009,0009,TAT1,42,16,11.8,153.2,11106.0
1,240517_calCSV_data.csv,1_0009,0009,TAT1,42,16,11.8,162.0,11125.0
1,240517_calCSV_data.csv,1_0009,0009,TAT1,42,16,11.8,171.2,11145.0
1,240517_calCSV_data.csv,1_0009,0009,TAT1,42,16,11.8,180.0,11159.0
1,240517_calCSV_data.csv,1_0009,0009,TAT2,43,17,9.1,0.0,10710.0
1,240517_calCSV_data.csv,1_0009,0009,TAT2,43,17,9.1,9.2,10711.0
1,240517_calCSV_data.csv,1_0009,0009,TAT2,43,17,9.1,18.0,10710.0
1,240517_calCSV_data.csv,1_0009,0009,TAT2,43,17,9.1,27.2,10717.0
1,240517_calCSV_data.csv,1_0009,0009,TAT2,43,17,9.1,36.0,10730.0
1,240517_calCSV_data.csv,1_0009,0009,TAT2,43,17,9.1,45.2,10737.0
1,240517_calCSV_data.csv,1_0009,0009,TAT2,43,17,9.1,54.0,10745.0
1,240517_calCSV_data.csv,1_0009,0009,TAT2,43,17,9.1,63.2,10761.0
1,240517_calCSV_data.csv,1_0009,0009,TAT2,43,17,9.1,72.0,10770.0
1,240517_calCSV_data.csv,1_0009,0009,TAT2,43,17,9.1,81.2,10781.0
1,240517_calCSV_data.csv,1_0009,0009,TAT2,43,17,9.1,90.0,10798.0
1,240517_calCSV_data.csv,1_0009,0009,TAT2,43,17,9.1,99.2,10803.0
1,240517_calCSV_data.csv,1_0009,0009,TAT2,43,17,9.1,108.0,10820.0
1,240517_calCSV_data.csv,1_0009,0009,TAT2,43,17,9.1,117.2,10832.0
1,240517_calCSV_data.csv,1_0009,0009,TAT2,43,17,9.1,126.0,10850.0
1,240517_calCSV_data.csv,1_0009,0009,TAT2,43,17,9.1,135.2,10861.0
1,240517_calCSV_data.csv,1_0009,0009,TAT2,43,17,9.1,144.0,10878.0
1,240517_calCSV_data.csv,1_0009,0009,TAT2,43,17,9.1,153.2,10892.0
1,240517_calCSV_data.csv,1_0009,0009,TAT2,43,17,9.1,162.0,10909.0
1,240517_calCSV_data.csv,1_0009,0009,TAT2,43,17,9.1,171.2,10917.0
1,240517_calCSV_data.csv,1_0009,0009,TAT2,43,17,9.1,180.0,10930.0
1,240517_calCSV_data.csv,1_0009,0009,TAT3,44,18,9.6,0.0,10910.0
1,240517_calCSV_data.csv,1_0009,0009,TAT3,44,18,9.6,9.2,10917.0
1,240517_calCSV_data.csv,1_0009,0009,TAT3,44,18,9.6,18.0,10919.0
1,240517_calCSV_data.csv,1_0009,0009,TAT3,44,18,9.6,27.2,10926.0
1,240517_calCSV_data.csv,1_0009,0009,TAT3,44,18,9.6,36.0,10940.0
1,240517_calCSV_data.csv,1_0009,0009,TAT3,44,18,9.6,45.2,10942.0
1,240517_calCSV_data.csv,1_0009,0009,TAT3,44,18,9.6,54.0,10962.0
1,240517_calCSV_data.csv,1_0009,0009,TAT3,44,18,9.6,63.2,10973.0
1,240517_calCSV_data.csv,1_0009,0009,TAT3,44,18,9.6,72.0,10985.0
1,240517_calCSV_data.csv,1_0009,0009,TAT3,44,18,9.6,81.2,10996.0
1,240517_calCSV_data.csv,1_0009,0009,TAT3,44,18,9.6,90.0,11006.0
1,240517_calCSV_data.csv,1_0009,0009,TAT3,44,18,9.6,99.2,11027.0
1,240517_calCSV_data.csv,1_0009,0009,TAT3,44,18,9.6,108.0,11034.0
1,240517_calCSV_data.csv,1_0009,0009,TAT3,44,18,9.6,117.2,11054.0
1,240517_calCSV_data.csv,1_0009,0009,TAT3,44,18,9.6,126.0,11060.0
1,240517_calCSV_data.csv,1_0009,0009,TAT3,44,18,9.6,135.2,11082.0
1,240517_calCSV_data.csv,1_0009,0009,TAT3,44,18,9.6,144.0,11096.0
1,240517_calCSV_data.csv,1_0009,0009,TAT3,44,18,9.6,153.2,11106.0
1,240517_calCSV_data.csv,1_0009,0009,TAT3,44,18,9.6,162.0,11125.0
1,240517_calCSV_data.csv,1_0009,0009,TAT3,44,18,9.6,171.2,11140.0
1,240517_calCSV_data.csv,1_0009,0009,TAT3,44,18,9.6,180.0,11157.0
1,240517_calCSV_data.csv,1_0009,0009,TAT5,46,19,5.1,0.0,6881.0
1,240517_calCSV_data.csv,1_0009,0009,TAT5,46,19,5.1,9.2,6882.0
1,240517_calCSV_data.csv,1_0009,0009,TAT5,46,19,5.1,18.0,6890.0
1,240517_calCSV_data.csv,1_0009,0009,TAT5,46,19,5.1,27.2,6898.0
1,240517_calCSV_data.csv,1_0009,0009,TAT5,46,19,5.1,36.0,6899.0
1,240517_calCSV_data.csv,1_0009,0009,TAT5,46,19,5.1,45.2,6910.0
1,240517_calCSV_data.csv,1_0009,0009,TAT5,46,19,5.1,54.0,6914.0
1,240517_calCSV_data.csv,1_0009,0009,TAT5,46,19,5.1,63.2,6918.0
1,240517_calCSV_data.csv,1_0009,0009,TAT5,46,19,5.1,72.0,6931.0
1,240517_calCSV_data.csv,1_0009,0009,TAT5,46,19,5.1,81.2,6939.0
1,240517_calCSV_data.csv,1_0009,0009,TAT5,46,19,5.1,90.0,6943.0
1,240517_calCSV_data.csv,1_0009,0009,TAT5,46,19,5.1,99.2,6949.0
1,240517_calCSV_data.csv,1_0009,0009,TAT5,46,19,5.1,108.0,6959.0
1,240517_calCSV_data.csv,1_0009,0009,TAT5,46,19,5.1,117.2,6966.0
1,240517_calCSV_data.csv,1_0009,0009,TAT5,46,19,5.1,126.0,6969.0
1,240517_calCSV_data.csv,1_0009,0009,TAT5,46,19,5.1,135.2,6982.0
1,240517_calCSV_data.csv,1_0009,0009,TAT5,46,19,5.1,144.0,6993.0
1,240517_calCSV_data.csv,1_0009,0009,TAT5,46,19,5.1,153.2,6997.0
1,240517_calCSV_data.csv,1_0009,0009,TAT5,46,19,5.1,162.0,7008.0
1,240517_calCSV_data.csv,1_0009,0009,TAT5,46,19,5.1,171.2,7015.0
1,240517_calCSV_data.csv,1_0009,0009,TAT5,46,19,5.1,180.0,7022.0
1,240517_calCSV_data.csv,1_0009,0009,TAT6,47,20,-0.6,0.0,8818.0
1,240517_calCSV_data.csv,1_0009,0009,TAT6,47,20,-0.6,9.2,8813.0
1,240517_calCSV_data.csv,1_0009,0009,TAT6,47,20,-0.6,18.0,8806.0
1,240517_calCSV_data.csv,1_0009,0009,TAT6,47,20,-0.6,27.2,8801.0
1,240517_calCSV_data.csv,1_0009,0009,TAT6,47,20,-0.6,36.0,8803.0
1,240517_calCSV_data.csv,1_0009,0009,TAT6,47,20,-0.6,45.2,8796.0
1,240517_calCSV_data.csv,1_0009,0009,TAT6,47,20,-0.6,54.0,8795.0
1,240517_calCSV_data.csv,1_0009,0009,TAT6,47,20,-0.6,63.2,8787.0
1,240517_calCSV_data.csv,1_0009,0009,TAT6,47,20,-0.6,72.0,8790.0
1,240517_calCSV_data.csv,1_0009,0009,TAT6,47,20,-0.6,81.2,8789.0
1,240517_calCSV_data.csv,1_0009,0009,TAT6,47,20,-0.6,90.0,8788.0
1,240517_calCSV_data.csv,1_0009,0009,TAT6,47,20,-0.6,99.2,8785.0
1,240517_calCSV_data.csv,1_0009,0009,TAT6,47,20,-0.6,108.0,8785.0
1,240517_calCSV_data.csv,1_0009,0009,TAT6,47,20,-0.6,117.2,8781.0
1,240517_calCSV_data.csv,1_0009,0009,TAT6,47,20,-0.6,126.0,8780.0
1,240517_calCSV_data.csv,1_0009,0009,TAT6,47,20,-0.6,135.2,8779.0
1,240517_calCSV_data.csv,1_0009,0009,TAT6,47,20,-0.6,144.0,8786.0
1,240517_calCSV_data.csv,1_0009,0009,TAT6,47,20,-0.6,153.2,8775.0
1,240517_calCSV_data.csv,1_0009,0009,TAT6,47,20,-0.6,162.0,8782.0
1,240517_calCSV_data.csv,1_0009,0009,TAT6,47,20,-0.6,171.2,8780.0
1,240517_calCSV_data.csv,1_0009,0009,TAT6,47,20,-0.6,180.0,8777.0
1,240517_calCSV_data.csv,1_0010,0010,TAT206,41,15,7.5,0.0,11030.0
1,240517_calCSV_data.csv,1_0010,0010,TAT206,41,15,7.5,9.2,11040.0
1,240517_calCSV_data.csv,1_0010,0010,TAT206,41,15,7.5,18.0,11042.0
1,240517_calCSV_data.csv,1_0010,0010,TAT206,41,15,7.5,27.2,11044.0
1,240517_calCSV_data.csv,1_0010,0010,TAT206,41,15,7.5,36.0,11054.0
1,240517_calCSV_data.csv,1_0010,0010,TAT206,41,15,7.5,45.2,11056.0
1,240517_calCSV_data.csv,1_0010,0010,TAT206,41,15,7.5,54.0,11068.0
1,240517_calCSV_data.csv,1_0010,0010,TAT206,41,15,7.5,63.2,11078.0
1,240517_calCSV_data.csv,1_0010,0010,TAT206,41,15,7.5,72.0,11086.0
1,240517_calCSV_data.csv,1_0010,0010,TAT206,41,15,7.5,81.2,11096.0
1,240517_calCSV_data.csv,1_0010,0010,TAT206,41,15,7.5,90.0,11102.0
1,240517_calCSV_data.csv,1_0010,0010,TAT206,41,15,7.5,99.2,11114.0
1,240517_calCSV_data.csv,1_0010,0010,TAT206,41,15,7.5,108.0,11127.0
1,240517_calCSV_data.csv,1_0010,0010,TAT206,41,15,7.5,117.2,11140.0
1,240517_calCSV_data.csv,1_0010,0010,TAT206,41,15,7.5,126.0,11148.0
1,240517_calCSV_data.csv,1_0010,0010,TAT206,41,15,7.5,135.2,11159.0
1,240517_calCSV_data.csv,1_0010,0010,TAT206,41,15,7.5,144.0,11173.0
1,240517_calCSV_data.csv,1_0010,0010,TAT206,41,15,7.5,153.2,11183.0
1,240517_calCSV_data.csv,1_0010,0010,TAT206,41,15,7.5,162.0,11196.0
1,240517_calCSV_data.csv,1_0010,0010,TAT206,41,15,7.5,171.2,11209.0
1,240517_calCSV_data.csv,1_0010,0010,TAT206,41,15,7.5,180.0,11222.0
1,240517_calCSV_data.csv,1_0010,0010,TAT1,42,16,8.3,0.0,10981.0
1,240517_calCSV_data.csv,1_0010,0010,TAT1,42,16,8.3,9.2,11001.0
1,240517_calCSV_data.csv,1_0010,0010,TAT1,42,16,8.3,18.0,11001.0
1,240517_calCSV_data.csv,1_0010,0010,TAT1,42,16,8.3,27.2,11011.0
1,240517_calCSV_data.csv,1_0010,0010,TAT1,42,16,8.3,36.0,11017.0
1,240517_calCSV_data.csv,1_0010,0010,TAT1,42,16,8.3,45.2,11031.0
1,240517_calCSV_data.csv,1_0010,0010,TAT1,42,16,8.3,54.0,11037.0
1,240517_calCSV_data.csv,1_0010,0010,TAT1,42,16,8.3,63.2,11050.0
1,240517_calCSV_data.csv,1_0010,0010,TAT1,42,16,8.3,72.0,11066.0
1,240517_calCSV_data.csv,1_0010,0010,TAT1,42,16,8.3,81.2,11072.0
1,240517_calCSV_data.csv,1_0010,0010,TAT1,42,16,8.3,90.0,11083.0
1,240517_calCSV_data.csv,1_0010,0010,TAT1,42,16,8.3,99.2,11095.0
1,240517_calCSV_data.csv,1_0010,0010,TAT1,42,16,8.3,108.0,11112.0
1,240517_calCSV_data.csv,1_0010,0010,TAT1,42,16,8.3,117.2,11120.0
1,240517_calCSV_data.csv,1_0010,0010,TAT1,42,16,8.3,126.0,11137.0
1,240517_calCSV_data.csv,1_0010,0010,TAT1,42,16,8.3,135.2,11141.0
1,240517_calCSV_data.csv,1_0010,0010,TAT1,42,16,8.3,144.0,11158.0
1,240517_calCSV_data.csv,1_0010,0010,TAT1,42,16,8.3,153.2,11168.0
1,240517_calCSV_data.csv,1_0010,0010,TAT1,42,16,8.3,162.0,11183.0
1,240517_calCSV_data.csv,1_0010,0010,TAT1,42,16,8.3,171.2,11197.0
1,240517_calCSV_data.csv,1_0010,0010,TAT1,42,16,8.3,180.0,11213.0
1,240517_calCSV_data.csv,1_0010,0010,TAT2,43,17,7.2,0.0,11099.0
1,240517_calCSV_data.csv,1_0010,0010,TAT2,43,17,7.2,9.2,11065.0
1,240517_calCSV_data.csv,1_0010,0010,TAT2,43,17,7.2,18.0,11075.0
1,240517_calCSV_data.csv,1_0010,0010,TAT2,43,17,7.2,27.2,11078.0
1,240517_calCSV_data.csv,1_0010,0010,TAT2,43,17,7.2,36.0,11091.0
1,240517_calCSV_data.csv,1_0010,0010,TAT2,43,17,7.2,45.2,11099.0
1,240517_calCSV_data.csv,1_0010,0010,TAT2,43,17,7.2,54.0,11101.0
1,240517_calCSV_data.csv,1_0010,0010,TAT2,43,17,7.2,63.2,11115.0
1,240517_calCSV_data.csv,1_0010,0010,TAT2,43,17,7.2,72.0,11125.0
1,240517_calCSV_data.csv,1_0010,0010,TAT2,43,17,7.2,81.2,11129.0
1,240517_calCSV_data.csv,1_0010,0010,TAT2,43,17,7.2,90.0,11142.0
1,240517_calCSV_data.csv,1_0010,0010,TAT2,43,17,7.2,99.2,11153.0
1,240517_calCSV_data.csv,1_0010,0010,TAT2,43,17,7.2,108.0,11162.0
1,240517_calCSV_data.csv,1_0010,0010,TAT2,43,17,7.2,117.2,11171.0
1,240517_calCSV_data.csv,1_0010,0010,TAT2,43,17,7.2,126.0,11175.0
1,240517_calCSV_data.csv,1_0010,0010,TAT2,43,17,7.2,135.2,11193.0
1,240517_calCSV_data.csv,1_0010,0010,TAT2,43,17,7.2,144.0,11201.0
1,240517_calCSV_data.csv,1_0010,0010,TAT2,43,17,7.2,153.2,11215.0
1,240517_calCSV_data.csv,1_0010,0010,TAT2,43,17,7.2,162.0,11226.0
1,240517_calCSV_data.csv,1_0010,0010,TAT2,43,17,7.2,171.2,11237.0
1,240517_calCSV_data.csv,1_0010,0010,TAT2,43,17,7.2,180.0,11247.0
1,240517_calCSV_data.csv,1_0010,0010,TAT3,44,18,7.3,0.0,10986.0
1,240517_calCSV_data.csv,1_0010,0010,TAT3,44,18,7.3,9.2,11003.0
1,240517_calCSV_data.csv,1_0010,0010,TAT3,44,18,7.3,18.0,11004.0
1,240517_calCSV_data.csv,1_0010,0010,TAT3,44,18,7.3,27.2,11013.0
1,240517_calCSV_data.csv,1_0010,0010,TAT3,44,18,7.3,36.0,11012.0
1,240517_calCSV_data.csv,1_0010,0010,TAT3,44,18,7.3,45.2,11021.0
1,240517_calCSV_data.csv,1_0010,0010,TAT3,44,18,7.3,54.0,11033.0
1,240517_calCSV_data.csv,1_0010,0010,TAT3,44,18,7.3,63.2,11049.0
1,240517_calCSV_data.csv,1_0010,0010,TAT3,44,18,7.3,72.0,11052.0
1,240517_calCSV_data.csv,1_0010,0010,TAT3,44,18,7.3,81.2,11064.0
1,240517_calCSV_data.csv,1_0010,0010,TAT3,44,18,7.3,90.0,11074.0
1,240517_calCSV_data.csv,1_0010,0010,TAT3,44,18,7.3,99.2,11078.0
1,240517_calCSV_data.csv,1_0010,0010,TAT3,44,18,7.3,108.0,11095.0
1,240517_calCSV_data.csv,1_0010,0010,TAT3,44,18,7.3,117.2,11109.0
1,240517_calCSV_data.csv,1_0010,0010,TAT3,44,18,7.3,126.0,11120.0
1,240517_calCSV_data.csv,1_0010,0010,TAT3,44,18,7.3,135.2,11129.0
1,240517_calCSV_data.csv,1_0010,0010,TAT3,44,18,7.3,144.0,11138.0
1,240517_calCSV_data.csv,1_0010,0010,TAT3,44,18,7.3,153.2,11152.0
1,240517_calCSV_data.csv,1_0010,0010,TAT3,44,18,7.3,162.0,11166.0
1,240517_calCSV_data.csv,1_0010,0010,TAT3,44,18,7.3,171.2,11174.0
1,240517_calCSV_data.csv,1_0010,0010,TAT3,44,18,7.3,180.0,11187.0
1,240517_calCSV_data.csv,1_0010,0010,TAT5,46,19,3.9,0.0,7086.0
1,240517_calCSV_data.csv,1_0010,0010,TAT5,46,19,3.9,9.2,7091.0
1,240517_calCSV_data.csv,1_0010,0010,TAT5,46,19,3.9,18.0,7098.0
1,240517_calCSV_data.csv,1_0010,0010,TAT5,46,19,3.9,27.2,7102.0
1,240517_calCSV_data.csv,1_0010,0010,TAT5,46,19,3.9,36.0,7108.0
1,240517_calCSV_data.csv,1_0010,0010,TAT5,46,19,3.9,45.2,7111.0
1,240517_calCSV_data.csv,1_0010,0010,TAT5,46,19,3.9,54.0,7121.0
1,240517_calCSV_data.csv,1_0010,0010,TAT5,46,19,3.9,63.2,7122.0
1,240517_calCSV_data.csv,1_0010,0010,TAT5,46,19,3.9,72.0,7130.0
1,240517_calCSV_data.csv,1_0010,0010,TAT5,46,19,3.9,81.2,7139.0
1,240517_calCSV_data.csv,1_0010,0010,TAT5,46,19,3.9,90.0,7139.0
1,240517_calCSV_data.csv,1_0010,0010,TAT5,46,19,3.9,99.2,7148.0
1,240517_calCSV_data.csv,1_0010,0010,TAT5,46,19,3.9,108.0,7152.0
1,240517_calCSV_data.csv,1_0010,0010,TAT5,46,19,3.9,117.2,7158.0
1,240517_calCSV_data.csv,1_0010,0010,TAT5,46,19,3.9,126.0,7168.0
1,240517_calCSV_data.csv,1_0010,0010,TAT5,46,19,3.9,135.2,7174.0
1,240517_calCSV_data.csv,1_0010,0010,TAT5,46,19,3.9,144.0,7184.0
1,240517_calCSV_data.csv,1_0010,0010,TAT5,46,19,3.9,153.2,7185.0
1,240517_calCSV_data.csv,1_0010,0010,TAT5,46,19,3.9,162.0,7192.0
1,240517_calCSV_data.csv,1_0010,0010,TAT5,46,19,3.9,171.2,7198.0
1,240517_calCSV_data.csv,1_0010,0010,TAT5,46,19,3.9,180.0,7209.0
1,240517_calCSV_data.csv,1_0010,0010,TAT6,47,20,-0.9,0.0,9003.0
1,240517_calCSV_data.csv,1_0010,0010,TAT6,47,20,-0.9,9.2,8996.0
1,240517_calCSV_data.csv,1_0010,0010,TAT6,47,20,-0.9,18.0,8991.0
1,240517_calCSV_data.csv,1_0010,0010,TAT6,47,20,-0.9,27.2,8987.0
1,240517_calCSV_data.csv,1_0010,0010,TAT6,47,20,-0.9,36.0,8985.0
1,240517_calCSV_data.csv,1_0010,0010,TAT6,47,20,-0.9,45.2,8986.0
1,240517_calCSV_data.csv,1_0010,0010,TAT6,47,20,-0.9,54.0,8980.0
1,240517_calCSV_data.csv,1_0010,0010,TAT6,47,20,-0.9,63.2,8984.0
1,240517_calCSV_data.csv,1_0010,0010,TAT6,47,20,-0.9,72.0,8977.0
1,240517_calCSV_data.csv,1_0010,0010,TAT6,47,20,-0.9,81.2,8980.0
1,240517_calCSV_data.csv,1_0010,0010,TAT6,47,20,-0.9,90.0,8974.0
1,240517_calCSV_data.csv,1_0010,0010,TAT6,47,20,-0.9,99.2,8976.0
1,240517_calCSV_data.csv,1_0010,0010,TAT6,47,20,-0.9,108.0,8971.0
1,240517_calCSV_data.csv,1_0010,0010,TAT6,47,20,-0.9,117.2,8973.0
1,240517_calCSV_data.csv,1_0010,0010,TAT6,47,20,-0.9,126.0,8952.0
1,240517_calCSV_data.csv,1_0010,0010,TAT6,47,20,-0.9,135.2,8968.0
1,240517_calCSV_data.csv,1_0010,0010,TAT6,47,20,-0.9,144.0,8972.0
1,240517_calCSV_data.csv,1_0010,0010,TAT6,47,20,-0.9,153.2,8968.0
1,240517_calCSV_data.csv,1_0010,0010,TAT6,47,20,-0.9,162.0,8963.0
1,240517_calCSV_data.csv,1_0010,0010,TAT6,47,20,-0.9,171.2,8967.0
1,240517_calCSV_data.csv,1_0010,0010,TAT6,47,20,-0.9,180.0,8963.0
1,240517_calCSV_data.csv,1_0011,0011,TAT206,41,15,6.8,0.0,10975.0
1,240517_calCSV_data.csv,1_0011,0011,TAT206,41,15,6.8,9.2,10953.0
1,240517_calCSV_data.csv,1_0011,0011,TAT206,41,15,6.8,18.0,10956.0
1,240517_calCSV_data.csv,1_0011,0011,TAT206,41,15,6.8,27.2,10955.0
1,240517_calCSV_data.csv,1_0011,0011,TAT206,41,15,6.8,36.0,10967.0
1,240517_calCSV_data.csv,1_0011,0011,TAT206,41,15,6.8,45.2,10974.0
1,240517_calCSV_data.csv,1_0011,0011,TAT206,41,15,6.8,54.0,10985.0
1,240517_calCSV_data.csv,1_0011,0011,TAT206,41,15,6.8,63.2,10992.0
1,240517_calCSV_data.csv,1_0011,0011,TAT206,41,15,6.8,72.0,10998.0
1,240517_calCSV_data.csv,1_0011,0011,TAT206,41,15,6.8,81.2,11012.0
1,240517_calCSV_data.csv,1_0011,0011,TAT206,41,15,6.8,90.0,11013.0
1,240517_calCSV_data.csv,1_0011,0011,TAT206,41,15,6.8,99.2,11025.0
1,240517_calCSV_data.csv,1_0011,0011,TAT206,41,15,6.8,108.0,11036.0
1,240517_calCSV_data.csv,1_0011,0011,TAT206,41,15,6.8,117.2,11046.0
1,240517_calCSV_data.csv,1_0011,0011,TAT206,41,15,6.8,126.0,11061.0
1,240517_calCSV_data.csv,1_0011,0011,TAT206,41,15,6.8,135.2,11065.0
1,240517_calCSV_data.csv,1_0011,0011,TAT206,41,15,6.8,144.0,11081.0
1,240517_calCSV_data.csv,1_0011,0011,TAT206,41,15,6.8,153.2,11086.0
1,240517_calCSV_data.csv,1_0011,0011,TAT206,41,15,6.8,162.0,11101.0
1,240517_calCSV_data.csv,1_0011,0011,TAT206,41,15,6.8,171.2,11114.0
1,240517_calCSV_data.csv,1_0011,0011,TAT206,41,15,6.8,180.0,11122.0
1,240517_calCSV_data.csv,1_0011,0011,TAT1,42,16,7.9,0.0,10825.0
1,240517_calCSV_data.csv,1_0011,0011,TAT1,42,16,7.9,9.2,10834.0
1,240517_calCSV_data.csv,1_0011,0011,TAT1,42,16,7.9,18.0,10840.0
1,240517_calCSV_data.csv,1_0011,0011,TAT1,42,16,7.9,27.2,10842.0
1,240517_calCSV_data.csv,1_0011,0011,TAT1,42,16,7.9,36.0,10850.0
1,240517_calCSV_data.csv,1_0011,0011,TAT1,42,16,7.9,45.2,10866.0
1,240517_calCSV_data.csv,1_0011,0011,TAT1,42,16,7.9,54.0,10875.0
1,240517_calCSV_data.csv,1_0011,0011,TAT1,42,16,7.9,63.2,10879.0
1,240517_calCSV_data.csv,1_0011,0011,TAT1,42,16,7.9,72.0,10890.0
1,240517_calCSV_data.csv,1_0011,0011,TAT1,42,16,7.9,81.2,10901.0
1,240517_calCSV_data.csv,1_0011,0011,TAT1,42,16,7.9,90.0,10910.0
1,240517_calCSV_data.csv,1_0011,0011,TAT1,42,16,7.9,99.2,10929.0
1,240517_calCSV_data.csv,1_0011,0011,TAT1,42,16,7.9,108.0,10934.0
1,240517_calCSV_data.csv,1_0011,0011,TAT1,42,16,7.9,117.2,10947.0
1,240517_calCSV_data.csv,1_0011,0011,TAT1,42,16,7.9,126.0,10956.0
1,240517_calCSV_data.csv,1_0011,0011,TAT1,42,16,7.9,135.2,10972.0
1,240517_calCSV_data.csv,1_0011,0011,TAT1,42,16,7.9,144.0,10980.0
1,240517_calCSV_data.csv,1_0011,0011,TAT1,42,16,7.9,153.2,10996.0
1,240517_calCSV_data.csv,1_0011,0011,TAT1,42,16,7.9,162.0,11006.0
1,240517_calCSV_data.csv,1_0011,0011,TAT1,42,16,7.9,171.2,11020.0
1,240517_calCSV_data.csv,1_0011,0011,TAT1,42,16,7.9,180.0,11034.0
1,240517_calCSV_data.csv,1_0011,0011,TAT2,43,17,6.7,0.0,10784.0
1,240517_calCSV_data.csv,1_0011,0011,TAT2,43,17,6.7,9.2,10784.0
1,240517_calCSV_data.csv,1_0011,0011,TAT2,43,17,6.7,18.0,10790.0
1,240517_calCSV_data.csv,1_0011,0011,TAT2,43,17,6.7,27.2,10791.0
1,240517_calCSV_data.csv,1_0011,0011,TAT2,43,17,6.7,36.0,10798.0
1,240517_calCSV_data.csv,1_0011,0011,TAT2,43,17,6.7,45.2,10802.0
1,240517_calCSV_data.csv,1_0011,0011,TAT2,43,17,6.7,54.0,10815.0
1,240517_calCSV_data.csv,1_0011,0011,TAT2,43,17,6.7,63.2,10822.0
1,240517_calCSV_data.csv,1_0011,0011,TAT2,43,17,6.7,72.0,10831.0
1,240517_calCSV_data.csv,1_0011,0011,TAT2,43,17,6.7,81.2,10835.0
1,240517_calCSV_data.csv,1_0011,0011,TAT2,43,17,6.7,90.0,10845.0
1,240517_calCSV_data.csv,1_0011,0011,TAT2,43,17,6.7,99.2,10856.0
1,240517_calCSV_data.csv,1_0011,0011,TAT2,43,17,6.7,108.0,10865.0
1,240517_calCSV_data.csv,1_0011,0011,TAT2,43,17,6.7,117.2,10873.0
1,240517_calCSV_data.csv,1_0011,0011,TAT2,43,17,6.7,126.0,10887.0
1,240517_calCSV_data.csv,1_0011,0011,TAT2,43,17,6.7,135.2,10892.0
1,240517_calCSV_data.csv,1_0011,0011,TAT2,43,17,6.7,144.0,10909.0
1,240517_calCSV_data.csv,1_0011,0011,TAT2,43,17,6.7,153.2,10912.0
1,240517_calCSV_data.csv,1_0011,0011,TAT2,43,17,6.7,162.0,10922.0
1,240517_calCSV_data.csv,1_0011,0011,TAT2,43,17,6.7,171.2,10935.0
1,240517_calCSV_data.csv,1_0011,0011,TAT2,43,17,6.7,180.0,10943.0
1,240517_calCSV_data.csv,1_0011,0011,TAT3,44,18,6.1,0.0,10816.0
1,240517_calCSV_data.csv,1_0011,0011,TAT3,44,18,6.1,9.2,10829.0
1,240517_calCSV_data.csv,1_0011,0011,TAT3,44,18,6.1,18.0,10828.0
1,240517_calCSV_data.csv,1_0011,0011,TAT3,44,18,6.1,27.2,10832.0
1,240517_calCSV_data.csv,1_0011,0011,TAT3,44,18,6.1,36.0,10840.0
1,240517_calCSV_data.csv,1_0011,0011,TAT3,44,18,6.1,45.2,10846.0
1,240517_calCSV_data.csv,1_0011,0011,TAT3,44,18,6.1,54.0,10853.0
1,240517_calCSV_data.csv,1_0011,0011,TAT3,44,18,6.1,63.2,10858.0
1,240517_calCSV_data.csv,1_0011,0011,TAT3,44,18,6.1,72.0,10865.0
1,240517_calCSV_data.csv,1_0011,0011,TAT3,44,18,6.1,81.2,10876.0
1,240517_calCSV_data.csv,1_0011,0011,TAT3,44,18,6.1,90.0,10885.0
1,240517_calCSV_data.csv,1_0011,0011,TAT3,44,18,6.1,99.2,10891.0
1,240517_calCSV_data.csv,1_0011,0011,TAT3,44,18,6.1,108.0,10897.0
1,240517_calCSV_data.csv,1_0011,0011,TAT3,44,18,6.1,117.2,10914.0
1,240517_calCSV_data.csv,1_0011,0011,TAT3,44,18,6.1,126.0,10920.0
1,240517_calCSV_data.csv,1_0011,0011,TAT3,44,18,6.1,135.2,10926.0
1,240517_calCSV_data.csv,1_0011,0011,TAT3,44,18,6.1,144.0,10929.0
1,240517_calCSV_data.csv,1_0011,0011,TAT3,44,18,6.1,153.2,10946.0
1,240517_calCSV_data.csv,1_0011,0011,TAT3,44,18,6.1,162.0,10957.0
1,240517_calCSV_data.csv,1_0011,0011,TAT3,44,18,6.1,171.2,10968.0
1,240517_calCSV_data.csv,1_0011,0011,TAT3,44,18,6.1,180.0,10976.0
1,240517_calCSV_data.csv,1_0011,0011,TAT5,46,19,3.3,0.0,6958.0
1,240517_calCSV_data.csv,1_0011,0011,TAT5,46,19,3.3,9.2,6958.0
1,240517_calCSV_data.csv,1_0011,0011,TAT5,46,19,3.3,18.0,6951.0
1,240517_calCSV_data.csv,1_0011,0011,TAT5,46,19,3.3,27.2,6955.0
1,240517_calCSV_data.csv,1_0011,0011,TAT5,46,19,3.3,36.0,6958.0
1,240517_calCSV_data.csv,1_0011,0011,TAT5,46,19,3.3,45.2,6961.0
1,240517_calCSV_data.csv,1_0011,0011,TAT5,46,19,3.3,54.0,6963.0
1,240517_calCSV_data.csv,1_0011,0011,TAT5,46,19,3.3,63.2,6973.0
1,240517_calCSV_data.csv,1_0011,0011,TAT5,46,19,3.3,72.0,6976.0
1,240517_calCSV_data.csv,1_0011,0011,TAT5,46,19,3.3,81.2,6986.0
1,240517_calCSV_data.csv,1_0011,0011,TAT5,46,19,3.3,90.0,6989.0
1,240517_calCSV_data.csv,1_0011,0011,TAT5,46,19,3.3,99.2,6990.0
1,240517_calCSV_data.csv,1_0011,0011,TAT5,46,19,3.3,108.0,6996.0
1,240517_calCSV_data.csv,1_0011,0011,TAT5,46,19,3.3,117.2,7000.0
1,240517_calCSV_data.csv,1_0011,0011,TAT5,46,19,3.3,126.0,7009.0
1,240517_calCSV_data.csv,1_0011,0011,TAT5,46,19,3.3,135.2,7014.0
1,240517_calCSV_data.csv,1_0011,0011,TAT5,46,19,3.3,144.0,7019.0
1,240517_calCSV_data.csv,1_0011,0011,TAT5,46,19,3.3,153.2,7021.0
1,240517_calCSV_data.csv,1_0011,0011,TAT5,46,19,3.3,162.0,7031.0
1,240517_calCSV_data.csv,1_0011,0011,TAT5,46,19,3.3,171.2,7035.0
1,240517_calCSV_data.csv,1_0011,0011,TAT5,46,19,3.3,180.0,7044.0
1,240517_calCSV_data.csv,1_0011,0011,TAT6,47,20,-0.7,0.0,8969.0
1,240517_calCSV_data.csv,1_0011,0011,TAT6,47,20,-0.7,9.2,8955.0
1,240517_calCSV_data.csv,1_0011,0011,TAT6,47,20,-0.7,18.0,8954.0
1,240517_calCSV_data.csv,1_0011,0011,TAT6,47,20,-0.7,27.2,8952.0
1,240517_calCSV_data.csv,1_0011,0011,TAT6,47,20,-0.7,36.0,8949.0
1,240517_calCSV_data.csv,1_0011,0011,TAT6,47,20,-0.7,45.2,8944.0
1,240517_calCSV_data.csv,1_0011,0011,TAT6,47,20,-0.7,54.0,8944.0
1,240517_calCSV_data.csv,1_0011,0011,TAT6,47,20,-0.7,63.2,8940.0
1,240517_calCSV_data.csv,1_0011,0011,TAT6,47,20,-0.7,72.0,8946.0
1,240517_calCSV_data.csv,1_0011,0011,TAT6,47,20,-0.7,81.2,8942.0
1,240517_calCSV_data.csv,1_0011,0011,TAT6,47,20,-0.7,90.0,8937.0
1,240517_calCSV_data.csv,1_0011,0011,TAT6,47,20,-0.7,99.2,8937.0
1,240517_calCSV_data.csv,1_0011,0011,TAT6,47,20,-0.7,108.0,8937.0
1,240517_calCSV_data.csv,1_0011,0011,TAT6,47,20,-0.7,117.2,8938.0
1,240517_calCSV_data.csv,1_0011,0011,TAT6,47,20,-0.7,126.0,8931.0
1,240517_calCSV_data.csv,1_0011,0011,TAT6,47,20,-0.7,135.2,8934.0
1,240517_calCSV_data.csv,1_0011,0011,TAT6,47,20,-0.7,144.0,8936.0
1,240517_calCSV_data.csv,1_0011,0011,TAT6,47,20,-0.7,153.2,8933.0
1,240517_calCSV_data.csv,1_0011,0011,TAT6,47,20,-0.7,162.0,8932.0
1,240517_calCSV_data.csv,1_0011,0011,TAT6,47,20,-0.7,171.2,8932.0
1,240517_calCSV_data.csv,1_0011,0011,TAT6,47,20,-0.7,180.0,8930.0
1,240517_calCSV_data.csv,1_0012,0012,TAT206,41,15,10.0,0.0,11016.0
1,240517_calCSV_data.csv,1_0012,0012,TAT206,41,15,10.0,9.2,11012.0
1,240517_calCSV_data.csv,1_0012,0012,TAT206,41,15,10.0,18.0,11016.0
1,240517_calCSV_data.csv,1_0012,0012,TAT206,41,15,10.0,27.2,11021.0
1,240517_calCSV_data.csv,1_0012,0012,TAT206,41,15,10.0,36.0,11027.0
1,240517_calCSV_data.csv,1_0012,0012,TAT206,41,15,10.0,45.2,11048.0
1,240517_calCSV_data.csv,1_0012,0012,TAT206,41,15,10.0,54.0,11059.0
1,240517_calCSV_data.csv,1_0012,0012,TAT206,41,15,10.0,63.2,11071.0
1,240517_calCSV_data.csv,1_0012,0012,TAT206,41,15,10.0,72.0,11081.0
1,240517_calCSV_data.csv,1_0012,0012,TAT206,41,15,10.0,81.2,11101.0
1,240517_calCSV_data.csv,1_0012,0012,TAT206,41,15,10.0,90.0,11114.0
1,240517_calCSV_data.csv,1_0012,0012,TAT206,41,15,10.0,99.2,11129.0
1,240517_calCSV_data.csv,1_0012,0012,TAT206,41,15,10.0,108.0,11140.0
1,240517_calCSV_data.csv,1_0012,0012,TAT206,41,15,10.0,117.2,11159.0
1,240517_calCSV_data.csv,1_0012,0012,TAT206,41,15,10.0,126.0,11170.0
1,240517_calCSV_data.csv,1_0012,0012,TAT206,41,15,10.0,135.2,11187.0
1,240517_calCSV_data.csv,1_0012,0012,TAT206,41,15,10.0,144.0,11196.0
1,240517_calCSV_data.csv,1_0012,0012,TAT206,41,15,10.0,153.2,11211.0
1,240517_calCSV_data.csv,1_0012,0012,TAT206,41,15,10.0,162.0,11226.0
1,240517_calCSV_data.csv,1_0012,0012,TAT206,41,15,10.0,171.2,11251.0
1,240517_calCSV_data.csv,1_0012,0012,TAT206,41,15,10.0,180.0,11259.0
1,240517_calCSV_data.csv,1_0012,0012,TAT1,42,16,10.5,0.0,10855.0
1,240517_calCSV_data.csv,1_0012,0012,TAT1,42,16,10.5,9.2,10871.0
1,240517_calCSV_data.csv,1_0012,0012,TAT1,42,16,10.5,18.0,10879.0
1,240517_calCSV_data.csv,1_0012,0012,TAT1,42,16,10.5,27.2,10883.0
1,240517_calCSV_data.csv,1_0012,0012,TAT1,42,16,10.5,36.0,10895.0
1,240517_calCSV_data.csv,1_0012,0012,TAT1,42,16,10.5,45.2,10908.0
1,240517_calCSV_data.csv,1_0012,0012,TAT1,42,16,10.5,54.0,10929.0
1,240517_calCSV_data.csv,1_0012,0012,TAT1,42,16,10.5,63.2,10939.0
1,240517_calCSV_data.csv,1_0012,0012,TAT1,42,16,10.5,72.0,10951.0
1,240517_calCSV_data.csv,1_0012,0012,TAT1,42,16,10.5,81.2,10971.0
1,240517_calCSV_data.csv,1_0012,0012,TAT1,42,16,10.5,90.0,10987.0
1,240517_calCSV_data.csv,1_0012,0012,TAT1,42,16,10.5,99.2,10996.0
1,240517_calCSV_data.csv,1_0012,0012,TAT1,42,16,10.5,108.0,11014.0
1,240517_calCSV_data.csv,1_0012,0012,TAT1,42,16,10.5,117.2,11031.0
1,240517_calCSV_data.csv,1_0012,0012,TAT1,42,16,10.5,126.0,11050.0
1,240517_calCSV_data.csv,1_0012,0012,TAT1,42,16,10.5,135.2,11070.0
1,240517_calCSV_data.csv,1_0012,0012,TAT1,42,16,10.5,144.0,11083.0
1,240517_calCSV_data.csv,1_0012,0012,TAT1,42,16,10.5,153.2,11093.0
1,240517_calCSV_data.csv,1_0012,0012,TAT1,42,16,10.5,162.0,11111.0
1,240517_calCSV_data.csv,1_0012,0012,TAT1,42,16,10.5,171.2,11128.0
1,240517_calCSV_data.csv,1_0012,0012,TAT1,42,16,10.5,180.0,11137.0
1,240517_calCSV_data.csv,1_0012,0012,TAT2,43,17,7.5,0.0,10720.0
1,240517_calCSV_data.csv,1_0012,0012,TAT2,43,17,7.5,9.2,10731.0
1,240517_calCSV_data.csv,1_0012,0012,TAT2,43,17,7.5,18.0,10738.0
1,240517_calCSV_data.csv,1_0012,0012,TAT2,43,17,7.5,27.2,10744.0
1,240517_calCSV_data.csv,1_0012,0012,TAT2,43,17,7.5,36.0,10748.0
1,240517_calCSV_data.csv,1_0012,0012,TAT2,43,17,7.5,45.2,10757.0
1,240517_calCSV_data.csv,1_0012,0012,TAT2,43,17,7.5,54.0,10769.0
1,240517_calCSV_data.csv,1_0012,0012,TAT2,43,17,7.5,63.2,10771.0
1,240517_calCSV_data.csv,1_0012,0012,TAT2,43,17,7.5,72.0,10782.0
1,240517_calCSV_data.csv,1_0012,0012,TAT2,43,17,7.5,81.2,10794.0
1,240517_calCSV_data.csv,1_0012,0012,TAT2,43,17,7.5,90.0,10801.0
1,240517_calCSV_data.csv,1_0012,0012,TAT2,43,17,7.5,99.2,10811.0
1,240517_calCSV_data.csv,1_0012,0012,TAT2,43,17,7.5,108.0,10825.0
1,240517_calCSV_data.csv,1_0012,0012,TAT2,43,17,7.5,117.2,10834.0
1,240517_calCSV_data.csv,1_0012,0012,TAT2,43,17,7.5,126.0,10846.0
1,240517_calCSV_data.csv,1_0012,0012,TAT2,43,17,7.5,135.2,10854.0
1,240517_calCSV_data.csv,1_0012,0012,TAT2,43,17,7.5,144.0,10870.0
1,240517_calCSV_data.csv,1_0012,0012,TAT2,43,17,7.5,153.2,10882.0
1,240517_calCSV_data.csv,1_0012,0012,TAT2,43,17,7.5,162.0,10893.0
1,240517_calCSV_data.csv,1_0012,0012,TAT2,43,17,7.5,171.2,10907.0
1,240517_calCSV_data.csv,1_0012,0012,TAT2,43,17,7.5,180.0,10912.0
1,240517_calCSV_data.csv,1_0012,0012,TAT3,44,18,8.1,0.0,10846.0
1,240517_calCSV_data.csv,1_0012,0012,TAT3,44,18,8.1,9.2,10855.0
1,240517_calCSV_data.csv,1_0012,0012,TAT3,44,18,8.1,18.0,10853.0
1,240517_calCSV_data.csv,1_0012,0012,TAT3,44,18,8.1,27.2,10870.0
1,240517_calCSV_data.csv,1_0012,0012,TAT3,44,18,8.1,36.0,10870.0
1,240517_calCSV_data.csv,1_0012,0012,TAT3,44,18,8.1,45.2,10878.0
1,240517_calCSV_data.csv,1_0012,0012,TAT3,44,18,8.1,54.0,10896.0
1,240517_calCSV_data.csv,1_0012,0012,TAT3,44,18,8.1,63.2,10906.0
1,240517_calCSV_data.csv,1_0012,0012,TAT3,44,18,8.1,72.0,10911.0
1,240517_calCSV_data.csv,1_0012,0012,TAT3,44,18,8.1,81.2,10924.0
1,240517_calCSV_data.csv,1_0012,0012,TAT3,44,18,8.1,90.0,10929.0
1,240517_calCSV_data.csv,1_0012,0012,TAT3,44,18,8.1,99.2,10941.0
1,240517_calCSV_data.csv,1_0012,0012,TAT3,44,18,8.1,108.0,10949.0
1,240517_calCSV_data.csv,1_0012,0012,TAT3,44,18,8.1,117.2,10971.0
1,240517_calCSV_data.csv,1_0012,0012,TAT3,44,18,8.1,126.0,10980.0
1,240517_calCSV_data.csv,1_0012,0012,TAT3,44,18,8.1,135.2,10991.0
1,240517_calCSV_data.csv,1_0012,0012,TAT3,44,18,8.1,144.0,11002.0
1,240517_calCSV_data.csv,1_0012,0012,TAT3,44,18,8.1,153.2,11020.0
1,240517_calCSV_data.csv,1_0012,0012,TAT3,44,18,8.1,162.0,11028.0
1,240517_calCSV_data.csv,1_0012,0012,TAT3,44,18,8.1,171.2,11045.0
1,240517_calCSV_data.csv,1_0012,0012,TAT3,44,18,8.1,180.0,11056.0
1,240517_calCSV_data.csv,1_0012,0012,TAT5,46,19,4.7,0.0,6923.0
1,240517_calCSV_data.csv,1_0012,0012,TAT5,46,19,4.7,9.2,6910.0
1,240517_calCSV_data.csv,1_0012,0012,TAT5,46,19,4.7,18.0,6915.0
1,240517_calCSV_data.csv,1_0012,0012,TAT5,46,19,4.7,27.2,6925.0
1,240517_calCSV_data.csv,1_0012,0012,TAT5,46,19,4.7,36.0,6926.0
1,240517_calCSV_data.csv,1_0012,0012,TAT5,46,19,4.7,45.2,6933.0
1,240517_calCSV_data.csv,1_0012,0012,TAT5,46,19,4.7,54.0,6944.0
1,240517_calCSV_data.csv,1_0012,0012,TAT5,46,19,4.7,63.2,6947.0
1,240517_calCSV_data.csv,1_0012,0012,TAT5,46,19,4.7,72.0,6953.0
1,240517_calCSV_data.csv,1_0012,0012,TAT5,46,19,4.7,81.2,6960.0
1,240517_calCSV_data.csv,1_0012,0012,TAT5,46,19,4.7,90.0,6967.0
1,240517_calCSV_data.csv,1_0012,0012,TAT5,46,19,4.7,99.2,6971.0
1,240517_calCSV_data.csv,1_0012,0012,TAT5,46,19,4.7,108.0,6982.0
1,240517_calCSV_data.csv,1_0012,0012,TAT5,46,19,4.7,117.2,6990.0
1,240517_calCSV_data.csv,1_0012,0012,TAT5,46,19,4.7,126.0,6994.0
1,240517_calCSV_data.csv,1_0012,0012,TAT5,46,19,4.7,135.2,7000.0
1,240517_calCSV_data.csv,1_0012,0012,TAT5,46,19,4.7,144.0,7006.0
1,240517_calCSV_data.csv,1_0012,0012,TAT5,46,19,4.7,153.2,7017.0
1,240517_calCSV_data.csv,1_0012,0012,TAT5,46,19,4.7,162.0,7019.0
1,240517_calCSV_data.csv,1_0012,0012,TAT5,46,19,4.7,171.2,7031.0
1,240517_calCSV_data.csv,1_0012,0012,TAT5,46,19,4.7,180.0,7034.0
1,240517_calCSV_data.csv,1_0012,0012,TAT6,47,20,-0.7,0.0,8841.0
1,240517_calCSV_data.csv,1_0012,0012,TAT6,47,20,-0.7,9.2,8828.0
1,240517_calCSV_data.csv,1_0012,0012,TAT6,47,20,-0.7,18.0,8824.0
1,240517_calCSV_data.csv,1_0012,0012,TAT6,47,20,-0.7,27.2,8824.0
1,240517_calCSV_data.csv,1_0012,0012,TAT6,47,20,-0.7,36.0,8816.0
1,240517_calCSV_data.csv,1_0012,0012,TAT6,47,20,-0.7,45.2,8818.0
1,240517_calCSV_data.csv,1_0012,0012,TAT6,47,20,-0.7,54.0,8814.0
1,240517_calCSV_data.csv,1_0012,0012,TAT6,47,20,-0.7,63.2,8817.0
1,240517_calCSV_data.csv,1_0012,0012,TAT6,47,20,-0.7,72.0,8812.0
1,240517_calCSV_data.csv,1_0012,0012,TAT6,47,20,-0.7,81.2,8812.0
1,240517_calCSV_data.csv,1_0012,0012,TAT6,47,20,-0.7,90.0,8812.0
1,240517_calCSV_data.csv,1_0012,0012,TAT6,47,20,-0.7,99.2,8810.0
1,240517_calCSV_data.csv,1_0012,0012,TAT6,47,20,-0.7,108.0,8812.0
1,240517_calCSV_data.csv,1_0012,0012,TAT6,47,20,-0.7,117.2,8809.0
1,240517_calCSV_data.csv,1_0012,0012,TAT6,47,20,-0.7,126.0,8807.0
1,240517_calCSV_data.csv,1_0012,0012,TAT6,47,20,-0.7,135.2,8806.0
1,240517_calCSV_data.csv,1_0012,0012,TAT6,47,20,-0.7,144.0,8807.0
1,240517_calCSV_data.csv,1_0012,0012,TAT6,47,20,-0.7,153.2,8810.0
1,240517_calCSV_data.csv,1_0012,0012,TAT6,47,20,-0.7,162.0,8808.0
1,240517_calCSV_data.csv,1_0012,0012,TAT6,47,20,-0.7,171.2,8801.0
1,240517_calCSV_data.csv,1_0012,0012,TAT6,47,20,-0.7,180.0,8809.0
1,240517_calCSV_data.csv,1_0013,0013,TAT206,41,15,8.5,0.0,11077.0
1,240517_calCSV_data.csv,1_0013,0013,TAT206,41,15,8.5,9.2,11060.0
1,240517_calCSV_data.csv,1_0013,0013,TAT206,41,15,8.5,18.0,11070.0
1,240517_calCSV_data.csv,1_0013,0013,TAT206,41,15,8.5,27.2,11070.0
1,240517_calCSV_data.csv,1_0013,0013,TAT206,41,15,8.5,36.0,11081.0
1,240517_calCSV_data.csv,1_0013,0013,TAT206,41,15,8.5,45.2,11093.0
1,240517_calCSV_data.csv,1_0013,0013,TAT206,41,15,8.5,54.0,11102.0
1,240517_calCSV_data.csv,1_0013,0013,TAT206,41,15,8.5,63.2,11115.0
1,240517_calCSV_data.csv,1_0013,0013,TAT206,41,15,8.5,72.0,11128.0
1,240517_calCSV_data.csv,1_0013,0013,TAT206,41,15,8.5,81.2,11138.0
1,240517_calCSV_data.csv,1_0013,0013,TAT206,41,15,8.5,90.0,11150.0
1,240517_calCSV_data.csv,1_0013,0013,TAT206,41,15,8.5,99.2,11161.0
1,240517_calCSV_data.csv,1_0013,0013,TAT206,41,15,8.5,108.0,11171.0
1,240517_calCSV_data.csv,1_0013,0013,TAT206,41,15,8.5,117.2,11185.0
1,240517_calCSV_data.csv,1_0013,0013,TAT206,41,15,8.5,126.0,11202.0
1,240517_calCSV_data.csv,1_0013,0013,TAT206,41,15,8.5,135.2,11206.0
1,240517_calCSV_data.csv,1_0013,0013,TAT206,41,15,8.5,144.0,11217.0
1,240517_calCSV_data.csv,1_0013,0013,TAT206,41,15,8.5,153.2,11235.0
1,240517_calCSV_data.csv,1_0013,0013,TAT206,41,15,8.5,162.0,11247.0
1,240517_calCSV_data.csv,1_0013,0013,TAT206,41,15,8.5,171.2,11266.0
1,240517_calCSV_data.csv,1_0013,0013,TAT206,41,15,8.5,180.0,11269.0
1,240517_calCSV_data.csv,1_0013,0013,TAT1,42,16,8.9,0.0,10922.0
1,240517_calCSV_data.csv,1_0013,0013,TAT1,42,16,8.9,9.2,10918.0
1,240517_calCSV_data.csv,1_0013,0013,TAT1,42,16,8.9,18.0,10928.0
1,240517_calCSV_data.csv,1_0013,0013,TAT1,42,16,8.9,27.2,10939.0
1,240517_calCSV_data.csv,1_0013,0013,TAT1,42,16,8.9,36.0,10947.0
1,240517_calCSV_data.csv,1_0013,0013,TAT1,42,16,8.9,45.2,10956.0
1,240517_calCSV_data.csv,1_0013,0013,TAT1,42,16,8.9,54.0,10964.0
1,240517_calCSV_data.csv,1_0013,0013,TAT1,42,16,8.9,63.2,10981.0
1,240517_calCSV_data.csv,1_0013,0013,TAT1,42,16,8.9,72.0,10989.0
1,240517_calCSV_data.csv,1_0013,0013,TAT1,42,16,8.9,81.2,11005.0
1,240517_calCSV_data.csv,1_0013,0013,TAT1,42,16,8.9,90.0,11017.0
1,240517_calCSV_data.csv,1_0013,0013,TAT1,42,16,8.9,99.2,11038.0
1,240517_calCSV_data.csv,1_0013,0013,TAT1,42,16,8.9,108.0,11046.0
1,240517_calCSV_data.csv,1_0013,0013,TAT1,42,16,8.9,117.2,11060.0
1,240517_calCSV_data.csv,1_0013,0013,TAT1,42,16,8.9,126.0,11075.0
1,240517_calCSV_data.csv,1_0013,0013,TAT1,42,16,8.9,135.2,11088.0
1,240517_calCSV_data.csv,1_0013,0013,TAT1,42,16,8.9,144.0,11102.0
1,240517_calCSV_data.csv,1_0013,0013,TAT1,42,16,8.9,153.2,11117.0
1,240517_calCSV_data.csv,1_0013,0013,TAT1,42,16,8.9,162.0,11133.0
1,240517_calCSV_data.csv,1_0013,0013,TAT1,42,16,8.9,171.2,11139.0
1,240517_calCSV_data.csv,1_0013,0013,TAT1,42,16,8.9,180.0,11157.0
1,240517_calCSV_data.csv,1_0013,0013,TAT2,43,17,7.9,0.0,10739.0
1,240517_calCSV_data.csv,1_0013,0013,TAT2,43,17,7.9,9.2,10746.0
1,240517_calCSV_data.csv,1_0013,0013,TAT2,43,17,7.9,18.0,10750.0
1,240517_calCSV_data.csv,1_0013,0013,TAT2,43,17,7.9,27.2,10757.0
1,240517_calCSV_data.csv,1_0013,0013,TAT2,43,17,7.9,36.0,10768.0
1,240517_calCSV_data.csv,1_0013,0013,TAT2,43,17,7.9,45.2,10776.0
1,240517_calCSV_data.csv,1_0013,0013,TAT2,43,17,7.9,54.0,10784.0
1,240517_calCSV_data.csv,1_0013,0013,TAT2,43,17,7.9,63.2,10789.0
1,240517_calCSV_data.csv,1_0013,0013,TAT2,43,17,7.9,72.0,10802.0
1,240517_calCSV_data.csv,1_0013,0013,TAT2,43,17,7.9,81.2,10809.0
1,240517_calCSV_data.csv,1_0013,0013,TAT2,43,17,7.9,90.0,10824.0
1,240517_calCSV_data.csv,1_0013,0013,TAT2,43,17,7.9,99.2,10834.0
1,240517_calCSV_data.csv,1_0013,0013,TAT2,43,17,7.9,108.0,10843.0
1,240517_calCSV_data.csv,1_0013,0013,TAT2,43,17,7.9,117.2,10860.0
1,240517_calCSV_data.csv,1_0013,0013,TAT2,43,17,7.9,126.0,10868.0
1,240517_calCSV_data.csv,1_0013,0013,TAT2,43,17,7.9,135.2,10880.0
1,240517_calCSV_data.csv,1_0013,0013,TAT2,43,17,7.9,144.0,10892.0
1,240517_calCSV_data.csv,1_0013,0013,TAT2,43,17,7.9,153.2,10904.0
1,240517_calCSV_data.csv,1_0013,0013,TAT2,43,17,7.9,162.0,10913.0
1,240517_calCSV_data.csv,1_0013,0013,TAT2,43,17,7.9,171.2,10928.0
1,240517_calCSV_data.csv,1_0013,0013,TAT2,43,17,7.9,180.0,10933.0
1,240517_calCSV_data.csv,1_0013,0013,TAT3,44,18,6.7,0.0,10778.0
1,240517_calCSV_data.csv,1_0013,0013,TAT3,44,18,6.7,9.2,10782.0
1,240517_calCSV_data.csv,1_0013,0013,TAT3,44,18,6.7,18.0,10798.0
1,240517_calCSV_data.csv,1_0013,0013,TAT3,44,18,6.7,27.2,10791.0
1,240517_calCSV_data.csv,1_0013,0013,TAT3,44,18,6.7,36.0,10795.0
1,240517_calCSV_data.csv,1_0013,0013,TAT3,44,18,6.7,45.2,10811.0
1,240517_calCSV_data.csv,1_0013,0013,TAT3,44,18,6.7,54.0,10811.0
1,240517_calCSV_data.csv,1_0013,0013,TAT3,44,18,6.7,63.2,10827.0
1,240517_calCSV_data.csv,1_0013,0013,TAT3,44,18,6.7,72.0,10830.0
1,240517_calCSV_data.csv,1_0013,0013,TAT3,44,18,6.7,81.2,10843.0
1,240517_calCSV_data.csv,1_0013,0013,TAT3,44,18,6.7,90.0,10852.0
1,240517_calCSV_data.csv,1_0013,0013,TAT3,44,18,6.7,99.2,10858.0
1,240517_calCSV_data.csv,1_0013,0013,TAT3,44,18,6.7,108.0,10864.0
1,240517_calCSV_data.csv,1_0013,0013,TAT3,44,18,6.7,117.2,10882.0
1,240517_calCSV_data.csv,1_0013,0013,TAT3,44,18,6.7,126.0,10888.0
1,240517_calCSV_data.csv,1_0013,0013,TAT3,44,18,6.7,135.2,10902.0
1,240517_calCSV_data.csv,1_0013,0013,TAT3,44,18,6.7,144.0,10908.0
1,240517_calCSV_data.csv,1_0013,0013,TAT3,44,18,6.7,153.2,10920.0
1,240517_calCSV_data.csv,1_0013,0013,TAT3,44,18,6.7,162.0,10934.0
1,240517_calCSV_data.csv,1_0013,0013,TAT3,44,18,6.7,171.2,10944.0
1,240517_calCSV_data.csv,1_0013,0013,TAT3,44,18,6.7,180.0,10960.0
1,240517_calCSV_data.csv,1_0013,0013,TAT5,46,19,4.2,0.0,6943.0
1,240517_calCSV_data.csv,1_0013,0013,TAT5,46,19,4.2,9.2,6937.0
1,240517_calCSV_data.csv,1_0013,0013,TAT5,46,19,4.2,18.0,6940.0
1,240517_calCSV_data.csv,1_0013,0013,TAT5,46,19,4.2,27.2,6943.0
1,240517_calCSV_data.csv,1_0013,0013,TAT5,46,19,4.2,36.0,6955.0
1,240517_calCSV_data.csv,1_0013,0013,TAT5,46,19,4.2,45.2,6956.0
1,240517_calCSV_data.csv,1_0013,0013,TAT5,46,19,4.2,54.0,6958.0
1,240517_calCSV_data.csv,1_0013,0013,TAT5,46,19,4.2,63.2,6966.0
1,240517_calCSV_data.csv,1_0013,0013,TAT5,46,19,4.2,72.0,6975.0
1,240517_calCSV_data.csv,1_0013,0013,TAT5,46,19,4.2,81.2,6976.0
1,240517_calCSV_data.csv,1_0013,0013,TAT5,46,19,4.2,90.0,6985.0
1,240517_calCSV_data.csv,1_0013,0013,TAT5,46,19,4.2,99.2,6991.0
1,240517_calCSV_data.csv,1_0013,0013,TAT5,46,19,4.2,108.0,6997.0
1,240517_calCSV_data.csv,1_0013,0013,TAT5,46,19,4.2,117.2,7001.0
1,240517_calCSV_data.csv,1_0013,0013,TAT5,46,19,4.2,126.0,7009.0
1,240517_calCSV_data.csv,1_0013,0013,TAT5,46,19,4.2,135.2,7017.0
1,240517_calCSV_data.csv,1_0013,0013,TAT5,46,19,4.2,144.0,7020.0
1,240517_calCSV_data.csv,1_0013,0013,TAT5,46,19,4.2,153.2,7030.0
1,240517_calCSV_data.csv,1_0013,0013,TAT5,46,19,4.2,162.0,7038.0
1,240517_calCSV_data.csv,1_0013,0013,TAT5,46,19,4.2,171.2,7039.0
1,240517_calCSV_data.csv,1_0013,0013,TAT5,46,19,4.2,180.0,7048.0
1,240517_calCSV_data.csv,1_0013,0013,TAT6,47,20,-0.3,0.0,8815.0
1,240517_calCSV_data.csv,1_0013,0013,TAT6,47,20,-0.3,9.2,8807.0
1,240517_calCSV_data.csv,1_0013,0013,TAT6,47,20,-0.3,18.0,8800.0
1,240517_calCSV_data.csv,1_0013,0013,TAT6,47,20,-0.3,27.2,8797.0
1,240517_calCSV_data.csv,1_0013,0013,TAT6,47,20,-0.3,36.0,8798.0
1,240517_calCSV_data.csv,1_0013,0013,TAT6,47,20,-0.3,45.2,8792.0
1,240517_calCSV_data.csv,1_0013,0013,TAT6,47,20,-0.3,54.0,8788.0
1,240517_calCSV_data.csv,1_0013,0013,TAT6,47,20,-0.3,63.2,8791.0
1,240517_calCSV_data.csv,1_0013,0013,TAT6,47,20,-0.3,72.0,8788.0
1,240517_calCSV_data.csv,1_0013,0013,TAT6,47,20,-0.3,81.2,8789.0
1,240517_calCSV_data.csv,1_0013,0013,TAT6,47,20,-0.3,90.0,8786.0
1,240517_calCSV_data.csv,1_0013,0013,TAT6,47,20,-0.3,99.2,8786.0
1,240517_calCSV_data.csv,1_0013,0013,TAT6,47,20,-0.3,108.0,8780.0
1,240517_calCSV_data.csv,1_0013,0013,TAT6,47,20,-0.3,117.2,8787.0
1,240517_calCSV_data.csv,1_0013,0013,TAT6,47,20,-0.3,126.0,8779.0
1,240517_calCSV_data.csv,1_0013,0013,TAT6,47,20,-0.3,135.2,8781.0
1,240517_calCSV_data.csv,1_0013,0013,TAT6,47,20,-0.3,144.0,8781.0
1,240517_calCSV_data.csv,1_0013,0013,TAT6,47,20,-0.3,153.2,8781.0
1,240517_calCSV_data.csv,1_0013,0013,TAT6,47,20,-0.3,162.0,8778.0
1,240517_calCSV_data.csv,1_0013,0013,TAT6,47,20,-0.3,171.2,8784.0
1,240517_calCSV_data.csv,1_0013,0013,TAT6,47,20,-0.3,180.0,8779.0
1,240517_calCSV_data.csv,1_0014,0014,TAT1,42,16,10.1,0.0,10973.0
1,240517_calCSV_data.csv,1_0014,0014,TAT1,42,16,10.1,9.2,10973.0
1,240517_calCSV_data.csv,1_0014,0014,TAT1,42,16,10.1,18.0,10978.0
1,240517_calCSV_data.csv,1_0014,0014,TAT1,42,16,10.1,27.2,10986.0
1,240517_calCSV_data.csv,1_0014,0014,TAT1,42,16,10.1,36.0,10998.0
1,240517_calCSV_data.csv,1_0014,0014,TAT1,42,16,10.1,45.2,11010.0
1,240517_calCSV_data.csv,1_0014,0014,TAT1,42,16,10.1,54.0,11029.0
1,240517_calCSV_data.csv,1_0014,0014,TAT1,42,16,10.1,63.2,11042.0
1,240517_calCSV_data.csv,1_0014,0014,TAT1,42,16,10.1,72.0,11056.0
1,240517_calCSV_data.csv,1_0014,0014,TAT1,42,16,10.1,81.2,11075.0
1,240517_calCSV_data.csv,1_0014,0014,TAT1,42,16,10.1,90.0,11083.0
1,240517_calCSV_data.csv,1_0014,0014,TAT1,42,16,10.1,99.2,11101.0
1,240517_calCSV_data.csv,1_0014,0014,TAT1,42,16,10.1,108.0,11117.0
1,240517_calCSV_data.csv,1_0014,0014,TAT1,42,16,10.1,117.2,11134.0
1,240517_calCSV_data.csv,1_0014,0014,TAT1,42,16,10.1,126.0,11141.0
1,240517_calCSV_data.csv,1_0014,0014,TAT1,42,16,10.1,135.2,11160.0
1,240517_calCSV_data.csv,1_0014,0014,TAT1,42,16,10.1,144.0,11178.0
1,240517_calCSV_data.csv,1_0014,0014,TAT1,42,16,10.1,153.2,11193.0
1,240517_calCSV_data.csv,1_0014,0014,TAT1,42,16,10.1,162.0,11212.0
1,240517_calCSV_data.csv,1_0014,0014,TAT1,42,16,10.1,171.2,11226.0
1,240517_calCSV_data.csv,1_0014,0014,TAT1,42,16,10.1,180.0,11246.0
1,240517_calCSV_data.csv,1_0014,0014,TAT2,43,17,9.3,0.0,10819.0
1,240517_calCSV_data.csv,1_0014,0014,TAT2,43,17,9.3,9.2,10826.0
1,240517_calCSV_data.csv,1_0014,0014,TAT2,43,17,9.3,18.0,10830.0
1,240517_calCSV_data.csv,1_0014,0014,TAT2,43,17,9.3,27.2,10841.0
1,240517_calCSV_data.csv,1_0014,0014,TAT2,43,17,9.3,36.0,10844.0
1,240517_calCSV_data.csv,1_0014,0014,TAT2,43,17,9.3,45.2,10859.0
1,240517_calCSV_data.csv,1_0014,0014,TAT2,43,17,9.3,54.0,10868.0
1,240517_calCSV_data.csv,1_0014,0014,TAT2,43,17,9.3,63.2,10882.0
1,240517_calCSV_data.csv,1_0014,0014,TAT2,43,17,9.3,72.0,10899.0
1,240517_calCSV_data.csv,1_0014,0014,TAT2,43,17,9.3,81.2,10910.0
1,240517_calCSV_data.csv,1_0014,0014,TAT2,43,17,9.3,90.0,10922.0
1,240517_calCSV_data.csv,1_0014,0014,TAT2,43,17,9.3,99.2,10932.0
1,240517_calCSV_data.csv,1_0014,0014,TAT2,43,17,9.3,108.0,10950.0
1,240517_calCSV_data.csv,1_0014,0014,TAT2,43,17,9.3,117.2,10965.0
1,240517_calCSV_data.csv,1_0014,0014,TAT2,43,17,9.3,126.0,10979.0
1,240517_calCSV_data.csv,1_0014,0014,TAT2,43,17,9.3,135.2,10995.0
1,240517_calCSV_data.csv,1_0014,0014,TAT2,43,17,9.3,144.0,11009.0
1,240517_calCSV_data.csv,1_0014,0014,TAT2,43,17,9.3,153.2,11028.0
1,240517_calCSV_data.csv,1_0014,0014,TAT2,43,17,9.3,162.0,11037.0
1,240517_calCSV_data.csv,1_0014,0014,TAT2,43,17,9.3,171.2,11049.0
1,240517_calCSV_data.csv,1_0014,0014,TAT2,43,17,9.3,180.0,11067.0
1,240517_calCSV_data.csv,1_0014,0014,TAT3,44,18,9.7,0.0,10902.0
1,240517_calCSV_data.csv,1_0014,0014,TAT3,44,18,9.7,9.2,10910.0
1,240517_calCSV_data.csv,1_0014,0014,TAT3,44,18,9.7,18.0,10912.0
1,240517_calCSV_data.csv,1_0014,0014,TAT3,44,18,9.7,27.2,10926.0
1,240517_calCSV_data.csv,1_0014,0014,TAT3,44,18,9.7,36.0,10932.0
1,240517_calCSV_data.csv,1_0014,0014,TAT3,44,18,9.7,45.2,10942.0
1,240517_calCSV_data.csv,1_0014,0014,TAT3,44,18,9.7,54.0,10955.0
1,240517_calCSV_data.csv,1_0014,0014,TAT3,44,18,9.7,63.2,10970.0
1,240517_calCSV_data.csv,1_0014,0014,TAT3,44,18,9.7,72.0,10980.0
1,240517_calCSV_data.csv,1_0014,0014,TAT3,44,18,9.7,81.2,10995.0
1,240517_calCSV_data.csv,1_0014,0014,TAT3,44,18,9.7,90.0,11005.0
1,240517_calCSV_data.csv,1_0014,0014,TAT3,44,18,9.7,99.2,11025.0
1,240517_calCSV_data.csv,1_0014,0014,TAT3,44,18,9.7,108.0,11034.0
1,240517_calCSV_data.csv,1_0014,0014,TAT3,44,18,9.7,117.2,11051.0
1,240517_calCSV_data.csv,1_0014,0014,TAT3,44,18,9.7,126.0,11059.0
1,240517_calCSV_data.csv,1_0014,0014,TAT3,44,18,9.7,135.2,11077.0
1,240517_calCSV_data.csv,1_0014,0014,TAT3,44,18,9.7,144.0,11098.0
1,240517_calCSV_data.csv,1_0014,0014,TAT3,44,18,9.7,153.2,11113.0
1,240517_calCSV_data.csv,1_0014,0014,TAT3,44,18,9.7,162.0,11121.0
1,240517_calCSV_data.csv,1_0014,0014,TAT3,44,18,9.7,171.2,11140.0
1,240517_calCSV_data.csv,1_0014,0014,TAT3,44,18,9.7,180.0,11157.0
1,240517_calCSV_data.csv,1_0014,0014,TAT5,46,19,6.4,0.0,7011.0
1,240517_calCSV_data.csv,1_0014,0014,TAT5,46,19,6.4,9.2,7017.0
1,240517_calCSV_data.csv,1_0014,0014,TAT5,46,19,6.4,18.0,7017.0
1,240517_calCSV_data.csv,1_0014,0014,TAT5,46,19,6.4,27.2,7028.0
1,240517_calCSV_data.csv,1_0014,0014,TAT5,46,19,6.4,36.0,7030.0
1,240517_calCSV_data.csv,1_0014,0014,TAT5,46,19,6.4,45.2,7042.0
1,240517_calCSV_data.csv,1_0014,0014,TAT5,46,19,6.4,54.0,7051.0
1,240517_calCSV_data.csv,1_0014,0014,TAT5,46,19,6.4,63.2,7058.0
1,240517_calCSV_data.csv,1_0014,0014,TAT5,46,19,6.4,72.0,7066.0
1,240517_calCSV_data.csv,1_0014,0014,TAT5,46,19,6.4,81.2,7073.0
1,240517_calCSV_data.csv,1_0014,0014,TAT5,46,19,6.4,90.0,7083.0
1,240517_calCSV_data.csv,1_0014,0014,TAT5,46,19,6.4,99.2,7092.0
1,240517_calCSV_data.csv,1_0014,0014,TAT5,46,19,6.4,108.0,7101.0
1,240517_calCSV_data.csv,1_0014,0014,TAT5,46,19,6.4,117.2,7112.0
1,240517_calCSV_data.csv,1_0014,0014,TAT5,46,19,6.4,126.0,7119.0
1,240517_calCSV_data.csv,1_0014,0014,TAT5,46,19,6.4,135.2,7127.0
1,240517_calCSV_data.csv,1_0014,0014,TAT5,46,19,6.4,144.0,7139.0
1,240517_calCSV_data.csv,1_0014,0014,TAT5,46,19,6.4,153.2,7146.0
1,240517_calCSV_data.csv,1_0014,0014,TAT5,46,19,6.4,162.0,7156.0
1,240517_calCSV_data.csv,1_0014,0014,TAT5,46,19,6.4,171.2,7169.0
1,240517_calCSV_data.csv,1_0014,0014,TAT5,46,19,6.4,180.0,7174.0
1,240517_calCSV_data.csv,1_0014,0014,TAT6,47,20,-1.0,0.0,8918.0
1,240517_calCSV_data.csv,1_0014,0014,TAT6,47,20,-1.0,9.2,8911.0
1,240517_calCSV_data.csv,1_0014,0014,TAT6,47,20,-1.0,18.0,8914.0
1,240517_calCSV_data.csv,1_0014,0014,TAT6,47,20,-1.0,27.2,8902.0
1,240517_calCSV_data.csv,1_0014,0014,TAT6,47,20,-1.0,36.0,8908.0
1,240517_calCSV_data.csv,1_0014,0014,TAT6,47,20,-1.0,45.2,8896.0
1,240517_calCSV_data.csv,1_0014,0014,TAT6,47,20,-1.0,54.0,8900.0
1,240517_calCSV_data.csv,1_0014,0014,TAT6,47,20,-1.0,63.2,8901.0
1,240517_calCSV_data.csv,1_0014,0014,TAT6,47,20,-1.0,72.0,8897.0
1,240517_calCSV_data.csv,1_0014,0014,TAT6,47,20,-1.0,81.2,8898.0
1,240517_calCSV_data.csv,1_0014,0014,TAT6,47,20,-1.0,90.0,8893.0
1,240517_calCSV_data.csv,1_0014,0014,TAT6,47,20,-1.0,99.2,8895.0
1,240517_calCSV_data.csv,1_0014,0014,TAT6,47,20,-1.0,108.0,8890.0
1,240517_calCSV_data.csv,1_0014,0014,TAT6,47,20,-1.0,117.2,8889.0
1,240517_calCSV_data.csv,1_0014,0014,TAT6,47,20,-1.0,126.0,8889.0
1,240517_calCSV_data.csv,1_0014,0014,TAT6,47,20,-1.0,135.2,8888.0
1,240517_calCSV_data.csv,1_0014,0014,TAT6,47,20,-1.0,144.0,8881.0
1,240517_calCSV_data.csv,1_0014,0014,TAT6,47,20,-1.0,153.2,8884.0
1,240517_calCSV_data.csv,1_0014,0014,TAT6,47,20,-1.0,162.0,8889.0
1,240517_calCSV_data.csv,1_0014,0014,TAT6,47,20,-1.0,171.2,8883.0
1,240517_calCSV_data.csv,1_0014,0014,TAT6,47,20,-1.0,180.0,8882.0
1,240517_calCSV_data.csv,1_0015,0015,TAT206,41,15,3.9,0.0,10758.0
1,240517_calCSV_data.csv,1_0015,0015,TAT206,41,15,3.9,9.2,10738.0
1,240517_calCSV_data.csv,1_0015,0015,TAT206,41,15,3.9,18.0,10740.0
1,240517_calCSV_data.csv,1_0015,0015,TAT206,41,15,3.9,27.2,10741.0
1,240517_calCSV_data.csv,1_0015,0015,TAT206,41,15,3.9,36.0,10747.0
1,240517_calCSV_data.csv,1_0015,0015,TAT206,41,15,3.9,45.2,10749.0
1,240517_calCSV_data.csv,1_0015,0015,TAT206,41,15,3.9,54.0,10756.0
1,240517_calCSV_data.csv,1_0015,0015,TAT206,41,15,3.9,63.2,10756.0
1,240517_calCSV_data.csv,1_0015,0015,TAT206,41,15,3.9,72.0,10760.0
1,240517_calCSV_data.csv,1_0015,0015,TAT206,41,15,3.9,81.2,10762.0
1,240517_calCSV_data.csv,1_0015,0015,TAT206,41,15,3.9,90.0,10769.0
1,240517_calCSV_data.csv,1_0015,0015,TAT206,41,15,3.9,99.2,10772.0
1,240517_calCSV_data.csv,1_0015,0015,TAT206,41,15,3.9,108.0,10773.0
1,240517_calCSV_data.csv,1_0015,0015,TAT206,41,15,3.9,117.2,10782.0
1,240517_calCSV_data.csv,1_0015,0015,TAT206,41,15,3.9,126.0,10783.0
1,240517_calCSV_data.csv,1_0015,0015,TAT206,41,15,3.9,135.2,10793.0
1,240517_calCSV_data.csv,1_0015,0015,TAT206,41,15,3.9,144.0,10800.0
1,240517_calCSV_data.csv,1_0015,0015,TAT206,41,15,3.9,153.2,10804.0
1,240517_calCSV_data.csv,1_0015,0015,TAT206,41,15,3.9,162.0,10812.0
1,240517_calCSV_data.csv,1_0015,0015,TAT206,41,15,3.9,171.2,10821.0
1,240517_calCSV_data.csv,1_0015,0015,TAT206,41,15,3.9,180.0,10821.0
1,240517_calCSV_data.csv,1_0015,0015,TAT1,42,16,4.7,0.0,10691.0
1,240517_calCSV_data.csv,1_0015,0015,TAT1,42,16,4.7,9.2,10691.0
1,240517_calCSV_data.csv,1_0015,0015,TAT1,42,16,4.7,18.0,10691.0
1,240517_calCSV_data.csv,1_0015,0015,TAT1,42,16,4.7,27.2,10694.0
1,240517_calCSV_data.csv,1_0015,0015,TAT1,42,16,4.7,36.0,10700.0
1,240517_calCSV_data.csv,1_0015,0015,TAT1,42,16,4.7,45.2,10710.0
1,240517_calCSV_data.csv,1_0015,0015,TAT1,42,16,4.7,54.0,10712.0
1,240517_calCSV_data.csv,1_0015,0015,TAT1,42,16,4.7,63.2,10716.0
1,240517_calCSV_data.csv,1_0015,0015,TAT1,42,16,4.7,72.0,10726.0
1,240517_calCSV_data.csv,1_0015,0015,TAT1,42,16,4.7,81.2,10727.0
1,240517_calCSV_data.csv,1_0015,0015,TAT1,42,16,4.7,90.0,10734.0
1,240517_calCSV_data.csv,1_0015,0015,TAT1,42,16,4.7,99.2,10741.0
1,240517_calCSV_data.csv,1_0015,0015,TAT1,42,16,4.7,108.0,10751.0
1,240517_calCSV_data.csv,1_0015,0015,TAT1,42,16,4.7,117.2,10752.0
1,240517_calCSV_data.csv,1_0015,0015,TAT1,42,16,4.7,126.0,10757.0
1,240517_calCSV_data.csv,1_0015,0015,TAT1,42,16,4.7,135.2,10768.0
1,240517_calCSV_data.csv,1_0015,0015,TAT1,42,16,4.7,144.0,10775.0
1,240517_calCSV_data.csv,1_0015,0015,TAT1,42,16,4.7,153.2,10785.0
1,240517_calCSV_data.csv,1_0015,0015,TAT1,42,16,4.7,162.0,10790.0
1,240517_calCSV_data.csv,1_0015,0015,TAT1,42,16,4.7,171.2,10797.0
1,240517_calCSV_data.csv,1_0015,0015,TAT1,42,16,4.7,180.0,10808.0
1,240517_calCSV_data.csv,1_0015,0015,TAT2,43,17,3.5,0.0,10589.0
1,240517_calCSV_data.csv,1_0015,0015,TAT2,43,17,3.5,9.2,10597.0
1,240517_calCSV_data.csv,1_0015,0015,TAT2,43,17,3.5,18.0,10594.0
1,240517_calCSV_data.csv,1_0015,0015,TAT2,43,17,3.5,27.2,10600.0
1,240517_calCSV_data.csv,1_0015,0015,TAT2,43,17,3.5,36.0,10601.0
1,240517_calCSV_data.csv,1_0015,0015,TAT2,43,17,3.5,45.2,10605.0
1,240517_calCSV_data.csv,1_0015,0015,TAT2,43,17,3.5,54.0,10612.0
1,240517_calCSV_data.csv,1_0015,0015,TAT2,43,17,3.5,63.2,10616.0
1,240517_calCSV_data.csv,1_0015,0015,TAT2,43,17,3.5,72.0,10619.0
1,240517_calCSV_data.csv,1_0015,0015,TAT2,43,17,3.5,81.2,10627.0
1,240517_calCSV_data.csv,1_0015,0015,TAT2,43,17,3.5,90.0,10633.0
1,240517_calCSV_data.csv,1_0015,0015,TAT2,43,17,3.5,99.2,10636.0
1,240517_calCSV_data.csv,1_0015,0015,TAT2,43,17,3.5,108.0,10643.0
1,240517_calCSV_data.csv,1_0015,0015,TAT2,43,17,3.5,117.2,10647.0
1,240517_calCSV_data.csv,1_0015,0015,TAT2,43,17,3.5,126.0,10651.0
1,240517_calCSV_data.csv,1_0015,0015,TAT2,43,17,3.5,135.2,10656.0
1,240517_calCSV_data.csv,1_0015,0015,TAT2,43,17,3.5,144.0,10658.0
1,240517_calCSV_data.csv,1_0015,0015,TAT2,43,17,3.5,153.2,10663.0
1,240517_calCSV_data.csv,1_0015,0015,TAT2,43,17,3.5,162.0,10668.0
1,240517_calCSV_data.csv,1_0015,0015,TAT2,43,17,3.5,171.2,10679.0
1,240517_calCSV_data.csv,1_0015,0015,TAT2,43,17,3.5,180.0,10679.0
1,240517_calCSV_data.csv,1_0015,0015,TAT3,44,18,4.3,0.0,10801.0
1,240517_calCSV_data.csv,1_0015,0015,TAT3,44,18,4.3,9.2,10789.0
1,240517_calCSV_data.csv,1_0015,0015,TAT3,44,18,4.3,18.0,10798.0
1,240517_calCSV_data.csv,1_0015,0015,TAT3,44,18,4.3,27.2,10797.0
1,240517_calCSV_data.csv,1_0015,0015,TAT3,44,18,4.3,36.0,10800.0
1,240517_calCSV_data.csv,1_0015,0015,TAT3,44,18,4.3,45.2,10803.0
1,240517_calCSV_data.csv,1_0015,0015,TAT3,44,18,4.3,54.0,10815.0
1,240517_calCSV_data.csv,1_0015,0015,TAT3,44,18,4.3,63.2,10813.0
1,240517_calCSV_data.csv,1_0015,0015,TAT3,44,18,4.3,72.0,10819.0
1,240517_calCSV_data.csv,1_0015,0015,TAT3,44,18,4.3,81.2,10822.0
1,240517_calCSV_data.csv,1_0015,0015,TAT3,44,18,4.3,90.0,10830.0
1,240517_calCSV_data.csv,1_0015,0015,TAT3,44,18,4.3,99.2,10837.0
1,240517_calCSV_data.csv,1_0015,0015,TAT3,44,18,4.3,108.0,10844.0
1,240517_calCSV_data.csv,1_0015,0015,TAT3,44,18,4.3,117.2,10849.0
1,240517_calCSV_data.csv,1_0015,0015,TAT3,44,18,4.3,126.0,10853.0
1,240517_calCSV_data.csv,1_0015,0015,TAT3,44,18,4.3,135.2,10856.0
1,240517_calCSV_data.csv,1_0015,0015,TAT3,44,18,4.3,144.0,10862.0
1,240517_calCSV_data.csv,1_0015,0015,TAT3,44,18,4.3,153.2,10865.0
1,240517_calCSV_data.csv,1_0015,0015,TAT3,44,18,4.3,162.0,10876.0
1,240517_calCSV_data.csv,1_0015,0015,TAT3,44,18,4.3,171.2,10886.0
1,240517_calCSV_data.csv,1_0015,0015,TAT3,44,18,4.3,180.0,10899.0
1,240517_calCSV_data.csv,1_0015,0015,TAT5,46,19,1.1,0.0,6829.0
1,240517_calCSV_data.csv,1_0015,0015,TAT5,46,19,1.1,9.2,6819.0
1,240517_calCSV_data.csv,1_0015,0015,TAT5,46,19,1.1,18.0,6817.0
1,240517_calCSV_data.csv,1_0015,0015,TAT5,46,19,1.1,27.2,6821.0
1,240517_calCSV_data.csv,1_0015,0015,TAT5,46,19,1.1,36.0,6826.0
1,240517_calCSV_data.csv,1_0015,0015,TAT5,46,19,1.1,45.2,6824.0
1,240517_calCSV_data.csv,1_0015,0015,TAT5,46,19,1.1,54.0,6825.0
1,240517_calCSV_data.csv,1_0015,0015,TAT5,46,19,1.1,63.2,6823.0
1,240517_calCSV_data.csv,1_0015,0015,TAT5,46,19,1.1,72.0,6824.0
1,240517_calCSV_data.csv,1_0015,0015,TAT5,46,19,1.1,81.2,6829.0
1,240517_calCSV_data.csv,1_0015,0015,TAT5,46,19,1.1,90.0,6830.0
1,240517_calCSV_data.csv,1_0015,0015,TAT5,46,19,1.1,99.2,6829.0
1,240517_calCSV_data.csv,1_0015,0015,TAT5,46,19,1.1,108.0,6838.0
1,240517_calCSV_data.csv,1_0015,0015,TAT5,46,19,1.1,117.2,6839.0
1,240517_calCSV_data.csv,1_0015,0015,TAT5,46,19,1.1,126.0,6841.0
1,240517_calCSV_data.csv,1_0015,0015,TAT5,46,19,1.1,135.2,6839.0
1,240517_calCSV_data.csv,1_0015,0015,TAT5,46,19,1.1,144.0,6845.0
1,240517_calCSV_data.csv,1_0015,0015,TAT5,46,19,1.1,153.2,6847.0
1,240517_calCSV_data.csv,1_0015,0015,TAT5,46,19,1.1,162.0,6849.0
1,240517_calCSV_data.csv,1_0015,0015,TAT5,46,19,1.1,171.2,6846.0
1,240517_calCSV_data.csv,1_0015,0015,TAT5,46,19,1.1,180.0,6857.0
1,240517_calCSV_data.csv,1_0015,0015,TAT6,47,20,-0.5,0.0,8747.0
1,240517_calCSV_data.csv,1_0015,0015,TAT6,47,20,-0.5,9.2,8749.0
1,240517_calCSV_data.csv,1_0015,0015,TAT6,47,20,-0.5,18.0,8741.0
1,240517_calCSV_data.csv,1_0015,0015,TAT6,47,20,-0.5,27.2,8746.0
1,240517_calCSV_data.csv,1_0015,0015,TAT6,47,20,-0.5,36.0,8739.0
1,240517_calCSV_data.csv,1_0015,0015,TAT6,47,20,-0.5,45.2,8735.0
1,240517_calCSV_data.csv,1_0015,0015,TAT6,47,20,-0.5,54.0,8735.0
1,240517_calCSV_data.csv,1_0015,0015,TAT6,47,20,-0.5,63.2,8736.0
1,240517_calCSV_data.csv,1_0015,0015,TAT6,47,20,-0.5,72.0,8732.0
1,240517_calCSV_data.csv,1_0015,0015,TAT6,47,20,-0.5,81.2,8731.0
1,240517_calCSV_data.csv,1_0015,0015,TAT6,47,20,-0.5,90.0,8731.0
1,240517_calCSV_data.csv,1_0015,0015,TAT6,47,20,-0.5,99.2,8727.0
1,240517_calCSV_data.csv,1_0015,0015,TAT6,47,20,-0.5,108.0,8726.0
1,240517_calCSV_data.csv,1_0015,0015,TAT6,47,20,-0.5,117.2,8728.0
1,240517_calCSV_data.csv,1_0015,0015,TAT6,47,20,-0.5,126.0,8726.0
1,240517_calCSV_data.csv,1_0015,0015,TAT6,47,20,-0.5,135.2,8727.0
1,240517_calCSV_data.csv,1_0015,0015,TAT6,47,20,-0.5,144.0,8729.0
1,240517_calCSV_data.csv,1_0015,0015,TAT6,47,20,-0.5,153.2,8727.0
1,240517_calCSV_data.csv,1_0015,0015,TAT6,47,20,-0.5,162.0,8723.0
1,240517_calCSV_data.csv,1_0015,0015,TAT6,47,20,-0.5,171.2,8724.0
1,240517_calCSV_data.csv,1_0015,0015,TAT6,47,20,-0.5,180.0,8722.0
1,240517_calCSV_data.csv,1_0016,0016,TAT206,41,15,10.2,0.0,11583.0
1,240517_calCSV_data.csv,1_0016,0016,TAT206,41,15,10.2,9.2,11601.0
1,240517_calCSV_data.csv,1_0016,0016,TAT206,41,15,10.2,18.0,11613.0
1,240517_calCSV_data.csv,1_0016,0016,TAT206,41,15,10.2,27.2,11625.0
1,240517_calCSV_data.csv,1_0016,0016,TAT206,41,15,10.2,36.0,11635.0
1,240517_calCSV_data.csv,1_0016,0016,TAT206,41,15,10.2,45.2,11652.0
1,240517_calCSV_data.csv,1_0016,0016,TAT206,41,15,10.2,54.0,11664.0
1,240517_calCSV_data.csv,1_0016,0016,TAT206,41,15,10.2,63.2,11675.0
1,240517_calCSV_data.csv,1_0016,0016,TAT206,41,15,10.2,72.0,11691.0
1,240517_calCSV_data.csv,1_0016,0016,TAT206,41,15,10.2,81.2,11709.0
1,240517_calCSV_data.csv,1_0016,0016,TAT206,41,15,10.2,90.0,11721.0
1,240517_calCSV_data.csv,1_0016,0016,TAT206,41,15,10.2,99.2,11732.0
1,240517_calCSV_data.csv,1_0016,0016,TAT206,41,15,10.2,108.0,11752.0
1,240517_calCSV_data.csv,1_0016,0016,TAT206,41,15,10.2,117.2,11766.0
1,240517_calCSV_data.csv,1_0016,0016,TAT206,41,15,10.2,126.0,11782.0
1,240517_calCSV_data.csv,1_0016,0016,TAT206,41,15,10.2,135.2,11792.0
1,240517_calCSV_data.csv,1_0016,0016,TAT206,41,15,10.2,144.0,11812.0
1,240517_calCSV_data.csv,1_0016,0016,TAT206,41,15,10.2,153.2,11831.0
1,240517_calCSV_data.csv,1_0016,0016,TAT206,41,15,10.2,162.0,11845.0
1,240517_calCSV_data.csv,1_0016,0016,TAT206,41,15,10.2,171.2,11862.0
1,240517_calCSV_data.csv,1_0016,0016,TAT206,41,15,10.2,180.0,11874.0
1,240517_calCSV_data.csv,1_0016,0016,TAT1,42,16,12.1,0.0,11467.0
1,240517_calCSV_data.csv,1_0016,0016,TAT1,42,16,12.1,9.2,11472.0
1,240517_calCSV_data.csv,1_0016,0016,TAT1,42,16,12.1,18.0,11496.0
1,240517_calCSV_data.csv,1_0016,0016,TAT1,42,16,12.1,27.2,11512.0
1,240517_calCSV_data.csv,1_0016,0016,TAT1,42,16,12.1,36.0,11524.0
1,240517_calCSV_data.csv,1_0016,0016,TAT1,42,16,12.1,45.2,11542.0
1,240517_calCSV_data.csv,1_0016,0016,TAT1,42,16,12.1,54.0,11562.0
1,240517_calCSV_data.csv,1_0016,0016,TAT1,42,16,12.1,63.2,11580.0
1,240517_calCSV_data.csv,1_0016,0016,TAT1,42,16,12.1,72.0,11594.0
1,240517_calCSV_data.csv,1_0016,0016,TAT1,42,16,12.1,81.2,11608.0
1,240517_calCSV_data.csv,1_0016,0016,TAT1,42,16,12.1,90.0,11626.0
1,240517_calCSV_data.csv,1_0016,0016,TAT1,42,16,12.1,99.2,11648.0
1,240517_calCSV_data.csv,1_0016,0016,TAT1,42,16,12.1,108.0,11661.0
1,240517_calCSV_data.csv,1_0016,0016,TAT1,42,16,12.1,117.2,11685.0
1,240517_calCSV_data.csv,1_0016,0016,TAT1,42,16,12.1,126.0,11704.0
1,240517_calCSV_data.csv,1_0016,0016,TAT1,42,16,12.1,135.2,11717.0
1,240517_calCSV_data.csv,1_0016,0016,TAT1,42,16,12.1,144.0,11733.0
1,240517_calCSV_data.csv,1_0016,0016,TAT1,42,16,12.1,153.2,11750.0
1,240517_calCSV_data.csv,1_0016,0016,TAT1,42,16,12.1,162.0,11772.0
1,240517_calCSV_data.csv,1_0016,0016,TAT1,42,16,12.1,171.2,11790.0
1,240517_calCSV_data.csv,1_0016,0016,TAT1,42,16,12.1,180.0,11809.0
1,240517_calCSV_data.csv,1_0016,0016,TAT2,43,17,9.1,0.0,11279.0
1,240517_calCSV_data.csv,1_0016,0016,TAT2,43,17,9.1,9.2,11289.0
1,240517_calCSV_data.csv,1_0016,0016,TAT2,43,17,9.1,18.0,11296.0
1,240517_calCSV_data.csv,1_0016,0016,TAT2,43,17,9.1,27.2,11308.0
1,240517_calCSV_data.csv,1_0016,0016,TAT2,43,17,9.1,36.0,11320.0
1,240517_calCSV_data.csv,1_0016,0016,TAT2,43,17,9.1,45.2,11329.0
1,240517_calCSV_data.csv,1_0016,0016,TAT2,43,17,9.1,54.0,11339.0
1,240517_calCSV_data.csv,1_0016,0016,TAT2,43,17,9.1,63.2,11353.0
1,240517_calCSV_data.csv,1_0016,0016,TAT2,43,17,9.1,72.0,11360.0
1,240517_calCSV_data.csv,1_0016,0016,TAT2,43,17,9.1,81.2,11369.0
1,240517_calCSV_data.csv,1_0016,0016,TAT2,43,17,9.1,90.0,11385.0
1,240517_calCSV_data.csv,1_0016,0016,TAT2,43,17,9.1,99.2,11400.0
1,240517_calCSV_data.csv,1_0016,0016,TAT2,43,17,9.1,108.0,11410.0
1,240517_calCSV_data.csv,1_0016,0016,TAT2,43,17,9.1,117.2,11424.0
1,240517_calCSV_data.csv,1_0016,0016,TAT2,43,17,9.1,126.0,11432.0
1,240517_calCSV_data.csv,1_0016,0016,TAT2,43,17,9.1,135.2,11449.0
1,240517_calCSV_data.csv,1_0016,0016,TAT2,43,17,9.1,144.0,11461.0
1,240517_calCSV_data.csv,1_0016,0016,TAT2,43,17,9.1,153.2,11476.0
1,240517_calCSV_data.csv,1_0016,0016,TAT2,43,17,9.1,162.0,11491.0
1,240517_calCSV_data.csv,1_0016,0016,TAT2,43,17,9.1,171.2,11505.0
1,240517_calCSV_data.csv,1_0016,0016,TAT2,43,17,9.1,180.0,11523.0
1,240517_calCSV_data.csv,1_0016,0016,TAT3,44,18,8.6,0.0,11407.0
1,240517_calCSV_data.csv,1_0016,0016,TAT3,44,18,8.6,9.2,11410.0
1,240517_calCSV_data.csv,1_0016,0016,TAT3,44,18,8.6,18.0,11414.0
1,240517_calCSV_data.csv,1_0016,0016,TAT3,44,18,8.6,27.2,11426.0
1,240517_calCSV_data.csv,1_0016,0016,TAT3,44,18,8.6,36.0,11431.0
1,240517_calCSV_data.csv,1_0016,0016,TAT3,44,18,8.6,45.2,11438.0
1,240517_calCSV_data.csv,1_0016,0016,TAT3,44,18,8.6,54.0,11451.0
1,240517_calCSV_data.csv,1_0016,0016,TAT3,44,18,8.6,63.2,11465.0
1,240517_calCSV_data.csv,1_0016,0016,TAT3,44,18,8.6,72.0,11471.0
1,240517_calCSV_data.csv,1_0016,0016,TAT3,44,18,8.6,81.2,11487.0
1,240517_calCSV_data.csv,1_0016,0016,TAT3,44,18,8.6,90.0,11495.0
1,240517_calCSV_data.csv,1_0016,0016,TAT3,44,18,8.6,99.2,11514.0
1,240517_calCSV_data.csv,1_0016,0016,TAT3,44,18,8.6,108.0,11525.0
1,240517_calCSV_data.csv,1_0016,0016,TAT3,44,18,8.6,117.2,11541.0
1,240517_calCSV_data.csv,1_0016,0016,TAT3,44,18,8.6,126.0,11555.0
1,240517_calCSV_data.csv,1_0016,0016,TAT3,44,18,8.6,135.2,11566.0
1,240517_calCSV_data.csv,1_0016,0016,TAT3,44,18,8.6,144.0,11580.0
1,240517_calCSV_data.csv,1_0016,0016,TAT3,44,18,8.6,153.2,11591.0
1,240517_calCSV_data.csv,1_0016,0016,TAT3,44,18,8.6,162.0,11611.0
1,240517_calCSV_data.csv,1_0016,0016,TAT3,44,18,8.6,171.2,11616.0
1,240517_calCSV_data.csv,1_0016,0016,TAT3,44,18,8.6,180.0,11625.0
1,240517_calCSV_data.csv,1_0016,0016,TAT5,46,19,4.3,0.0,7452.0
1,240517_calCSV_data.csv,1_0016,0016,TAT5,46,19,4.3,9.2,7447.0
1,240517_calCSV_data.csv,1_0016,0016,TAT5,46,19,4.3,18.0,7452.0
1,240517_calCSV_data.csv,1_0016,0016,TAT5,46,19,4.3,27.2,7458.0
1,240517_calCSV_data.csv,1_0016,0016,TAT5,46,19,4.3,36.0,7463.0
1,240517_calCSV_data.csv,1_0016,0016,TAT5,46,19,4.3,45.2,7474.0
1,240517_calCSV_data.csv,1_0016,0016,TAT5,46,19,4.3,54.0,7478.0
1,240517_calCSV_data.csv,1_0016,0016,TAT5,46,19,4.3,63.2,7487.0
1,240517_calCSV_data.csv,1_0016,0016,TAT5,46,19,4.3,72.0,7494.0
1,240517_calCSV_data.csv,1_0016,0016,TAT5,46,19,4.3,81.2,7495.0
1,240517_calCSV_data.csv,1_0016,0016,TAT5,46,19,4.3,90.0,7506.0
1,240517_calCSV_data.csv,1_0016,0016,TAT5,46,19,4.3,99.2,7509.0
1,240517_calCSV_data.csv,1_0016,0016,TAT5,46,19,4.3,108.0,7517.0
1,240517_calCSV_data.csv,1_0016,0016,TAT5,46,19,4.3,117.2,7523.0
1,240517_calCSV_data.csv,1_0016,0016,TAT5,46,19,4.3,126.0,7532.0
1,240517_calCSV_data.csv,1_0016,0016,TAT5,46,19,4.3,135.2,7535.0
1,240517_calCSV_data.csv,1_0016,0016,TAT5,46,19,4.3,144.0,7540.0
1,240517_calCSV_data.csv,1_0016,0016,TAT5,46,19,4.3,153.2,7548.0
1,240517_calCSV_data.csv,1_0016,0016,TAT5,46,19,4.3,162.0,7556.0
1,240517_calCSV_data.csv,1_0016,0016,TAT5,46,19,4.3,171.2,7560.0
1,240517_calCSV_data.csv,1_0016,0016,TAT5,46,19,4.3,180.0,7570.0
1,240517_calCSV_data.csv,1_0016,0016,TAT6,47,20,0.3,0.0,9353.0
1,240517_calCSV_data.csv,1_0016,0016,TAT6,47,20,0.3,9.2,9348.0
1,240517_calCSV_data.csv,1_0016,0016,TAT6,47,20,0.3,18.0,9345.0
1,240517_calCSV_data.csv,1_0016,0016,TAT6,47,20,0.3,27.2,9345.0
1,240517_calCSV_data.csv,1_0016,0016,TAT6,47,20,0.3,36.0,9337.0
1,240517_calCSV_data.csv,1_0016,0016,TAT6,47,20,0.3,45.2,9341.0
1,240517_calCSV_data.csv,1_0016,0016,TAT6,47,20,0.3,54.0,9336.0
1,240517_calCSV_data.csv,1_0016,0016,TAT6,47,20,0.3,63.2,9338.0
1,240517_calCSV_data.csv,1_0016,0016,TAT6,47,20,0.3,72.0,9342.0
1,240517_calCSV_data.csv,1_0016,0016,TAT6,47,20,0.3,81.2,9338.0
1,240517_calCSV_data.csv,1_0016,0016,TAT6,47,20,0.3,90.0,9341.0
1,240517_calCSV_data.csv,1_0016,0016,TAT6,47,20,0.3,99.2,9338.0
1,240517_calCSV_data.csv,1_0016,0016,TAT6,47,20,0.3,108.0,9340.0
1,240517_calCSV_data.csv,1_0016,0016,TAT6,47,20,0.3,117.2,9338.0
1,240517_calCSV_data.csv,1_0016,0016,TAT6,47,20,0.3,126.0,9337.0
1,240517_calCSV_data.csv,1_0016,0016,TAT6,47,20,0.3,135.2,9338.0
1,240517_calCSV_data.csv,1_0016,0016,TAT6,47,20,0.3,144.0,9342.0
1,240517_calCSV_data.csv,1_0016,0016,TAT6,47,20,0.3,153.2,9340.0
1,240517_calCSV_data.csv,1_0016,0016,TAT6,47,20,0.3,162.0,9343.0
1,240517_calCSV_data.csv,1_0016,0016,TAT6,47,20,0.3,171.2,9343.0
1,240517_calCSV_data.csv,1_0016,0016,TAT6,47,20,0.3,180.0,9342.0
1,240517_calCSV_data.csv,1_0017,0017,TAT206,41,15,15.9,0.0,11641.0
1,240517_calCSV_data.csv,1_0017,0017,TAT206,41,15,15.9,9.2,11594.0
1,240517_calCSV_data.csv,1_0017,0017,TAT206,41,15,15.9,18.0,11604.0
1,240517_calCSV_data.csv,1_0017,0017,TAT206,41,15,15.9,27.2,11622.0
1,240517_calCSV_data.csv,1_0017,0017,TAT206,41,15,15.9,36.0,11642.0
1,240517_calCSV_data.csv,1_0017,0017,TAT206,41,15,15.9,45.2,11655.0
1,240517_calCSV_data.csv,1_0017,0017,TAT206,41,15,15.9,54.0,11676.0
1,240517_calCSV_data.csv,1_0017,0017,TAT206,41,15,15.9,63.2,11699.0
1,240517_calCSV_data.csv,1_0017,0017,TAT206,41,15,15.9,72.0,11715.0
1,240517_calCSV_data.csv,1_0017,0017,TAT206,41,15,15.9,81.2,11735.0
1,240517_calCSV_data.csv,1_0017,0017,TAT206,41,15,15.9,90.0,11755.0
1,240517_calCSV_data.csv,1_0017,0017,TAT206,41,15,15.9,99.2,11779.0
1,240517_calCSV_data.csv,1_0017,0017,TAT206,41,15,15.9,108.0,11797.0
1,240517_calCSV_data.csv,1_0017,0017,TAT206,41,15,15.9,117.2,11824.0
1,240517_calCSV_data.csv,1_0017,0017,TAT206,41,15,15.9,126.0,11849.0
1,240517_calCSV_data.csv,1_0017,0017,TAT206,41,15,15.9,135.2,11873.0
1,240517_calCSV_data.csv,1_0017,0017,TAT206,41,15,15.9,144.0,11901.0
1,240517_calCSV_data.csv,1_0017,0017,TAT206,41,15,15.9,153.2,11918.0
1,240517_calCSV_data.csv,1_0017,0017,TAT206,41,15,15.9,162.0,11945.0
1,240517_calCSV_data.csv,1_0017,0017,TAT206,41,15,15.9,171.2,11974.0
1,240517_calCSV_data.csv,1_0017,0017,TAT206,41,15,15.9,180.0,11993.0
1,240517_calCSV_data.csv,1_0017,0017,TAT1,42,16,17.7,0.0,11399.0
1,240517_calCSV_data.csv,1_0017,0017,TAT1,42,16,17.7,9.2,11409.0
1,240517_calCSV_data.csv,1_0017,0017,TAT1,42,16,17.7,18.0,11430.0
1,240517_calCSV_data.csv,1_0017,0017,TAT1,42,16,17.7,27.2,11438.0
1,240517_calCSV_data.csv,1_0017,0017,TAT1,42,16,17.7,36.0,11458.0
1,240517_calCSV_data.csv,1_0017,0017,TAT1,42,16,17.7,45.2,11472.0
1,240517_calCSV_data.csv,1_0017,0017,TAT1,42,16,17.7,54.0,11493.0
1,240517_calCSV_data.csv,1_0017,0017,TAT1,42,16,17.7,63.2,11523.0
1,240517_calCSV_data.csv,1_0017,0017,TAT1,42,16,17.7,72.0,11546.0
1,240517_calCSV_data.csv,1_0017,0017,TAT1,42,16,17.7,81.2,11566.0
1,240517_calCSV_data.csv,1_0017,0017,TAT1,42,16,17.7,90.0,11590.0
1,240517_calCSV_data.csv,1_0017,0017,TAT1,42,16,17.7,99.2,11617.0
1,240517_calCSV_data.csv,1_0017,0017,TAT1,42,16,17.7,108.0,11646.0
1,240517_calCSV_data.csv,1_0017,0017,TAT1,42,16,17.7,117.2,11672.0
1,240517_calCSV_data.csv,1_0017,0017,TAT1,42,16,17.7,126.0,11695.0
1,240517_calCSV_data.csv,1_0017,0017,TAT1,42,16,17.7,135.2,11721.0
1,240517_calCSV_data.csv,1_0017,0017,TAT1,42,16,17.7,144.0,11747.0
1,240517_calCSV_data.csv,1_0017,0017,TAT1,42,16,17.7,153.2,11779.0
1,240517_calCSV_data.csv,1_0017,0017,TAT1,42,16,17.7,162.0,11806.0
1,240517_calCSV_data.csv,1_0017,0017,TAT1,42,16,17.7,171.2,11831.0
1,240517_calCSV_data.csv,1_0017,0017,TAT1,42,16,17.7,180.0,11856.0
1,240517_calCSV_data.csv,1_0017,0017,TAT2,43,17,12.9,0.0,11219.0
1,240517_calCSV_data.csv,1_0017,0017,TAT2,43,17,12.9,9.2,11231.0
1,240517_calCSV_data.csv,1_0017,0017,TAT2,43,17,12.9,18.0,11240.0
1,240517_calCSV_data.csv,1_0017,0017,TAT2,43,17,12.9,27.2,11252.0
1,240517_calCSV_data.csv,1_0017,0017,TAT2,43,17,12.9,36.0,11270.0
1,240517_calCSV_data.csv,1_0017,0017,TAT2,43,17,12.9,45.2,11284.0
1,240517_calCSV_data.csv,1_0017,0017,TAT2,43,17,12.9,54.0,11295.0
1,240517_calCSV_data.csv,1_0017,0017,TAT2,43,17,12.9,63.2,11309.0
1,240517_calCSV_data.csv,1_0017,0017,TAT2,43,17,12.9,72.0,11325.0
1,240517_calCSV_data.csv,1_0017,0017,TAT2,43,17,12.9,81.2,11342.0
1,240517_calCSV_data.csv,1_0017,0017,TAT2,43,17,12.9,90.0,11360.0
1,240517_calCSV_data.csv,1_0017,0017,TAT2,43,17,12.9,99.2,11371.0
1,240517_calCSV_data.csv,1_0017,0017,TAT2,43,17,12.9,108.0,11394.0
1,240517_calCSV_data.csv,1_0017,0017,TAT2,43,17,12.9,117.2,11412.0
1,240517_calCSV_data.csv,1_0017,0017,TAT2,43,17,12.9,126.0,11430.0
1,240517_calCSV_data.csv,1_0017,0017,TAT2,43,17,12.9,135.2,11445.0
1,240517_calCSV_data.csv,1_0017,0017,TAT2,43,17,12.9,144.0,11469.0
1,240517_calCSV_data.csv,1_0017,0017,TAT2,43,17,12.9,153.2,11491.0
1,240517_calCSV_data.csv,1_0017,0017,TAT2,43,17,12.9,162.0,11511.0
1,240517_calCSV_data.csv,1_0017,0017,TAT2,43,17,12.9,171.2,11536.0
1,240517_calCSV_data.csv,1_0017,0017,TAT2,43,17,12.9,180.0,11552.0
1,240517_calCSV_data.csv,1_0017,0017,TAT3,44,18,12.3,0.0,11310.0
1,240517_calCSV_data.csv,1_0017,0017,TAT3,44,18,12.3,9.2,11318.0
1,240517_calCSV_data.csv,1_0017,0017,TAT3,44,18,12.3,18.0,11326.0
1,240517_calCSV_data.csv,1_0017,0017,TAT3,44,18,12.3,27.2,11345.0
1,240517_calCSV_data.csv,1_0017,0017,TAT3,44,18,12.3,36.0,11367.0
1,240517_calCSV_data.csv,1_0017,0017,TAT3,44,18,12.3,45.2,11379.0
1,240517_calCSV_data.csv,1_0017,0017,TAT3,44,18,12.3,54.0,11387.0
1,240517_calCSV_data.csv,1_0017,0017,TAT3,44,18,12.3,63.2,11401.0
1,240517_calCSV_data.csv,1_0017,0017,TAT3,44,18,12.3,72.0,11419.0
1,240517_calCSV_data.csv,1_0017,0017,TAT3,44,18,12.3,81.2,11438.0
1,240517_calCSV_data.csv,1_0017,0017,TAT3,44,18,12.3,90.0,11452.0
1,240517_calCSV_data.csv,1_0017,0017,TAT3,44,18,12.3,99.2,11466.0
1,240517_calCSV_data.csv,1_0017,0017,TAT3,44,18,12.3,108.0,11485.0
1,240517_calCSV_data.csv,1_0017,0017,TAT3,44,18,12.3,117.2,11508.0
1,240517_calCSV_data.csv,1_0017,0017,TAT3,44,18,12.3,126.0,11528.0
1,240517_calCSV_data.csv,1_0017,0017,TAT3,44,18,12.3,135.2,11549.0
1,240517_calCSV_data.csv,1_0017,0017,TAT3,44,18,12.3,144.0,11566.0
1,240517_calCSV_data.csv,1_0017,0017,TAT3,44,18,12.3,153.2,11577.0
1,240517_calCSV_data.csv,1_0017,0017,TAT3,44,18,12.3,162.0,11601.0
1,240517_calCSV_data.csv,1_0017,0017,TAT3,44,18,12.3,171.2,11622.0
1,240517_calCSV_data.csv,1_0017,0017,TAT3,44,18,12.3,180.0,11640.0
1,240517_calCSV_data.csv,1_0017,0017,TAT5,46,19,4.5,0.0,7388.0
1,240517_calCSV_data.csv,1_0017,0017,TAT5,46,19,4.5,9.2,7402.0
1,240517_calCSV_data.csv,1_0017,0017,TAT5,46,19,4.5,18.0,7405.0
1,240517_calCSV_data.csv,1_0017,0017,TAT5,46,19,4.5,27.2,7414.0
1,240517_calCSV_data.csv,1_0017,0017,TAT5,46,19,4.5,36.0,7419.0
1,240517_calCSV_data.csv,1_0017,0017,TAT5,46,19,4.5,45.2,7425.0
1,240517_calCSV_data.csv,1_0017,0017,TAT5,46,19,4.5,54.0,7435.0
1,240517_calCSV_data.csv,1_0017,0017,TAT5,46,19,4.5,63.2,7438.0
1,240517_calCSV_data.csv,1_0017,0017,TAT5,46,19,4.5,72.0,7443.0
1,240517_calCSV_data.csv,1_0017,0017,TAT5,46,19,4.5,81.2,7455.0
1,240517_calCSV_data.csv,1_0017,0017,TAT5,46,19,4.5,90.0,7457.0
1,240517_calCSV_data.csv,1_0017,0017,TAT5,46,19,4.5,99.2,7466.0
1,240517_calCSV_data.csv,1_0017,0017,TAT5,46,19,4.5,108.0,7468.0
1,240517_calCSV_data.csv,1_0017,0017,TAT5,46,19,4.5,117.2,7476.0
1,240517_calCSV_data.csv,1_0017,0017,TAT5,46,19,4.5,126.0,7483.0
1,240517_calCSV_data.csv,1_0017,0017,TAT5,46,19,4.5,135.2,7492.0
1,240517_calCSV_data.csv,1_0017,0017,TAT5,46,19,4.5,144.0,7504.0
1,240517_calCSV_data.csv,1_0017,0017,TAT5,46,19,4.5,153.2,7510.0
1,240517_calCSV_data.csv,1_0017,0017,TAT5,46,19,4.5,162.0,7516.0
1,240517_calCSV_data.csv,1_0017,0017,TAT5,46,19,4.5,171.2,7522.0
1,240517_calCSV_data.csv,1_0017,0017,TAT5,46,19,4.5,180.0,7527.0
1,240517_calCSV_data.csv,1_0017,0017,TAT6,47,20,0.5,0.0,9299.0
1,240517_calCSV_data.csv,1_0017,0017,TAT6,47,20,0.5,9.2,9296.0
1,240517_calCSV_data.csv,1_0017,0017,TAT6,47,20,0.5,18.0,9287.0
1,240517_calCSV_data.csv,1_0017,0017,TAT6,47,20,0.5,27.2,9293.0
1,240517_calCSV_data.csv,1_0017,0017,TAT6,47,20,0.5,36.0,9275.0
1,240517_calCSV_data.csv,1_0017,0017,TAT6,47,20,0.5,45.2,9286.0
1,240517_calCSV_data.csv,1_0017,0017,TAT6,47,20,0.5,54.0,9289.0
1,240517_calCSV_data.csv,1_0017,0017,TAT6,47,20,0.5,63.2,9287.0
1,240517_calCSV_data.csv,1_0017,0017,TAT6,47,20,0.5,72.0,9286.0
1,240517_calCSV_data.csv,1_0017,0017,TAT6,47,20,0.5,81.2,9283.0
1,240517_calCSV_data.csv,1_0017,0017,TAT6,47,20,0.5,90.0,9286.0
1,240517_calCSV_data.csv,1_0017,0017,TAT6,47,20,0.5,99.2,9292.0
1,240517_calCSV_data.csv,1_0017,0017,TAT6,47,20,0.5,108.0,9290.0
1,240517_calCSV_data.csv,1_0017,0017,TAT6,47,20,0.5,117.2,9294.0
1,240517_calCSV_data.csv,1_0017,0017,TAT6,47,20,0.5,126.0,9291.0
1,240517_calCSV_data.csv,1_0017,0017,TAT6,47,20,0.5,135.2,9292.0
1,240517_calCSV_data.csv,1_0017,0017,TAT6,47,20,0.5,144.0,9291.0
1,240517_calCSV_data.csv,1_0017,0017,TAT6,47,20,0.5,153.2,9291.0
1,240517_calCSV_data.csv,1_0017,0017,TAT6,47,20,0.5,162.0,9290.0
1,240517_calCSV_data.csv,1_0017,0017,TAT6,47,20,0.5,171.2,9291.0
1,240517_calCSV_data.csv,1_0017,0017,TAT6,47,20,0.5,180.0,9294.0
1,240517_calCSV_data.csv,1_0018,0018,TAT206,41,15,21.9,0.0,11635.0
1,240517_calCSV_data.csv,1_0018,0018,TAT206,41,15,21.9,9.2,11646.0
1,240517_calCSV_data.csv,1_0018,0018,TAT206,41,15,21.9,18.0,11657.0
1,240517_calCSV_data.csv,1_0018,0018,TAT206,41,15,21.9,27.2,11678.0
1,240517_calCSV_data.csv,1_0018,0018,TAT206,41,15,21.9,36.0,11701.0
1,240517_calCSV_data.csv,1_0018,0018,TAT206,41,15,21.9,45.2,11728.0
1,240517_calCSV_data.csv,1_0018,0018,TAT206,41,15,21.9,54.0,11750.0
1,240517_calCSV_data.csv,1_0018,0018,TAT206,41,15,21.9,63.2,11773.0
1,240517_calCSV_data.csv,1_0018,0018,TAT206,41,15,21.9,72.0,11798.0
1,240517_calCSV_data.csv,1_0018,0018,TAT206,41,15,21.9,81.2,11829.0
1,240517_calCSV_data.csv,1_0018,0018,TAT206,41,15,21.9,90.0,11858.0
1,240517_calCSV_data.csv,1_0018,0018,TAT206,41,15,21.9,99.2,11895.0
1,240517_calCSV_data.csv,1_0018,0018,TAT206,41,15,21.9,108.0,11923.0
1,240517_calCSV_data.csv,1_0018,0018,TAT206,41,15,21.9,117.2,11955.0
1,240517_calCSV_data.csv,1_0018,0018,TAT206,41,15,21.9,126.0,11984.0
1,240517_calCSV_data.csv,1_0018,0018,TAT206,41,15,21.9,135.2,12022.0
1,240517_calCSV_data.csv,1_0018,0018,TAT206,41,15,21.9,144.0,12047.0
1,240517_calCSV_data.csv,1_0018,0018,TAT206,41,15,21.9,153.2,12084.0
1,240517_calCSV_data.csv,1_0018,0018,TAT206,41,15,21.9,162.0,12114.0
1,240517_calCSV_data.csv,1_0018,0018,TAT206,41,15,21.9,171.2,12158.0
1,240517_calCSV_data.csv,1_0018,0018,TAT206,41,15,21.9,180.0,12189.0
1,240517_calCSV_data.csv,1_0018,0018,TAT1,42,16,25.1,0.0,11459.0
1,240517_calCSV_data.csv,1_0018,0018,TAT1,42,16,25.1,9.2,11484.0
1,240517_calCSV_data.csv,1_0018,0018,TAT1,42,16,25.1,18.0,11507.0
1,240517_calCSV_data.csv,1_0018,0018,TAT1,42,16,25.1,27.2,11522.0
1,240517_calCSV_data.csv,1_0018,0018,TAT1,42,16,25.1,36.0,11550.0
1,240517_calCSV_data.csv,1_0018,0018,TAT1,42,16,25.1,45.2,11582.0
1,240517_calCSV_data.csv,1_0018,0018,TAT1,42,16,25.1,54.0,11609.0
1,240517_calCSV_data.csv,1_0018,0018,TAT1,42,16,25.1,63.2,11641.0
1,240517_calCSV_data.csv,1_0018,0018,TAT1,42,16,25.1,72.0,11674.0
1,240517_calCSV_data.csv,1_0018,0018,TAT1,42,16,25.1,81.2,11706.0
1,240517_calCSV_data.csv,1_0018,0018,TAT1,42,16,25.1,90.0,11737.0
1,240517_calCSV_data.csv,1_0018,0018,TAT1,42,16,25.1,99.2,11777.0
1,240517_calCSV_data.csv,1_0018,0018,TAT1,42,16,25.1,108.0,11813.0
1,240517_calCSV_data.csv,1_0018,0018,TAT1,42,16,25.1,117.2,11847.0
1,240517_calCSV_data.csv,1_0018,0018,TAT1,42,16,25.1,126.0,11888.0
1,240517_calCSV_data.csv,1_0018,0018,TAT1,42,16,25.1,135.2,11924.0
1,240517_calCSV_data.csv,1_0018,0018,TAT1,42,16,25.1,144.0,11962.0
1,240517_calCSV_data.csv,1_0018,0018,TAT1,42,16,25.1,153.2,12001.0
1,240517_calCSV_data.csv,1_0018,0018,TAT1,42,16,25.1,162.0,12040.0
1,240517_calCSV_data.csv,1_0018,0018,TAT1,42,16,25.1,171.2,12082.0
1,240517_calCSV_data.csv,1_0018,0018,TAT1,42,16,25.1,180.0,12115.0
1,240517_calCSV_data.csv,1_0018,0018,TAT2,43,17,17.1,0.0,11210.0
1,240517_calCSV_data.csv,1_0018,0018,TAT2,43,17,17.1,9.2,11233.0
1,240517_calCSV_data.csv,1_0018,0018,TAT2,43,17,17.1,18.0,11244.0
1,240517_calCSV_data.csv,1_0018,0018,TAT2,43,17,17.1,27.2,11265.0
1,240517_calCSV_data.csv,1_0018,0018,TAT2,43,17,17.1,36.0,11278.0
1,240517_calCSV_data.csv,1_0018,0018,TAT2,43,17,17.1,45.2,11296.0
1,240517_calCSV_data.csv,1_0018,0018,TAT2,43,17,17.1,54.0,11311.0
1,240517_calCSV_data.csv,1_0018,0018,TAT2,43,17,17.1,63.2,11336.0
1,240517_calCSV_data.csv,1_0018,0018,TAT2,43,17,17.1,72.0,11357.0
1,240517_calCSV_data.csv,1_0018,0018,TAT2,43,17,17.1,81.2,11377.0
1,240517_calCSV_data.csv,1_0018,0018,TAT2,43,17,17.1,90.0,11396.0
1,240517_calCSV_data.csv,1_0018,0018,TAT2,43,17,17.1,99.2,11423.0
1,240517_calCSV_data.csv,1_0018,0018,TAT2,43,17,17.1,108.0,11443.0
1,240517_calCSV_data.csv,1_0018,0018,TAT2,43,17,17.1,117.2,11470.0
1,240517_calCSV_data.csv,1_0018,0018,TAT2,43,17,17.1,126.0,11496.0
1,240517_calCSV_data.csv,1_0018,0018,TAT2,43,17,17.1,135.2,11522.0
1,240517_calCSV_data.csv,1_0018,0018,TAT2,43,17,17.1,144.0,11551.0
1,240517_calCSV_data.csv,1_0018,0018,TAT2,43,17,17.1,153.2,11576.0
1,240517_calCSV_data.csv,1_0018,0018,TAT2,43,17,17.1,162.0,11607.0
1,240517_calCSV_data.csv,1_0018,0018,TAT2,43,17,17.1,171.2,11633.0
1,240517_calCSV_data.csv,1_0018,0018,TAT2,43,17,17.1,180.0,11665.0
1,240517_calCSV_data.csv,1_0018,0018,TAT3,44,18,17.2,0.0,11367.0
1,240517_calCSV_data.csv,1_0018,0018,TAT3,44,18,17.2,9.2,11364.0
1,240517_calCSV_data.csv,1_0018,0018,TAT3,44,18,17.2,18.0,11376.0
1,240517_calCSV_data.csv,1_0018,0018,TAT3,44,18,17.2,27.2,11391.0
1,240517_calCSV_data.csv,1_0018,0018,TAT3,44,18,17.2,36.0,11403.0
1,240517_calCSV_data.csv,1_0018,0018,TAT3,44,18,17.2,45.2,11421.0
1,240517_calCSV_data.csv,1_0018,0018,TAT3,44,18,17.2,54.0,11438.0
1,240517_calCSV_data.csv,1_0018,0018,TAT3,44,18,17.2,63.2,11454.0
1,240517_calCSV_data.csv,1_0018,0018,TAT3,44,18,17.2,72.0,11487.0
1,240517_calCSV_data.csv,1_0018,0018,TAT3,44,18,17.2,81.2,11504.0
1,240517_calCSV_data.csv,1_0018,0018,TAT3,44,18,17.2,90.0,11528.0
1,240517_calCSV_data.csv,1_0018,0018,TAT3,44,18,17.2,99.2,11552.0
1,240517_calCSV_data.csv,1_0018,0018,TAT3,44,18,17.2,108.0,11569.0
1,240517_calCSV_data.csv,1_0018,0018,TAT3,44,18,17.2,117.2,11598.0
1,240517_calCSV_data.csv,1_0018,0018,TAT3,44,18,17.2,126.0,11621.0
1,240517_calCSV_data.csv,1_0018,0018,TAT3,44,18,17.2,135.2,11650.0
1,240517_calCSV_data.csv,1_0018,0018,TAT3,44,18,17.2,144.0,11676.0
1,240517_calCSV_data.csv,1_0018,0018,TAT3,44,18,17.2,153.2,11702.0
1,240517_calCSV_data.csv,1_0018,0018,TAT3,44,18,17.2,162.0,11731.0
1,240517_calCSV_data.csv,1_0018,0018,TAT3,44,18,17.2,171.2,11762.0
1,240517_calCSV_data.csv,1_0018,0018,TAT3,44,18,17.2,180.0,11786.0
1,240517_calCSV_data.csv,1_0018,0018,TAT5,46,19,4.0,0.0,7473.0
1,240517_calCSV_data.csv,1_0018,0018,TAT5,46,19,4.0,9.2,7476.0
1,240517_calCSV_data.csv,1_0018,0018,TAT5,46,19,4.0,18.0,7478.0
1,240517_calCSV_data.csv,1_0018,0018,TAT5,46,19,4.0,27.2,7482.0
1,240517_calCSV_data.csv,1_0018,0018,TAT5,46,19,4.0,36.0,7490.0
1,240517_calCSV_data.csv,1_0018,0018,TAT5,46,19,4.0,45.2,7503.0
1,240517_calCSV_data.csv,1_0018,0018,TAT5,46,19,4.0,54.0,7510.0
1,240517_calCSV_data.csv,1_0018,0018,TAT5,46,19,4.0,63.2,7512.0
1,240517_calCSV_data.csv,1_0018,0018,TAT5,46,19,4.0,72.0,7518.0
1,240517_calCSV_data.csv,1_0018,0018,TAT5,46,19,4.0,81.2,7528.0
1,240517_calCSV_data.csv,1_0018,0018,TAT5,46,19,4.0,90.0,7536.0
1,240517_calCSV_data.csv,1_0018,0018,TAT5,46,19,4.0,99.2,7537.0
1,240517_calCSV_data.csv,1_0018,0018,TAT5,46,19,4.0,108.0,7540.0
1,240517_calCSV_data.csv,1_0018,0018,TAT5,46,19,4.0,117.2,7547.0
1,240517_calCSV_data.csv,1_0018,0018,TAT5,46,19,4.0,126.0,7551.0
1,240517_calCSV_data.csv,1_0018,0018,TAT5,46,19,4.0,135.2,7558.0
1,240517_calCSV_data.csv,1_0018,0018,TAT5,46,19,4.0,144.0,7568.0
1,240517_calCSV_data.csv,1_0018,0018,TAT5,46,19,4.0,153.2,7572.0
1,240517_calCSV_data.csv,1_0018,0018,TAT5,46,19,4.0,162.0,7583.0
1,240517_calCSV_data.csv,1_0018,0018,TAT5,46,19,4.0,171.2,7588.0
1,240517_calCSV_data.csv,1_0018,0018,TAT5,46,19,4.0,180.0,7595.0
1,240517_calCSV_data.csv,1_0018,0018,TAT6,47,20,0.7,0.0,9488.0
1,240517_calCSV_data.csv,1_0018,0018,TAT6,47,20,0.7,9.2,9484.0
1,240517_calCSV_data.csv,1_0018,0018,TAT6,47,20,0.7,18.0,9480.0
1,240517_calCSV_data.csv,1_0018,0018,TAT6,47,20,0.7,27.2,9479.0
1,240517_calCSV_data.csv,1_0018,0018,TAT6,47,20,0.7,36.0,9475.0
1,240517_calCSV_data.csv,1_0018,0018,TAT6,47,20,0.7,45.2,9476.0
1,240517_calCSV_data.csv,1_0018,0018,TAT6,47,20,0.7,54.0,9471.0
1,240517_calCSV_data.csv,1_0018,0018,TAT6,47,20,0.7,63.2,9475.0
1,240517_calCSV_data.csv,1_0018,0018,TAT6,47,20,0.7,72.0,9472.0
1,240517_calCSV_data.csv,1_0018,0018,TAT6,47,20,0.7,81.2,9471.0
1,240517_calCSV_data.csv,1_0018,0018,TAT6,47,20,0.7,90.0,9480.0
1,240517_calCSV_data.csv,1_0018,0018,TAT6,47,20,0.7,99.2,9473.0
1,240517_calCSV_data.csv,1_0018,0018,TAT6,47,20,0.7,108.0,9480.0
1,240517_calCSV_data.csv,1_0018,0018,TAT6,47,20,0.7,117.2,9480.0
1,240517_calCSV_data.csv,1_0018,0018,TAT6,47,20,0.7,126.0,9482.0
1,240517_calCSV_data.csv,1_0018,0018,TAT6,47,20,0.7,135.2,9478.0
1,240517_calCSV_data.csv,1_0018,0018,TAT6,47,20,0.7,144.0,9481.0
1,240517_calCSV_data.csv,1_0018,0018,TAT6,47,20,0.7,153.2,9482.0
1,240517_calCSV_data.csv,1_0018,0018,TAT6,47,20,0.7,162.0,9476.0
1,240517_calCSV_data.csv,1_0018,0018,TAT6,47,20,0.7,171.2,9482.0
1,240517_calCSV_data.csv,1_0018,0018,TAT6,47,20,0.7,180.0,9478.0
1,240517_calCSV_data.csv,1_0019,0019,TAT206,41,15,34.3,0.0,11627.0
1,240517_calCSV_data.csv,1_0019,0019,TAT206,41,15,34.3,9.2,11650.0
1,240517_calCSV_data.csv,1_0019,0019,TAT206,41,15,34.3,18.0,11663.0
1,240517_calCSV_data.csv,1_0019,0019,TAT206,41,15,34.3,27.2,11689.0
1,240517_calCSV_data.csv,1_0019,0019,TAT206,41,15,34.3,36.0,11723.0
1,240517_calCSV_data.csv,1_0019,0019,TAT206,41,15,34.3,45.2,11758.0
1,240517_calCSV_data.csv,1_0019,0019,TAT206,41,15,34.3,54.0,11793.0
1,240517_calCSV_data.csv,1_0019,0019,TAT206,41,15,34.3,63.2,11835.0
1,240517_calCSV_data.csv,1_0019,0019,TAT206,41,15,34.3,72.0,11881.0
1,240517_calCSV_data.csv,1_0019,0019,TAT206,41,15,34.3,81.2,11924.0
1,240517_calCSV_data.csv,1_0019,0019,TAT206,41,15,34.3,90.0,11972.0
1,240517_calCSV_data.csv,1_0019,0019,TAT206,41,15,34.3,99.2,12020.0
1,240517_calCSV_data.csv,1_0019,0019,TAT206,41,15,34.3,108.0,12061.0
1,240517_calCSV_data.csv,1_0019,0019,TAT206,41,15,34.3,117.2,12117.0
1,240517_calCSV_data.csv,1_0019,0019,TAT206,41,15,34.3,126.0,12164.0
1,240517_calCSV_data.csv,1_0019,0019,TAT206,41,15,34.3,135.2,12225.0
1,240517_calCSV_data.csv,1_0019,0019,TAT206,41,15,34.3,144.0,12278.0
1,240517_calCSV_data.csv,1_0019,0019,TAT206,41,15,34.3,153.2,12329.0
1,240517_calCSV_data.csv,1_0019,0019,TAT206,41,15,34.3,162.0,12388.0
1,240517_calCSV_data.csv,1_0019,0019,TAT206,41,15,34.3,171.2,12439.0
1,240517_calCSV_data.csv,1_0019,0019,TAT206,41,15,34.3,180.0,12499.0
1,240517_calCSV_data.csv,1_0019,0019,TAT1,42,16,37.7,0.0,11474.0
1,240517_calCSV_data.csv,1_0019,0019,TAT1,42,16,37.7,9.2,11495.0
1,240517_calCSV_data.csv,1_0019,0019,TAT1,42,16,37.7,18.0,11524.0
1,240517_calCSV_data.csv,1_0019,0019,TAT1,42,16,37.7,27.2,11558.0
1,240517_calCSV_data.csv,1_0019,0019,TAT1,42,16,37.7,36.0,11590.0
1,240517_calCSV_data.csv,1_0019,0019,TAT1,42,16,37.7,45.2,11633.0
1,240517_calCSV_data.csv,1_0019,0019,TAT1,42,16,37.7,54.0,11677.0
1,240517_calCSV_data.csv,1_0019,0019,TAT1,42,16,37.7,63.2,11717.0
1,240517_calCSV_data.csv,1_0019,0019,TAT1,42,16,37.7,72.0,11771.0
1,240517_calCSV_data.csv,1_0019,0019,TAT1,42,16,37.7,81.2,11828.0
1,240517_calCSV_data.csv,1_0019,0019,TAT1,42,16,37.7,90.0,11877.0
1,240517_calCSV_data.csv,1_0019,0019,TAT1,42,16,37.7,99.2,11936.0
1,240517_calCSV_data.csv,1_0019,0019,TAT1,42,16,37.7,108.0,11990.0
1,240517_calCSV_data.csv,1_0019,0019,TAT1,42,16,37.7,117.2,12048.0
1,240517_calCSV_data.csv,1_0019,0019,TAT1,42,16,37.7,126.0,12105.0
1,240517_calCSV_data.csv,1_0019,0019,TAT1,42,16,37.7,135.2,12171.0
1,240517_calCSV_data.csv,1_0019,0019,TAT1,42,16,37.7,144.0,12217.0
1,240517_calCSV_data.csv,1_0019,0019,TAT1,42,16,37.7,153.2,12280.0
1,240517_calCSV_data.csv,1_0019,0019,TAT1,42,16,37.7,162.0,12335.0
1,240517_calCSV_data.csv,1_0019,0019,TAT1,42,16,37.7,171.2,12393.0
1,240517_calCSV_data.csv,1_0019,0019,TAT1,42,16,37.7,180.0,12452.0
1,240517_calCSV_data.csv,1_0019,0019,TAT2,43,17,26.3,0.0,11346.0
1,240517_calCSV_data.csv,1_0019,0019,TAT2,43,17,26.3,9.2,11359.0
1,240517_calCSV_data.csv,1_0019,0019,TAT2,43,17,26.3,18.0,11359.0
1,240517_calCSV_data.csv,1_0019,0019,TAT2,43,17,26.3,27.2,11375.0
1,240517_calCSV_data.csv,1_0019,0019,TAT2,43,17,26.3,36.0,11399.0
1,240517_calCSV_data.csv,1_0019,0019,TAT2,43,17,26.3,45.2,11424.0
1,240517_calCSV_data.csv,1_0019,0019,TAT2,43,17,26.3,54.0,11449.0
1,240517_calCSV_data.csv,1_0019,0019,TAT2,43,17,26.3,63.2,11476.0
1,240517_calCSV_data.csv,1_0019,0019,TAT2,43,17,26.3,72.0,11507.0
1,240517_calCSV_data.csv,1_0019,0019,TAT2,43,17,26.3,81.2,11544.0
1,240517_calCSV_data.csv,1_0019,0019,TAT2,43,17,26.3,90.0,11571.0
1,240517_calCSV_data.csv,1_0019,0019,TAT2,43,17,26.3,99.2,11612.0
1,240517_calCSV_data.csv,1_0019,0019,TAT2,43,17,26.3,108.0,11643.0
1,240517_calCSV_data.csv,1_0019,0019,TAT2,43,17,26.3,117.2,11681.0
1,240517_calCSV_data.csv,1_0019,0019,TAT2,43,17,26.3,126.0,11725.0
1,240517_calCSV_data.csv,1_0019,0019,TAT2,43,17,26.3,135.2,11765.0
1,240517_calCSV_data.csv,1_0019,0019,TAT2,43,17,26.3,144.0,11808.0
1,240517_calCSV_data.csv,1_0019,0019,TAT2,43,17,26.3,153.2,11849.0
1,240517_calCSV_data.csv,1_0019,0019,TAT2,43,17,26.3,162.0,11893.0
1,240517_calCSV_data.csv,1_0019,0019,TAT2,43,17,26.3,171.2,11939.0
1,240517_calCSV_data.csv,1_0019,0019,TAT2,43,17,26.3,180.0,11981.0
1,240517_calCSV_data.csv,1_0019,0019,TAT3,44,18,26.2,0.0,11392.0
1,240517_calCSV_data.csv,1_0019,0019,TAT3,44,18,26.2,9.2,11385.0
1,240517_calCSV_data.csv,1_0019,0019,TAT3,44,18,26.2,18.0,11407.0
1,240517_calCSV_data.csv,1_0019,0019,TAT3,44,18,26.2,27.2,11429.0
1,240517_calCSV_data.csv,1_0019,0019,TAT3,44,18,26.2,36.0,11439.0
1,240517_calCSV_data.csv,1_0019,0019,TAT3,44,18,26.2,45.2,11473.0
1,240517_calCSV_data.csv,1_0019,0019,TAT3,44,18,26.2,54.0,11496.0
1,240517_calCSV_data.csv,1_0019,0019,TAT3,44,18,26.2,63.2,11530.0
1,240517_calCSV_data.csv,1_0019,0019,TAT3,44,18,26.2,72.0,11563.0
1,240517_calCSV_data.csv,1_0019,0019,TAT3,44,18,26.2,81.2,11599.0
1,240517_calCSV_data.csv,1_0019,0019,TAT3,44,18,26.2,90.0,11632.0
1,240517_calCSV_data.csv,1_0019,0019,TAT3,44,18,26.2,99.2,11670.0
1,240517_calCSV_data.csv,1_0019,0019,TAT3,44,18,26.2,108.0,11705.0
1,240517_calCSV_data.csv,1_0019,0019,TAT3,44,18,26.2,117.2,11747.0
1,240517_calCSV_data.csv,1_0019,0019,TAT3,44,18,26.2,126.0,11788.0
1,240517_calCSV_data.csv,1_0019,0019,TAT3,44,18,26.2,135.2,11825.0
1,240517_calCSV_data.csv,1_0019,0019,TAT3,44,18,26.2,144.0,11865.0
1,240517_calCSV_data.csv,1_0019,0019,TAT3,44,18,26.2,153.2,11906.0
1,240517_calCSV_data.csv,1_0019,0019,TAT3,44,18,26.2,162.0,11948.0
1,240517_calCSV_data.csv,1_0019,0019,TAT3,44,18,26.2,171.2,11992.0
1,240517_calCSV_data.csv,1_0019,0019,TAT3,44,18,26.2,180.0,12036.0
1,240517_calCSV_data.csv,1_0019,0019,TAT5,46,19,4.3,0.0,7474.0
1,240517_calCSV_data.csv,1_0019,0019,TAT5,46,19,4.3,9.2,7473.0
1,240517_calCSV_data.csv,1_0019,0019,TAT5,46,19,4.3,18.0,7485.0
1,240517_calCSV_data.csv,1_0019,0019,TAT5,46,19,4.3,27.2,7488.0
1,240517_calCSV_data.csv,1_0019,0019,TAT5,46,19,4.3,36.0,7493.0
1,240517_calCSV_data.csv,1_0019,0019,TAT5,46,19,4.3,45.2,7499.0
1,240517_calCSV_data.csv,1_0019,0019,TAT5,46,19,4.3,54.0,7506.0
1,240517_calCSV_data.csv,1_0019,0019,TAT5,46,19,4.3,63.2,7513.0
1,240517_calCSV_data.csv,1_0019,0019,TAT5,46,19,4.3,72.0,7518.0
1,240517_calCSV_data.csv,1_0019,0019,TAT5,46,19,4.3,81.2,7529.0
1,240517_calCSV_data.csv,1_0019,0019,TAT5,46,19,4.3,90.0,7527.0
1,240517_calCSV_data.csv,1_0019,0019,TAT5,46,19,4.3,99.2,7529.0
1,240517_calCSV_data.csv,1_0019,0019,TAT5,46,19,4.3,108.0,7535.0
1,240517_calCSV_data.csv,1_0019,0019,TAT5,46,19,4.3,117.2,7540.0
1,240517_calCSV_data.csv,1_0019,0019,TAT5,46,19,4.3,126.0,7553.0
1,240517_calCSV_data.csv,1_0019,0019,TAT5,46,19,4.3,135.2,7560.0
1,240517_calCSV_data.csv,1_0019,0019,TAT5,46,19,4.3,144.0,7566.0
1,240517_calCSV_data.csv,1_0019,0019,TAT5,46,19,4.3,153.2,7580.0
1,240517_calCSV_data.csv,1_0019,0019,TAT5,46,19,4.3,162.0,7583.0
1,240517_calCSV_data.csv,1_0019,0019,TAT5,46,19,4.3,171.2,7593.0
1,240517_calCSV_data.csv,1_0019,0019,TAT5,46,19,4.3,180.0,7597.0
1,240517_calCSV_data.csv,1_0019,0019,TAT6,47,20,0.4,0.0,9362.0
1,240517_calCSV_data.csv,1_0019,0019,TAT6,47,20,0.4,9.2,9354.0
1,240517_calCSV_data.csv,1_0019,0019,TAT6,47,20,0.4,18.0,9353.0
1,240517_calCSV_data.csv,1_0019,0019,TAT6,47,20,0.4,27.2,9351.0
1,240517_calCSV_data.csv,1_0019,0019,TAT6,47,20,0.4,36.0,9345.0
1,240517_calCSV_data.csv,1_0019,0019,TAT6,47,20,0.4,45.2,9349.0
1,240517_calCSV_data.csv,1_0019,0019,TAT6,47,20,0.4,54.0,9350.0
1,240517_calCSV_data.csv,1_0019,0019,TAT6,47,20,0.4,63.2,9352.0
1,240517_calCSV_data.csv,1_0019,0019,TAT6,47,20,0.4,72.0,9353.0
1,240517_calCSV_data.csv,1_0019,0019,TAT6,47,20,0.4,81.2,9350.0
1,240517_calCSV_data.csv,1_0019,0019,TAT6,47,20,0.4,90.0,9356.0
1,240517_calCSV_data.csv,1_0019,0019,TAT6,47,20,0.4,99.2,9358.0
1,240517_calCSV_data.csv,1_0019,0019,TAT6,47,20,0.4,108.0,9355.0
1,240517_calCSV_data.csv,1_0019,0019,TAT6,47,20,0.4,117.2,9354.0
1,240517_calCSV_data.csv,1_0019,0019,TAT6,47,20,0.4,126.0,9357.0
1,240517_calCSV_data.csv,1_0019,0019,TAT6,47,20,0.4,135.2,9359.0
1,240517_calCSV_data.csv,1_0019,0019,TAT6,47,20,0.4,144.0,9355.0
1,240517_calCSV_data.csv,1_0019,0019,TAT6,47,20,0.4,153.2,9358.0
1,240517_calCSV_data.csv,1_0019,0019,TAT6,47,20,0.4,162.0,9357.0
1,240517_calCSV_data.csv,1_0019,0019,TAT6,47,20,0.4,171.2,9356.0
1,240517_calCSV_data.csv,1_0019,0019,TAT6,47,20,0.4,180.0,9359.0
1,240517_calCSV_data.csv,1_0020,0020,TAT206,41,15,51.5,0.0,11539.0
1,240517_calCSV_data.csv,1_0020,0020,TAT206,41,15,51.5,9.2,11574.0
1,240517_calCSV_data.csv,1_0020,0020,TAT206,41,15,51.5,18.0,11611.0
1,240517_calCSV_data.csv,1_0020,0020,TAT206,41,15,51.5,27.2,11650.0
1,240517_calCSV_data.csv,1_0020,0020,TAT206,41,15,51.5,36.0,11696.0
1,240517_calCSV_data.csv,1_0020,0020,TAT206,41,15,51.5,45.2,11746.0
1,240517_calCSV_data.csv,1_0020,0020,TAT206,41,15,51.5,54.0,11801.0
1,240517_calCSV_data.csv,1_0020,0020,TAT206,41,15,51.5,63.2,11862.0
1,240517_calCSV_data.csv,1_0020,0020,TAT206,41,15,51.5,72.0,11931.0
1,240517_calCSV_data.csv,1_0020,0020,TAT206,41,15,51.5,81.2,11995.0
1,240517_calCSV_data.csv,1_0020,0020,TAT206,41,15,51.5,90.0,12063.0
1,240517_calCSV_data.csv,1_0020,0020,TAT206,41,15,51.5,99.2,12145.0
1,240517_calCSV_data.csv,1_0020,0020,TAT206,41,15,51.5,108.0,12218.0
1,240517_calCSV_data.csv,1_0020,0020,TAT206,41,15,51.5,117.2,12292.0
1,240517_calCSV_data.csv,1_0020,0020,TAT206,41,15,51.5,126.0,12367.0
1,240517_calCSV_data.csv,1_0020,0020,TAT206,41,15,51.5,135.2,12454.0
1,240517_calCSV_data.csv,1_0020,0020,TAT206,41,15,51.5,144.0,12539.0
1,240517_calCSV_data.csv,1_0020,0020,TAT206,41,15,51.5,153.2,12614.0
1,240517_calCSV_data.csv,1_0020,0020,TAT206,41,15,51.5,162.0,12688.0
1,240517_calCSV_data.csv,1_0020,0020,TAT206,41,15,51.5,171.2,12768.0
1,240517_calCSV_data.csv,1_0020,0020,TAT206,41,15,51.5,180.0,12839.0
1,240517_calCSV_data.csv,1_0020,0020,TAT1,42,16,55.3,0.0,11417.0
1,240517_calCSV_data.csv,1_0020,0020,TAT1,42,16,55.3,9.2,11455.0
1,240517_calCSV_data.csv,1_0020,0020,TAT1,42,16,55.3,18.0,11492.0
1,240517_calCSV_data.csv,1_0020,0020,TAT1,42,16,55.3,27.2,11541.0
1,240517_calCSV_data.csv,1_0020,0020,TAT1,42,16,55.3,36.0,11595.0
1,240517_calCSV_data.csv,1_0020,0020,TAT1,42,16,55.3,45.2,11661.0
1,240517_calCSV_data.csv,1_0020,0020,TAT1,42,16,55.3,54.0,11724.0
1,240517_calCSV_data.csv,1_0020,0020,TAT1,42,16,55.3,63.2,11799.0
1,240517_calCSV_data.csv,1_0020,0020,TAT1,42,16,55.3,72.0,11875.0
1,240517_calCSV_data.csv,1_0020,0020,TAT1,42,16,55.3,81.2,11955.0
1,240517_calCSV_data.csv,1_0020,0020,TAT1,42,16,55.3,90.0,12032.0
1,240517_calCSV_data.csv,1_0020,0020,TAT1,42,16,55.3,99.2,12119.0
1,240517_calCSV_data.csv,1_0020,0020,TAT1,42,16,55.3,108.0,12200.0
1,240517_calCSV_data.csv,1_0020,0020,TAT1,42,16,55.3,117.2,12279.0
1,240517_calCSV_data.csv,1_0020,0020,TAT1,42,16,55.3,126.0,12361.0
1,240517_calCSV_data.csv,1_0020,0020,TAT1,42,16,55.3,135.2,12446.0
1,240517_calCSV_data.csv,1_0020,0020,TAT1,42,16,55.3,144.0,12532.0
1,240517_calCSV_data.csv,1_0020,0020,TAT1,42,16,55.3,153.2,12614.0
1,240517_calCSV_data.csv,1_0020,0020,TAT1,42,16,55.3,162.0,12700.0
1,240517_calCSV_data.csv,1_0020,0020,TAT1,42,16,55.3,171.2,12785.0
1,240517_calCSV_data.csv,1_0020,0020,TAT1,42,16,55.3,180.0,12864.0
1,240517_calCSV_data.csv,1_0020,0020,TAT2,43,17,39.7,0.0,11174.0
1,240517_calCSV_data.csv,1_0020,0020,TAT2,43,17,39.7,9.2,11193.0
1,240517_calCSV_data.csv,1_0020,0020,TAT2,43,17,39.7,18.0,11216.0
1,240517_calCSV_data.csv,1_0020,0020,TAT2,43,17,39.7,27.2,11241.0
1,240517_calCSV_data.csv,1_0020,0020,TAT2,43,17,39.7,36.0,11274.0
1,240517_calCSV_data.csv,1_0020,0020,TAT2,43,17,39.7,45.2,11308.0
1,240517_calCSV_data.csv,1_0020,0020,TAT2,43,17,39.7,54.0,11346.0
1,240517_calCSV_data.csv,1_0020,0020,TAT2,43,17,39.7,63.2,11386.0
1,240517_calCSV_data.csv,1_0020,0020,TAT2,43,17,39.7,72.0,11433.0
1,240517_calCSV_data.csv,1_0020,0020,TAT2,43,17,39.7,81.2,11483.0
1,240517_calCSV_data.csv,1_0020,0020,TAT2,43,17,39.7,90.0,11535.0
1,240517_calCSV_data.csv,1_0020,0020,TAT2,43,17,39.7,99.2,11587.0
1,240517_calCSV_data.csv,1_0020,0020,TAT2,43,17,39.7,108.0,11647.0
1,240517_calCSV_data.csv,1_0020,0020,TAT2,43,17,39.7,117.2,11704.0
1,240517_calCSV_data.csv,1_0020,0020,TAT2,43,17,39.7,126.0,11761.0
1,240517_calCSV_data.csv,1_0020,0020,TAT2,43,17,39.7,135.2,11822.0
1,240517_calCSV_data.csv,1_0020,0020,TAT2,43,17,39.7,144.0,11887.0
1,240517_calCSV_data.csv,1_0020,0020,TAT2,43,17,39.7,153.2,11944.0
1,240517_calCSV_data.csv,1_0020,0020,TAT2,43,17,39.7,162.0,12009.0
1,240517_calCSV_data.csv,1_0020,0020,TAT2,43,17,39.7,171.2,12078.0
1,240517_calCSV_data.csv,1_0020,0020,TAT2,43,17,39.7,180.0,12134.0
1,240517_calCSV_data.csv,1_0020,0020,TAT3,44,18,39.3,0.0,11304.0
1,240517_calCSV_data.csv,1_0020,0020,TAT3,44,18,39.3,9.2,11309.0
1,240517_calCSV_data.csv,1_0020,0020,TAT3,44,18,39.3,18.0,11328.0
1,240517_calCSV_data.csv,1_0020,0020,TAT3,44,18,39.3,27.2,11351.0
1,240517_calCSV_data.csv,1_0020,0020,TAT3,44,18,39.3,36.0,11383.0
1,240517_calCSV_data.csv,1_0020,0020,TAT3,44,18,39.3,45.2,11430.0
1,240517_calCSV_data.csv,1_0020,0020,TAT3,44,18,39.3,54.0,11469.0
1,240517_calCSV_data.csv,1_0020,0020,TAT3,44,18,39.3,63.2,11511.0
1,240517_calCSV_data.csv,1_0020,0020,TAT3,44,18,39.3,72.0,11565.0
1,240517_calCSV_data.csv,1_0020,0020,TAT3,44,18,39.3,81.2,11615.0
1,240517_calCSV_data.csv,1_0020,0020,TAT3,44,18,39.3,90.0,11662.0
1,240517_calCSV_data.csv,1_0020,0020,TAT3,44,18,39.3,99.2,11714.0
1,240517_calCSV_data.csv,1_0020,0020,TAT3,44,18,39.3,108.0,11774.0
1,240517_calCSV_data.csv,1_0020,0020,TAT3,44,18,39.3,117.2,11830.0
1,240517_calCSV_data.csv,1_0020,0020,TAT3,44,18,39.3,126.0,11882.0
1,240517_calCSV_data.csv,1_0020,0020,TAT3,44,18,39.3,135.2,11950.0
1,240517_calCSV_data.csv,1_0020,0020,TAT3,44,18,39.3,144.0,12003.0
1,240517_calCSV_data.csv,1_0020,0020,TAT3,44,18,39.3,153.2,12077.0
1,240517_calCSV_data.csv,1_0020,0020,TAT3,44,18,39.3,162.0,12135.0
1,240517_calCSV_data.csv,1_0020,0020,TAT3,44,18,39.3,171.2,12204.0
1,240517_calCSV_data.csv,1_0020,0020,TAT3,44,18,39.3,180.0,12258.0
1,240517_calCSV_data.csv,1_0020,0020,TAT5,46,19,4.4,0.0,7458.0
1,240517_calCSV_data.csv,1_0020,0020,TAT5,46,19,4.4,9.2,7466.0
1,240517_calCSV_data.csv,1_0020,0020,TAT5,46,19,4.4,18.0,7470.0
1,240517_calCSV_data.csv,1_0020,0020,TAT5,46,19,4.4,27.2,7468.0
1,240517_calCSV_data.csv,1_0020,0020,TAT5,46,19,4.4,36.0,7479.0
1,240517_calCSV_data.csv,1_0020,0020,TAT5,46,19,4.4,45.2,7485.0
1,240517_calCSV_data.csv,1_0020,0020,TAT5,46,19,4.4,54.0,7488.0
1,240517_calCSV_data.csv,1_0020,0020,TAT5,46,19,4.4,63.2,7496.0
1,240517_calCSV_data.csv,1_0020,0020,TAT5,46,19,4.4,72.0,7503.0
1,240517_calCSV_data.csv,1_0020,0020,TAT5,46,19,4.4,81.2,7513.0
1,240517_calCSV_data.csv,1_0020,0020,TAT5,46,19,4.4,90.0,7520.0
1,240517_calCSV_data.csv,1_0020,0020,TAT5,46,19,4.4,99.2,7525.0
1,240517_calCSV_data.csv,1_0020,0020,TAT5,46,19,4.4,108.0,7529.0
1,240517_calCSV_data.csv,1_0020,0020,TAT5,46,19,4.4,117.2,7532.0
1,240517_calCSV_data.csv,1_0020,0020,TAT5,46,19,4.4,126.0,7539.0
1,240517_calCSV_data.csv,1_0020,0020,TAT5,46,19,4.4,135.2,7549.0
1,240517_calCSV_data.csv,1_0020,0020,TAT5,46,19,4.4,144.0,7561.0
1,240517_calCSV_data.csv,1_0020,0020,TAT5,46,19,4.4,153.2,7563.0
1,240517_calCSV_data.csv,1_0020,0020,TAT5,46,19,4.4,162.0,7574.0
1,240517_calCSV_data.csv,1_0020,0020,TAT5,46,19,4.4,171.2,7579.0
1,240517_calCSV_data.csv,1_0020,0020,TAT5,46,19,4.4,180.0,7586.0
1,240517_calCSV_data.csv,1_0020,0020,TAT6,47,20,0.3,0.0,9278.0
1,240517_calCSV_data.csv,1_0020,0020,TAT6,47,20,0.3,9.2,9275.0
1,240517_calCSV_data.csv,1_0020,0020,TAT6,47,20,0.3,18.0,9277.0
1,240517_calCSV_data.csv,1_0020,0020,TAT6,47,20,0.3,27.2,9270.0
1,240517_calCSV_data.csv,1_0020,0020,TAT6,47,20,0.3,36.0,9269.0
1,240517_calCSV_data.csv,1_0020,0020,TAT6,47,20,0.3,45.2,9274.0
1,240517_calCSV_data.csv,1_0020,0020,TAT6,47,20,0.3,54.0,9260.0
1,240517_calCSV_data.csv,1_0020,0020,TAT6,47,20,0.3,63.2,9272.0
1,240517_calCSV_data.csv,1_0020,0020,TAT6,47,20,0.3,72.0,9273.0
1,240517_calCSV_data.csv,1_0020,0020,TAT6,47,20,0.3,81.2,9274.0
1,240517_calCSV_data.csv,1_0020,0020,TAT6,47,20,0.3,90.0,9275.0
1,240517_calCSV_data.csv,1_0020,0020,TAT6,47,20,0.3,99.2,9272.0
1,240517_calCSV_data.csv,1_0020,0020,TAT6,47,20,0.3,108.0,9275.0
1,240517_calCSV_data.csv,1_0020,0020,TAT6,47,20,0.3,117.2,9275.0
1,240517_calCSV_data.csv,1_0020,0020,TAT6,47,20,0.3,126.0,9275.0
1,240517_calCSV_data.csv,1_0020,0020,TAT6,47,20,0.3,135.2,9278.0
1,240517_calCSV_data.csv,1_0020,0020,TAT6,47,20,0.3,144.0,9278.0
1,240517_calCSV_data.csv,1_0020,0020,TAT6,47,20,0.3,153.2,9275.0
1,240517_calCSV_data.csv,1_0020,0020,TAT6,47,20,0.3,162.0,9274.0
1,240517_calCSV_data.csv,1_0020,0020,TAT6,47,20,0.3,171.2,9279.0
1,240517_calCSV_data.csv,1_0020,0020,TAT6,47,20,0.3,180.0,9275.0
2,CSV_data_F07_240529_i-Lab検体20+50.csv,2_0001,0001,TAT206,41,15,10.9,0.0,11587.0
2,CSV_data_F07_240529_i-Lab検体20+50.csv,2_0001,0001,TAT206,41,15,10.9,9.2,11619.0
2,CSV_data_F07_240529_i-Lab検体20+50.csv,2_0001,0001,TAT206,41,15,10.9,18.0,11637.0
2,CSV_data_F07_240529_i-Lab検体20+50.csv,2_0001,0001,TAT206,41,15,10.9,27.2,11643.0
2,CSV_data_F07_240529_i-Lab検体20+50.csv,2_0001,0001,TAT206,41,15,10.9,36.0,11661.0
2,CSV_data_F07_240529_i-Lab検体20+50.csv,2_0001,0001,TAT206,41,15,10.9,45.2,11673.0
2,CSV_data_F07_240529_i-Lab検体20+50.csv,2_0001,0001,TAT206,41,15,10.9,54.0,11687.0
2,CSV_data_F07_240529_i-Lab検体20+50.csv,2_0001,0001,TAT206,41,15,10.9,63.2,11702.0
2,CSV_data_F07_240529_i-Lab検体20+50.csv,2_0001,0001,TAT206,41,15,10.9,72.0,11719.0
2,CSV_data_F07_240529_i-Lab検体20+50.csv,2_0001,0001,TAT206,41,15,10.9,81.2,11739.0
2,CSV_data_F07_240529_i-Lab検体20+50.csv,2_0001,0001,TAT206,41,15,10.9,90.0,11751.0
2,CSV_data_F07_240529_i-Lab検体20+50.csv,2_0001,0001,TAT206,41,15,10.9,99.2,11764.0
2,CSV_data_F07_240529_i-Lab検体20+50.csv,2_0001,0001,TAT206,41,15,10.9,108.0,11785.0
2,CSV_data_F07_240529_i-Lab検体20+50.csv,2_0001,0001,TAT206,41,15,10.9,117.2,11793.0
2,CSV_data_F07_240529_i-Lab検体20+50.csv,2_0001,0001,TAT206,41,15,10.9,126.0,11816.0
2,CSV_data_F07_240529_i-Lab検体20+50.csv,2_0001,0001,TAT206,41,15,10.9,135.2,11834.0
2,CSV_data_F07_240529_i-Lab検体20+50.csv,2_0001,0001,TAT206,41,15,10.9,144.0,11853.0
2,CSV_data_F07_240529_i-Lab検体20+50.csv,2_0001,0001,TAT206,41,15,10.9,153.2,11867.0
2,CSV_data_F07_240529_i-Lab検体20+50.csv,2_0001,0001,TAT206,41,15,10.9,162.0,11885.0
2,CSV_data_F07_240529_i-Lab検体20+50.csv,2_0001,0001,TAT206,41,15,10.9,171.2,11902.0
2,CSV_data_F07_240529_i-Lab検体20+50.csv,2_0001,0001,TAT206,41,15,10.9,180.0,11925.0
2,CSV_data_F07_240529_i-Lab検体20+50.csv,2_0001,0001,TAT1,42,16,12.6,0.0,11467.0
2,CSV_data_F07_240529_i-Lab検体20+50.csv,2_0001,0001,TAT1,42,16,12.6,9.2,11489.0
2,CSV_data_F07_240529_i-Lab検体20+50.csv,2_0001,0001,TAT1,42,16,12.6,18.0,11497.0
2,CSV_data_F07_240529_i-Lab検体20+50.csv,2_0001,0001,TAT1,42,16,12.6,27.2,11516.0
2,CSV_data_F07_240529_i-Lab検体20+50.csv,2_0001,0001,TAT1,42,16,12.6,36.0,11530.0
2,CSV_data_F07_240529_i-Lab検体20+50.csv,2_0001,0001,TAT1,42,16,12.6,45.2,11548.0
2,CSV_data_F07_240529_i-Lab検体20+50.csv,2_0001,0001,TAT1,42,16,12.6,54.0,11568.0
2,CSV_data_F07_240529_i-Lab検体20+50.csv,2_0001,0001,TAT1,42,16,12.6,63.2,11585.0
2,CSV_data_F07_240529_i-Lab検体20+50.csv,2_0001,0001,TAT1,42,16,12.6,72.0,11603.0
2,CSV_data_F07_240529_i-Lab検体20+50.csv,2_0001,0001,TAT1,42,16,12.6,81.2,11621.0
2,CSV_data_F07_240529_i-Lab検体20+50.csv,2_0001,0001,TAT1,42,16,12.6,90.0,11642.0
2,CSV_data_F07_240529_i-Lab検体20+50.csv,2_0001,0001,TAT1,42,16,12.6,99.2,11656.0
2,CSV_data_F07_240529_i-Lab検体20+50.csv,2_0001,0001,TAT1,42,16,12.6,108.0,11676.0
2,CSV_data_F07_240529_i-Lab検体20+50.csv,2_0001,0001,TAT1,42,16,12.6,117.2,11697.0
2,CSV_data_F07_240529_i-Lab検体20+50.csv,2_0001,0001,TAT1,42,16,12.6,126.0,11714.0
2,CSV_data_F07_240529_i-Lab検体20+50.csv,2_0001,0001,TAT1,42,16,12.6,135.2,11733.0
2,CSV_data_F07_240529_i-Lab検体20+50.csv,2_0001,0001,TAT1,42,16,12.6,144.0,11755.0
2,CSV_data_F07_240529_i-Lab検体20+50.csv,2_0001,0001,TAT1,42,16,12.6,153.2,11771.0
2,CSV_data_F07_240529_i-Lab検体20+50.csv,2_0001,0001,TAT1,42,16,12.6,162.0,11789.0
2,CSV_data_F07_240529_i-Lab検体20+50.csv,2_0001,0001,TAT1,42,16,12.6,171.2,11810.0
2,CSV_data_F07_240529_i-Lab検体20+50.csv,2_0001,0001,TAT1,42,16,12.6,180.0,11829.0
2,CSV_data_F07_240529_i-Lab検体20+50.csv,2_0001,0001,TAT3,44,17,10.7,0.0,11560.0
2,CSV_data_F07_240529_i-Lab検体20+50.csv,2_0001,0001,TAT3,44,17,10.7,9.2,11568.0
2,CSV_data_F07_240529_i-Lab検体20+50.csv,2_0001,0001,TAT3,44,17,10.7,18.0,11575.0
2,CSV_data_F07_240529_i-Lab検体20+50.csv,2_0001,0001,TAT3,44,17,10.7,27.2,11582.0
2,CSV_data_F07_240529_i-Lab検体20+50.csv,2_0001,0001,TAT3,44,17,10.7,36.0,11597.0
2,CSV_data_F07_240529_i-Lab検体20+50.csv,2_0001,0001,TAT3,44,17,10.7,45.2,11615.0
2,CSV_data_F07_240529_i-Lab検体20+50.csv,2_0001,0001,TAT3,44,17,10.7,54.0,11625.0
2,CSV_data_F07_240529_i-Lab検体20+50.csv,2_0001,0001,TAT3,44,17,10.7,63.2,11640.0
2,CSV_data_F07_240529_i-Lab検体20+50.csv,2_0001,0001,TAT3,44,17,10.7,72.0,11656.0
2,CSV_data_F07_240529_i-Lab検体20+50.csv,2_0001,0001,TAT3,44,17,10.7,81.2,11669.0
2,CSV_data_F07_240529_i-Lab検体20+50.csv,2_0001,0001,TAT3,44,17,10.7,90.0,11685.0
2,CSV_data_F07_240529_i-Lab検体20+50.csv,2_0001,0001,TAT3,44,17,10.7,99.2,11703.0
2,CSV_data_F07_240529_i-Lab検体20+50.csv,2_0001,0001,TAT3,44,17,10.7,108.0,11715.0
2,CSV_data_F07_240529_i-Lab検体20+50.csv,2_0001,0001,TAT3,44,17,10.7,117.2,11734.0
2,CSV_data_F07_240529_i-Lab検体20+50.csv,2_0001,0001,TAT3,44,17,10.7,126.0,11749.0
2,CSV_data_F07_240529_i-Lab検体20+50.csv,2_0001,0001,TAT3,44,17,10.7,135.2,11759.0
2,CSV_data_F07_240529_i-Lab検体20+50.csv,2_0001,0001,TAT3,44,17,10.7,144.0,11780.0
2,CSV_data_F07_240529_i-Lab検体20+50.csv,2_0001,0001,TAT3,44,17,10.7,153.2,11797.0
2,CSV_data_F07_240529_i-Lab検体20+50.csv,2_0001,0001,TAT3,44,17,10.7,162.0,11813.0
2,CSV_data_F07_240529_i-Lab検体20+50.csv,2_0001,0001,TAT3,44,17,10.7,171.2,11830.0
2,CSV_data_F07_240529_i-Lab検体20+50.csv,2_0001,0001,TAT3,44,17,10.7,180.0,11847.0
2,CSV_data_F07_240529_i-Lab検体20+50.csv,2_0002,0002,TAT206,41,18,21.9,0.0,11604.0
2,CSV_data_F07_240529_i-Lab検体20+50.csv,2_0002,0002,TAT206,41,18,21.9,9.2,11609.0
2,CSV_data_F07_240529_i-Lab検体20+50.csv,2_0002,0002,TAT206,41,18,21.9,18.0,11629.0
2,CSV_data_F07_240529_i-Lab検体20+50.csv,2_0002,0002,TAT206,41,18,21.9,27.2,11635.0
2,CSV_data_F07_240529_i-Lab検体20+50.csv,2_0002,0002,TAT206,41,18,21.9,36.0,11658.0
2,CSV_data_F07_240529_i-Lab検体20+50.csv,2_0002,0002,TAT206,41,18,21.9,45.2,11683.0
2,CSV_data_F07_240529_i-Lab検体20+50.csv,2_0002,0002,TAT206,41,18,21.9,54.0,11711.0
2,CSV_data_F07_240529_i-Lab検体20+50.csv,2_0002,0002,TAT206,41,18,21.9,63.2,11736.0
2,CSV_data_F07_240529_i-Lab検体20+50.csv,2_0002,0002,TAT206,41,18,21.9,72.0,11762.0
2,CSV_data_F07_240529_i-Lab検体20+50.csv,2_0002,0002,TAT206,41,18,21.9,81.2,11793.0
2,CSV_data_F07_240529_i-Lab検体20+50.csv,2_0002,0002,TAT206,41,18,21.9,90.0,11820.0
2,CSV_data_F07_240529_i-Lab検体20+50.csv,2_0002,0002,TAT206,41,18,21.9,99.2,11853.0
2,CSV_data_F07_240529_i-Lab検体20+50.csv,2_0002,0002,TAT206,41,18,21.9,108.0,11881.0
2,CSV_data_F07_240529_i-Lab検体20+50.csv,2_0002,0002,TAT206,41,18,21.9,117.2,11913.0
2,CSV_data_F07_240529_i-Lab検体20+50.csv,2_0002,0002,TAT206,41,18,21.9,126.0,11945.0
2,CSV_data_F07_240529_i-Lab検体20+50.csv,2_0002,0002,TAT206,41,18,21.9,135.2,11981.0
2,CSV_data_F07_240529_i-Lab検体20+50.csv,2_0002,0002,TAT206,41,18,21.9,144.0,12015.0
2,CSV_data_F07_240529_i-Lab検体20+50.csv,2_0002,0002,TAT206,41,18,21.9,153.2,12049.0
2,CSV_data_F07_240529_i-Lab検体20+50.csv,2_0002,0002,TAT206,41,18,21.9,162.0,12084.0
2,CSV_data_F07_240529_i-Lab検体20+50.csv,2_0002,0002,TAT206,41,18,21.9,171.2,12122.0
2,CSV_data_F07_240529_i-Lab検体20+50.csv,2_0002,0002,TAT206,41,18,21.9,180.0,12161.0
2,CSV_data_F07_240529_i-Lab検体20+50.csv,2_0002,0002,TAT1,42,19,25.9,0.0,11692.0
2,CSV_data_F07_240529_i-Lab検体20+50.csv,2_0002,0002,TAT1,42,19,25.9,9.2,11699.0
2,CSV_data_F07_240529_i-Lab検体20+50.csv,2_0002,0002,TAT1,42,19,25.9,18.0,11721.0
2,CSV_data_F07_240529_i-Lab検体20+50.csv,2_0002,0002,TAT1,42,19,25.9,27.2,11745.0
2,CSV_data_F07_240529_i-Lab検体20+50.csv,2_0002,0002,TAT1,42,19,25.9,36.0,11774.0
2,CSV_data_F07_240529_i-Lab検体20+50.csv,2_0002,0002,TAT1,42,19,25.9,45.2,11804.0
2,CSV_data_F07_240529_i-Lab検体20+50.csv,2_0002,0002,TAT1,42,19,25.9,54.0,11834.0
2,CSV_data_F07_240529_i-Lab検体20+50.csv,2_0002,0002,TAT1,42,19,25.9,63.2,11864.0
2,CSV_data_F07_240529_i-Lab検体20+50.csv,2_0002,0002,TAT1,42,19,25.9,72.0,11897.0
2,CSV_data_F07_240529_i-Lab検体20+50.csv,2_0002,0002,TAT1,42,19,25.9,81.2,11933.0
2,CSV_data_F07_240529_i-Lab検体20+50.csv,2_0002,0002,TAT1,42,19,25.9,90.0,11967.0
2,CSV_data_F07_240529_i-Lab検体20+50.csv,2_0002,0002,TAT1,42,19,25.9,99.2,12002.0
2,CSV_data_F07_240529_i-Lab検体20+50.csv,2_0002,0002,TAT1,42,19,25.9,108.0,12040.0
2,CSV_data_F07_240529_i-Lab検体20+50.csv,2_0002,0002,TAT1,42,19,25.9,117.2,12080.0
2,CSV_data_F07_240529_i-Lab検体20+50.csv,2_0002,0002,TAT1,42,19,25.9,126.0,12119.0
2,CSV_data_F07_240529_i-Lab検体20+50.csv,2_0002,0002,TAT1,42,19,25.9,135.2,12163.0
2,CSV_data_F07_240529_i-Lab検体20+50.csv,2_0002,0002,TAT1,42,19,25.9,144.0,12203.0
2,CSV_data_F07_240529_i-Lab検体20+50.csv,2_0002,0002,TAT1,42,19,25.9,153.2,12240.0
2,CSV_data_F07_240529_i-Lab検体20+50.csv,2_0002,0002,TAT1,42,19,25.9,162.0,12280.0
2,CSV_data_F07_240529_i-Lab検体20+50.csv,2_0002,0002,TAT1,42,19,25.9,171.2,12322.0
2,CSV_data_F07_240529_i-Lab検体20+50.csv,2_0002,0002,TAT1,42,19,25.9,180.0,12360.0
2,CSV_data_F07_240529_i-Lab検体20+50.csv,2_0002,0002,TAT3,44,20,17.7,0.0,11648.0
2,CSV_data_F07_240529_i-Lab検体20+50.csv,2_0002,0002,TAT3,44,20,17.7,9.2,11671.0
2,CSV_data_F07_240529_i-Lab検体20+50.csv,2_0002,0002,TAT3,44,20,17.7,18.0,11690.0
2,CSV_data_F07_240529_i-Lab検体20+50.csv,2_0002,0002,TAT3,44,20,17.7,27.2,11706.0
2,CSV_data_F07_240529_i-Lab検体20+50.csv,2_0002,0002,TAT3,44,20,17.7,36.0,11729.0
2,CSV_data_F07_240529_i-Lab検体20+50.csv,2_0002,0002,TAT3,44,20,17.7,45.2,11748.0
2,CSV_data_F07_240529_i-Lab検体20+50.csv,2_0002,0002,TAT3,44,20,17.7,54.0,11770.0
2,CSV_data_F07_240529_i-Lab検体20+50.csv,2_0002,0002,TAT3,44,20,17.7,63.2,11795.0
2,CSV_data_F07_240529_i-Lab検体20+50.csv,2_0002,0002,TAT3,44,20,17.7,72.0,11819.0
2,CSV_data_F07_240529_i-Lab検体20+50.csv,2_0002,0002,TAT3,44,20,17.7,81.2,11842.0
2,CSV_data_F07_240529_i-Lab検体20+50.csv,2_0002,0002,TAT3,44,20,17.7,90.0,11861.0
2,CSV_data_F07_240529_i-Lab検体20+50.csv,2_0002,0002,TAT3,44,20,17.7,99.2,11891.0
2,CSV_data_F07_240529_i-Lab検体20+50.csv,2_0002,0002,TAT3,44,20,17.7,108.0,11911.0
2,CSV_data_F07_240529_i-Lab検体20+50.csv,2_0002,0002,TAT3,44,20,17.7,117.2,11938.0
2,CSV_data_F07_240529_i-Lab検体20+50.csv,2_0002,0002,TAT3,44,20,17.7,126.0,11965.0
2,CSV_data_F07_240529_i-Lab検体20+50.csv,2_0002,0002,TAT3,44,20,17.7,135.2,11993.0
2,CSV_data_F07_240529_i-Lab検体20+50.csv,2_0002,0002,TAT3,44,20,17.7,144.0,12026.0
2,CSV_data_F07_240529_i-Lab検体20+50.csv,2_0002,0002,TAT3,44,20,17.7,153.2,12055.0
2,CSV_data_F07_240529_i-Lab検体20+50.csv,2_0002,0002,TAT3,44,20,17.7,162.0,12080.0
2,CSV_data_F07_240529_i-Lab検体20+50.csv,2_0002,0002,TAT3,44,20,17.7,171.2,12107.0
2,CSV_data_F07_240529_i-Lab検体20+50.csv,2_0002,0002,TAT3,44,20,17.7,180.0,12136.0
2,CSV_data_F07_240529_i-Lab検体20+50.csv,2_0003,0003,TAT206,41,15,11.2,0.0,11107.0
2,CSV_data_F07_240529_i-Lab検体20+50.csv,2_0003,0003,TAT206,41,15,11.2,9.2,11070.0
2,CSV_data_F07_240529_i-Lab検体20+50.csv,2_0003,0003,TAT206,41,15,11.2,18.0,11080.0
2,CSV_data_F07_240529_i-Lab検体20+50.csv,2_0003,0003,TAT206,41,15,11.2,27.2,11094.0
2,CSV_data_F07_240529_i-Lab検体20+50.csv,2_0003,0003,TAT206,41,15,11.2,36.0,11106.0
2,CSV_data_F07_240529_i-Lab検体20+50.csv,2_0003,0003,TAT206,41,15,11.2,45.2,11122.0
2,CSV_data_F07_240529_i-Lab検体20+50.csv,2_0003,0003,TAT206,41,15,11.2,54.0,11135.0
2,CSV_data_F07_240529_i-Lab検体20+50.csv,2_0003,0003,TAT206,41,15,11.2,63.2,11148.0
2,CSV_data_F07_240529_i-Lab検体20+50.csv,2_0003,0003,TAT206,41,15,11.2,72.0,11161.0
2,CSV_data_F07_240529_i-Lab検体20+50.csv,2_0003,0003,TAT206,41,15,11.2,81.2,11181.0
2,CSV_data_F07_240529_i-Lab検体20+50.csv,2_0003,0003,TAT206,41,15,11.2,90.0,11197.0
2,CSV_data_F07_240529_i-Lab検体20+50.csv,2_0003,0003,TAT206,41,15,11.2,99.2,11213.0
2,CSV_data_F07_240529_i-Lab検体20+50.csv,2_0003,0003,TAT206,41,15,11.2,108.0,11222.0
2,CSV_data_F07_240529_i-Lab検体20+50.csv,2_0003,0003,TAT206,41,15,11.2,117.2,11242.0
2,CSV_data_F07_240529_i-Lab検体20+50.csv,2_0003,0003,TAT206,41,15,11.2,126.0,11259.0
2,CSV_data_F07_240529_i-Lab検体20+50.csv,2_0003,0003,TAT206,41,15,11.2,135.2,11279.0
2,CSV_data_F07_240529_i-Lab検体20+50.csv,2_0003,0003,TAT206,41,15,11.2,144.0,11292.0
2,CSV_data_F07_240529_i-Lab検体20+50.csv,2_0003,0003,TAT206,41,15,11.2,153.2,11309.0
2,CSV_data_F07_240529_i-Lab検体20+50.csv,2_0003,0003,TAT206,41,15,11.2,162.0,11329.0
2,CSV_data_F07_240529_i-Lab検体20+50.csv,2_0003,0003,TAT206,41,15,11.2,171.2,11349.0
2,CSV_data_F07_240529_i-Lab検体20+50.csv,2_0003,0003,TAT206,41,15,11.2,180.0,11364.0
2,CSV_data_F07_240529_i-Lab検体20+50.csv,2_0003,0003,TAT1,42,16,11.9,0.0,10953.0
2,CSV_data_F07_240529_i-Lab検体20+50.csv,2_0003,0003,TAT1,42,16,11.9,9.2,10961.0
2,CSV_data_F07_240529_i-Lab検体20+50.csv,2_0003,0003,TAT1,42,16,11.9,18.0,10960.0
2,CSV_data_F07_240529_i-Lab検体20+50.csv,2_0003,0003,TAT1,42,16,11.9,27.2,10976.0
2,CSV_data_F07_240529_i-Lab検体20+50.csv,2_0003,0003,TAT1,42,16,11.9,36.0,10990.0
2,CSV_data_F07_240529_i-Lab検体20+50.csv,2_0003,0003,TAT1,42,16,11.9,45.2,11007.0
2,CSV_data_F07_240529_i-Lab検体20+50.csv,2_0003,0003,TAT1,42,16,11.9,54.0,11024.0
2,CSV_data_F07_240529_i-Lab検体20+50.csv,2_0003,0003,TAT1,42,16,11.9,63.2,11041.0
2,CSV_data_F07_240529_i-Lab検体20+50.csv,2_0003,0003,TAT1,42,16,11.9,72.0,11056.0
2,CSV_data_F07_240529_i-Lab検体20+50.csv,2_0003,0003,TAT1,42,16,11.9,81.2,11073.0
2,CSV_data_F07_240529_i-Lab検体20+50.csv,2_0003,0003,TAT1,42,16,11.9,90.0,11090.0
2,CSV_data_F07_240529_i-Lab検体20+50.csv,2_0003,0003,TAT1,42,16,11.9,99.2,11112.0
2,CSV_data_F07_240529_i-Lab検体20+50.csv,2_0003,0003,TAT1,42,16,11.9,108.0,11127.0
2,CSV_data_F07_240529_i-Lab検体20+50.csv,2_0003,0003,TAT1,42,16,11.9,117.2,11138.0
2,CSV_data_F07_240529_i-Lab検体20+50.csv,2_0003,0003,TAT1,42,16,11.9,126.0,11157.0
2,CSV_data_F07_240529_i-Lab検体20+50.csv,2_0003,0003,TAT1,42,16,11.9,135.2,11177.0
2,CSV_data_F07_240529_i-Lab検体20+50.csv,2_0003,0003,TAT1,42,16,11.9,144.0,11195.0
2,CSV_data_F07_240529_i-Lab検体20+50.csv,2_0003,0003,TAT1,42,16,11.9,153.2,11215.0
2,CSV_data_F07_240529_i-Lab検体20+50.csv,2_0003,0003,TAT1,42,16,11.9,162.0,11235.0
2,CSV_data_F07_240529_i-Lab検体20+50.csv,2_0003,0003,TAT1,42,16,11.9,171.2,11252.0
2,CSV_data_F07_240529_i-Lab検体20+50.csv,2_0003,0003,TAT1,42,16,11.9,180.0,11267.0
2,CSV_data_F07_240529_i-Lab検体20+50.csv,2_0003,0003,TAT3,44,17,11.1,0.0,10918.0
2,CSV_data_F07_240529_i-Lab検体20+50.csv,2_0003,0003,TAT3,44,17,11.1,9.2,10914.0
2,CSV_data_F07_240529_i-Lab検体20+50.csv,2_0003,0003,TAT3,44,17,11.1,18.0,10921.0
2,CSV_data_F07_240529_i-Lab検体20+50.csv,2_0003,0003,TAT3,44,17,11.1,27.2,10940.0
2,CSV_data_F07_240529_i-Lab検体20+50.csv,2_0003,0003,TAT3,44,17,11.1,36.0,10951.0
2,CSV_data_F07_240529_i-Lab検体20+50.csv,2_0003,0003,TAT3,44,17,11.1,45.2,10967.0
2,CSV_data_F07_240529_i-Lab検体20+50.csv,2_0003,0003,TAT3,44,17,11.1,54.0,10981.0
2,CSV_data_F07_240529_i-Lab検体20+50.csv,2_0003,0003,TAT3,44,17,11.1,63.2,10997.0
2,CSV_data_F07_240529_i-Lab検体20+50.csv,2_0003,0003,TAT3,44,17,11.1,72.0,11007.0
2,CSV_data_F07_240529_i-Lab検体20+50.csv,2_0003,0003,TAT3,44,17,11.1,81.2,11027.0
2,CSV_data_F07_240529_i-Lab検体20+50.csv,2_0003,0003,TAT3,44,17,11.1,90.0,11043.0
2,CSV_data_F07_240529_i-Lab検体20+50.csv,2_0003,0003,TAT3,44,17,11.1,99.2,11057.0
2,CSV_data_F07_240529_i-Lab検体20+50.csv,2_0003,0003,TAT3,44,17,11.1,108.0,11074.0
2,CSV_data_F07_240529_i-Lab検体20+50.csv,2_0003,0003,TAT3,44,17,11.1,117.2,11093.0
2,CSV_data_F07_240529_i-Lab検体20+50.csv,2_0003,0003,TAT3,44,17,11.1,126.0,11108.0
2,CSV_data_F07_240529_i-Lab検体20+50.csv,2_0003,0003,TAT3,44,17,11.1,135.2,11125.0
2,CSV_data_F07_240529_i-Lab検体20+50.csv,2_0003,0003,TAT3,44,17,11.1,144.0,11142.0
2,CSV_data_F07_240529_i-Lab検体20+50.csv,2_0003,0003,TAT3,44,17,11.1,153.2,11161.0
2,CSV_data_F07_240529_i-Lab検体20+50.csv,2_0003,0003,TAT3,44,17,11.1,162.0,11175.0
2,CSV_data_F07_240529_i-Lab検体20+50.csv,2_0003,0003,TAT3,44,17,11.1,171.2,11194.0
2,CSV_data_F07_240529_i-Lab検体20+50.csv,2_0003,0003,TAT3,44,17,11.1,180.0,11214.0
2,CSV_data_F07_240529_i-Lab検体20+50.csv,2_0003,0003,TAT5,46,18,-7.7,0.0,16725.0
2,CSV_data_F07_240529_i-Lab検体20+50.csv,2_0003,0003,TAT5,46,18,-7.7,9.2,16924.0
2,CSV_data_F07_240529_i-Lab検体20+50.csv,2_0003,0003,TAT5,46,18,-7.7,18.0,16963.0
2,CSV_data_F07_240529_i-Lab検体20+50.csv,2_0003,0003,TAT5,46,18,-7.7,27.2,16981.0
2,CSV_data_F07_240529_i-Lab検体20+50.csv,2_0003,0003,TAT5,46,18,-7.7,36.0,16962.0
2,CSV_data_F07_240529_i-Lab検体20+50.csv,2_0003,0003,TAT5,46,18,-7.7,45.2,16961.0
2,CSV_data_F07_240529_i-Lab検体20+50.csv,2_0003,0003,TAT5,46,18,-7.7,54.0,16929.0
2,CSV_data_F07_240529_i-Lab検体20+50.csv,2_0003,0003,TAT5,46,18,-7.7,63.2,16955.0
2,CSV_data_F07_240529_i-Lab検体20+50.csv,2_0003,0003,TAT5,46,18,-7.7,72.0,16926.0
2,CSV_data_F07_240529_i-Lab検体20+50.csv,2_0003,0003,TAT5,46,18,-7.7,81.2,16941.0
2,CSV_data_F07_240529_i-Lab検体20+50.csv,2_0003,0003,TAT5,46,18,-7.7,90.0,16932.0
2,CSV_data_F07_240529_i-Lab検体20+50.csv,2_0003,0003,TAT5,46,18,-7.7,99.2,16945.0
2,CSV_data_F07_240529_i-Lab検体20+50.csv,2_0003,0003,TAT5,46,18,-7.7,108.0,16937.0
2,CSV_data_F07_240529_i-Lab検体20+50.csv,2_0003,0003,TAT5,46,18,-7.7,117.2,16911.0
2,CSV_data_F07_240529_i-Lab検体20+50.csv,2_0003,0003,TAT5,46,18,-7.7,126.0,16915.0
2,CSV_data_F07_240529_i-Lab検体20+50.csv,2_0003,0003,TAT5,46,18,-7.7,135.2,16912.0
2,CSV_data_F07_240529_i-Lab検体20+50.csv,2_0003,0003,TAT5,46,18,-7.7,144.0,16903.0
2,CSV_data_F07_240529_i-Lab検体20+50.csv,2_0003,0003,TAT5,46,18,-7.7,153.2,16881.0
2,CSV_data_F07_240529_i-Lab検体20+50.csv,2_0003,0003,TAT5,46,18,-7.7,162.0,16887.0
2,CSV_data_F07_240529_i-Lab検体20+50.csv,2_0003,0003,TAT5,46,18,-7.7,171.2,16825.0
2,CSV_data_F07_240529_i-Lab検体20+50.csv,2_0003,0003,TAT5,46,18,-7.7,180.0,16861.0
2,CSV_data_F07_240529_i-Lab検体20+50.csv,2_0003,0003,TAT6,47,19,0.4,0.0,9038.0
2,CSV_data_F07_240529_i-Lab検体20+50.csv,2_0003,0003,TAT6,47,19,0.4,9.2,9027.0
2,CSV_data_F07_240529_i-Lab検体20+50.csv,2_0003,0003,TAT6,47,19,0.4,18.0,9020.0
2,CSV_data_F07_240529_i-Lab検体20+50.csv,2_0003,0003,TAT6,47,19,0.4,27.2,9019.0
2,CSV_data_F07_240529_i-Lab検体20+50.csv,2_0003,0003,TAT6,47,19,0.4,36.0,9019.0
2,CSV_data_F07_240529_i-Lab検体20+50.csv,2_0003,0003,TAT6,47,19,0.4,45.2,9020.0
2,CSV_data_F07_240529_i-Lab検体20+50.csv,2_0003,0003,TAT6,47,19,0.4,54.0,9019.0
2,CSV_data_F07_240529_i-Lab検体20+50.csv,2_0003,0003,TAT6,47,19,0.4,63.2,9021.0
2,CSV_data_F07_240529_i-Lab検体20+50.csv,2_0003,0003,TAT6,47,19,0.4,72.0,9022.0
2,CSV_data_F07_240529_i-Lab検体20+50.csv,2_0003,0003,TAT6,47,19,0.4,81.2,9026.0
2,CSV_data_F07_240529_i-Lab検体20+50.csv,2_0003,0003,TAT6,47,19,0.4,90.0,9025.0
2,CSV_data_F07_240529_i-Lab検体20+50.csv,2_0003,0003,TAT6,47,19,0.4,99.2,9023.0
2,CSV_data_F07_240529_i-Lab検体20+50.csv,2_0003,0003,TAT6,47,19,0.4,108.0,9024.0
2,CSV_data_F07_240529_i-Lab検体20+50.csv,2_0003,0003,TAT6,47,19,0.4,117.2,9025.0
2,CSV_data_F07_240529_i-Lab検体20+50.csv,2_0003,0003,TAT6,47,19,0.4,126.0,9028.0
2,CSV_data_F07_240529_i-Lab検体20+50.csv,2_0003,0003,TAT6,47,19,0.4,135.2,9025.0
2,CSV_data_F07_240529_i-Lab検体20+50.csv,2_0003,0003,TAT6,47,19,0.4,144.0,9027.0
2,CSV_data_F07_240529_i-Lab検体20+50.csv,2_0003,0003,TAT6,47,19,0.4,153.2,9027.0
2,CSV_data_F07_240529_i-Lab検体20+50.csv,2_0003,0003,TAT6,47,19,0.4,162.0,9027.0
2,CSV_data_F07_240529_i-Lab検体20+50.csv,2_0003,0003,TAT6,47,19,0.4,171.2,9032.0
2,CSV_data_F07_240529_i-Lab検体20+50.csv,2_0003,0003,TAT6,47,19,0.4,180.0,9030.0
2,CSV_data_F07_240529_i-Lab検体20+50.csv,2_0004,0004,TAT206,41,20,14.5,0.0,11201.0
2,CSV_data_F07_240529_i-Lab検体20+50.csv,2_0004,0004,TAT206,41,20,14.5,9.2,11239.0
2,CSV_data_F07_240529_i-Lab検体20+50.csv,2_0004,0004,TAT206,41,20,14.5,18.0,11261.0
2,CSV_data_F07_240529_i-Lab検体20+50.csv,2_0004,0004,TAT206,41,20,14.5,27.2,11282.0
2,CSV_data_F07_240529_i-Lab検体20+50.csv,2_0004,0004,TAT206,41,20,14.5,36.0,11301.0
2,CSV_data_F07_240529_i-Lab検体20+50.csv,2_0004,0004,TAT206,41,20,14.5,45.2,11321.0
2,CSV_data_F07_240529_i-Lab検体20+50.csv,2_0004,0004,TAT206,41,20,14.5,54.0,11340.0
2,CSV_data_F07_240529_i-Lab検体20+50.csv,2_0004,0004,TAT206,41,20,14.5,63.2,11365.0
2,CSV_data_F07_240529_i-Lab検体20+50.csv,2_0004,0004,TAT206,41,20,14.5,72.0,11383.0
2,CSV_data_F07_240529_i-Lab検体20+50.csv,2_0004,0004,TAT206,41,20,14.5,81.2,11403.0
2,CSV_data_F07_240529_i-Lab検体20+50.csv,2_0004,0004,TAT206,41,20,14.5,90.0,11428.0
2,CSV_data_F07_240529_i-Lab検体20+50.csv,2_0004,0004,TAT206,41,20,14.5,99.2,11448.0
2,CSV_data_F07_240529_i-Lab検体20+50.csv,2_0004,0004,TAT206,41,20,14.5,108.0,11470.0
2,CSV_data_F07_240529_i-Lab検体20+50.csv,2_0004,0004,TAT206,41,20,14.5,117.2,11493.0
2,CSV_data_F07_240529_i-Lab検体20+50.csv,2_0004,0004,TAT206,41,20,14.5,126.0,11518.0
2,CSV_data_F07_240529_i-Lab検体20+50.csv,2_0004,0004,TAT206,41,20,14.5,135.2,11538.0
2,CSV_data_F07_240529_i-Lab検体20+50.csv,2_0004,0004,TAT206,41,20,14.5,144.0,11559.0
2,CSV_data_F07_240529_i-Lab検体20+50.csv,2_0004,0004,TAT206,41,20,14.5,153.2,11581.0
2,CSV_data_F07_240529_i-Lab検体20+50.csv,2_0004,0004,TAT206,41,20,14.5,162.0,11597.0
2,CSV_data_F07_240529_i-Lab検体20+50.csv,2_0004,0004,TAT206,41,20,14.5,171.2,11620.0
2,CSV_data_F07_240529_i-Lab検体20+50.csv,2_0004,0004,TAT206,41,20,14.5,180.0,11636.0
2,CSV_data_F07_240529_i-Lab検体20+50.csv,2_0004,0004,TAT1,42,15,16.5,0.0,11122.0
2,CSV_data_F07_240529_i-Lab検体20+50.csv,2_0004,0004,TAT1,42,15,16.5,9.2,11145.0
2,CSV_data_F07_240529_i-Lab検体20+50.csv,2_0004,0004,TAT1,42,15,16.5,18.0,11159.0
2,CSV_data_F07_240529_i-Lab検体20+50.csv,2_0004,0004,TAT1,42,15,16.5,27.2,11176.0
2,CSV_data_F07_240529_i-Lab検体20+50.csv,2_0004,0004,TAT1,42,15,16.5,36.0,11200.0
2,CSV_data_F07_240529_i-Lab検体20+50.csv,2_0004,0004,TAT1,42,15,16.5,45.2,11222.0
2,CSV_data_F07_240529_i-Lab検体20+50.csv,2_0004,0004,TAT1,42,15,16.5,54.0,11245.0
2,CSV_data_F07_240529_i-Lab検体20+50.csv,2_0004,0004,TAT1,42,15,16.5,63.2,11270.0
2,CSV_data_F07_240529_i-Lab検体20+50.csv,2_0004,0004,TAT1,42,15,16.5,72.0,11292.0
2,CSV_data_F07_240529_i-Lab検体20+50.csv,2_0004,0004,TAT1,42,15,16.5,81.2,11319.0
2,CSV_data_F07_240529_i-Lab検体20+50.csv,2_0004,0004,TAT1,42,15,16.5,90.0,11344.0
2,CSV_data_F07_240529_i-Lab検体20+50.csv,2_0004,0004,TAT1,42,15,16.5,99.2,11370.0
2,CSV_data_F07_240529_i-Lab検体20+50.csv,2_0004,0004,TAT1,42,15,16.5,108.0,11396.0
2,CSV_data_F07_240529_i-Lab検体20+50.csv,2_0004,0004,TAT1,42,15,16.5,117.2,11420.0
2,CSV_data_F07_240529_i-Lab検体20+50.csv,2_0004,0004,TAT1,42,15,16.5,126.0,11449.0
2,CSV_data_F07_240529_i-Lab検体20+50.csv,2_0004,0004,TAT1,42,15,16.5,135.2,11473.0
2,CSV_data_F07_240529_i-Lab検体20+50.csv,2_0004,0004,TAT1,42,15,16.5,144.0,11494.0
2,CSV_data_F07_240529_i-Lab検体20+50.csv,2_0004,0004,TAT1,42,15,16.5,153.2,11521.0
2,CSV_data_F07_240529_i-Lab検体20+50.csv,2_0004,0004,TAT1,42,15,16.5,162.0,11548.0
2,CSV_data_F07_240529_i-Lab検体20+50.csv,2_0004,0004,TAT1,42,15,16.5,171.2,11567.0
2,CSV_data_F07_240529_i-Lab検体20+50.csv,2_0004,0004,TAT1,42,15,16.5,180.0,11593.0
2,CSV_data_F07_240529_i-Lab検体20+50.csv,2_0004,0004,TAT3,44,16,14.1,0.0,11025.0
2,CSV_data_F07_240529_i-Lab検体20+50.csv,2_0004,0004,TAT3,44,16,14.1,9.2,11038.0
2,CSV_data_F07_240529_i-Lab検体20+50.csv,2_0004,0004,TAT3,44,16,14.1,18.0,11055.0
2,CSV_data_F07_240529_i-Lab検体20+50.csv,2_0004,0004,TAT3,44,16,14.1,27.2,11071.0
2,CSV_data_F07_240529_i-Lab検体20+50.csv,2_0004,0004,TAT3,44,16,14.1,36.0,11092.0
2,CSV_data_F07_240529_i-Lab検体20+50.csv,2_0004,0004,TAT3,44,16,14.1,45.2,11113.0
2,CSV_data_F07_240529_i-Lab検体20+50.csv,2_0004,0004,TAT3,44,16,14.1,54.0,11132.0
2,CSV_data_F07_240529_i-Lab検体20+50.csv,2_0004,0004,TAT3,44,16,14.1,63.2,11152.0
2,CSV_data_F07_240529_i-Lab検体20+50.csv,2_0004,0004,TAT3,44,16,14.1,72.0,11172.0
2,CSV_data_F07_240529_i-Lab検体20+50.csv,2_0004,0004,TAT3,44,16,14.1,81.2,11196.0
2,CSV_data_F07_240529_i-Lab検体20+50.csv,2_0004,0004,TAT3,44,16,14.1,90.0,11216.0
2,CSV_data_F07_240529_i-Lab検体20+50.csv,2_0004,0004,TAT3,44,16,14.1,99.2,11238.0
2,CSV_data_F07_240529_i-Lab検体20+50.csv,2_0004,0004,TAT3,44,16,14.1,108.0,11260.0
2,CSV_data_F07_240529_i-Lab検体20+50.csv,2_0004,0004,TAT3,44,16,14.1,117.2,11282.0
2,CSV_data_F07_240529_i-Lab検体20+50.csv,2_0004,0004,TAT3,44,16,14.1,126.0,11303.0
2,CSV_data_F07_240529_i-Lab検体20+50.csv,2_0004,0004,TAT3,44,16,14.1,135.2,11326.0
2,CSV_data_F07_240529_i-Lab検体20+50.csv,2_0004,0004,TAT3,44,16,14.1,144.0,11347.0
2,CSV_data_F07_240529_i-Lab検体20+50.csv,2_0004,0004,TAT3,44,16,14.1,153.2,11366.0
2,CSV_data_F07_240529_i-Lab検体20+50.csv,2_0004,0004,TAT3,44,16,14.1,162.0,11389.0
2,CSV_data_F07_240529_i-Lab検体20+50.csv,2_0004,0004,TAT3,44,16,14.1,171.2,11408.0
2,CSV_data_F07_240529_i-Lab検体20+50.csv,2_0004,0004,TAT3,44,16,14.1,180.0,11430.0
2,CSV_data_F07_240529_i-Lab検体20+50.csv,2_0004,0004,TAT5,46,17,10.7,0.0,6960.0
2,CSV_data_F07_240529_i-Lab検体20+50.csv,2_0004,0004,TAT5,46,17,10.7,9.2,6964.0
2,CSV_data_F07_240529_i-Lab検体20+50.csv,2_0004,0004,TAT5,46,17,10.7,18.0,6980.0
2,CSV_data_F07_240529_i-Lab検体20+50.csv,2_0004,0004,TAT5,46,17,10.7,27.2,6992.0
2,CSV_data_F07_240529_i-Lab検体20+50.csv,2_0004,0004,TAT5,46,17,10.7,36.0,7009.0
2,CSV_data_F07_240529_i-Lab検体20+50.csv,2_0004,0004,TAT5,46,17,10.7,45.2,7026.0
2,CSV_data_F07_240529_i-Lab検体20+50.csv,2_0004,0004,TAT5,46,17,10.7,54.0,7041.0
2,CSV_data_F07_240529_i-Lab検体20+50.csv,2_0004,0004,TAT5,46,17,10.7,63.2,7061.0
2,CSV_data_F07_240529_i-Lab検体20+50.csv,2_0004,0004,TAT5,46,17,10.7,72.0,7081.0
2,CSV_data_F07_240529_i-Lab検体20+50.csv,2_0004,0004,TAT5,46,17,10.7,81.2,7098.0
2,CSV_data_F07_240529_i-Lab検体20+50.csv,2_0004,0004,TAT5,46,17,10.7,90.0,7117.0
2,CSV_data_F07_240529_i-Lab検体20+50.csv,2_0004,0004,TAT5,46,17,10.7,99.2,7133.0
2,CSV_data_F07_240529_i-Lab検体20+50.csv,2_0004,0004,TAT5,46,17,10.7,108.0,7150.0
2,CSV_data_F07_240529_i-Lab検体20+50.csv,2_0004,0004,TAT5,46,17,10.7,117.2,7165.0
2,CSV_data_F07_240529_i-Lab検体20+50.csv,2_0004,0004,TAT5,46,17,10.7,126.0,7184.0
2,CSV_data_F07_240529_i-Lab検体20+50.csv,2_0004,0004,TAT5,46,17,10.7,135.2,7196.0
2,CSV_data_F07_240529_i-Lab検体20+50.csv,2_0004,0004,TAT5,46,17,10.7,144.0,7212.0
2,CSV_data_F07_240529_i-Lab検体20+50.csv,2_0004,0004,TAT5,46,17,10.7,153.2,7228.0
2,CSV_data_F07_240529_i-Lab検体20+50.csv,2_0004,0004,TAT5,46,17,10.7,162.0,7246.0
2,CSV_data_F07_240529_i-Lab検体20+50.csv,2_0004,0004,TAT5,46,17,10.7,171.2,7258.0
2,CSV_data_F07_240529_i-Lab検体20+50.csv,2_0004,0004,TAT5,46,17,10.7,180.0,7265.0
2,CSV_data_F07_240529_i-Lab検体20+50.csv,2_0004,0004,TAT6,47,18,1.1,0.0,9018.0
2,CSV_data_F07_240529_i-Lab検体20+50.csv,2_0004,0004,TAT6,47,18,1.1,9.2,9019.0
2,CSV_data_F07_240529_i-Lab検体20+50.csv,2_0004,0004,TAT6,47,18,1.1,18.0,9014.0
2,CSV_data_F07_240529_i-Lab検体20+50.csv,2_0004,0004,TAT6,47,18,1.1,27.2,9017.0
2,CSV_data_F07_240529_i-Lab検体20+50.csv,2_0004,0004,TAT6,47,18,1.1,36.0,9016.0
2,CSV_data_F07_240529_i-Lab検体20+50.csv,2_0004,0004,TAT6,47,18,1.1,45.2,9021.0
2,CSV_data_F07_240529_i-Lab検体20+50.csv,2_0004,0004,TAT6,47,18,1.1,54.0,9021.0
2,CSV_data_F07_240529_i-Lab検体20+50.csv,2_0004,0004,TAT6,47,18,1.1,63.2,9026.0
2,CSV_data_F07_240529_i-Lab検体20+50.csv,2_0004,0004,TAT6,47,18,1.1,72.0,9027.0
2,CSV_data_F07_240529_i-Lab検体20+50.csv,2_0004,0004,TAT6,47,18,1.1,81.2,9032.0
2,CSV_data_F07_240529_i-Lab検体20+50.csv,2_0004,0004,TAT6,47,18,1.1,90.0,9030.0
2,CSV_data_F07_240529_i-Lab検体20+50.csv,2_0004,0004,TAT6,47,18,1.1,99.2,9033.0
2,CSV_data_F07_240529_i-Lab検体20+50.csv,2_0004,0004,TAT6,47,18,1.1,108.0,9039.0
2,CSV_data_F07_240529_i-Lab検体20+50.csv,2_0004,0004,TAT6,47,18,1.1,117.2,9039.0
2,CSV_data_F07_240529_i-Lab検体20+50.csv,2_0004,0004,TAT6,47,18,1.1,126.0,9038.0
2,CSV_data_F07_240529_i-Lab検体20+50.csv,2_0004,0004,TAT6,47,18,1.1,135.2,9045.0
2,CSV_data_F07_240529_i-Lab検体20+50.csv,2_0004,0004,TAT6,47,18,1.1,144.0,9046.0
2,CSV_data_F07_240529_i-Lab検体20+50.csv,2_0004,0004,TAT6,47,18,1.1,153.2,9050.0
2,CSV_data_F07_240529_i-Lab検体20+50.csv,2_0004,0004,TAT6,47,18,1.1,162.0,9049.0
2,CSV_data_F07_240529_i-Lab検体20+50.csv,2_0004,0004,TAT6,47,18,1.1,171.2,9049.0
2,CSV_data_F07_240529_i-Lab検体20+50.csv,2_0004,0004,TAT6,47,18,1.1,180.0,9052.0
2,CSV_data_F07_240529_i-Lab検体20+50.csv,2_0005,0005,TAT206,41,19,28.1,0.0,11146.0
2,CSV_data_F07_240529_i-Lab検体20+50.csv,2_0005,0005,TAT206,41,19,28.1,9.2,11166.0
2,CSV_data_F07_240529_i-Lab検体20+50.csv,2_0005,0005,TAT206,41,19,28.1,18.0,11185.0
2,CSV_data_F07_240529_i-Lab検体20+50.csv,2_0005,0005,TAT206,41,19,28.1,27.2,11214.0
2,CSV_data_F07_240529_i-Lab検体20+50.csv,2_0005,0005,TAT206,41,19,28.1,36.0,11249.0
2,CSV_data_F07_240529_i-Lab検体20+50.csv,2_0005,0005,TAT206,41,19,28.1,45.2,11280.0
2,CSV_data_F07_240529_i-Lab検体20+50.csv,2_0005,0005,TAT206,41,19,28.1,54.0,11325.0
2,CSV_data_F07_240529_i-Lab検体20+50.csv,2_0005,0005,TAT206,41,19,28.1,63.2,11365.0
2,CSV_data_F07_240529_i-Lab検体20+50.csv,2_0005,0005,TAT206,41,19,28.1,72.0,11405.0
2,CSV_data_F07_240529_i-Lab検体20+50.csv,2_0005,0005,TAT206,41,19,28.1,81.2,11446.0
2,CSV_data_F07_240529_i-Lab検体20+50.csv,2_0005,0005,TAT206,41,19,28.1,90.0,11492.0
2,CSV_data_F07_240529_i-Lab検体20+50.csv,2_0005,0005,TAT206,41,19,28.1,99.2,11534.0
2,CSV_data_F07_240529_i-Lab検体20+50.csv,2_0005,0005,TAT206,41,19,28.1,108.0,11576.0
2,CSV_data_F07_240529_i-Lab検体20+50.csv,2_0005,0005,TAT206,41,19,28.1,117.2,11622.0
2,CSV_data_F07_240529_i-Lab検体20+50.csv,2_0005,0005,TAT206,41,19,28.1,126.0,11652.0
2,CSV_data_F07_240529_i-Lab検体20+50.csv,2_0005,0005,TAT206,41,19,28.1,135.2,11698.0
2,CSV_data_F07_240529_i-Lab検体20+50.csv,2_0005,0005,TAT206,41,19,28.1,144.0,11745.0
2,CSV_data_F07_240529_i-Lab検体20+50.csv,2_0005,0005,TAT206,41,19,28.1,153.2,11787.0
2,CSV_data_F07_240529_i-Lab検体20+50.csv,2_0005,0005,TAT206,41,19,28.1,162.0,11828.0
2,CSV_data_F07_240529_i-Lab検体20+50.csv,2_0005,0005,TAT206,41,19,28.1,171.2,11867.0
2,CSV_data_F07_240529_i-Lab検体20+50.csv,2_0005,0005,TAT206,41,19,28.1,180.0,11902.0
2,CSV_data_F07_240529_i-Lab検体20+50.csv,2_0005,0005,TAT1,42,20,30.2,0.0,11027.0
2,CSV_data_F07_240529_i-Lab検体20+50.csv,2_0005,0005,TAT1,42,20,30.2,9.2,11054.0
2,CSV_data_F07_240529_i-Lab検体20+50.csv,2_0005,0005,TAT1,42,20,30.2,18.0,11073.0
2,CSV_data_F07_240529_i-Lab検体20+50.csv,2_0005,0005,TAT1,42,20,30.2,27.2,11110.0
2,CSV_data_F07_240529_i-Lab検体20+50.csv,2_0005,0005,TAT1,42,20,30.2,36.0,11150.0
2,CSV_data_F07_240529_i-Lab検体20+50.csv,2_0005,0005,TAT1,42,20,30.2,45.2,11192.0
2,CSV_data_F07_240529_i-Lab検体20+50.csv,2_0005,0005,TAT1,42,20,30.2,54.0,11233.0
2,CSV_data_F07_240529_i-Lab検体20+50.csv,2_0005,0005,TAT1,42,20,30.2,63.2,11279.0
2,CSV_data_F07_240529_i-Lab検体20+50.csv,2_0005,0005,TAT1,42,20,30.2,72.0,11327.0
2,CSV_data_F07_240529_i-Lab検体20+50.csv,2_0005,0005,TAT1,42,20,30.2,81.2,11374.0
2,CSV_data_F07_240529_i-Lab検体20+50.csv,2_0005,0005,TAT1,42,20,30.2,90.0,11416.0
2,CSV_data_F07_240529_i-Lab検体20+50.csv,2_0005,0005,TAT1,42,20,30.2,99.2,11462.0
2,CSV_data_F07_240529_i-Lab検体20+50.csv,2_0005,0005,TAT1,42,20,30.2,108.0,11512.0
2,CSV_data_F07_240529_i-Lab検体20+50.csv,2_0005,0005,TAT1,42,20,30.2,117.2,11557.0
2,CSV_data_F07_240529_i-Lab検体20+50.csv,2_0005,0005,TAT1,42,20,30.2,126.0,11596.0
2,CSV_data_F07_240529_i-Lab検体20+50.csv,2_0005,0005,TAT1,42,20,30.2,135.2,11648.0
2,CSV_data_F07_240529_i-Lab検体20+50.csv,2_0005,0005,TAT1,42,20,30.2,144.0,11687.0
2,CSV_data_F07_240529_i-Lab検体20+50.csv,2_0005,0005,TAT1,42,20,30.2,153.2,11731.0
2,CSV_data_F07_240529_i-Lab検体20+50.csv,2_0005,0005,TAT1,42,20,30.2,162.0,11776.0
2,CSV_data_F07_240529_i-Lab検体20+50.csv,2_0005,0005,TAT1,42,20,30.2,171.2,11827.0
2,CSV_data_F07_240529_i-Lab検体20+50.csv,2_0005,0005,TAT1,42,20,30.2,180.0,11859.0
2,CSV_data_F07_240529_i-Lab検体20+50.csv,2_0005,0005,TAT3,44,15,24.4,0.0,11140.0
2,CSV_data_F07_240529_i-Lab検体20+50.csv,2_0005,0005,TAT3,44,15,24.4,9.2,11132.0
2,CSV_data_F07_240529_i-Lab検体20+50.csv,2_0005,0005,TAT3,44,15,24.4,18.0,11161.0
2,CSV_data_F07_240529_i-Lab検体20+50.csv,2_0005,0005,TAT3,44,15,24.4,27.2,11189.0
2,CSV_data_F07_240529_i-Lab検体20+50.csv,2_0005,0005,TAT3,44,15,24.4,36.0,11215.0
2,CSV_data_F07_240529_i-Lab検体20+50.csv,2_0005,0005,TAT3,44,15,24.4,45.2,11248.0
2,CSV_data_F07_240529_i-Lab検体20+50.csv,2_0005,0005,TAT3,44,15,24.4,54.0,11282.0
2,CSV_data_F07_240529_i-Lab検体20+50.csv,2_0005,0005,TAT3,44,15,24.4,63.2,11315.0
2,CSV_data_F07_240529_i-Lab検体20+50.csv,2_0005,0005,TAT3,44,15,24.4,72.0,11350.0
2,CSV_data_F07_240529_i-Lab検体20+50.csv,2_0005,0005,TAT3,44,15,24.4,81.2,11390.0
2,CSV_data_F07_240529_i-Lab検体20+50.csv,2_0005,0005,TAT3,44,15,24.4,90.0,11425.0
2,CSV_data_F07_240529_i-Lab検体20+50.csv,2_0005,0005,TAT3,44,15,24.4,99.2,11464.0
2,CSV_data_F07_240529_i-Lab検体20+50.csv,2_0005,0005,TAT3,44,15,24.4,108.0,11501.0
2,CSV_data_F07_240529_i-Lab検体20+50.csv,2_0005,0005,TAT3,44,15,24.4,117.2,11537.0
2,CSV_data_F07_240529_i-Lab検体20+50.csv,2_0005,0005,TAT3,44,15,24.4,126.0,11572.0
2,CSV_data_F07_240529_i-Lab検体20+50.csv,2_0005,0005,TAT3,44,15,24.4,135.2,11615.0
2,CSV_data_F07_240529_i-Lab検体20+50.csv,2_0005,0005,TAT3,44,15,24.4,144.0,11649.0
2,CSV_data_F07_240529_i-Lab検体20+50.csv,2_0005,0005,TAT3,44,15,24.4,153.2,11686.0
2,CSV_data_F07_240529_i-Lab検体20+50.csv,2_0005,0005,TAT3,44,15,24.4,162.0,11721.0
2,CSV_data_F07_240529_i-Lab検体20+50.csv,2_0005,0005,TAT3,44,15,24.4,171.2,11756.0
2,CSV_data_F07_240529_i-Lab検体20+50.csv,2_0005,0005,TAT3,44,15,24.4,180.0,11788.0
2,CSV_data_F07_240529_i-Lab検体20+50.csv,2_0005,0005,TAT5,46,16,9.0,0.0,6968.0
2,CSV_data_F07_240529_i-Lab検体20+50.csv,2_0005,0005,TAT5,46,16,9.0,9.2,6973.0
2,CSV_data_F07_240529_i-Lab検体20+50.csv,2_0005,0005,TAT5,46,16,9.0,18.0,6994.0
2,CSV_data_F07_240529_i-Lab検体20+50.csv,2_0005,0005,TAT5,46,16,9.0,27.2,7008.0
2,CSV_data_F07_240529_i-Lab検体20+50.csv,2_0005,0005,TAT5,46,16,9.0,36.0,7020.0
2,CSV_data_F07_240529_i-Lab検体20+50.csv,2_0005,0005,TAT5,46,16,9.0,45.2,7032.0
2,CSV_data_F07_240529_i-Lab検体20+50.csv,2_0005,0005,TAT5,46,16,9.0,54.0,7039.0
2,CSV_data_F07_240529_i-Lab検体20+50.csv,2_0005,0005,TAT5,46,16,9.0,63.2,7056.0
2,CSV_data_F07_240529_i-Lab検体20+50.csv,2_0005,0005,TAT5,46,16,9.0,72.0,7071.0
2,CSV_data_F07_240529_i-Lab検体20+50.csv,2_0005,0005,TAT5,46,16,9.0,81.2,7088.0
2,CSV_data_F07_240529_i-Lab検体20+50.csv,2_0005,0005,TAT5,46,16,9.0,90.0,7102.0
2,CSV_data_F07_240529_i-Lab検体20+50.csv,2_0005,0005,TAT5,46,16,9.0,99.2,7117.0
2,CSV_data_F07_240529_i-Lab検体20+50.csv,2_0005,0005,TAT5,46,16,9.0,108.0,7135.0
2,CSV_data_F07_240529_i-Lab検体20+50.csv,2_0005,0005,TAT5,46,16,9.0,117.2,7144.0
2,CSV_data_F07_240529_i-Lab検体20+50.csv,2_0005,0005,TAT5,46,16,9.0,126.0,7160.0
2,CSV_data_F07_240529_i-Lab検体20+50.csv,2_0005,0005,TAT5,46,16,9.0,135.2,7172.0
2,CSV_data_F07_240529_i-Lab検体20+50.csv,2_0005,0005,TAT5,46,16,9.0,144.0,7188.0
2,CSV_data_F07_240529_i-Lab検体20+50.csv,2_0005,0005,TAT5,46,16,9.0,153.2,7204.0
2,CSV_data_F07_240529_i-Lab検体20+50.csv,2_0005,0005,TAT5,46,16,9.0,162.0,7212.0
2,CSV_data_F07_240529_i-Lab検体20+50.csv,2_0005,0005,TAT5,46,16,9.0,171.2,7223.0
2,CSV_data_F07_240529_i-Lab検体20+50.csv,2_0005,0005,TAT5,46,16,9.0,180.0,7242.0
2,CSV_data_F07_240529_i-Lab検体20+50.csv,2_0005,0005,TAT6,47,17,1.4,0.0,8842.0
2,CSV_data_F07_240529_i-Lab検体20+50.csv,2_0005,0005,TAT6,47,17,1.4,9.2,8838.0
2,CSV_data_F07_240529_i-Lab検体20+50.csv,2_0005,0005,TAT6,47,17,1.4,18.0,8838.0
2,CSV_data_F07_240529_i-Lab検体20+50.csv,2_0005,0005,TAT6,47,17,1.4,27.2,8839.0
2,CSV_data_F07_240529_i-Lab検体20+50.csv,2_0005,0005,TAT6,47,17,1.4,36.0,8839.0
2,CSV_data_F07_240529_i-Lab検体20+50.csv,2_0005,0005,TAT6,47,17,1.4,45.2,8842.0
2,CSV_data_F07_240529_i-Lab検体20+50.csv,2_0005,0005,TAT6,47,17,1.4,54.0,8845.0
2,CSV_data_F07_240529_i-Lab検体20+50.csv,2_0005,0005,TAT6,47,17,1.4,63.2,8846.0
2,CSV_data_F07_240529_i-Lab検体20+50.csv,2_0005,0005,TAT6,47,17,1.4,72.0,8848.0
2,CSV_data_F07_240529_i-Lab検体20+50.csv,2_0005,0005,TAT6,47,17,1.4,81.2,8852.0
2,CSV_data_F07_240529_i-Lab検体20+50.csv,2_0005,0005,TAT6,47,17,1.4,90.0,8854.0
2,CSV_data_F07_240529_i-Lab検体20+50.csv,2_0005,0005,TAT6,47,17,1.4,99.2,8857.0
2,CSV_data_F07_240529_i-Lab検体20+50.csv,2_0005,0005,TAT6,47,17,1.4,108.0,8860.0
2,CSV_data_F07_240529_i-Lab検体20+50.csv,2_0005,0005,TAT6,47,17,1.4,117.2,8859.0
2,CSV_data_F07_240529_i-Lab検体20+50.csv,2_0005,0005,TAT6,47,17,1.4,126.0,8862.0
2,CSV_data_F07_240529_i-Lab検体20+50.csv,2_0005,0005,TAT6,47,17,1.4,135.2,8868.0
2,CSV_data_F07_240529_i-Lab検体20+50.csv,2_0005,0005,TAT6,47,17,1.4,144.0,8864.0
2,CSV_data_F07_240529_i-Lab検体20+50.csv,2_0005,0005,TAT6,47,17,1.4,153.2,8868.0
2,CSV_data_F07_240529_i-Lab検体20+50.csv,2_0005,0005,TAT6,47,17,1.4,162.0,8872.0
2,CSV_data_F07_240529_i-Lab検体20+50.csv,2_0005,0005,TAT6,47,17,1.4,171.2,8873.0
2,CSV_data_F07_240529_i-Lab検体20+50.csv,2_0005,0005,TAT6,47,17,1.4,180.0,8873.0
2,CSV_data_F07_240529_i-Lab検体20+50.csv,2_0006,0006,TAT206,41,18,12.9,0.0,10856.0
2,CSV_data_F07_240529_i-Lab検体20+50.csv,2_0006,0006,TAT206,41,18,12.9,9.2,10859.0
2,CSV_data_F07_240529_i-Lab検体20+50.csv,2_0006,0006,TAT206,41,18,12.9,18.0,10860.0
2,CSV_data_F07_240529_i-Lab検体20+50.csv,2_0006,0006,TAT206,41,18,12.9,27.2,10866.0
2,CSV_data_F07_240529_i-Lab検体20+50.csv,2_0006,0006,TAT206,41,18,12.9,36.0,10877.0
2,CSV_data_F07_240529_i-Lab検体20+50.csv,2_0006,0006,TAT206,41,18,12.9,45.2,10891.0
2,CSV_data_F07_240529_i-Lab検体20+50.csv,2_0006,0006,TAT206,41,18,12.9,54.0,10904.0
2,CSV_data_F07_240529_i-Lab検体20+50.csv,2_0006,0006,TAT206,41,18,12.9,63.2,10912.0
2,CSV_data_F07_240529_i-Lab検体20+50.csv,2_0006,0006,TAT206,41,18,12.9,72.0,10932.0
2,CSV_data_F07_240529_i-Lab検体20+50.csv,2_0006,0006,TAT206,41,18,12.9,81.2,10940.0
2,CSV_data_F07_240529_i-Lab検体20+50.csv,2_0006,0006,TAT206,41,18,12.9,90.0,10957.0
2,CSV_data_F07_240529_i-Lab検体20+50.csv,2_0006,0006,TAT206,41,18,12.9,99.2,10976.0
2,CSV_data_F07_240529_i-Lab検体20+50.csv,2_0006,0006,TAT206,41,18,12.9,108.0,10994.0
2,CSV_data_F07_240529_i-Lab検体20+50.csv,2_0006,0006,TAT206,41,18,12.9,117.2,11009.0
2,CSV_data_F07_240529_i-Lab検体20+50.csv,2_0006,0006,TAT206,41,18,12.9,126.0,11028.0
2,CSV_data_F07_240529_i-Lab検体20+50.csv,2_0006,0006,TAT206,41,18,12.9,135.2,11048.0
2,CSV_data_F07_240529_i-Lab検体20+50.csv,2_0006,0006,TAT206,41,18,12.9,144.0,11066.0
2,CSV_data_F07_240529_i-Lab検体20+50.csv,2_0006,0006,TAT206,41,18,12.9,153.2,11091.0
2,CSV_data_F07_240529_i-Lab検体20+50.csv,2_0006,0006,TAT206,41,18,12.9,162.0,11109.0
2,CSV_data_F07_240529_i-Lab検体20+50.csv,2_0006,0006,TAT206,41,18,12.9,171.2,11134.0
2,CSV_data_F07_240529_i-Lab検体20+50.csv,2_0006,0006,TAT206,41,18,12.9,180.0,11149.0
2,CSV_data_F07_240529_i-Lab検体20+50.csv,2_0006,0006,TAT1,42,19,16.3,0.0,11064.0
2,CSV_data_F07_240529_i-Lab検体20+50.csv,2_0006,0006,TAT1,42,19,16.3,9.2,11077.0
2,CSV_data_F07_240529_i-Lab検体20+50.csv,2_0006,0006,TAT1,42,19,16.3,18.0,11084.0
2,CSV_data_F07_240529_i-Lab検体20+50.csv,2_0006,0006,TAT1,42,19,16.3,27.2,11097.0
2,CSV_data_F07_240529_i-Lab検体20+50.csv,2_0006,0006,TAT1,42,19,16.3,36.0,11110.0
2,CSV_data_F07_240529_i-Lab検体20+50.csv,2_0006,0006,TAT1,42,19,16.3,45.2,11122.0
2,CSV_data_F07_240529_i-Lab検体20+50.csv,2_0006,0006,TAT1,42,19,16.3,54.0,11136.0
2,CSV_data_F07_240529_i-Lab検体20+50.csv,2_0006,0006,TAT1,42,19,16.3,63.2,11157.0
2,CSV_data_F07_240529_i-Lab検体20+50.csv,2_0006,0006,TAT1,42,19,16.3,72.0,11179.0
2,CSV_data_F07_240529_i-Lab検体20+50.csv,2_0006,0006,TAT1,42,19,16.3,81.2,11201.0
2,CSV_data_F07_240529_i-Lab検体20+50.csv,2_0006,0006,TAT1,42,19,16.3,90.0,11217.0
2,CSV_data_F07_240529_i-Lab検体20+50.csv,2_0006,0006,TAT1,42,19,16.3,99.2,11245.0
2,CSV_data_F07_240529_i-Lab検体20+50.csv,2_0006,0006,TAT1,42,19,16.3,108.0,11265.0
2,CSV_data_F07_240529_i-Lab検体20+50.csv,2_0006,0006,TAT1,42,19,16.3,117.2,11290.0
2,CSV_data_F07_240529_i-Lab検体20+50.csv,2_0006,0006,TAT1,42,19,16.3,126.0,11317.0
2,CSV_data_F07_240529_i-Lab検体20+50.csv,2_0006,0006,TAT1,42,19,16.3,135.2,11341.0
2,CSV_data_F07_240529_i-Lab検体20+50.csv,2_0006,0006,TAT1,42,19,16.3,144.0,11367.0
2,CSV_data_F07_240529_i-Lab検体20+50.csv,2_0006,0006,TAT1,42,19,16.3,153.2,11391.0
2,CSV_data_F07_240529_i-Lab検体20+50.csv,2_0006,0006,TAT1,42,19,16.3,162.0,11413.0
2,CSV_data_F07_240529_i-Lab検体20+50.csv,2_0006,0006,TAT1,42,19,16.3,171.2,11446.0
2,CSV_data_F07_240529_i-Lab検体20+50.csv,2_0006,0006,TAT1,42,19,16.3,180.0,11477.0
2,CSV_data_F07_240529_i-Lab検体20+50.csv,2_0006,0006,TAT3,44,20,11.7,0.0,10943.0
2,CSV_data_F07_240529_i-Lab検体20+50.csv,2_0006,0006,TAT3,44,20,11.7,9.2,10956.0
2,CSV_data_F07_240529_i-Lab検体20+50.csv,2_0006,0006,TAT3,44,20,11.7,18.0,10956.0
2,CSV_data_F07_240529_i-Lab検体20+50.csv,2_0006,0006,TAT3,44,20,11.7,27.2,10973.0
2,CSV_data_F07_240529_i-Lab検体20+50.csv,2_0006,0006,TAT3,44,20,11.7,36.0,10958.0
2,CSV_data_F07_240529_i-Lab検体20+50.csv,2_0006,0006,TAT3,44,20,11.7,45.2,10994.0
2,CSV_data_F07_240529_i-Lab検体20+50.csv,2_0006,0006,TAT3,44,20,11.7,54.0,11003.0
2,CSV_data_F07_240529_i-Lab検体20+50.csv,2_0006,0006,TAT3,44,20,11.7,63.2,11017.0
2,CSV_data_F07_240529_i-Lab検体20+50.csv,2_0006,0006,TAT3,44,20,11.7,72.0,11034.0
2,CSV_data_F07_240529_i-Lab検体20+50.csv,2_0006,0006,TAT3,44,20,11.7,81.2,11052.0
2,CSV_data_F07_240529_i-Lab検体20+50.csv,2_0006,0006,TAT3,44,20,11.7,90.0,11062.0
2,CSV_data_F07_240529_i-Lab検体20+50.csv,2_0006,0006,TAT3,44,20,11.7,99.2,11074.0
2,CSV_data_F07_240529_i-Lab検体20+50.csv,2_0006,0006,TAT3,44,20,11.7,108.0,11093.0
2,CSV_data_F07_240529_i-Lab検体20+50.csv,2_0006,0006,TAT3,44,20,11.7,117.2,11114.0
2,CSV_data_F07_240529_i-Lab検体20+50.csv,2_0006,0006,TAT3,44,20,11.7,126.0,11127.0
2,CSV_data_F07_240529_i-Lab検体20+50.csv,2_0006,0006,TAT3,44,20,11.7,135.2,11147.0
2,CSV_data_F07_240529_i-Lab検体20+50.csv,2_0006,0006,TAT3,44,20,11.7,144.0,11165.0
2,CSV_data_F07_240529_i-Lab検体20+50.csv,2_0006,0006,TAT3,44,20,11.7,153.2,11189.0
2,CSV_data_F07_240529_i-Lab検体20+50.csv,2_0006,0006,TAT3,44,20,11.7,162.0,11209.0
2,CSV_data_F07_240529_i-Lab検体20+50.csv,2_0006,0006,TAT3,44,20,11.7,171.2,11227.0
2,CSV_data_F07_240529_i-Lab検体20+50.csv,2_0006,0006,TAT3,44,20,11.7,180.0,11251.0
2,CSV_data_F07_240529_i-Lab検体20+50.csv,2_0006,0006,TAT5,46,15,2.2,0.0,6854.0
2,CSV_data_F07_240529_i-Lab検体20+50.csv,2_0006,0006,TAT5,46,15,2.2,9.2,6851.0
2,CSV_data_F07_240529_i-Lab検体20+50.csv,2_0006,0006,TAT5,46,15,2.2,18.0,6848.0
2,CSV_data_F07_240529_i-Lab検体20+50.csv,2_0006,0006,TAT5,46,15,2.2,27.2,6850.0
2,CSV_data_F07_240529_i-Lab検体20+50.csv,2_0006,0006,TAT5,46,15,2.2,36.0,6853.0
2,CSV_data_F07_240529_i-Lab検体20+50.csv,2_0006,0006,TAT5,46,15,2.2,45.2,6858.0
2,CSV_data_F07_240529_i-Lab検体20+50.csv,2_0006,0006,TAT5,46,15,2.2,54.0,6859.0
2,CSV_data_F07_240529_i-Lab検体20+50.csv,2_0006,0006,TAT5,46,15,2.2,63.2,6864.0
2,CSV_data_F07_240529_i-Lab検体20+50.csv,2_0006,0006,TAT5,46,15,2.2,72.0,6863.0
2,CSV_data_F07_240529_i-Lab検体20+50.csv,2_0006,0006,TAT5,46,15,2.2,81.2,6865.0
2,CSV_data_F07_240529_i-Lab検体20+50.csv,2_0006,0006,TAT5,46,15,2.2,90.0,6873.0
2,CSV_data_F07_240529_i-Lab検体20+50.csv,2_0006,0006,TAT5,46,15,2.2,99.2,6875.0
2,CSV_data_F07_240529_i-Lab検体20+50.csv,2_0006,0006,TAT5,46,15,2.2,108.0,6870.0
2,CSV_data_F07_240529_i-Lab検体20+50.csv,2_0006,0006,TAT5,46,15,2.2,117.2,6874.0
2,CSV_data_F07_240529_i-Lab検体20+50.csv,2_0006,0006,TAT5,46,15,2.2,126.0,6885.0
2,CSV_data_F07_240529_i-Lab検体20+50.csv,2_0006,0006,TAT5,46,15,2.2,135.2,6883.0
2,CSV_data_F07_240529_i-Lab検体20+50.csv,2_0006,0006,TAT5,46,15,2.2,144.0,6884.0
2,CSV_data_F07_240529_i-Lab検体20+50.csv,2_0006,0006,TAT5,46,15,2.2,153.2,6890.0
2,CSV_data_F07_240529_i-Lab検体20+50.csv,2_0006,0006,TAT5,46,15,2.2,162.0,6893.0
2,CSV_data_F07_240529_i-Lab検体20+50.csv,2_0006,0006,TAT5,46,15,2.2,171.2,6898.0
2,CSV_data_F07_240529_i-Lab検体20+50.csv,2_0006,0006,TAT5,46,15,2.2,180.0,6904.0
2,CSV_data_F07_240529_i-Lab検体20+50.csv,2_0006,0006,TAT6,47,16,-0.5,0.0,8656.0
2,CSV_data_F07_240529_i-Lab検体20+50.csv,2_0006,0006,TAT6,47,16,-0.5,9.2,8649.0
2,CSV_data_F07_240529_i-Lab検体20+50.csv,2_0006,0006,TAT6,47,16,-0.5,18.0,8646.0
2,CSV_data_F07_240529_i-Lab検体20+50.csv,2_0006,0006,TAT6,47,16,-0.5,27.2,8636.0
2,CSV_data_F07_240529_i-Lab検体20+50.csv,2_0006,0006,TAT6,47,16,-0.5,36.0,8636.0
2,CSV_data_F07_240529_i-Lab検体20+50.csv,2_0006,0006,TAT6,47,16,-0.5,45.2,8633.0
2,CSV_data_F07_240529_i-Lab検体20+50.csv,2_0006,0006,TAT6,47,16,-0.5,54.0,8635.0
2,CSV_data_F07_240529_i-Lab検体20+50.csv,2_0006,0006,TAT6,47,16,-0.5,63.2,8634.0
2,CSV_data_F07_240529_i-Lab検体20+50.csv,2_0006,0006,TAT6,47,16,-0.5,72.0,8632.0
2,CSV_data_F07_240529_i-Lab検体20+50.csv,2_0006,0006,TAT6,47,16,-0.5,81.2,8636.0
2,CSV_data_F07_240529_i-Lab検体20+50.csv,2_0006,0006,TAT6,47,16,-0.5,90.0,8633.0
2,CSV_data_F07_240529_i-Lab検体20+50.csv,2_0006,0006,TAT6,47,16,-0.5,99.2,8634.0
2,CSV_data_F07_240529_i-Lab検体20+50.csv,2_0006,0006,TAT6,47,16,-0.5,108.0,8631.0
2,CSV_data_F07_240529_i-Lab検体20+50.csv,2_0006,0006,TAT6,47,16,-0.5,117.2,8631.0
2,CSV_data_F07_240529_i-Lab検体20+50.csv,2_0006,0006,TAT6,47,16,-0.5,126.0,8628.0
2,CSV_data_F07_240529_i-Lab検体20+50.csv,2_0006,0006,TAT6,47,16,-0.5,135.2,8627.0
2,CSV_data_F07_240529_i-Lab検体20+50.csv,2_0006,0006,TAT6,47,16,-0.5,144.0,8631.0
2,CSV_data_F07_240529_i-Lab検体20+50.csv,2_0006,0006,TAT6,47,16,-0.5,153.2,8629.0
2,CSV_data_F07_240529_i-Lab検体20+50.csv,2_0006,0006,TAT6,47,16,-0.5,162.0,8630.0
2,CSV_data_F07_240529_i-Lab検体20+50.csv,2_0006,0006,TAT6,47,16,-0.5,171.2,8629.0
2,CSV_data_F07_240529_i-Lab検体20+50.csv,2_0006,0006,TAT6,47,16,-0.5,180.0,8627.0
2,CSV_data_F07_240529_i-Lab検体20+50.csv,2_0007,0007,TAT206,41,17,16.3,0.0,10783.0
2,CSV_data_F07_240529_i-Lab検体20+50.csv,2_0007,0007,TAT206,41,17,16.3,9.2,10790.0
2,CSV_data_F07_240529_i-Lab検体20+50.csv,2_0007,0007,TAT206,41,17,16.3,18.0,10797.0
2,CSV_data_F07_240529_i-Lab検体20+50.csv,2_0007,0007,TAT206,41,17,16.3,27.2,10807.0
2,CSV_data_F07_240529_i-Lab検体20+50.csv,2_0007,0007,TAT206,41,17,16.3,36.0,10824.0
2,CSV_data_F07_240529_i-Lab検体20+50.csv,2_0007,0007,TAT206,41,17,16.3,45.2,10838.0
2,CSV_data_F07_240529_i-Lab検体20+50.csv,2_0007,0007,TAT206,41,17,16.3,54.0,10856.0
2,CSV_data_F07_240529_i-Lab検体20+50.csv,2_0007,0007,TAT206,41,17,16.3,63.2,10875.0
2,CSV_data_F07_240529_i-Lab検体20+50.csv,2_0007,0007,TAT206,41,17,16.3,72.0,10894.0
2,CSV_data_F07_240529_i-Lab検体20+50.csv,2_0007,0007,TAT206,41,17,16.3,81.2,10912.0
2,CSV_data_F07_240529_i-Lab検体20+50.csv,2_0007,0007,TAT206,41,17,16.3,90.0,10934.0
2,CSV_data_F07_240529_i-Lab検体20+50.csv,2_0007,0007,TAT206,41,17,16.3,99.2,10959.0
2,CSV_data_F07_240529_i-Lab検体20+50.csv,2_0007,0007,TAT206,41,17,16.3,108.0,10976.0
2,CSV_data_F07_240529_i-Lab検体20+50.csv,2_0007,0007,TAT206,41,17,16.3,117.2,11003.0
2,CSV_data_F07_240529_i-Lab検体20+50.csv,2_0007,0007,TAT206,41,17,16.3,126.0,11026.0
2,CSV_data_F07_240529_i-Lab検体20+50.csv,2_0007,0007,TAT206,41,17,16.3,135.2,11049.0
2,CSV_data_F07_240529_i-Lab検体20+50.csv,2_0007,0007,TAT206,41,17,16.3,144.0,11077.0
2,CSV_data_F07_240529_i-Lab検体20+50.csv,2_0007,0007,TAT206,41,17,16.3,153.2,11106.0
2,CSV_data_F07_240529_i-Lab検体20+50.csv,2_0007,0007,TAT206,41,17,16.3,162.0,11127.0
2,CSV_data_F07_240529_i-Lab検体20+50.csv,2_0007,0007,TAT206,41,17,16.3,171.2,11157.0
2,CSV_data_F07_240529_i-Lab検体20+50.csv,2_0007,0007,TAT206,41,17,16.3,180.0,11179.0
2,CSV_data_F07_240529_i-Lab検体20+50.csv,2_0007,0007,TAT1,42,18,19.7,0.0,10838.0
2,CSV_data_F07_240529_i-Lab検体20+50.csv,2_0007,0007,TAT1,42,18,19.7,9.2,10826.0
2,CSV_data_F07_240529_i-Lab検体20+50.csv,2_0007,0007,TAT1,42,18,19.7,18.0,10838.0
2,CSV_data_F07_240529_i-Lab検体20+50.csv,2_0007,0007,TAT1,42,18,19.7,27.2,10858.0
2,CSV_data_F07_240529_i-Lab検体20+50.csv,2_0007,0007,TAT1,42,18,19.7,36.0,10872.0
2,CSV_data_F07_240529_i-Lab検体20+50.csv,2_0007,0007,TAT1,42,18,19.7,45.2,10891.0
2,CSV_data_F07_240529_i-Lab検体20+50.csv,2_0007,0007,TAT1,42,18,19.7,54.0,10910.0
2,CSV_data_F07_240529_i-Lab検体20+50.csv,2_0007,0007,TAT1,42,18,19.7,63.2,10931.0
2,CSV_data_F07_240529_i-Lab検体20+50.csv,2_0007,0007,TAT1,42,18,19.7,72.0,10959.0
2,CSV_data_F07_240529_i-Lab検体20+50.csv,2_0007,0007,TAT1,42,18,19.7,81.2,10979.0
2,CSV_data_F07_240529_i-Lab検体20+50.csv,2_0007,0007,TAT1,42,18,19.7,90.0,11009.0
2,CSV_data_F07_240529_i-Lab検体20+50.csv,2_0007,0007,TAT1,42,18,19.7,99.2,11037.0
2,CSV_data_F07_240529_i-Lab検体20+50.csv,2_0007,0007,TAT1,42,18,19.7,108.0,11060.0
2,CSV_data_F07_240529_i-Lab検体20+50.csv,2_0007,0007,TAT1,42,18,19.7,117.2,11090.0
2,CSV_data_F07_240529_i-Lab検体20+50.csv,2_0007,0007,TAT1,42,18,19.7,126.0,11123.0
2,CSV_data_F07_240529_i-Lab検体20+50.csv,2_0007,0007,TAT1,42,18,19.7,135.2,11148.0
2,CSV_data_F07_240529_i-Lab検体20+50.csv,2_0007,0007,TAT1,42,18,19.7,144.0,11182.0
2,CSV_data_F07_240529_i-Lab検体20+50.csv,2_0007,0007,TAT1,42,18,19.7,153.2,11213.0
2,CSV_data_F07_240529_i-Lab検体20+50.csv,2_0007,0007,TAT1,42,18,19.7,162.0,11241.0
2,CSV_data_F07_240529_i-Lab検体20+50.csv,2_0007,0007,TAT1,42,18,19.7,171.2,11274.0
2,CSV_data_F07_240529_i-Lab検体20+50.csv,2_0007,0007,TAT1,42,18,19.7,180.0,11304.0
2,CSV_data_F07_240529_i-Lab検体20+50.csv,2_0007,0007,TAT3,44,19,16.1,0.0,10969.0
2,CSV_data_F07_240529_i-Lab検体20+50.csv,2_0007,0007,TAT3,44,19,16.1,9.2,10985.0
2,CSV_data_F07_240529_i-Lab検体20+50.csv,2_0007,0007,TAT3,44,19,16.1,18.0,10993.0
2,CSV_data_F07_240529_i-Lab検体20+50.csv,2_0007,0007,TAT3,44,19,16.1,27.2,11005.0
2,CSV_data_F07_240529_i-Lab検体20+50.csv,2_0007,0007,TAT3,44,19,16.1,36.0,11022.0
2,CSV_data_F07_240529_i-Lab検体20+50.csv,2_0007,0007,TAT3,44,19,16.1,45.2,11031.0
2,CSV_data_F07_240529_i-Lab検体20+50.csv,2_0007,0007,TAT3,44,19,16.1,54.0,11049.0
2,CSV_data_F07_240529_i-Lab検体20+50.csv,2_0007,0007,TAT3,44,19,16.1,63.2,11072.0
2,CSV_data_F07_240529_i-Lab検体20+50.csv,2_0007,0007,TAT3,44,19,16.1,72.0,11091.0
2,CSV_data_F07_240529_i-Lab検体20+50.csv,2_0007,0007,TAT3,44,19,16.1,81.2,11110.0
2,CSV_data_F07_240529_i-Lab検体20+50.csv,2_0007,0007,TAT3,44,19,16.1,90.0,11128.0
2,CSV_data_F07_240529_i-Lab検体20+50.csv,2_0007,0007,TAT3,44,19,16.1,99.2,11153.0
2,CSV_data_F07_240529_i-Lab検体20+50.csv,2_0007,0007,TAT3,44,19,16.1,108.0,11175.0
2,CSV_data_F07_240529_i-Lab検体20+50.csv,2_0007,0007,TAT3,44,19,16.1,117.2,11199.0
2,CSV_data_F07_240529_i-Lab検体20+50.csv,2_0007,0007,TAT3,44,19,16.1,126.0,11222.0
2,CSV_data_F07_240529_i-Lab検体20+50.csv,2_0007,0007,TAT3,44,19,16.1,135.2,11251.0
2,CSV_data_F07_240529_i-Lab検体20+50.csv,2_0007,0007,TAT3,44,19,16.1,144.0,11274.0
2,CSV_data_F07_240529_i-Lab検体20+50.csv,2_0007,0007,TAT3,44,19,16.1,153.2,11298.0
2,CSV_data_F07_240529_i-Lab検体20+50.csv,2_0007,0007,TAT3,44,19,16.1,162.0,11325.0
2,CSV_data_F07_240529_i-Lab検体20+50.csv,2_0007,0007,TAT3,44,19,16.1,171.2,11351.0
2,CSV_data_F07_240529_i-Lab検体20+50.csv,2_0007,0007,TAT3,44,19,16.1,180.0,11380.0
2,CSV_data_F07_240529_i-Lab検体20+50.csv,2_0007,0007,TAT5,46,20,4.9,0.0,6886.0
2,CSV_data_F07_240529_i-Lab検体20+50.csv,2_0007,0007,TAT5,46,20,4.9,9.2,6879.0
2,CSV_data_F07_240529_i-Lab検体20+50.csv,2_0007,0007,TAT5,46,20,4.9,18.0,6884.0
2,CSV_data_F07_240529_i-Lab検体20+50.csv,2_0007,0007,TAT5,46,20,4.9,27.2,6884.0
2,CSV_data_F07_240529_i-Lab検体20+50.csv,2_0007,0007,TAT5,46,20,4.9,36.0,6888.0
2,CSV_data_F07_240529_i-Lab検体20+50.csv,2_0007,0007,TAT5,46,20,4.9,45.2,6900.0
2,CSV_data_F07_240529_i-Lab検体20+50.csv,2_0007,0007,TAT5,46,20,4.9,54.0,6901.0
2,CSV_data_F07_240529_i-Lab検体20+50.csv,2_0007,0007,TAT5,46,20,4.9,63.2,6906.0
2,CSV_data_F07_240529_i-Lab検体20+50.csv,2_0007,0007,TAT5,46,20,4.9,72.0,6914.0
2,CSV_data_F07_240529_i-Lab検体20+50.csv,2_0007,0007,TAT5,46,20,4.9,81.2,6923.0
2,CSV_data_F07_240529_i-Lab検体20+50.csv,2_0007,0007,TAT5,46,20,4.9,90.0,6932.0
2,CSV_data_F07_240529_i-Lab検体20+50.csv,2_0007,0007,TAT5,46,20,4.9,99.2,6936.0
2,CSV_data_F07_240529_i-Lab検体20+50.csv,2_0007,0007,TAT5,46,20,4.9,108.0,6944.0
2,CSV_data_F07_240529_i-Lab検体20+50.csv,2_0007,0007,TAT5,46,20,4.9,117.2,6953.0
2,CSV_data_F07_240529_i-Lab検体20+50.csv,2_0007,0007,TAT5,46,20,4.9,126.0,6959.0
2,CSV_data_F07_240529_i-Lab検体20+50.csv,2_0007,0007,TAT5,46,20,4.9,135.2,6967.0
2,CSV_data_F07_240529_i-Lab検体20+50.csv,2_0007,0007,TAT5,46,20,4.9,144.0,6970.0
2,CSV_data_F07_240529_i-Lab検体20+50.csv,2_0007,0007,TAT5,46,20,4.9,153.2,6982.0
2,CSV_data_F07_240529_i-Lab検体20+50.csv,2_0007,0007,TAT5,46,20,4.9,162.0,6988.0
2,CSV_data_F07_240529_i-Lab検体20+50.csv,2_0007,0007,TAT5,46,20,4.9,171.2,6996.0
2,CSV_data_F07_240529_i-Lab検体20+50.csv,2_0007,0007,TAT5,46,20,4.9,180.0,7009.0
2,CSV_data_F07_240529_i-Lab検体20+50.csv,2_0007,0007,TAT6,47,15,0.5,0.0,8726.0
2,CSV_data_F07_240529_i-Lab検体20+50.csv,2_0007,0007,TAT6,47,15,0.5,9.2,8690.0
2,CSV_data_F07_240529_i-Lab検体20+50.csv,2_0007,0007,TAT6,47,15,0.5,18.0,8688.0
2,CSV_data_F07_240529_i-Lab検体20+50.csv,2_0007,0007,TAT6,47,15,0.5,27.2,8689.0
2,CSV_data_F07_240529_i-Lab検体20+50.csv,2_0007,0007,TAT6,47,15,0.5,36.0,8679.0
2,CSV_data_F07_240529_i-Lab検体20+50.csv,2_0007,0007,TAT6,47,15,0.5,45.2,8685.0
2,CSV_data_F07_240529_i-Lab検体20+50.csv,2_0007,0007,TAT6,47,15,0.5,54.0,8682.0
2,CSV_data_F07_240529_i-Lab検体20+50.csv,2_0007,0007,TAT6,47,15,0.5,63.2,8681.0
2,CSV_data_F07_240529_i-Lab検体20+50.csv,2_0007,0007,TAT6,47,15,0.5,72.0,8685.0
2,CSV_data_F07_240529_i-Lab検体20+50.csv,2_0007,0007,TAT6,47,15,0.5,81.2,8680.0
2,CSV_data_F07_240529_i-Lab検体20+50.csv,2_0007,0007,TAT6,47,15,0.5,90.0,8682.0
2,CSV_data_F07_240529_i-Lab検体20+50.csv,2_0007,0007,TAT6,47,15,0.5,99.2,8687.0
2,CSV_data_F07_240529_i-Lab検体20+50.csv,2_0007,0007,TAT6,47,15,0.5,108.0,8686.0
2,CSV_data_F07_240529_i-Lab検体20+50.csv,2_0007,0007,TAT6,47,15,0.5,117.2,8682.0
2,CSV_data_F07_240529_i-Lab検体20+50.csv,2_0007,0007,TAT6,47,15,0.5,126.0,8680.0
2,CSV_data_F07_240529_i-Lab検体20+50.csv,2_0007,0007,TAT6,47,15,0.5,135.2,8683.0
2,CSV_data_F07_240529_i-Lab検体20+50.csv,2_0007,0007,TAT6,47,15,0.5,144.0,8686.0
2,CSV_data_F07_240529_i-Lab検体20+50.csv,2_0007,0007,TAT6,47,15,0.5,153.2,8683.0
2,CSV_data_F07_240529_i-Lab検体20+50.csv,2_0007,0007,TAT6,47,15,0.5,162.0,8685.0
2,CSV_data_F07_240529_i-Lab検体20+50.csv,2_0007,0007,TAT6,47,15,0.5,171.2,8688.0
2,CSV_data_F07_240529_i-Lab検体20+50.csv,2_0007,0007,TAT6,47,15,0.5,180.0,8688.0
2,CSV_data_F07_240529_i-Lab検体20+50.csv,2_0008,0008,TAT206,41,16,16.1,0.0,10948.0
2,CSV_data_F07_240529_i-Lab検体20+50.csv,2_0008,0008,TAT206,41,16,16.1,9.2,10958.0
2,CSV_data_F07_240529_i-Lab検体20+50.csv,2_0008,0008,TAT206,41,16,16.1,18.0,10975.0
2,CSV_data_F07_240529_i-Lab検体20+50.csv,2_0008,0008,TAT206,41,16,16.1,27.2,10990.0
2,CSV_data_F07_240529_i-Lab検体20+50.csv,2_0008,0008,TAT206,41,16,16.1,36.0,11007.0
2,CSV_data_F07_240529_i-Lab検体20+50.csv,2_0008,0008,TAT206,41,16,16.1,45.2,11020.0
2,CSV_data_F07_240529_i-Lab検体20+50.csv,2_0008,0008,TAT206,41,16,16.1,54.0,11040.0
2,CSV_data_F07_240529_i-Lab検体20+50.csv,2_0008,0008,TAT206,41,16,16.1,63.2,11061.0
2,CSV_data_F07_240529_i-Lab検体20+50.csv,2_0008,0008,TAT206,41,16,16.1,72.0,11072.0
2,CSV_data_F07_240529_i-Lab検体20+50.csv,2_0008,0008,TAT206,41,16,16.1,81.2,11095.0
2,CSV_data_F07_240529_i-Lab検体20+50.csv,2_0008,0008,TAT206,41,16,16.1,90.0,11120.0
2,CSV_data_F07_240529_i-Lab検体20+50.csv,2_0008,0008,TAT206,41,16,16.1,99.2,11138.0
2,CSV_data_F07_240529_i-Lab検体20+50.csv,2_0008,0008,TAT206,41,16,16.1,108.0,11161.0
2,CSV_data_F07_240529_i-Lab検体20+50.csv,2_0008,0008,TAT206,41,16,16.1,117.2,11185.0
2,CSV_data_F07_240529_i-Lab検体20+50.csv,2_0008,0008,TAT206,41,16,16.1,126.0,11208.0
2,CSV_data_F07_240529_i-Lab検体20+50.csv,2_0008,0008,TAT206,41,16,16.1,135.2,11235.0
2,CSV_data_F07_240529_i-Lab検体20+50.csv,2_0008,0008,TAT206,41,16,16.1,144.0,11259.0
2,CSV_data_F07_240529_i-Lab検体20+50.csv,2_0008,0008,TAT206,41,16,16.1,153.2,11287.0
2,CSV_data_F07_240529_i-Lab検体20+50.csv,2_0008,0008,TAT206,41,16,16.1,162.0,11308.0
2,CSV_data_F07_240529_i-Lab検体20+50.csv,2_0008,0008,TAT206,41,16,16.1,171.2,11336.0
2,CSV_data_F07_240529_i-Lab検体20+50.csv,2_0008,0008,TAT206,41,16,16.1,180.0,11365.0
2,CSV_data_F07_240529_i-Lab検体20+50.csv,2_0008,0008,TAT1,42,17,22.9,0.0,10846.0
2,CSV_data_F07_240529_i-Lab検体20+50.csv,2_0008,0008,TAT1,42,17,22.9,9.2,10860.0
2,CSV_data_F07_240529_i-Lab検体20+50.csv,2_0008,0008,TAT1,42,17,22.9,18.0,10882.0
2,CSV_data_F07_240529_i-Lab検体20+50.csv,2_0008,0008,TAT1,42,17,22.9,27.2,10896.0
2,CSV_data_F07_240529_i-Lab検体20+50.csv,2_0008,0008,TAT1,42,17,22.9,36.0,10918.0
2,CSV_data_F07_240529_i-Lab検体20+50.csv,2_0008,0008,TAT1,42,17,22.9,45.2,10943.0
2,CSV_data_F07_240529_i-Lab検体20+50.csv,2_0008,0008,TAT1,42,17,22.9,54.0,10966.0
2,CSV_data_F07_240529_i-Lab検体20+50.csv,2_0008,0008,TAT1,42,17,22.9,63.2,10994.0
2,CSV_data_F07_240529_i-Lab検体20+50.csv,2_0008,0008,TAT1,42,17,22.9,72.0,11023.0
2,CSV_data_F07_240529_i-Lab検体20+50.csv,2_0008,0008,TAT1,42,17,22.9,81.2,11054.0
2,CSV_data_F07_240529_i-Lab検体20+50.csv,2_0008,0008,TAT1,42,17,22.9,90.0,11087.0
2,CSV_data_F07_240529_i-Lab検体20+50.csv,2_0008,0008,TAT1,42,17,22.9,99.2,11110.0
2,CSV_data_F07_240529_i-Lab検体20+50.csv,2_0008,0008,TAT1,42,17,22.9,108.0,11145.0
2,CSV_data_F07_240529_i-Lab検体20+50.csv,2_0008,0008,TAT1,42,17,22.9,117.2,11180.0
2,CSV_data_F07_240529_i-Lab検体20+50.csv,2_0008,0008,TAT1,42,17,22.9,126.0,11218.0
2,CSV_data_F07_240529_i-Lab検体20+50.csv,2_0008,0008,TAT1,42,17,22.9,135.2,11250.0
2,CSV_data_F07_240529_i-Lab検体20+50.csv,2_0008,0008,TAT1,42,17,22.9,144.0,11286.0
2,CSV_data_F07_240529_i-Lab検体20+50.csv,2_0008,0008,TAT1,42,17,22.9,153.2,11328.0
2,CSV_data_F07_240529_i-Lab検体20+50.csv,2_0008,0008,TAT1,42,17,22.9,162.0,11363.0
2,CSV_data_F07_240529_i-Lab検体20+50.csv,2_0008,0008,TAT1,42,17,22.9,171.2,11398.0
2,CSV_data_F07_240529_i-Lab検体20+50.csv,2_0008,0008,TAT1,42,17,22.9,180.0,11437.0
2,CSV_data_F07_240529_i-Lab検体20+50.csv,2_0008,0008,TAT3,44,18,21.4,0.0,11062.0
2,CSV_data_F07_240529_i-Lab検体20+50.csv,2_0008,0008,TAT3,44,18,21.4,9.2,11079.0
2,CSV_data_F07_240529_i-Lab検体20+50.csv,2_0008,0008,TAT3,44,18,21.4,18.0,11093.0
2,CSV_data_F07_240529_i-Lab検体20+50.csv,2_0008,0008,TAT3,44,18,21.4,27.2,11110.0
2,CSV_data_F07_240529_i-Lab検体20+50.csv,2_0008,0008,TAT3,44,18,21.4,36.0,11127.0
2,CSV_data_F07_240529_i-Lab検体20+50.csv,2_0008,0008,TAT3,44,18,21.4,45.2,11149.0
2,CSV_data_F07_240529_i-Lab検体20+50.csv,2_0008,0008,TAT3,44,18,21.4,54.0,11165.0
2,CSV_data_F07_240529_i-Lab検体20+50.csv,2_0008,0008,TAT3,44,18,21.4,63.2,11190.0
2,CSV_data_F07_240529_i-Lab検体20+50.csv,2_0008,0008,TAT3,44,18,21.4,72.0,11215.0
2,CSV_data_F07_240529_i-Lab検体20+50.csv,2_0008,0008,TAT3,44,18,21.4,81.2,11243.0
2,CSV_data_F07_240529_i-Lab検体20+50.csv,2_0008,0008,TAT3,44,18,21.4,90.0,11274.0
2,CSV_data_F07_240529_i-Lab検体20+50.csv,2_0008,0008,TAT3,44,18,21.4,99.2,11301.0
2,CSV_data_F07_240529_i-Lab検体20+50.csv,2_0008,0008,TAT3,44,18,21.4,108.0,11332.0
2,CSV_data_F07_240529_i-Lab検体20+50.csv,2_0008,0008,TAT3,44,18,21.4,117.2,11363.0
2,CSV_data_F07_240529_i-Lab検体20+50.csv,2_0008,0008,TAT3,44,18,21.4,126.0,11393.0
2,CSV_data_F07_240529_i-Lab検体20+50.csv,2_0008,0008,TAT3,44,18,21.4,135.2,11420.0
2,CSV_data_F07_240529_i-Lab検体20+50.csv,2_0008,0008,TAT3,44,18,21.4,144.0,11454.0
2,CSV_data_F07_240529_i-Lab検体20+50.csv,2_0008,0008,TAT3,44,18,21.4,153.2,11489.0
2,CSV_data_F07_240529_i-Lab検体20+50.csv,2_0008,0008,TAT3,44,18,21.4,162.0,11520.0
2,CSV_data_F07_240529_i-Lab検体20+50.csv,2_0008,0008,TAT3,44,18,21.4,171.2,11564.0
2,CSV_data_F07_240529_i-Lab検体20+50.csv,2_0008,0008,TAT3,44,18,21.4,180.0,11593.0
2,CSV_data_F07_240529_i-Lab検体20+50.csv,2_0008,0008,TAT5,46,19,5.8,0.0,7031.0
2,CSV_data_F07_240529_i-Lab検体20+50.csv,2_0008,0008,TAT5,46,19,5.8,9.2,7033.0
2,CSV_data_F07_240529_i-Lab検体20+50.csv,2_0008,0008,TAT5,46,19,5.8,18.0,7034.0
2,CSV_data_F07_240529_i-Lab検体20+50.csv,2_0008,0008,TAT5,46,19,5.8,27.2,7052.0
2,CSV_data_F07_240529_i-Lab検体20+50.csv,2_0008,0008,TAT5,46,19,5.8,36.0,7058.0
2,CSV_data_F07_240529_i-Lab検体20+50.csv,2_0008,0008,TAT5,46,19,5.8,45.2,7066.0
2,CSV_data_F07_240529_i-Lab検体20+50.csv,2_0008,0008,TAT5,46,19,5.8,54.0,7070.0
2,CSV_data_F07_240529_i-Lab検体20+50.csv,2_0008,0008,TAT5,46,19,5.8,63.2,7080.0
2,CSV_data_F07_240529_i-Lab検体20+50.csv,2_0008,0008,TAT5,46,19,5.8,72.0,7091.0
2,CSV_data_F07_240529_i-Lab検体20+50.csv,2_0008,0008,TAT5,46,19,5.8,81.2,7093.0
2,CSV_data_F07_240529_i-Lab検体20+50.csv,2_0008,0008,TAT5,46,19,5.8,90.0,7101.0
2,CSV_data_F07_240529_i-Lab検体20+50.csv,2_0008,0008,TAT5,46,19,5.8,99.2,7110.0
2,CSV_data_F07_240529_i-Lab検体20+50.csv,2_0008,0008,TAT5,46,19,5.8,108.0,7117.0
2,CSV_data_F07_240529_i-Lab検体20+50.csv,2_0008,0008,TAT5,46,19,5.8,117.2,7129.0
2,CSV_data_F07_240529_i-Lab検体20+50.csv,2_0008,0008,TAT5,46,19,5.8,126.0,7139.0
2,CSV_data_F07_240529_i-Lab検体20+50.csv,2_0008,0008,TAT5,46,19,5.8,135.2,7145.0
2,CSV_data_F07_240529_i-Lab検体20+50.csv,2_0008,0008,TAT5,46,19,5.8,144.0,7156.0
2,CSV_data_F07_240529_i-Lab検体20+50.csv,2_0008,0008,TAT5,46,19,5.8,153.2,7164.0
2,CSV_data_F07_240529_i-Lab検体20+50.csv,2_0008,0008,TAT5,46,19,5.8,162.0,7172.0
2,CSV_data_F07_240529_i-Lab検体20+50.csv,2_0008,0008,TAT5,46,19,5.8,171.2,7180.0
2,CSV_data_F07_240529_i-Lab検体20+50.csv,2_0008,0008,TAT5,46,19,5.8,180.0,7189.0
2,CSV_data_F07_240529_i-Lab検体20+50.csv,2_0008,0008,TAT6,47,20,1.4,0.0,8959.0
2,CSV_data_F07_240529_i-Lab検体20+50.csv,2_0008,0008,TAT6,47,20,1.4,9.2,8954.0
2,CSV_data_F07_240529_i-Lab検体20+50.csv,2_0008,0008,TAT6,47,20,1.4,18.0,8943.0
2,CSV_data_F07_240529_i-Lab検体20+50.csv,2_0008,0008,TAT6,47,20,1.4,27.2,8943.0
2,CSV_data_F07_240529_i-Lab検体20+50.csv,2_0008,0008,TAT6,47,20,1.4,36.0,8949.0
2,CSV_data_F07_240529_i-Lab検体20+50.csv,2_0008,0008,TAT6,47,20,1.4,45.2,8949.0
2,CSV_data_F07_240529_i-Lab検体20+50.csv,2_0008,0008,TAT6,47,20,1.4,54.0,8956.0
2,CSV_data_F07_240529_i-Lab検体20+50.csv,2_0008,0008,TAT6,47,20,1.4,63.2,8953.0
2,CSV_data_F07_240529_i-Lab検体20+50.csv,2_0008,0008,TAT6,47,20,1.4,72.0,8959.0
2,CSV_data_F07_240529_i-Lab検体20+50.csv,2_0008,0008,TAT6,47,20,1.4,81.2,8958.0
2,CSV_data_F07_240529_i-Lab検体20+50.csv,2_0008,0008,TAT6,47,20,1.4,90.0,8961.0
2,CSV_data_F07_240529_i-Lab検体20+50.csv,2_0008,0008,TAT6,47,20,1.4,99.2,8963.0
2,CSV_data_F07_240529_i-Lab検体20+50.csv,2_0008,0008,TAT6,47,20,1.4,108.0,8963.0
2,CSV_data_F07_240529_i-Lab検体20+50.csv,2_0008,0008,TAT6,47,20,1.4,117.2,8970.0
2,CSV_data_F07_240529_i-Lab検体20+50.csv,2_0008,0008,TAT6,47,20,1.4,126.0,8968.0
2,CSV_data_F07_240529_i-Lab検体20+50.csv,2_0008,0008,TAT6,47,20,1.4,135.2,8975.0
2,CSV_data_F07_240529_i-Lab検体20+50.csv,2_0008,0008,TAT6,47,20,1.4,144.0,8970.0
2,CSV_data_F07_240529_i-Lab検体20+50.csv,2_0008,0008,TAT6,47,20,1.4,153.2,8977.0
2,CSV_data_F07_240529_i-Lab検体20+50.csv,2_0008,0008,TAT6,47,20,1.4,162.0,8972.0
2,CSV_data_F07_240529_i-Lab検体20+50.csv,2_0008,0008,TAT6,47,20,1.4,171.2,8979.0
2,CSV_data_F07_240529_i-Lab検体20+50.csv,2_0008,0008,TAT6,47,20,1.4,180.0,8980.0
2,CSV_data_F07_240529_i-Lab検体20+50.csv,2_0009,0009,TAT206,41,15,27.8,0.0,10977.0
2,CSV_data_F07_240529_i-Lab検体20+50.csv,2_0009,0009,TAT206,41,15,27.8,9.2,10996.0
2,CSV_data_F07_240529_i-Lab検体20+50.csv,2_0009,0009,TAT206,41,15,27.8,18.0,11016.0
2,CSV_data_F07_240529_i-Lab検体20+50.csv,2_0009,0009,TAT206,41,15,27.8,27.2,11045.0
2,CSV_data_F07_240529_i-Lab検体20+50.csv,2_0009,0009,TAT206,41,15,27.8,36.0,11076.0
2,CSV_data_F07_240529_i-Lab検体20+50.csv,2_0009,0009,TAT206,41,15,27.8,45.2,11103.0
2,CSV_data_F07_240529_i-Lab検体20+50.csv,2_0009,0009,TAT206,41,15,27.8,54.0,11138.0
2,CSV_data_F07_240529_i-Lab検体20+50.csv,2_0009,0009,TAT206,41,15,27.8,63.2,11180.0
2,CSV_data_F07_240529_i-Lab検体20+50.csv,2_0009,0009,TAT206,41,15,27.8,72.0,11213.0
2,CSV_data_F07_240529_i-Lab検体20+50.csv,2_0009,0009,TAT206,41,15,27.8,81.2,11248.0
2,CSV_data_F07_240529_i-Lab検体20+50.csv,2_0009,0009,TAT206,41,15,27.8,90.0,11293.0
2,CSV_data_F07_240529_i-Lab検体20+50.csv,2_0009,0009,TAT206,41,15,27.8,99.2,11332.0
2,CSV_data_F07_240529_i-Lab検体20+50.csv,2_0009,0009,TAT206,41,15,27.8,108.0,11371.0
2,CSV_data_F07_240529_i-Lab検体20+50.csv,2_0009,0009,TAT206,41,15,27.8,117.2,11412.0
2,CSV_data_F07_240529_i-Lab検体20+50.csv,2_0009,0009,TAT206,41,15,27.8,126.0,11451.0
2,CSV_data_F07_240529_i-Lab検体20+50.csv,2_0009,0009,TAT206,41,15,27.8,135.2,11495.0
2,CSV_data_F07_240529_i-Lab検体20+50.csv,2_0009,0009,TAT206,41,15,27.8,144.0,11539.0
2,CSV_data_F07_240529_i-Lab検体20+50.csv,2_0009,0009,TAT206,41,15,27.8,153.2,11576.0
2,CSV_data_F07_240529_i-Lab検体20+50.csv,2_0009,0009,TAT206,41,15,27.8,162.0,11620.0
2,CSV_data_F07_240529_i-Lab検体20+50.csv,2_0009,0009,TAT206,41,15,27.8,171.2,11665.0
2,CSV_data_F07_240529_i-Lab検体20+50.csv,2_0009,0009,TAT206,41,15,27.8,180.0,11706.0
2,CSV_data_F07_240529_i-Lab検体20+50.csv,2_0009,0009,TAT1,42,16,30.5,0.0,10949.0
2,CSV_data_F07_240529_i-Lab検体20+50.csv,2_0009,0009,TAT1,42,16,30.5,9.2,10936.0
2,CSV_data_F07_240529_i-Lab検体20+50.csv,2_0009,0009,TAT1,42,16,30.5,18.0,10962.0
2,CSV_data_F07_240529_i-Lab検体20+50.csv,2_0009,0009,TAT1,42,16,30.5,27.2,10994.0
2,CSV_data_F07_240529_i-Lab検体20+50.csv,2_0009,0009,TAT1,42,16,30.5,36.0,11030.0
2,CSV_data_F07_240529_i-Lab検体20+50.csv,2_0009,0009,TAT1,42,16,30.5,45.2,11067.0
2,CSV_data_F07_240529_i-Lab検体20+50.csv,2_0009,0009,TAT1,42,16,30.5,54.0,11107.0
2,CSV_data_F07_240529_i-Lab検体20+50.csv,2_0009,0009,TAT1,42,16,30.5,63.2,11140.0
2,CSV_data_F07_240529_i-Lab検体20+50.csv,2_0009,0009,TAT1,42,16,30.5,72.0,11183.0
2,CSV_data_F07_240529_i-Lab検体20+50.csv,2_0009,0009,TAT1,42,16,30.5,81.2,11228.0
2,CSV_data_F07_240529_i-Lab検体20+50.csv,2_0009,0009,TAT1,42,16,30.5,90.0,11269.0
2,CSV_data_F07_240529_i-Lab検体20+50.csv,2_0009,0009,TAT1,42,16,30.5,99.2,11315.0
2,CSV_data_F07_240529_i-Lab検体20+50.csv,2_0009,0009,TAT1,42,16,30.5,108.0,11363.0
2,CSV_data_F07_240529_i-Lab検体20+50.csv,2_0009,0009,TAT1,42,16,30.5,117.2,11405.0
2,CSV_data_F07_240529_i-Lab検体20+50.csv,2_0009,0009,TAT1,42,16,30.5,126.0,11450.0
2,CSV_data_F07_240529_i-Lab検体20+50.csv,2_0009,0009,TAT1,42,16,30.5,135.2,11497.0
2,CSV_data_F07_240529_i-Lab検体20+50.csv,2_0009,0009,TAT1,42,16,30.5,144.0,11548.0
2,CSV_data_F07_240529_i-Lab検体20+50.csv,2_0009,0009,TAT1,42,16,30.5,153.2,11597.0
2,CSV_data_F07_240529_i-Lab検体20+50.csv,2_0009,0009,TAT1,42,16,30.5,162.0,11641.0
2,CSV_data_F07_240529_i-Lab検体20+50.csv,2_0009,0009,TAT1,42,16,30.5,171.2,11686.0
2,CSV_data_F07_240529_i-Lab検体20+50.csv,2_0009,0009,TAT1,42,16,30.5,180.0,11729.0
2,CSV_data_F07_240529_i-Lab検体20+50.csv,2_0009,0009,TAT3,44,17,27.0,0.0,10942.0
2,CSV_data_F07_240529_i-Lab検体20+50.csv,2_0009,0009,TAT3,44,17,27.0,9.2,10941.0
2,CSV_data_F07_240529_i-Lab検体20+50.csv,2_0009,0009,TAT3,44,17,27.0,18.0,10966.0
2,CSV_data_F07_240529_i-Lab検体20+50.csv,2_0009,0009,TAT3,44,17,27.0,27.2,10992.0
2,CSV_data_F07_240529_i-Lab検体20+50.csv,2_0009,0009,TAT3,44,17,27.0,36.0,11023.0
2,CSV_data_F07_240529_i-Lab検体20+50.csv,2_0009,0009,TAT3,44,17,27.0,45.2,11056.0
2,CSV_data_F07_240529_i-Lab検体20+50.csv,2_0009,0009,TAT3,44,17,27.0,54.0,11089.0
2,CSV_data_F07_240529_i-Lab検体20+50.csv,2_0009,0009,TAT3,44,17,27.0,63.2,11123.0
2,CSV_data_F07_240529_i-Lab検体20+50.csv,2_0009,0009,TAT3,44,17,27.0,72.0,11162.0
2,CSV_data_F07_240529_i-Lab検体20+50.csv,2_0009,0009,TAT3,44,17,27.0,81.2,11202.0
2,CSV_data_F07_240529_i-Lab検体20+50.csv,2_0009,0009,TAT3,44,17,27.0,90.0,11241.0
2,CSV_data_F07_240529_i-Lab検体20+50.csv,2_0009,0009,TAT3,44,17,27.0,99.2,11282.0
2,CSV_data_F07_240529_i-Lab検体20+50.csv,2_0009,0009,TAT3,44,17,27.0,108.0,11315.0
2,CSV_data_F07_240529_i-Lab検体20+50.csv,2_0009,0009,TAT3,44,17,27.0,117.2,11360.0
2,CSV_data_F07_240529_i-Lab検体20+50.csv,2_0009,0009,TAT3,44,17,27.0,126.0,11393.0
2,CSV_data_F07_240529_i-Lab検体20+50.csv,2_0009,0009,TAT3,44,17,27.0,135.2,11439.0
2,CSV_data_F07_240529_i-Lab検体20+50.csv,2_0009,0009,TAT3,44,17,27.0,144.0,11478.0
2,CSV_data_F07_240529_i-Lab検体20+50.csv,2_0009,0009,TAT3,44,17,27.0,153.2,11519.0
2,CSV_data_F07_240529_i-Lab検体20+50.csv,2_0009,0009,TAT3,44,17,27.0,162.0,11561.0
2,CSV_data_F07_240529_i-Lab検体20+50.csv,2_0009,0009,TAT3,44,17,27.0,171.2,11607.0
2,CSV_data_F07_240529_i-Lab検体20+50.csv,2_0009,0009,TAT3,44,17,27.0,180.0,11644.0
2,CSV_data_F07_240529_i-Lab検体20+50.csv,2_0009,0009,TAT5,46,18,11.1,0.0,6937.0
2,CSV_data_F07_240529_i-Lab検体20+50.csv,2_0009,0009,TAT5,46,18,11.1,9.2,6943.0
2,CSV_data_F07_240529_i-Lab検体20+50.csv,2_0009,0009,TAT5,46,18,11.1,18.0,6958.0
2,CSV_data_F07_240529_i-Lab検体20+50.csv,2_0009,0009,TAT5,46,18,11.1,27.2,6970.0
2,CSV_data_F07_240529_i-Lab検体20+50.csv,2_0009,0009,TAT5,46,18,11.1,36.0,6985.0
2,CSV_data_F07_240529_i-Lab検体20+50.csv,2_0009,0009,TAT5,46,18,11.1,45.2,7008.0
2,CSV_data_F07_240529_i-Lab検体20+50.csv,2_0009,0009,TAT5,46,18,11.1,54.0,7016.0
2,CSV_data_F07_240529_i-Lab検体20+50.csv,2_0009,0009,TAT5,46,18,11.1,63.2,7038.0
2,CSV_data_F07_240529_i-Lab検体20+50.csv,2_0009,0009,TAT5,46,18,11.1,72.0,7057.0
2,CSV_data_F07_240529_i-Lab検体20+50.csv,2_0009,0009,TAT5,46,18,11.1,81.2,7075.0
2,CSV_data_F07_240529_i-Lab検体20+50.csv,2_0009,0009,TAT5,46,18,11.1,90.0,7094.0
2,CSV_data_F07_240529_i-Lab検体20+50.csv,2_0009,0009,TAT5,46,18,11.1,99.2,7107.0
2,CSV_data_F07_240529_i-Lab検体20+50.csv,2_0009,0009,TAT5,46,18,11.1,108.0,7133.0
2,CSV_data_F07_240529_i-Lab検体20+50.csv,2_0009,0009,TAT5,46,18,11.1,117.2,7144.0
2,CSV_data_F07_240529_i-Lab検体20+50.csv,2_0009,0009,TAT5,46,18,11.1,126.0,7161.0
2,CSV_data_F07_240529_i-Lab検体20+50.csv,2_0009,0009,TAT5,46,18,11.1,135.2,7175.0
2,CSV_data_F07_240529_i-Lab検体20+50.csv,2_0009,0009,TAT5,46,18,11.1,144.0,7190.0
2,CSV_data_F07_240529_i-Lab検体20+50.csv,2_0009,0009,TAT5,46,18,11.1,153.2,7211.0
2,CSV_data_F07_240529_i-Lab検体20+50.csv,2_0009,0009,TAT5,46,18,11.1,162.0,7222.0
2,CSV_data_F07_240529_i-Lab検体20+50.csv,2_0009,0009,TAT5,46,18,11.1,171.2,7242.0
2,CSV_data_F07_240529_i-Lab検体20+50.csv,2_0009,0009,TAT5,46,18,11.1,180.0,7257.0
2,CSV_data_F07_240529_i-Lab検体20+50.csv,2_0009,0009,TAT6,47,19,1.5,0.0,8984.0
2,CSV_data_F07_240529_i-Lab検体20+50.csv,2_0009,0009,TAT6,47,19,1.5,9.2,8974.0
2,CSV_data_F07_240529_i-Lab検体20+50.csv,2_0009,0009,TAT6,47,19,1.5,18.0,8971.0
2,CSV_data_F07_240529_i-Lab検体20+50.csv,2_0009,0009,TAT6,47,19,1.5,27.2,8979.0
2,CSV_data_F07_240529_i-Lab検体20+50.csv,2_0009,0009,TAT6,47,19,1.5,36.0,8979.0
2,CSV_data_F07_240529_i-Lab検体20+50.csv,2_0009,0009,TAT6,47,19,1.5,45.2,8983.0
2,CSV_data_F07_240529_i-Lab検体20+50.csv,2_0009,0009,TAT6,47,19,1.5,54.0,8982.0
2,CSV_data_F07_240529_i-Lab検体20+50.csv,2_0009,0009,TAT6,47,19,1.5,63.2,8989.0
2,CSV_data_F07_240529_i-Lab検体20+50.csv,2_0009,0009,TAT6,47,19,1.5,72.0,8991.0
2,CSV_data_F07_240529_i-Lab検体20+50.csv,2_0009,0009,TAT6,47,19,1.5,81.2,8990.0
2,CSV_data_F07_240529_i-Lab検体20+50.csv,2_0009,0009,TAT6,47,19,1.5,90.0,8996.0
2,CSV_data_F07_240529_i-Lab検体20+50.csv,2_0009,0009,TAT6,47,19,1.5,99.2,8998.0
2,CSV_data_F07_240529_i-Lab検体20+50.csv,2_0009,0009,TAT6,47,19,1.5,108.0,9000.0
2,CSV_data_F07_240529_i-Lab検体20+50.csv,2_0009,0009,TAT6,47,19,1.5,117.2,8995.0
2,CSV_data_F07_240529_i-Lab検体20+50.csv,2_0009,0009,TAT6,47,19,1.5,126.0,9007.0
2,CSV_data_F07_240529_i-Lab検体20+50.csv,2_0009,0009,TAT6,47,19,1.5,135.2,9009.0
2,CSV_data_F07_240529_i-Lab検体20+50.csv,2_0009,0009,TAT6,47,19,1.5,144.0,9009.0
2,CSV_data_F07_240529_i-Lab検体20+50.csv,2_0009,0009,TAT6,47,19,1.5,153.2,9010.0
2,CSV_data_F07_240529_i-Lab検体20+50.csv,2_0009,0009,TAT6,47,19,1.5,162.0,9010.0
2,CSV_data_F07_240529_i-Lab検体20+50.csv,2_0009,0009,TAT6,47,19,1.5,171.2,9013.0
2,CSV_data_F07_240529_i-Lab検体20+50.csv,2_0009,0009,TAT6,47,19,1.5,180.0,9013.0
2,CSV_data_F07_240529_i-Lab検体20+50.csv,2_0010,0010,TAT206,41,20,11.0,0.0,10943.0
2,CSV_data_F07_240529_i-Lab検体20+50.csv,2_0010,0010,TAT206,41,20,11.0,9.2,10958.0
2,CSV_data_F07_240529_i-Lab検体20+50.csv,2_0010,0010,TAT206,41,20,11.0,18.0,10961.0
2,CSV_data_F07_240529_i-Lab検体20+50.csv,2_0010,0010,TAT206,41,20,11.0,27.2,10970.0
2,CSV_data_F07_240529_i-Lab検体20+50.csv,2_0010,0010,TAT206,41,20,11.0,36.0,10984.0
2,CSV_data_F07_240529_i-Lab検体20+50.csv,2_0010,0010,TAT206,41,20,11.0,45.2,10994.0
2,CSV_data_F07_240529_i-Lab検体20+50.csv,2_0010,0010,TAT206,41,20,11.0,54.0,10988.0
2,CSV_data_F07_240529_i-Lab検体20+50.csv,2_0010,0010,TAT206,41,20,11.0,63.2,11022.0
2,CSV_data_F07_240529_i-Lab検体20+50.csv,2_0010,0010,TAT206,41,20,11.0,72.0,11031.0
2,CSV_data_F07_240529_i-Lab検体20+50.csv,2_0010,0010,TAT206,41,20,11.0,81.2,11054.0
2,CSV_data_F07_240529_i-Lab検体20+50.csv,2_0010,0010,TAT206,41,20,11.0,90.0,11063.0
2,CSV_data_F07_240529_i-Lab検体20+50.csv,2_0010,0010,TAT206,41,20,11.0,99.2,11078.0
2,CSV_data_F07_240529_i-Lab検体20+50.csv,2_0010,0010,TAT206,41,20,11.0,108.0,11097.0
2,CSV_data_F07_240529_i-Lab検体20+50.csv,2_0010,0010,TAT206,41,20,11.0,117.2,11111.0
2,CSV_data_F07_240529_i-Lab検体20+50.csv,2_0010,0010,TAT206,41,20,11.0,126.0,11128.0
2,CSV_data_F07_240529_i-Lab検体20+50.csv,2_0010,0010,TAT206,41,20,11.0,135.2,11145.0
2,CSV_data_F07_240529_i-Lab検体20+50.csv,2_0010,0010,TAT206,41,20,11.0,144.0,11158.0
2,CSV_data_F07_240529_i-Lab検体20+50.csv,2_0010,0010,TAT206,41,20,11.0,153.2,11177.0
2,CSV_data_F07_240529_i-Lab検体20+50.csv,2_0010,0010,TAT206,41,20,11.0,162.0,11197.0
2,CSV_data_F07_240529_i-Lab検体20+50.csv,2_0010,0010,TAT206,41,20,11.0,171.2,11219.0
2,CSV_data_F07_240529_i-Lab検体20+50.csv,2_0010,0010,TAT206,41,20,11.0,180.0,11240.0
2,CSV_data_F07_240529_i-Lab検体20+50.csv,2_0010,0010,TAT1,42,15,14.1,0.0,10867.0
2,CSV_data_F07_240529_i-Lab検体20+50.csv,2_0010,0010,TAT1,42,15,14.1,9.2,10838.0
2,CSV_data_F07_240529_i-Lab検体20+50.csv,2_0010,0010,TAT1,42,15,14.1,18.0,10852.0
2,CSV_data_F07_240529_i-Lab検体20+50.csv,2_0010,0010,TAT1,42,15,14.1,27.2,10860.0
2,CSV_data_F07_240529_i-Lab検体20+50.csv,2_0010,0010,TAT1,42,15,14.1,36.0,10876.0
2,CSV_data_F07_240529_i-Lab検体20+50.csv,2_0010,0010,TAT1,42,15,14.1,45.2,10890.0
2,CSV_data_F07_240529_i-Lab検体20+50.csv,2_0010,0010,TAT1,42,15,14.1,54.0,10904.0
2,CSV_data_F07_240529_i-Lab検体20+50.csv,2_0010,0010,TAT1,42,15,14.1,63.2,10929.0
2,CSV_data_F07_240529_i-Lab検体20+50.csv,2_0010,0010,TAT1,42,15,14.1,72.0,10944.0
2,CSV_data_F07_240529_i-Lab検体20+50.csv,2_0010,0010,TAT1,42,15,14.1,81.2,10962.0
2,CSV_data_F07_240529_i-Lab検体20+50.csv,2_0010,0010,TAT1,42,15,14.1,90.0,10974.0
2,CSV_data_F07_240529_i-Lab検体20+50.csv,2_0010,0010,TAT1,42,15,14.1,99.2,10994.0
2,CSV_data_F07_240529_i-Lab検体20+50.csv,2_0010,0010,TAT1,42,15,14.1,108.0,11019.0
2,CSV_data_F07_240529_i-Lab検体20+50.csv,2_0010,0010,TAT1,42,15,14.1,117.2,11038.0
2,CSV_data_F07_240529_i-Lab検体20+50.csv,2_0010,0010,TAT1,42,15,14.1,126.0,11064.0
2,CSV_data_F07_240529_i-Lab検体20+50.csv,2_0010,0010,TAT1,42,15,14.1,135.2,11087.0
2,CSV_data_F07_240529_i-Lab検体20+50.csv,2_0010,0010,TAT1,42,15,14.1,144.0,11102.0
2,CSV_data_F07_240529_i-Lab検体20+50.csv,2_0010,0010,TAT1,42,15,14.1,153.2,11130.0
2,CSV_data_F07_240529_i-Lab検体20+50.csv,2_0010,0010,TAT1,42,15,14.1,162.0,11154.0
2,CSV_data_F07_240529_i-Lab検体20+50.csv,2_0010,0010,TAT1,42,15,14.1,171.2,11174.0
2,CSV_data_F07_240529_i-Lab検体20+50.csv,2_0010,0010,TAT1,42,15,14.1,180.0,11195.0
2,CSV_data_F07_240529_i-Lab検体20+50.csv,2_0010,0010,TAT3,44,16,12.1,0.0,10823.0
2,CSV_data_F07_240529_i-Lab検体20+50.csv,2_0010,0010,TAT3,44,16,12.1,9.2,10812.0
2,CSV_data_F07_240529_i-Lab検体20+50.csv,2_0010,0010,TAT3,44,16,12.1,18.0,10817.0
2,CSV_data_F07_240529_i-Lab検体20+50.csv,2_0010,0010,TAT3,44,16,12.1,27.2,10832.0
2,CSV_data_F07_240529_i-Lab検体20+50.csv,2_0010,0010,TAT3,44,16,12.1,36.0,10846.0
2,CSV_data_F07_240529_i-Lab検体20+50.csv,2_0010,0010,TAT3,44,16,12.1,45.2,10858.0
2,CSV_data_F07_240529_i-Lab検体20+50.csv,2_0010,0010,TAT3,44,16,12.1,54.0,10874.0
2,CSV_data_F07_240529_i-Lab検体20+50.csv,2_0010,0010,TAT3,44,16,12.1,63.2,10885.0
2,CSV_data_F07_240529_i-Lab検体20+50.csv,2_0010,0010,TAT3,44,16,12.1,72.0,10901.0
2,CSV_data_F07_240529_i-Lab検体20+50.csv,2_0010,0010,TAT3,44,16,12.1,81.2,10917.0
2,CSV_data_F07_240529_i-Lab検体20+50.csv,2_0010,0010,TAT3,44,16,12.1,90.0,10930.0
2,CSV_data_F07_240529_i-Lab検体20+50.csv,2_0010,0010,TAT3,44,16,12.1,99.2,10948.0
2,CSV_data_F07_240529_i-Lab検体20+50.csv,2_0010,0010,TAT3,44,16,12.1,108.0,10967.0
2,CSV_data_F07_240529_i-Lab検体20+50.csv,2_0010,0010,TAT3,44,16,12.1,117.2,10986.0
2,CSV_data_F07_240529_i-Lab検体20+50.csv,2_0010,0010,TAT3,44,16,12.1,126.0,11000.0
2,CSV_data_F07_240529_i-Lab検体20+50.csv,2_0010,0010,TAT3,44,16,12.1,135.2,11020.0
2,CSV_data_F07_240529_i-Lab検体20+50.csv,2_0010,0010,TAT3,44,16,12.1,144.0,11040.0
2,CSV_data_F07_240529_i-Lab検体20+50.csv,2_0010,0010,TAT3,44,16,12.1,153.2,11061.0
2,CSV_data_F07_240529_i-Lab検体20+50.csv,2_0010,0010,TAT3,44,16,12.1,162.0,11081.0
2,CSV_data_F07_240529_i-Lab検体20+50.csv,2_0010,0010,TAT3,44,16,12.1,171.2,11098.0
2,CSV_data_F07_240529_i-Lab検体20+50.csv,2_0010,0010,TAT3,44,16,12.1,180.0,11113.0
2,CSV_data_F07_240529_i-Lab検体20+50.csv,2_0010,0010,TAT5,46,17,6.5,0.0,6627.0
2,CSV_data_F07_240529_i-Lab検体20+50.csv,2_0010,0010,TAT5,46,17,6.5,9.2,6638.0
2,CSV_data_F07_240529_i-Lab検体20+50.csv,2_0010,0010,TAT5,46,17,6.5,18.0,6642.0
2,CSV_data_F07_240529_i-Lab検体20+50.csv,2_0010,0010,TAT5,46,17,6.5,27.2,6643.0
2,CSV_data_F07_240529_i-Lab検体20+50.csv,2_0010,0010,TAT5,46,17,6.5,36.0,6652.0
2,CSV_data_F07_240529_i-Lab検体20+50.csv,2_0010,0010,TAT5,46,17,6.5,45.2,6660.0
2,CSV_data_F07_240529_i-Lab検体20+50.csv,2_0010,0010,TAT5,46,17,6.5,54.0,6672.0
2,CSV_data_F07_240529_i-Lab検体20+50.csv,2_0010,0010,TAT5,46,17,6.5,63.2,6679.0
2,CSV_data_F07_240529_i-Lab検体20+50.csv,2_0010,0010,TAT5,46,17,6.5,72.0,6690.0
2,CSV_data_F07_240529_i-Lab検体20+50.csv,2_0010,0010,TAT5,46,17,6.5,81.2,6699.0
2,CSV_data_F07_240529_i-Lab検体20+50.csv,2_0010,0010,TAT5,46,17,6.5,90.0,6702.0
2,CSV_data_F07_240529_i-Lab検体20+50.csv,2_0010,0010,TAT5,46,17,6.5,99.2,6713.0
2,CSV_data_F07_240529_i-Lab検体20+50.csv,2_0010,0010,TAT5,46,17,6.5,108.0,6726.0
2,CSV_data_F07_240529_i-Lab検体20+50.csv,2_0010,0010,TAT5,46,17,6.5,117.2,6736.0
2,CSV_data_F07_240529_i-Lab検体20+50.csv,2_0010,0010,TAT5,46,17,6.5,126.0,6744.0
2,CSV_data_F07_240529_i-Lab検体20+50.csv,2_0010,0010,TAT5,46,17,6.5,135.2,6761.0
2,CSV_data_F07_240529_i-Lab検体20+50.csv,2_0010,0010,TAT5,46,17,6.5,144.0,6765.0
2,CSV_data_F07_240529_i-Lab検体20+50.csv,2_0010,0010,TAT5,46,17,6.5,153.2,6776.0
2,CSV_data_F07_240529_i-Lab検体20+50.csv,2_0010,0010,TAT5,46,17,6.5,162.0,6789.0
2,CSV_data_F07_240529_i-Lab検体20+50.csv,2_0010,0010,TAT5,46,17,6.5,171.2,6796.0
2,CSV_data_F07_240529_i-Lab検体20+50.csv,2_0010,0010,TAT5,46,17,6.5,180.0,6807.0
2,CSV_data_F07_240529_i-Lab検体20+50.csv,2_0010,0010,TAT6,47,18,-0.2,0.0,8710.0
2,CSV_data_F07_240529_i-Lab検体20+50.csv,2_0010,0010,TAT6,47,18,-0.2,9.2,8692.0
2,CSV_data_F07_240529_i-Lab検体20+50.csv,2_0010,0010,TAT6,47,18,-0.2,18.0,8686.0
2,CSV_data_F07_240529_i-Lab検体20+50.csv,2_0010,0010,TAT6,47,18,-0.2,27.2,8691.0
2,CSV_data_F07_240529_i-Lab検体20+50.csv,2_0010,0010,TAT6,47,18,-0.2,36.0,8686.0
2,CSV_data_F07_240529_i-Lab検体20+50.csv,2_0010,0010,TAT6,47,18,-0.2,45.2,8691.0
2,CSV_data_F07_240529_i-Lab検体20+50.csv,2_0010,0010,TAT6,47,18,-0.2,54.0,8686.0
2,CSV_data_F07_240529_i-Lab検体20+50.csv,2_0010,0010,TAT6,47,18,-0.2,63.2,8685.0
2,CSV_data_F07_240529_i-Lab検体20+50.csv,2_0010,0010,TAT6,47,18,-0.2,72.0,8687.0
2,CSV_data_F07_240529_i-Lab検体20+50.csv,2_0010,0010,TAT6,47,18,-0.2,81.2,8690.0
2,CSV_data_F07_240529_i-Lab検体20+50.csv,2_0010,0010,TAT6,47,18,-0.2,90.0,8690.0
2,CSV_data_F07_240529_i-Lab検体20+50.csv,2_0010,0010,TAT6,47,18,-0.2,99.2,8688.0
2,CSV_data_F07_240529_i-Lab検体20+50.csv,2_0010,0010,TAT6,47,18,-0.2,108.0,8687.0
2,CSV_data_F07_240529_i-Lab検体20+50.csv,2_0010,0010,TAT6,47,18,-0.2,117.2,8686.0
2,CSV_data_F07_240529_i-Lab検体20+50.csv,2_0010,0010,TAT6,47,18,-0.2,126.0,8688.0
2,CSV_data_F07_240529_i-Lab検体20+50.csv,2_0010,0010,TAT6,47,18,-0.2,135.2,8689.0
2,CSV_data_F07_240529_i-Lab検体20+50.csv,2_0010,0010,TAT6,47,18,-0.2,144.0,8693.0
2,CSV_data_F07_240529_i-Lab検体20+50.csv,2_0010,0010,TAT6,47,18,-0.2,153.2,8693.0
2,CSV_data_F07_240529_i-Lab検体20+50.csv,2_0010,0010,TAT6,47,18,-0.2,162.0,8690.0
2,CSV_data_F07_240529_i-Lab検体20+50.csv,2_0010,0010,TAT6,47,18,-0.2,171.2,8687.0
2,CSV_data_F07_240529_i-Lab検体20+50.csv,2_0010,0010,TAT6,47,18,-0.2,180.0,8684.0
2,CSV_data_F07_240529_i-Lab検体20+50.csv,2_0011,0011,TAT206,41,19,9.7,0.0,11338.0
2,CSV_data_F07_240529_i-Lab検体20+50.csv,2_0011,0011,TAT206,41,19,9.7,9.2,11353.0
2,CSV_data_F07_240529_i-Lab検体20+50.csv,2_0011,0011,TAT206,41,19,9.7,18.0,11366.0
2,CSV_data_F07_240529_i-Lab検体20+50.csv,2_0011,0011,TAT206,41,19,9.7,27.2,11376.0
2,CSV_data_F07_240529_i-Lab検体20+50.csv,2_0011,0011,TAT206,41,19,9.7,36.0,11387.0
2,CSV_data_F07_240529_i-Lab検体20+50.csv,2_0011,0011,TAT206,41,19,9.7,45.2,11399.0
2,CSV_data_F07_240529_i-Lab検体20+50.csv,2_0011,0011,TAT206,41,19,9.7,54.0,11418.0
2,CSV_data_F07_240529_i-Lab検体20+50.csv,2_0011,0011,TAT206,41,19,9.7,63.2,11432.0
2,CSV_data_F07_240529_i-Lab検体20+50.csv,2_0011,0011,TAT206,41,19,9.7,72.0,11442.0
2,CSV_data_F07_240529_i-Lab検体20+50.csv,2_0011,0011,TAT206,41,19,9.7,81.2,11459.0
2,CSV_data_F07_240529_i-Lab検体20+50.csv,2_0011,0011,TAT206,41,19,9.7,90.0,11469.0
2,CSV_data_F07_240529_i-Lab検体20+50.csv,2_0011,0011,TAT206,41,19,9.7,99.2,11487.0
2,CSV_data_F07_240529_i-Lab検体20+50.csv,2_0011,0011,TAT206,41,19,9.7,108.0,11503.0
2,CSV_data_F07_240529_i-Lab検体20+50.csv,2_0011,0011,TAT206,41,19,9.7,117.2,11519.0
2,CSV_data_F07_240529_i-Lab検体20+50.csv,2_0011,0011,TAT206,41,19,9.7,126.0,11531.0
2,CSV_data_F07_240529_i-Lab検体20+50.csv,2_0011,0011,TAT206,41,19,9.7,135.2,11551.0
2,CSV_data_F07_240529_i-Lab検体20+50.csv,2_0011,0011,TAT206,41,19,9.7,144.0,11560.0
2,CSV_data_F07_240529_i-Lab検体20+50.csv,2_0011,0011,TAT206,41,19,9.7,153.2,11581.0
2,CSV_data_F07_240529_i-Lab検体20+50.csv,2_0011,0011,TAT206,41,19,9.7,162.0,11592.0
2,CSV_data_F07_240529_i-Lab検体20+50.csv,2_0011,0011,TAT206,41,19,9.7,171.2,11605.0
2,CSV_data_F07_240529_i-Lab検体20+50.csv,2_0011,0011,TAT206,41,19,9.7,180.0,11618.0
2,CSV_data_F07_240529_i-Lab検体20+50.csv,2_0011,0011,TAT1,42,20,11.3,0.0,11276.0
2,CSV_data_F07_240529_i-Lab検体20+50.csv,2_0011,0011,TAT1,42,20,11.3,9.2,11294.0
2,CSV_data_F07_240529_i-Lab検体20+50.csv,2_0011,0011,TAT1,42,20,11.3,18.0,11313.0
2,CSV_data_F07_240529_i-Lab検体20+50.csv,2_0011,0011,TAT1,42,20,11.3,27.2,11323.0
2,CSV_data_F07_240529_i-Lab検体20+50.csv,2_0011,0011,TAT1,42,20,11.3,36.0,11334.0
2,CSV_data_F07_240529_i-Lab検体20+50.csv,2_0011,0011,TAT1,42,20,11.3,45.2,11349.0
2,CSV_data_F07_240529_i-Lab検体20+50.csv,2_0011,0011,TAT1,42,20,11.3,54.0,11369.0
2,CSV_data_F07_240529_i-Lab検体20+50.csv,2_0011,0011,TAT1,42,20,11.3,63.2,11381.0
2,CSV_data_F07_240529_i-Lab検体20+50.csv,2_0011,0011,TAT1,42,20,11.3,72.0,11398.0
2,CSV_data_F07_240529_i-Lab検体20+50.csv,2_0011,0011,TAT1,42,20,11.3,81.2,11418.0
2,CSV_data_F07_240529_i-Lab検体20+50.csv,2_0011,0011,TAT1,42,20,11.3,90.0,11434.0
2,CSV_data_F07_240529_i-Lab検体20+50.csv,2_0011,0011,TAT1,42,20,11.3,99.2,11455.0
2,CSV_data_F07_240529_i-Lab検体20+50.csv,2_0011,0011,TAT1,42,20,11.3,108.0,11467.0
2,CSV_data_F07_240529_i-Lab検体20+50.csv,2_0011,0011,TAT1,42,20,11.3,117.2,11484.0
2,CSV_data_F07_240529_i-Lab検体20+50.csv,2_0011,0011,TAT1,42,20,11.3,126.0,11503.0
2,CSV_data_F07_240529_i-Lab検体20+50.csv,2_0011,0011,TAT1,42,20,11.3,135.2,11525.0
2,CSV_data_F07_240529_i-Lab検体20+50.csv,2_0011,0011,TAT1,42,20,11.3,144.0,11538.0
2,CSV_data_F07_240529_i-Lab検体20+50.csv,2_0011,0011,TAT1,42,20,11.3,153.2,11555.0
2,CSV_data_F07_240529_i-Lab検体20+50.csv,2_0011,0011,TAT1,42,20,11.3,162.0,11573.0
2,CSV_data_F07_240529_i-Lab検体20+50.csv,2_0011,0011,TAT1,42,20,11.3,171.2,11587.0
2,CSV_data_F07_240529_i-Lab検体20+50.csv,2_0011,0011,TAT1,42,20,11.3,180.0,11606.0
2,CSV_data_F07_240529_i-Lab検体20+50.csv,2_0011,0011,TAT3,44,15,10.3,0.0,11357.0
2,CSV_data_F07_240529_i-Lab検体20+50.csv,2_0011,0011,TAT3,44,15,10.3,9.2,11370.0
2,CSV_data_F07_240529_i-Lab検体20+50.csv,2_0011,0011,TAT3,44,15,10.3,18.0,11389.0
2,CSV_data_F07_240529_i-Lab検体20+50.csv,2_0011,0011,TAT3,44,15,10.3,27.2,11401.0
2,CSV_data_F07_240529_i-Lab検体20+50.csv,2_0011,0011,TAT3,44,15,10.3,36.0,11418.0
2,CSV_data_F07_240529_i-Lab検体20+50.csv,2_0011,0011,TAT3,44,15,10.3,45.2,11430.0
2,CSV_data_F07_240529_i-Lab検体20+50.csv,2_0011,0011,TAT3,44,15,10.3,54.0,11445.0
2,CSV_data_F07_240529_i-Lab検体20+50.csv,2_0011,0011,TAT3,44,15,10.3,63.2,11454.0
2,CSV_data_F07_240529_i-Lab検体20+50.csv,2_0011,0011,TAT3,44,15,10.3,72.0,11470.0
2,CSV_data_F07_240529_i-Lab検体20+50.csv,2_0011,0011,TAT3,44,15,10.3,81.2,11485.0
2,CSV_data_F07_240529_i-Lab検体20+50.csv,2_0011,0011,TAT3,44,15,10.3,90.0,11497.0
2,CSV_data_F07_240529_i-Lab検体20+50.csv,2_0011,0011,TAT3,44,15,10.3,99.2,11519.0
2,CSV_data_F07_240529_i-Lab検体20+50.csv,2_0011,0011,TAT3,44,15,10.3,108.0,11533.0
2,CSV_data_F07_240529_i-Lab検体20+50.csv,2_0011,0011,TAT3,44,15,10.3,117.2,11543.0
2,CSV_data_F07_240529_i-Lab検体20+50.csv,2_0011,0011,TAT3,44,15,10.3,126.0,11553.0
2,CSV_data_F07_240529_i-Lab検体20+50.csv,2_0011,0011,TAT3,44,15,10.3,135.2,11578.0
2,CSV_data_F07_240529_i-Lab検体20+50.csv,2_0011,0011,TAT3,44,15,10.3,144.0,11590.0
2,CSV_data_F07_240529_i-Lab検体20+50.csv,2_0011,0011,TAT3,44,15,10.3,153.2,11610.0
2,CSV_data_F07_240529_i-Lab検体20+50.csv,2_0011,0011,TAT3,44,15,10.3,162.0,11626.0
2,CSV_data_F07_240529_i-Lab検体20+50.csv,2_0011,0011,TAT3,44,15,10.3,171.2,11640.0
2,CSV_data_F07_240529_i-Lab検体20+50.csv,2_0011,0011,TAT3,44,15,10.3,180.0,11651.0
2,CSV_data_F07_240529_i-Lab検体20+50.csv,2_0011,0011,TAT5,46,16,6.2,0.0,7203.0
2,CSV_data_F07_240529_i-Lab検体20+50.csv,2_0011,0011,TAT5,46,16,6.2,9.2,7206.0
2,CSV_data_F07_240529_i-Lab検体20+50.csv,2_0011,0011,TAT5,46,16,6.2,18.0,7208.0
2,CSV_data_F07_240529_i-Lab検体20+50.csv,2_0011,0011,TAT5,46,16,6.2,27.2,7225.0
2,CSV_data_F07_240529_i-Lab検体20+50.csv,2_0011,0011,TAT5,46,16,6.2,36.0,7229.0
2,CSV_data_F07_240529_i-Lab検体20+50.csv,2_0011,0011,TAT5,46,16,6.2,45.2,7235.0
2,CSV_data_F07_240529_i-Lab検体20+50.csv,2_0011,0011,TAT5,46,16,6.2,54.0,7245.0
2,CSV_data_F07_240529_i-Lab検体20+50.csv,2_0011,0011,TAT5,46,16,6.2,63.2,7256.0
2,CSV_data_F07_240529_i-Lab検体20+50.csv,2_0011,0011,TAT5,46,16,6.2,72.0,7268.0
2,CSV_data_F07_240529_i-Lab検体20+50.csv,2_0011,0011,TAT5,46,16,6.2,81.2,7275.0
2,CSV_data_F07_240529_i-Lab検体20+50.csv,2_0011,0011,TAT5,46,16,6.2,90.0,7283.0
2,CSV_data_F07_240529_i-Lab検体20+50.csv,2_0011,0011,TAT5,46,16,6.2,99.2,7288.0
2,CSV_data_F07_240529_i-Lab検体20+50.csv,2_0011,0011,TAT5,46,16,6.2,108.0,7301.0
2,CSV_data_F07_240529_i-Lab検体20+50.csv,2_0011,0011,TAT5,46,16,6.2,117.2,7312.0
2,CSV_data_F07_240529_i-Lab検体20+50.csv,2_0011,0011,TAT5,46,16,6.2,126.0,7317.0
2,CSV_data_F07_240529_i-Lab検体20+50.csv,2_0011,0011,TAT5,46,16,6.2,135.2,7331.0
2,CSV_data_F07_240529_i-Lab検体20+50.csv,2_0011,0011,TAT5,46,16,6.2,144.0,7342.0
2,CSV_data_F07_240529_i-Lab検体20+50.csv,2_0011,0011,TAT5,46,16,6.2,153.2,7347.0
2,CSV_data_F07_240529_i-Lab検体20+50.csv,2_0011,0011,TAT5,46,16,6.2,162.0,7357.0
2,CSV_data_F07_240529_i-Lab検体20+50.csv,2_0011,0011,TAT5,46,16,6.2,171.2,7368.0
2,CSV_data_F07_240529_i-Lab検体20+50.csv,2_0011,0011,TAT5,46,16,6.2,180.0,7377.0
2,CSV_data_F07_240529_i-Lab検体20+50.csv,2_0011,0011,TAT6,47,17,0.7,0.0,9051.0
2,CSV_data_F07_240529_i-Lab検体20+50.csv,2_0011,0011,TAT6,47,17,0.7,9.2,9018.0
2,CSV_data_F07_240529_i-Lab検体20+50.csv,2_0011,0011,TAT6,47,17,0.7,18.0,9016.0
2,CSV_data_F07_240529_i-Lab検体20+50.csv,2_0011,0011,TAT6,47,17,0.7,27.2,9024.0
2,CSV_data_F07_240529_i-Lab検体20+50.csv,2_0011,0011,TAT6,47,17,0.7,36.0,9023.0
2,CSV_data_F07_240529_i-Lab検体20+50.csv,2_0011,0011,TAT6,47,17,0.7,45.2,9029.0
2,CSV_data_F07_240529_i-Lab検体20+50.csv,2_0011,0011,TAT6,47,17,0.7,54.0,9031.0
2,CSV_data_F07_240529_i-Lab検体20+50.csv,2_0011,0011,TAT6,47,17,0.7,63.2,9035.0
2,CSV_data_F07_240529_i-Lab検体20+50.csv,2_0011,0011,TAT6,47,17,0.7,72.0,9037.0
2,CSV_data_F07_240529_i-Lab検体20+50.csv,2_0011,0011,TAT6,47,17,0.7,81.2,9040.0
2,CSV_data_F07_240529_i-Lab検体20+50.csv,2_0011,0011,TAT6,47,17,0.7,90.0,9042.0
2,CSV_data_F07_240529_i-Lab検体20+50.csv,2_0011,0011,TAT6,47,17,0.7,99.2,9042.0
2,CSV_data_F07_240529_i-Lab検体20+50.csv,2_0011,0011,TAT6,47,17,0.7,108.0,9044.0
2,CSV_data_F07_240529_i-Lab検体20+50.csv,2_0011,0011,TAT6,47,17,0.7,117.2,9044.0
2,CSV_data_F07_240529_i-Lab検体20+50.csv,2_0011,0011,TAT6,47,17,0.7,126.0,9044.0
2,CSV_data_F07_240529_i-Lab検体20+50.csv,2_0011,0011,TAT6,47,17,0.7,135.2,9048.0
2,CSV_data_F07_240529_i-Lab検体20+50.csv,2_0011,0011,TAT6,47,17,0.7,144.0,9053.0
2,CSV_data_F07_240529_i-Lab検体20+50.csv,2_0011,0011,TAT6,47,17,0.7,153.2,9056.0
2,CSV_data_F07_240529_i-Lab検体20+50.csv,2_0011,0011,TAT6,47,17,0.7,162.0,9051.0
2,CSV_data_F07_240529_i-Lab検体20+50.csv,2_0011,0011,TAT6,47,17,0.7,171.2,9051.0
2,CSV_data_F07_240529_i-Lab検体20+50.csv,2_0011,0011,TAT6,47,17,0.7,180.0,9056.0
2,CSV_data_F07_240529_i-Lab検体20+50.csv,2_0012,0012,TAT206,41,18,12.1,0.0,10951.0
2,CSV_data_F07_240529_i-Lab検体20+50.csv,2_0012,0012,TAT206,41,18,12.1,9.2,10959.0
2,CSV_data_F07_240529_i-Lab検体20+50.csv,2_0012,0012,TAT206,41,18,12.1,18.0,10966.0
2,CSV_data_F07_240529_i-Lab検体20+50.csv,2_0012,0012,TAT206,41,18,12.1,27.2,10981.0
2,CSV_data_F07_240529_i-Lab検体20+50.csv,2_0012,0012,TAT206,41,18,12.1,36.0,10990.0
2,CSV_data_F07_240529_i-Lab検体20+50.csv,2_0012,0012,TAT206,41,18,12.1,45.2,11001.0
2,CSV_data_F07_240529_i-Lab検体20+50.csv,2_0012,0012,TAT206,41,18,12.1,54.0,11029.0
2,CSV_data_F07_240529_i-Lab検体20+50.csv,2_0012,0012,TAT206,41,18,12.1,63.2,11042.0
2,CSV_data_F07_240529_i-Lab検体20+50.csv,2_0012,0012,TAT206,41,18,12.1,72.0,11048.0
2,CSV_data_F07_240529_i-Lab検体20+50.csv,2_0012,0012,TAT206,41,18,12.1,81.2,11067.0
2,CSV_data_F07_240529_i-Lab検体20+50.csv,2_0012,0012,TAT206,41,18,12.1,90.0,11081.0
2,CSV_data_F07_240529_i-Lab検体20+50.csv,2_0012,0012,TAT206,41,18,12.1,99.2,11096.0
2,CSV_data_F07_240529_i-Lab検体20+50.csv,2_0012,0012,TAT206,41,18,12.1,108.0,11116.0
2,CSV_data_F07_240529_i-Lab検体20+50.csv,2_0012,0012,TAT206,41,18,12.1,117.2,11123.0
2,CSV_data_F07_240529_i-Lab検体20+50.csv,2_0012,0012,TAT206,41,18,12.1,126.0,11150.0
2,CSV_data_F07_240529_i-Lab検体20+50.csv,2_0012,0012,TAT206,41,18,12.1,135.2,11165.0
2,CSV_data_F07_240529_i-Lab検体20+50.csv,2_0012,0012,TAT206,41,18,12.1,144.0,11185.0
2,CSV_data_F07_240529_i-Lab検体20+50.csv,2_0012,0012,TAT206,41,18,12.1,153.2,11205.0
2,CSV_data_F07_240529_i-Lab検体20+50.csv,2_0012,0012,TAT206,41,18,12.1,162.0,11224.0
2,CSV_data_F07_240529_i-Lab検体20+50.csv,2_0012,0012,TAT206,41,18,12.1,171.2,11248.0
2,CSV_data_F07_240529_i-Lab検体20+50.csv,2_0012,0012,TAT206,41,18,12.1,180.0,11268.0
2,CSV_data_F07_240529_i-Lab検体20+50.csv,2_0012,0012,TAT1,42,19,15.5,0.0,10982.0
2,CSV_data_F07_240529_i-Lab検体20+50.csv,2_0012,0012,TAT1,42,19,15.5,9.2,10982.0
2,CSV_data_F07_240529_i-Lab検体20+50.csv,2_0012,0012,TAT1,42,19,15.5,18.0,10995.0
2,CSV_data_F07_240529_i-Lab検体20+50.csv,2_0012,0012,TAT1,42,19,15.5,27.2,11004.0
2,CSV_data_F07_240529_i-Lab検体20+50.csv,2_0012,0012,TAT1,42,19,15.5,36.0,11016.0
2,CSV_data_F07_240529_i-Lab検体20+50.csv,2_0012,0012,TAT1,42,19,15.5,45.2,11035.0
2,CSV_data_F07_240529_i-Lab検体20+50.csv,2_0012,0012,TAT1,42,19,15.5,54.0,11053.0
2,CSV_data_F07_240529_i-Lab検体20+50.csv,2_0012,0012,TAT1,42,19,15.5,63.2,11077.0
2,CSV_data_F07_240529_i-Lab検体20+50.csv,2_0012,0012,TAT1,42,19,15.5,72.0,11090.0
2,CSV_data_F07_240529_i-Lab検体20+50.csv,2_0012,0012,TAT1,42,19,15.5,81.2,11107.0
2,CSV_data_F07_240529_i-Lab検体20+50.csv,2_0012,0012,TAT1,42,19,15.5,90.0,11133.0
2,CSV_data_F07_240529_i-Lab検体20+50.csv,2_0012,0012,TAT1,42,19,15.5,99.2,11152.0
2,CSV_data_F07_240529_i-Lab検体20+50.csv,2_0012,0012,TAT1,42,19,15.5,108.0,11171.0
2,CSV_data_F07_240529_i-Lab検体20+50.csv,2_0012,0012,TAT1,42,19,15.5,117.2,11196.0
2,CSV_data_F07_240529_i-Lab検体20+50.csv,2_0012,0012,TAT1,42,19,15.5,126.0,11220.0
2,CSV_data_F07_240529_i-Lab検体20+50.csv,2_0012,0012,TAT1,42,19,15.5,135.2,11246.0
2,CSV_data_F07_240529_i-Lab検体20+50.csv,2_0012,0012,TAT1,42,19,15.5,144.0,11262.0
2,CSV_data_F07_240529_i-Lab検体20+50.csv,2_0012,0012,TAT1,42,19,15.5,153.2,11295.0
2,CSV_data_F07_240529_i-Lab検体20+50.csv,2_0012,0012,TAT1,42,19,15.5,162.0,11319.0
2,CSV_data_F07_240529_i-Lab検体20+50.csv,2_0012,0012,TAT1,42,19,15.5,171.2,11340.0
2,CSV_data_F07_240529_i-Lab検体20+50.csv,2_0012,0012,TAT1,42,19,15.5,180.0,11370.0
2,CSV_data_F07_240529_i-Lab検体20+50.csv,2_0012,0012,TAT3,44,20,12.6,0.0,10999.0
2,CSV_data_F07_240529_i-Lab検体20+50.csv,2_0012,0012,TAT3,44,20,12.6,9.2,11014.0
2,CSV_data_F07_240529_i-Lab検体20+50.csv,2_0012,0012,TAT3,44,20,12.6,18.0,11018.0
2,CSV_data_F07_240529_i-Lab検体20+50.csv,2_0012,0012,TAT3,44,20,12.6,27.2,11038.0
2,CSV_data_F07_240529_i-Lab検体20+50.csv,2_0012,0012,TAT3,44,20,12.6,36.0,11048.0
2,CSV_data_F07_240529_i-Lab検体20+50.csv,2_0012,0012,TAT3,44,20,12.6,45.2,11058.0
2,CSV_data_F07_240529_i-Lab検体20+50.csv,2_0012,0012,TAT3,44,20,12.6,54.0,11073.0
2,CSV_data_F07_240529_i-Lab検体20+50.csv,2_0012,0012,TAT3,44,20,12.6,63.2,11081.0
2,CSV_data_F07_240529_i-Lab検体20+50.csv,2_0012,0012,TAT3,44,20,12.6,72.0,11097.0
2,CSV_data_F07_240529_i-Lab検体20+50.csv,2_0012,0012,TAT3,44,20,12.6,81.2,11116.0
2,CSV_data_F07_240529_i-Lab検体20+50.csv,2_0012,0012,TAT3,44,20,12.6,90.0,11109.0
2,CSV_data_F07_240529_i-Lab検体20+50.csv,2_0012,0012,TAT3,44,20,12.6,99.2,11150.0
2,CSV_data_F07_240529_i-Lab検体20+50.csv,2_0012,0012,TAT3,44,20,12.6,108.0,11170.0
2,CSV_data_F07_240529_i-Lab検体20+50.csv,2_0012,0012,TAT3,44,20,12.6,117.2,11184.0
2,CSV_data_F07_240529_i-Lab検体20+50.csv,2_0012,0012,TAT3,44,20,12.6,126.0,11203.0
2,CSV_data_F07_240529_i-Lab検体20+50.csv,2_0012,0012,TAT3,44,20,12.6,135.2,11222.0
2,CSV_data_F07_240529_i-Lab検体20+50.csv,2_0012,0012,TAT3,44,20,12.6,144.0,11243.0
2,CSV_data_F07_240529_i-Lab検体20+50.csv,2_0012,0012,TAT3,44,20,12.6,153.2,11268.0
2,CSV_data_F07_240529_i-Lab検体20+50.csv,2_0012,0012,TAT3,44,20,12.6,162.0,11292.0
2,CSV_data_F07_240529_i-Lab検体20+50.csv,2_0012,0012,TAT3,44,20,12.6,171.2,11305.0
2,CSV_data_F07_240529_i-Lab検体20+50.csv,2_0012,0012,TAT3,44,20,12.6,180.0,11325.0
2,CSV_data_F07_240529_i-Lab検体20+50.csv,2_0012,0012,TAT5,46,15,4.7,0.0,6843.0
2,CSV_data_F07_240529_i-Lab検体20+50.csv,2_0012,0012,TAT5,46,15,4.7,9.2,6845.0
2,CSV_data_F07_240529_i-Lab検体20+50.csv,2_0012,0012,TAT5,46,15,4.7,18.0,6851.0
2,CSV_data_F07_240529_i-Lab検体20+50.csv,2_0012,0012,TAT5,46,15,4.7,27.2,6855.0
2,CSV_data_F07_240529_i-Lab検体20+50.csv,2_0012,0012,TAT5,46,15,4.7,36.0,6859.0
2,CSV_data_F07_240529_i-Lab検体20+50.csv,2_0012,0012,TAT5,46,15,4.7,45.2,6865.0
2,CSV_data_F07_240529_i-Lab検体20+50.csv,2_0012,0012,TAT5,46,15,4.7,54.0,6867.0
2,CSV_data_F07_240529_i-Lab検体20+50.csv,2_0012,0012,TAT5,46,15,4.7,63.2,6880.0
2,CSV_data_F07_240529_i-Lab検体20+50.csv,2_0012,0012,TAT5,46,15,4.7,72.0,6876.0
2,CSV_data_F07_240529_i-Lab検体20+50.csv,2_0012,0012,TAT5,46,15,4.7,81.2,6888.0
2,CSV_data_F07_240529_i-Lab検体20+50.csv,2_0012,0012,TAT5,46,15,4.7,90.0,6891.0
2,CSV_data_F07_240529_i-Lab検体20+50.csv,2_0012,0012,TAT5,46,15,4.7,99.2,6898.0
2,CSV_data_F07_240529_i-Lab検体20+50.csv,2_0012,0012,TAT5,46,15,4.7,108.0,6905.0
2,CSV_data_F07_240529_i-Lab検体20+50.csv,2_0012,0012,TAT5,46,15,4.7,117.2,6914.0
2,CSV_data_F07_240529_i-Lab検体20+50.csv,2_0012,0012,TAT5,46,15,4.7,126.0,6920.0
2,CSV_data_F07_240529_i-Lab検体20+50.csv,2_0012,0012,TAT5,46,15,4.7,135.2,6927.0
2,CSV_data_F07_240529_i-Lab検体20+50.csv,2_0012,0012,TAT5,46,15,4.7,144.0,6934.0
2,CSV_data_F07_240529_i-Lab検体20+50.csv,2_0012,0012,TAT5,46,15,4.7,153.2,6938.0
2,CSV_data_F07_240529_i-Lab検体20+50.csv,2_0012,0012,TAT5,46,15,4.7,162.0,6951.0
2,CSV_data_F07_240529_i-Lab検体20+50.csv,2_0012,0012,TAT5,46,15,4.7,171.2,6959.0
2,CSV_data_F07_240529_i-Lab検体20+50.csv,2_0012,0012,TAT5,46,15,4.7,180.0,6965.0
2,CSV_data_F07_240529_i-Lab検体20+50.csv,2_0012,0012,TAT6,47,16,0.9,0.0,8813.0
2,CSV_data_F07_240529_i-Lab検体20+50.csv,2_0012,0012,TAT6,47,16,0.9,9.2,8817.0
2,CSV_data_F07_240529_i-Lab検体20+50.csv,2_0012,0012,TAT6,47,16,0.9,18.0,8815.0
2,CSV_data_F07_240529_i-Lab検体20+50.csv,2_0012,0012,TAT6,47,16,0.9,27.2,8807.0
2,CSV_data_F07_240529_i-Lab検体20+50.csv,2_0012,0012,TAT6,47,16,0.9,36.0,8815.0
2,CSV_data_F07_240529_i-Lab検体20+50.csv,2_0012,0012,TAT6,47,16,0.9,45.2,8814.0
2,CSV_data_F07_240529_i-Lab検体20+50.csv,2_0012,0012,TAT6,47,16,0.9,54.0,8811.0
2,CSV_data_F07_240529_i-Lab検体20+50.csv,2_0012,0012,TAT6,47,16,0.9,63.2,8813.0
2,CSV_data_F07_240529_i-Lab検体20+50.csv,2_0012,0012,TAT6,47,16,0.9,72.0,8817.0
2,CSV_data_F07_240529_i-Lab検体20+50.csv,2_0012,0012,TAT6,47,16,0.9,81.2,8811.0
2,CSV_data_F07_240529_i-Lab検体20+50.csv,2_0012,0012,TAT6,47,16,0.9,90.0,8818.0
2,CSV_data_F07_240529_i-Lab検体20+50.csv,2_0012,0012,TAT6,47,16,0.9,99.2,8822.0
2,CSV_data_F07_240529_i-Lab検体20+50.csv,2_0012,0012,TAT6,47,16,0.9,108.0,8819.0
2,CSV_data_F07_240529_i-Lab検体20+50.csv,2_0012,0012,TAT6,47,16,0.9,117.2,8818.0
2,CSV_data_F07_240529_i-Lab検体20+50.csv,2_0012,0012,TAT6,47,16,0.9,126.0,8823.0
2,CSV_data_F07_240529_i-Lab検体20+50.csv,2_0012,0012,TAT6,47,16,0.9,135.2,8826.0
2,CSV_data_F07_240529_i-Lab検体20+50.csv,2_0012,0012,TAT6,47,16,0.9,144.0,8823.0
2,CSV_data_F07_240529_i-Lab検体20+50.csv,2_0012,0012,TAT6,47,16,0.9,153.2,8826.0
2,CSV_data_F07_240529_i-Lab検体20+50.csv,2_0012,0012,TAT6,47,16,0.9,162.0,8825.0
2,CSV_data_F07_240529_i-Lab検体20+50.csv,2_0012,0012,TAT6,47,16,0.9,171.2,8825.0
2,CSV_data_F07_240529_i-Lab検体20+50.csv,2_0012,0012,TAT6,47,16,0.9,180.0,8833.0
2,CSV_data_F07_240529_i-Lab検体20+50.csv,2_0013,0013,TAT206,41,17,10.3,0.0,11197.0
2,CSV_data_F07_240529_i-Lab検体20+50.csv,2_0013,0013,TAT206,41,17,10.3,9.2,11211.0
2,CSV_data_F07_240529_i-Lab検体20+50.csv,2_0013,0013,TAT206,41,17,10.3,18.0,11213.0
2,CSV_data_F07_240529_i-Lab検体20+50.csv,2_0013,0013,TAT206,41,17,10.3,27.2,11222.0
2,CSV_data_F07_240529_i-Lab検体20+50.csv,2_0013,0013,TAT206,41,17,10.3,36.0,11234.0
2,CSV_data_F07_240529_i-Lab検体20+50.csv,2_0013,0013,TAT206,41,17,10.3,45.2,11248.0
2,CSV_data_F07_240529_i-Lab検体20+50.csv,2_0013,0013,TAT206,41,17,10.3,54.0,11260.0
2,CSV_data_F07_240529_i-Lab検体20+50.csv,2_0013,0013,TAT206,41,17,10.3,63.2,11274.0
2,CSV_data_F07_240529_i-Lab検体20+50.csv,2_0013,0013,TAT206,41,17,10.3,72.0,11287.0
2,CSV_data_F07_240529_i-Lab検体20+50.csv,2_0013,0013,TAT206,41,17,10.3,81.2,11299.0
2,CSV_data_F07_240529_i-Lab検体20+50.csv,2_0013,0013,TAT206,41,17,10.3,90.0,11318.0
2,CSV_data_F07_240529_i-Lab検体20+50.csv,2_0013,0013,TAT206,41,17,10.3,99.2,11326.0
2,CSV_data_F07_240529_i-Lab検体20+50.csv,2_0013,0013,TAT206,41,17,10.3,108.0,11345.0
2,CSV_data_F07_240529_i-Lab検体20+50.csv,2_0013,0013,TAT206,41,17,10.3,117.2,11358.0
2,CSV_data_F07_240529_i-Lab検体20+50.csv,2_0013,0013,TAT206,41,17,10.3,126.0,11372.0
2,CSV_data_F07_240529_i-Lab検体20+50.csv,2_0013,0013,TAT206,41,17,10.3,135.2,11384.0
2,CSV_data_F07_240529_i-Lab検体20+50.csv,2_0013,0013,TAT206,41,17,10.3,144.0,11405.0
2,CSV_data_F07_240529_i-Lab検体20+50.csv,2_0013,0013,TAT206,41,17,10.3,153.2,11422.0
2,CSV_data_F07_240529_i-Lab検体20+50.csv,2_0013,0013,TAT206,41,17,10.3,162.0,11432.0
2,CSV_data_F07_240529_i-Lab検体20+50.csv,2_0013,0013,TAT206,41,17,10.3,171.2,11454.0
2,CSV_data_F07_240529_i-Lab検体20+50.csv,2_0013,0013,TAT206,41,17,10.3,180.0,11470.0
2,CSV_data_F07_240529_i-Lab検体20+50.csv,2_0013,0013,TAT1,42,18,11.5,0.0,11122.0
2,CSV_data_F07_240529_i-Lab検体20+50.csv,2_0013,0013,TAT1,42,18,11.5,9.2,11122.0
2,CSV_data_F07_240529_i-Lab検体20+50.csv,2_0013,0013,TAT1,42,18,11.5,18.0,11132.0
2,CSV_data_F07_240529_i-Lab検体20+50.csv,2_0013,0013,TAT1,42,18,11.5,27.2,11139.0
2,CSV_data_F07_240529_i-Lab検体20+50.csv,2_0013,0013,TAT1,42,18,11.5,36.0,11164.0
2,CSV_data_F07_240529_i-Lab検体20+50.csv,2_0013,0013,TAT1,42,18,11.5,45.2,11177.0
2,CSV_data_F07_240529_i-Lab検体20+50.csv,2_0013,0013,TAT1,42,18,11.5,54.0,11190.0
2,CSV_data_F07_240529_i-Lab検体20+50.csv,2_0013,0013,TAT1,42,18,11.5,63.2,11203.0
2,CSV_data_F07_240529_i-Lab検体20+50.csv,2_0013,0013,TAT1,42,18,11.5,72.0,11226.0
2,CSV_data_F07_240529_i-Lab検体20+50.csv,2_0013,0013,TAT1,42,18,11.5,81.2,11232.0
2,CSV_data_F07_240529_i-Lab検体20+50.csv,2_0013,0013,TAT1,42,18,11.5,90.0,11249.0
2,CSV_data_F07_240529_i-Lab検体20+50.csv,2_0013,0013,TAT1,42,18,11.5,99.2,11262.0
2,CSV_data_F07_240529_i-Lab検体20+50.csv,2_0013,0013,TAT1,42,18,11.5,108.0,11279.0
2,CSV_data_F07_240529_i-Lab検体20+50.csv,2_0013,0013,TAT1,42,18,11.5,117.2,11304.0
2,CSV_data_F07_240529_i-Lab検体20+50.csv,2_0013,0013,TAT1,42,18,11.5,126.0,11317.0
2,CSV_data_F07_240529_i-Lab検体20+50.csv,2_0013,0013,TAT1,42,18,11.5,135.2,11335.0
2,CSV_data_F07_240529_i-Lab検体20+50.csv,2_0013,0013,TAT1,42,18,11.5,144.0,11355.0
2,CSV_data_F07_240529_i-Lab検体20+50.csv,2_0013,0013,TAT1,42,18,11.5,153.2,11371.0
2,CSV_data_F07_240529_i-Lab検体20+50.csv,2_0013,0013,TAT1,42,18,11.5,162.0,11383.0
2,CSV_data_F07_240529_i-Lab検体20+50.csv,2_0013,0013,TAT1,42,18,11.5,171.2,11405.0
2,CSV_data_F07_240529_i-Lab検体20+50.csv,2_0013,0013,TAT1,42,18,11.5,180.0,11422.0
2,CSV_data_F07_240529_i-Lab検体20+50.csv,2_0013,0013,TAT3,44,19,10.7,0.0,11283.0
2,CSV_data_F07_240529_i-Lab検体20+50.csv,2_0013,0013,TAT3,44,19,10.7,9.2,11287.0
2,CSV_data_F07_240529_i-Lab検体20+50.csv,2_0013,0013,TAT3,44,19,10.7,18.0,11294.0
2,CSV_data_F07_240529_i-Lab検体20+50.csv,2_0013,0013,TAT3,44,19,10.7,27.2,11304.0
2,CSV_data_F07_240529_i-Lab検体20+50.csv,2_0013,0013,TAT3,44,19,10.7,36.0,11316.0
2,CSV_data_F07_240529_i-Lab検体20+50.csv,2_0013,0013,TAT3,44,19,10.7,45.2,11333.0
2,CSV_data_F07_240529_i-Lab検体20+50.csv,2_0013,0013,TAT3,44,19,10.7,54.0,11346.0
2,CSV_data_F07_240529_i-Lab検体20+50.csv,2_0013,0013,TAT3,44,19,10.7,63.2,11360.0
2,CSV_data_F07_240529_i-Lab検体20+50.csv,2_0013,0013,TAT3,44,19,10.7,72.0,11376.0
2,CSV_data_F07_240529_i-Lab検体20+50.csv,2_0013,0013,TAT3,44,19,10.7,81.2,11386.0
2,CSV_data_F07_240529_i-Lab検体20+50.csv,2_0013,0013,TAT3,44,19,10.7,90.0,11401.0
2,CSV_data_F07_240529_i-Lab検体20+50.csv,2_0013,0013,TAT3,44,19,10.7,99.2,11417.0
2,CSV_data_F07_240529_i-Lab検体20+50.csv,2_0013,0013,TAT3,44,19,10.7,108.0,11433.0
2,CSV_data_F07_240529_i-Lab検体20+50.csv,2_0013,0013,TAT3,44,19,10.7,117.2,11449.0
2,CSV_data_F07_240529_i-Lab検体20+50.csv,2_0013,0013,TAT3,44,19,10.7,126.0,11466.0
2,CSV_data_F07_240529_i-Lab検体20+50.csv,2_0013,0013,TAT3,44,19,10.7,135.2,11480.0
2,CSV_data_F07_240529_i-Lab検体20+50.csv,2_0013,0013,TAT3,44,19,10.7,144.0,11496.0
2,CSV_data_F07_240529_i-Lab検体20+50.csv,2_0013,0013,TAT3,44,19,10.7,153.2,11511.0
2,CSV_data_F07_240529_i-Lab検体20+50.csv,2_0013,0013,TAT3,44,19,10.7,162.0,11527.0
2,CSV_data_F07_240529_i-Lab検体20+50.csv,2_0013,0013,TAT3,44,19,10.7,171.2,11546.0
2,CSV_data_F07_240529_i-Lab検体20+50.csv,2_0013,0013,TAT3,44,19,10.7,180.0,11564.0
2,CSV_data_F07_240529_i-Lab検体20+50.csv,2_0013,0013,TAT5,46,20,6.7,0.0,7258.0
2,CSV_data_F07_240529_i-Lab検体20+50.csv,2_0013,0013,TAT5,46,20,6.7,9.2,7272.0
2,CSV_data_F07_240529_i-Lab検体20+50.csv,2_0013,0013,TAT5,46,20,6.7,18.0,7278.0
2,CSV_data_F07_240529_i-Lab検体20+50.csv,2_0013,0013,TAT5,46,20,6.7,27.2,7285.0
2,CSV_data_F07_240529_i-Lab検体20+50.csv,2_0013,0013,TAT5,46,20,6.7,36.0,7296.0
2,CSV_data_F07_240529_i-Lab検体20+50.csv,2_0013,0013,TAT5,46,20,6.7,45.2,7300.0
2,CSV_data_F07_240529_i-Lab検体20+50.csv,2_0013,0013,TAT5,46,20,6.7,54.0,7315.0
2,CSV_data_F07_240529_i-Lab検体20+50.csv,2_0013,0013,TAT5,46,20,6.7,63.2,7323.0
2,CSV_data_F07_240529_i-Lab検体20+50.csv,2_0013,0013,TAT5,46,20,6.7,72.0,7332.0
2,CSV_data_F07_240529_i-Lab検体20+50.csv,2_0013,0013,TAT5,46,20,6.7,81.2,7340.0
2,CSV_data_F07_240529_i-Lab検体20+50.csv,2_0013,0013,TAT5,46,20,6.7,90.0,7349.0
2,CSV_data_F07_240529_i-Lab検体20+50.csv,2_0013,0013,TAT5,46,20,6.7,99.2,7356.0
2,CSV_data_F07_240529_i-Lab検体20+50.csv,2_0013,0013,TAT5,46,20,6.7,108.0,7369.0
2,CSV_data_F07_240529_i-Lab検体20+50.csv,2_0013,0013,TAT5,46,20,6.7,117.2,7376.0
2,CSV_data_F07_240529_i-Lab検体20+50.csv,2_0013,0013,TAT5,46,20,6.7,126.0,7387.0
2,CSV_data_F07_240529_i-Lab検体20+50.csv,2_0013,0013,TAT5,46,20,6.7,135.2,7402.0
2,CSV_data_F07_240529_i-Lab検体20+50.csv,2_0013,0013,TAT5,46,20,6.7,144.0,7408.0
2,CSV_data_F07_240529_i-Lab検体20+50.csv,2_0013,0013,TAT5,46,20,6.7,153.2,7416.0
2,CSV_data_F07_240529_i-Lab検体20+50.csv,2_0013,0013,TAT5,46,20,6.7,162.0,7433.0
2,CSV_data_F07_240529_i-Lab検体20+50.csv,2_0013,0013,TAT5,46,20,6.7,171.2,7440.0
2,CSV_data_F07_240529_i-Lab検体20+50.csv,2_0013,0013,TAT5,46,20,6.7,180.0,7448.0
2,CSV_data_F07_240529_i-Lab検体20+50.csv,2_0013,0013,TAT6,47,15,1.0,0.0,9106.0
2,CSV_data_F07_240529_i-Lab検体20+50.csv,2_0013,0013,TAT6,47,15,1.0,9.2,9096.0
2,CSV_data_F07_240529_i-Lab検体20+50.csv,2_0013,0013,TAT6,47,15,1.0,18.0,9085.0
2,CSV_data_F07_240529_i-Lab検体20+50.csv,2_0013,0013,TAT6,47,15,1.0,27.2,9077.0
2,CSV_data_F07_240529_i-Lab検体20+50.csv,2_0013,0013,TAT6,47,15,1.0,36.0,9089.0
2,CSV_data_F07_240529_i-Lab検体20+50.csv,2_0013,0013,TAT6,47,15,1.0,45.2,9091.0
2,CSV_data_F07_240529_i-Lab検体20+50.csv,2_0013,0013,TAT6,47,15,1.0,54.0,9095.0
2,CSV_data_F07_240529_i-Lab検体20+50.csv,2_0013,0013,TAT6,47,15,1.0,63.2,9096.0
2,CSV_data_F07_240529_i-Lab検体20+50.csv,2_0013,0013,TAT6,47,15,1.0,72.0,9099.0
2,CSV_data_F07_240529_i-Lab検体20+50.csv,2_0013,0013,TAT6,47,15,1.0,81.2,9096.0
2,CSV_data_F07_240529_i-Lab検体20+50.csv,2_0013,0013,TAT6,47,15,1.0,90.0,9099.0
2,CSV_data_F07_240529_i-Lab検体20+50.csv,2_0013,0013,TAT6,47,15,1.0,99.2,9101.0
2,CSV_data_F07_240529_i-Lab検体20+50.csv,2_0013,0013,TAT6,47,15,1.0,108.0,9101.0
2,CSV_data_F07_240529_i-Lab検体20+50.csv,2_0013,0013,TAT6,47,15,1.0,117.2,9103.0
2,CSV_data_F07_240529_i-Lab検体20+50.csv,2_0013,0013,TAT6,47,15,1.0,126.0,9106.0
2,CSV_data_F07_240529_i-Lab検体20+50.csv,2_0013,0013,TAT6,47,15,1.0,135.2,9104.0
2,CSV_data_F07_240529_i-Lab検体20+50.csv,2_0013,0013,TAT6,47,15,1.0,144.0,9102.0
2,CSV_data_F07_240529_i-Lab検体20+50.csv,2_0013,0013,TAT6,47,15,1.0,153.2,9107.0
2,CSV_data_F07_240529_i-Lab検体20+50.csv,2_0013,0013,TAT6,47,15,1.0,162.0,9114.0
2,CSV_data_F07_240529_i-Lab検体20+50.csv,2_0013,0013,TAT6,47,15,1.0,171.2,9111.0
2,CSV_data_F07_240529_i-Lab検体20+50.csv,2_0013,0013,TAT6,47,15,1.0,180.0,9109.0
2,CSV_data_F07_240529_i-Lab検体20+50.csv,2_0014,0014,TAT206,41,16,17.9,0.0,11096.0
2,CSV_data_F07_240529_i-Lab検体20+50.csv,2_0014,0014,TAT206,41,16,17.9,9.2,11102.0
2,CSV_data_F07_240529_i-Lab検体20+50.csv,2_0014,0014,TAT206,41,16,17.9,18.0,11125.0
2,CSV_data_F07_240529_i-Lab検体20+50.csv,2_0014,0014,TAT206,41,16,17.9,27.2,11140.0
2,CSV_data_F07_240529_i-Lab検体20+50.csv,2_0014,0014,TAT206,41,16,17.9,36.0,11157.0
2,CSV_data_F07_240529_i-Lab検体20+50.csv,2_0014,0014,TAT206,41,16,17.9,45.2,11188.0
2,CSV_data_F07_240529_i-Lab検体20+50.csv,2_0014,0014,TAT206,41,16,17.9,54.0,11214.0
2,CSV_data_F07_240529_i-Lab検体20+50.csv,2_0014,0014,TAT206,41,16,17.9,63.2,11239.0
2,CSV_data_F07_240529_i-Lab検体20+50.csv,2_0014,0014,TAT206,41,16,17.9,72.0,11266.0
2,CSV_data_F07_240529_i-Lab検体20+50.csv,2_0014,0014,TAT206,41,16,17.9,81.2,11298.0
2,CSV_data_F07_240529_i-Lab検体20+50.csv,2_0014,0014,TAT206,41,16,17.9,90.0,11320.0
2,CSV_data_F07_240529_i-Lab検体20+50.csv,2_0014,0014,TAT206,41,16,17.9,99.2,11347.0
2,CSV_data_F07_240529_i-Lab検体20+50.csv,2_0014,0014,TAT206,41,16,17.9,108.0,11377.0
2,CSV_data_F07_240529_i-Lab検体20+50.csv,2_0014,0014,TAT206,41,16,17.9,117.2,11402.0
2,CSV_data_F07_240529_i-Lab検体20+50.csv,2_0014,0014,TAT206,41,16,17.9,126.0,11432.0
2,CSV_data_F07_240529_i-Lab検体20+50.csv,2_0014,0014,TAT206,41,16,17.9,135.2,11457.0
2,CSV_data_F07_240529_i-Lab検体20+50.csv,2_0014,0014,TAT206,41,16,17.9,144.0,11485.0
2,CSV_data_F07_240529_i-Lab検体20+50.csv,2_0014,0014,TAT206,41,16,17.9,153.2,11512.0
2,CSV_data_F07_240529_i-Lab検体20+50.csv,2_0014,0014,TAT206,41,16,17.9,162.0,11538.0
2,CSV_data_F07_240529_i-Lab検体20+50.csv,2_0014,0014,TAT206,41,16,17.9,171.2,11567.0
2,CSV_data_F07_240529_i-Lab検体20+50.csv,2_0014,0014,TAT206,41,16,17.9,180.0,11589.0
2,CSV_data_F07_240529_i-Lab検体20+50.csv,2_0014,0014,TAT1,42,17,20.1,0.0,10997.0
2,CSV_data_F07_240529_i-Lab検体20+50.csv,2_0014,0014,TAT1,42,17,20.1,9.2,11013.0
2,CSV_data_F07_240529_i-Lab検体20+50.csv,2_0014,0014,TAT1,42,17,20.1,18.0,11030.0
2,CSV_data_F07_240529_i-Lab検体20+50.csv,2_0014,0014,TAT1,42,17,20.1,27.2,11059.0
2,CSV_data_F07_240529_i-Lab検体20+50.csv,2_0014,0014,TAT1,42,17,20.1,36.0,11084.0
2,CSV_data_F07_240529_i-Lab検体20+50.csv,2_0014,0014,TAT1,42,17,20.1,45.2,11111.0
2,CSV_data_F07_240529_i-Lab検体20+50.csv,2_0014,0014,TAT1,42,17,20.1,54.0,11143.0
2,CSV_data_F07_240529_i-Lab検体20+50.csv,2_0014,0014,TAT1,42,17,20.1,63.2,11175.0
2,CSV_data_F07_240529_i-Lab検体20+50.csv,2_0014,0014,TAT1,42,17,20.1,72.0,11205.0
2,CSV_data_F07_240529_i-Lab検体20+50.csv,2_0014,0014,TAT1,42,17,20.1,81.2,11236.0
2,CSV_data_F07_240529_i-Lab検体20+50.csv,2_0014,0014,TAT1,42,17,20.1,90.0,11260.0
2,CSV_data_F07_240529_i-Lab検体20+50.csv,2_0014,0014,TAT1,42,17,20.1,99.2,11297.0
2,CSV_data_F07_240529_i-Lab検体20+50.csv,2_0014,0014,TAT1,42,17,20.1,108.0,11330.0
2,CSV_data_F07_240529_i-Lab検体20+50.csv,2_0014,0014,TAT1,42,17,20.1,117.2,11363.0
2,CSV_data_F07_240529_i-Lab検体20+50.csv,2_0014,0014,TAT1,42,17,20.1,126.0,11382.0
2,CSV_data_F07_240529_i-Lab検体20+50.csv,2_0014,0014,TAT1,42,17,20.1,135.2,11413.0
2,CSV_data_F07_240529_i-Lab検体20+50.csv,2_0014,0014,TAT1,42,17,20.1,144.0,11445.0
2,CSV_data_F07_240529_i-Lab検体20+50.csv,2_0014,0014,TAT1,42,17,20.1,153.2,11471.0
2,CSV_data_F07_240529_i-Lab検体20+50.csv,2_0014,0014,TAT1,42,17,20.1,162.0,11501.0
2,CSV_data_F07_240529_i-Lab検体20+50.csv,2_0014,0014,TAT1,42,17,20.1,171.2,11538.0
2,CSV_data_F07_240529_i-Lab検体20+50.csv,2_0014,0014,TAT1,42,17,20.1,180.0,11557.0
2,CSV_data_F07_240529_i-Lab検体20+50.csv,2_0014,0014,TAT3,44,18,15.7,0.0,11220.0
2,CSV_data_F07_240529_i-Lab検体20+50.csv,2_0014,0014,TAT3,44,18,15.7,9.2,11245.0
2,CSV_data_F07_240529_i-Lab検体20+50.csv,2_0014,0014,TAT3,44,18,15.7,18.0,11260.0
2,CSV_data_F07_240529_i-Lab検体20+50.csv,2_0014,0014,TAT3,44,18,15.7,27.2,11275.0
2,CSV_data_F07_240529_i-Lab検体20+50.csv,2_0014,0014,TAT3,44,18,15.7,36.0,11291.0
2,CSV_data_F07_240529_i-Lab検体20+50.csv,2_0014,0014,TAT3,44,18,15.7,45.2,11312.0
2,CSV_data_F07_240529_i-Lab検体20+50.csv,2_0014,0014,TAT3,44,18,15.7,54.0,11335.0
2,CSV_data_F07_240529_i-Lab検体20+50.csv,2_0014,0014,TAT3,44,18,15.7,63.2,11359.0
2,CSV_data_F07_240529_i-Lab検体20+50.csv,2_0014,0014,TAT3,44,18,15.7,72.0,11388.0
2,CSV_data_F07_240529_i-Lab検体20+50.csv,2_0014,0014,TAT3,44,18,15.7,81.2,11407.0
2,CSV_data_F07_240529_i-Lab検体20+50.csv,2_0014,0014,TAT3,44,18,15.7,90.0,11429.0
2,CSV_data_F07_240529_i-Lab検体20+50.csv,2_0014,0014,TAT3,44,18,15.7,99.2,11460.0
2,CSV_data_F07_240529_i-Lab検体20+50.csv,2_0014,0014,TAT3,44,18,15.7,108.0,11486.0
2,CSV_data_F07_240529_i-Lab検体20+50.csv,2_0014,0014,TAT3,44,18,15.7,117.2,11504.0
2,CSV_data_F07_240529_i-Lab検体20+50.csv,2_0014,0014,TAT3,44,18,15.7,126.0,11526.0
2,CSV_data_F07_240529_i-Lab検体20+50.csv,2_0014,0014,TAT3,44,18,15.7,135.2,11555.0
2,CSV_data_F07_240529_i-Lab検体20+50.csv,2_0014,0014,TAT3,44,18,15.7,144.0,11582.0
2,CSV_data_F07_240529_i-Lab検体20+50.csv,2_0014,0014,TAT3,44,18,15.7,153.2,11599.0
2,CSV_data_F07_240529_i-Lab検体20+50.csv,2_0014,0014,TAT3,44,18,15.7,162.0,11622.0
2,CSV_data_F07_240529_i-Lab検体20+50.csv,2_0014,0014,TAT3,44,18,15.7,171.2,11642.0
2,CSV_data_F07_240529_i-Lab検体20+50.csv,2_0014,0014,TAT3,44,18,15.7,180.0,11662.0
2,CSV_data_F07_240529_i-Lab検体20+50.csv,2_0014,0014,TAT5,46,19,8.5,0.0,7150.0
2,CSV_data_F07_240529_i-Lab検体20+50.csv,2_0014,0014,TAT5,46,19,8.5,9.2,7166.0
2,CSV_data_F07_240529_i-Lab検体20+50.csv,2_0014,0014,TAT5,46,19,8.5,18.0,7179.0
2,CSV_data_F07_240529_i-Lab検体20+50.csv,2_0014,0014,TAT5,46,19,8.5,27.2,7193.0
2,CSV_data_F07_240529_i-Lab検体20+50.csv,2_0014,0014,TAT5,46,19,8.5,36.0,7203.0
2,CSV_data_F07_240529_i-Lab検体20+50.csv,2_0014,0014,TAT5,46,19,8.5,45.2,7215.0
2,CSV_data_F07_240529_i-Lab検体20+50.csv,2_0014,0014,TAT5,46,19,8.5,54.0,7232.0
2,CSV_data_F07_240529_i-Lab検体20+50.csv,2_0014,0014,TAT5,46,19,8.5,63.2,7248.0
2,CSV_data_F07_240529_i-Lab検体20+50.csv,2_0014,0014,TAT5,46,19,8.5,72.0,7260.0
2,CSV_data_F07_240529_i-Lab検体20+50.csv,2_0014,0014,TAT5,46,19,8.5,81.2,7274.0
2,CSV_data_F07_240529_i-Lab検体20+50.csv,2_0014,0014,TAT5,46,19,8.5,90.0,7285.0
2,CSV_data_F07_240529_i-Lab検体20+50.csv,2_0014,0014,TAT5,46,19,8.5,99.2,7300.0
2,CSV_data_F07_240529_i-Lab検体20+50.csv,2_0014,0014,TAT5,46,19,8.5,108.0,7311.0
2,CSV_data_F07_240529_i-Lab検体20+50.csv,2_0014,0014,TAT5,46,19,8.5,117.2,7329.0
2,CSV_data_F07_240529_i-Lab検体20+50.csv,2_0014,0014,TAT5,46,19,8.5,126.0,7341.0
2,CSV_data_F07_240529_i-Lab検体20+50.csv,2_0014,0014,TAT5,46,19,8.5,135.2,7351.0
2,CSV_data_F07_240529_i-Lab検体20+50.csv,2_0014,0014,TAT5,46,19,8.5,144.0,7367.0
2,CSV_data_F07_240529_i-Lab検体20+50.csv,2_0014,0014,TAT5,46,19,8.5,153.2,7382.0
2,CSV_data_F07_240529_i-Lab検体20+50.csv,2_0014,0014,TAT5,46,19,8.5,162.0,7393.0
2,CSV_data_F07_240529_i-Lab検体20+50.csv,2_0014,0014,TAT5,46,19,8.5,171.2,7402.0
2,CSV_data_F07_240529_i-Lab検体20+50.csv,2_0014,0014,TAT5,46,19,8.5,180.0,7414.0
2,CSV_data_F07_240529_i-Lab検体20+50.csv,2_0014,0014,TAT6,47,20,1.5,0.0,9052.0
2,CSV_data_F07_240529_i-Lab検体20+50.csv,2_0014,0014,TAT6,47,20,1.5,9.2,9048.0
2,CSV_data_F07_240529_i-Lab検体20+50.csv,2_0014,0014,TAT6,47,20,1.5,18.0,9051.0
2,CSV_data_F07_240529_i-Lab検体20+50.csv,2_0014,0014,TAT6,47,20,1.5,27.2,9045.0
2,CSV_data_F07_240529_i-Lab検体20+50.csv,2_0014,0014,TAT6,47,20,1.5,36.0,9051.0
2,CSV_data_F07_240529_i-Lab検体20+50.csv,2_0014,0014,TAT6,47,20,1.5,45.2,9053.0
2,CSV_data_F07_240529_i-Lab検体20+50.csv,2_0014,0014,TAT6,47,20,1.5,54.0,9054.0
2,CSV_data_F07_240529_i-Lab検体20+50.csv,2_0014,0014,TAT6,47,20,1.5,63.2,9053.0
2,CSV_data_F07_240529_i-Lab検体20+50.csv,2_0014,0014,TAT6,47,20,1.5,72.0,9055.0
2,CSV_data_F07_240529_i-Lab検体20+50.csv,2_0014,0014,TAT6,47,20,1.5,81.2,9055.0
2,CSV_data_F07_240529_i-Lab検体20+50.csv,2_0014,0014,TAT6,47,20,1.5,90.0,9063.0
2,CSV_data_F07_240529_i-Lab検体20+50.csv,2_0014,0014,TAT6,47,20,1.5,99.2,9064.0
2,CSV_data_F07_240529_i-Lab検体20+50.csv,2_0014,0014,TAT6,47,20,1.5,108.0,9063.0
2,CSV_data_F07_240529_i-Lab検体20+50.csv,2_0014,0014,TAT6,47,20,1.5,117.2,9065.0
2,CSV_data_F07_240529_i-Lab検体20+50.csv,2_0014,0014,TAT6,47,20,1.5,126.0,9049.0
2,CSV_data_F07_240529_i-Lab検体20+50.csv,2_0014,0014,TAT6,47,20,1.5,135.2,9073.0
2,CSV_data_F07_240529_i-Lab検体20+50.csv,2_0014,0014,TAT6,47,20,1.5,144.0,9076.0
2,CSV_data_F07_240529_i-Lab検体20+50.csv,2_0014,0014,TAT6,47,20,1.5,153.2,9074.0
2,CSV_data_F07_240529_i-Lab検体20+50.csv,2_0014,0014,TAT6,47,20,1.5,162.0,9072.0
2,CSV_data_F07_240529_i-Lab検体20+50.csv,2_0014,0014,TAT6,47,20,1.5,171.2,9077.0
2,CSV_data_F07_240529_i-Lab検体20+50.csv,2_0014,0014,TAT6,47,20,1.5,180.0,9078.0
2,CSV_data_F07_240529_i-Lab検体20+50.csv,2_0015,0015,TAT206,41,15,5.7,0.0,10965.0
2,CSV_data_F07_240529_i-Lab検体20+50.csv,2_0015,0015,TAT206,41,15,5.7,9.2,10924.0
2,CSV_data_F07_240529_i-Lab検体20+50.csv,2_0015,0015,TAT206,41,15,5.7,18.0,10925.0
2,CSV_data_F07_240529_i-Lab検体20+50.csv,2_0015,0015,TAT206,41,15,5.7,27.2,10928.0
2,CSV_data_F07_240529_i-Lab検体20+50.csv,2_0015,0015,TAT206,41,15,5.7,36.0,10926.0
2,CSV_data_F07_240529_i-Lab検体20+50.csv,2_0015,0015,TAT206,41,15,5.7,45.2,10937.0
2,CSV_data_F07_240529_i-Lab検体20+50.csv,2_0015,0015,TAT206,41,15,5.7,54.0,10947.0
2,CSV_data_F07_240529_i-Lab検体20+50.csv,2_0015,0015,TAT206,41,15,5.7,63.2,10949.0
2,CSV_data_F07_240529_i-Lab検体20+50.csv,2_0015,0015,TAT206,41,15,5.7,72.0,10956.0
2,CSV_data_F07_240529_i-Lab検体20+50.csv,2_0015,0015,TAT206,41,15,5.7,81.2,10970.0
2,CSV_data_F07_240529_i-Lab検体20+50.csv,2_0015,0015,TAT206,41,15,5.7,90.0,10976.0
2,CSV_data_F07_240529_i-Lab検体20+50.csv,2_0015,0015,TAT206,41,15,5.7,99.2,10977.0
2,CSV_data_F07_240529_i-Lab検体20+50.csv,2_0015,0015,TAT206,41,15,5.7,108.0,10988.0
2,CSV_data_F07_240529_i-Lab検体20+50.csv,2_0015,0015,TAT206,41,15,5.7,117.2,10994.0
2,CSV_data_F07_240529_i-Lab検体20+50.csv,2_0015,0015,TAT206,41,15,5.7,126.0,10998.0
2,CSV_data_F07_240529_i-Lab検体20+50.csv,2_0015,0015,TAT206,41,15,5.7,135.2,11011.0
2,CSV_data_F07_240529_i-Lab検体20+50.csv,2_0015,0015,TAT206,41,15,5.7,144.0,11023.0
2,CSV_data_F07_240529_i-Lab検体20+50.csv,2_0015,0015,TAT206,41,15,5.7,153.2,11032.0
2,CSV_data_F07_240529_i-Lab検体20+50.csv,2_0015,0015,TAT206,41,15,5.7,162.0,11043.0
2,CSV_data_F07_240529_i-Lab検体20+50.csv,2_0015,0015,TAT206,41,15,5.7,171.2,11055.0
2,CSV_data_F07_240529_i-Lab検体20+50.csv,2_0015,0015,TAT206,41,15,5.7,180.0,11061.0
2,CSV_data_F07_240529_i-Lab検体20+50.csv,2_0015,0015,TAT1,42,16,6.8,0.0,10782.0
2,CSV_data_F07_240529_i-Lab検体20+50.csv,2_0015,0015,TAT1,42,16,6.8,9.2,10786.0
2,CSV_data_F07_240529_i-Lab検体20+50.csv,2_0015,0015,TAT1,42,16,6.8,18.0,10788.0
2,CSV_data_F07_240529_i-Lab検体20+50.csv,2_0015,0015,TAT1,42,16,6.8,27.2,10805.0
2,CSV_data_F07_240529_i-Lab検体20+50.csv,2_0015,0015,TAT1,42,16,6.8,36.0,10802.0
2,CSV_data_F07_240529_i-Lab検体20+50.csv,2_0015,0015,TAT1,42,16,6.8,45.2,10810.0
2,CSV_data_F07_240529_i-Lab検体20+50.csv,2_0015,0015,TAT1,42,16,6.8,54.0,10823.0
2,CSV_data_F07_240529_i-Lab検体20+50.csv,2_0015,0015,TAT1,42,16,6.8,63.2,10829.0
2,CSV_data_F07_240529_i-Lab検体20+50.csv,2_0015,0015,TAT1,42,16,6.8,72.0,10838.0
2,CSV_data_F07_240529_i-Lab検体20+50.csv,2_0015,0015,TAT1,42,16,6.8,81.2,10849.0
2,CSV_data_F07_240529_i-Lab検体20+50.csv,2_0015,0015,TAT1,42,16,6.8,90.0,10858.0
2,CSV_data_F07_240529_i-Lab検体20+50.csv,2_0015,0015,TAT1,42,16,6.8,99.2,10871.0
2,CSV_data_F07_240529_i-Lab検体20+50.csv,2_0015,0015,TAT1,42,16,6.8,108.0,10875.0
2,CSV_data_F07_240529_i-Lab検体20+50.csv,2_0015,0015,TAT1,42,16,6.8,117.2,10889.0
2,CSV_data_F07_240529_i-Lab検体20+50.csv,2_0015,0015,TAT1,42,16,6.8,126.0,10900.0
2,CSV_data_F07_240529_i-Lab検体20+50.csv,2_0015,0015,TAT1,42,16,6.8,135.2,10908.0
2,CSV_data_F07_240529_i-Lab検体20+50.csv,2_0015,0015,TAT1,42,16,6.8,144.0,10920.0
2,CSV_data_F07_240529_i-Lab検体20+50.csv,2_0015,0015,TAT1,42,16,6.8,153.2,10930.0
2,CSV_data_F07_240529_i-Lab検体20+50.csv,2_0015,0015,TAT1,42,16,6.8,162.0,10941.0
2,CSV_data_F07_240529_i-Lab検体20+50.csv,2_0015,0015,TAT1,42,16,6.8,171.2,10951.0
2,CSV_data_F07_240529_i-Lab検体20+50.csv,2_0015,0015,TAT1,42,16,6.8,180.0,10958.0
2,CSV_data_F07_240529_i-Lab検体20+50.csv,2_0015,0015,TAT3,44,17,6.0,0.0,10702.0
2,CSV_data_F07_240529_i-Lab検体20+50.csv,2_0015,0015,TAT3,44,17,6.0,9.2,10694.0
2,CSV_data_F07_240529_i-Lab検体20+50.csv,2_0015,0015,TAT3,44,17,6.0,18.0,10707.0
2,CSV_data_F07_240529_i-Lab検体20+50.csv,2_0015,0015,TAT3,44,17,6.0,27.2,10703.0
2,CSV_data_F07_240529_i-Lab検体20+50.csv,2_0015,0015,TAT3,44,17,6.0,36.0,10712.0
2,CSV_data_F07_240529_i-Lab検体20+50.csv,2_0015,0015,TAT3,44,17,6.0,45.2,10716.0
2,CSV_data_F07_240529_i-Lab検体20+50.csv,2_0015,0015,TAT3,44,17,6.0,54.0,10718.0
2,CSV_data_F07_240529_i-Lab検体20+50.csv,2_0015,0015,TAT3,44,17,6.0,63.2,10732.0
2,CSV_data_F07_240529_i-Lab検体20+50.csv,2_0015,0015,TAT3,44,17,6.0,72.0,10736.0
2,CSV_data_F07_240529_i-Lab検体20+50.csv,2_0015,0015,TAT3,44,17,6.0,81.2,10741.0
2,CSV_data_F07_240529_i-Lab検体20+50.csv,2_0015,0015,TAT3,44,17,6.0,90.0,10753.0
2,CSV_data_F07_240529_i-Lab検体20+50.csv,2_0015,0015,TAT3,44,17,6.0,99.2,10759.0
2,CSV_data_F07_240529_i-Lab検体20+50.csv,2_0015,0015,TAT3,44,17,6.0,108.0,10766.0
2,CSV_data_F07_240529_i-Lab検体20+50.csv,2_0015,0015,TAT3,44,17,6.0,117.2,10781.0
2,CSV_data_F07_240529_i-Lab検体20+50.csv,2_0015,0015,TAT3,44,17,6.0,126.0,10789.0
2,CSV_data_F07_240529_i-Lab検体20+50.csv,2_0015,0015,TAT3,44,17,6.0,135.2,10797.0
2,CSV_data_F07_240529_i-Lab検体20+50.csv,2_0015,0015,TAT3,44,17,6.0,144.0,10811.0
2,CSV_data_F07_240529_i-Lab検体20+50.csv,2_0015,0015,TAT3,44,17,6.0,153.2,10819.0
2,CSV_data_F07_240529_i-Lab検体20+50.csv,2_0015,0015,TAT3,44,17,6.0,162.0,10823.0
2,CSV_data_F07_240529_i-Lab検体20+50.csv,2_0015,0015,TAT3,44,17,6.0,171.2,10831.0
2,CSV_data_F07_240529_i-Lab検体20+50.csv,2_0015,0015,TAT3,44,17,6.0,180.0,10847.0
2,CSV_data_F07_240529_i-Lab検体20+50.csv,2_0015,0015,TAT5,46,18,2.1,0.0,6758.0
2,CSV_data_F07_240529_i-Lab検体20+50.csv,2_0015,0015,TAT5,46,18,2.1,9.2,6762.0
2,CSV_data_F07_240529_i-Lab検体20+50.csv,2_0015,0015,TAT5,46,18,2.1,18.0,6759.0
2,CSV_data_F07_240529_i-Lab検体20+50.csv,2_0015,0015,TAT5,46,18,2.1,27.2,6762.0
2,CSV_data_F07_240529_i-Lab検体20+50.csv,2_0015,0015,TAT5,46,18,2.1,36.0,6767.0
2,CSV_data_F07_240529_i-Lab検体20+50.csv,2_0015,0015,TAT5,46,18,2.1,45.2,6763.0
2,CSV_data_F07_240529_i-Lab検体20+50.csv,2_0015,0015,TAT5,46,18,2.1,54.0,6774.0
2,CSV_data_F07_240529_i-Lab検体20+50.csv,2_0015,0015,TAT5,46,18,2.1,63.2,6773.0
2,CSV_data_F07_240529_i-Lab検体20+50.csv,2_0015,0015,TAT5,46,18,2.1,72.0,6775.0
2,CSV_data_F07_240529_i-Lab検体20+50.csv,2_0015,0015,TAT5,46,18,2.1,81.2,6780.0
2,CSV_data_F07_240529_i-Lab検体20+50.csv,2_0015,0015,TAT5,46,18,2.1,90.0,6782.0
2,CSV_data_F07_240529_i-Lab検体20+50.csv,2_0015,0015,TAT5,46,18,2.1,99.2,6784.0
2,CSV_data_F07_240529_i-Lab検体20+50.csv,2_0015,0015,TAT5,46,18,2.1,108.0,6788.0
2,CSV_data_F07_240529_i-Lab検体20+50.csv,2_0015,0015,TAT5,46,18,2.1,117.2,6795.0
2,CSV_data_F07_240529_i-Lab検体20+50.csv,2_0015,0015,TAT5,46,18,2.1,126.0,6796.0
2,CSV_data_F07_240529_i-Lab検体20+50.csv,2_0015,0015,TAT5,46,18,2.1,135.2,6802.0
2,CSV_data_F07_240529_i-Lab検体20+50.csv,2_0015,0015,TAT5,46,18,2.1,144.0,6808.0
2,CSV_data_F07_240529_i-Lab検体20+50.csv,2_0015,0015,TAT5,46,18,2.1,153.2,6812.0
2,CSV_data_F07_240529_i-Lab検体20+50.csv,2_0015,0015,TAT5,46,18,2.1,162.0,6813.0
2,CSV_data_F07_240529_i-Lab検体20+50.csv,2_0015,0015,TAT5,46,18,2.1,171.2,6812.0
2,CSV_data_F07_240529_i-Lab検体20+50.csv,2_0015,0015,TAT5,46,18,2.1,180.0,6821.0
2,CSV_data_F07_240529_i-Lab検体20+50.csv,2_0015,0015,TAT6,47,19,-0.5,0.0,8748.0
2,CSV_data_F07_240529_i-Lab検体20+50.csv,2_0015,0015,TAT6,47,19,-0.5,9.2,8747.0
2,CSV_data_F07_240529_i-Lab検体20+50.csv,2_0015,0015,TAT6,47,19,-0.5,18.0,8739.0
2,CSV_data_F07_240529_i-Lab検体20+50.csv,2_0015,0015,TAT6,47,19,-0.5,27.2,8735.0
2,CSV_data_F07_240529_i-Lab検体20+50.csv,2_0015,0015,TAT6,47,19,-0.5,36.0,8731.0
2,CSV_data_F07_240529_i-Lab検体20+50.csv,2_0015,0015,TAT6,47,19,-0.5,45.2,8735.0
2,CSV_data_F07_240529_i-Lab検体20+50.csv,2_0015,0015,TAT6,47,19,-0.5,54.0,8732.0
2,CSV_data_F07_240529_i-Lab検体20+50.csv,2_0015,0015,TAT6,47,19,-0.5,63.2,8732.0
2,CSV_data_F07_240529_i-Lab検体20+50.csv,2_0015,0015,TAT6,47,19,-0.5,72.0,8734.0
2,CSV_data_F07_240529_i-Lab検体20+50.csv,2_0015,0015,TAT6,47,19,-0.5,81.2,8731.0
2,CSV_data_F07_240529_i-Lab検体20+50.csv,2_0015,0015,TAT6,47,19,-0.5,90.0,8727.0
2,CSV_data_F07_240529_i-Lab検体20+50.csv,2_0015,0015,TAT6,47,19,-0.5,99.2,8727.0
2,CSV_data_F07_240529_i-Lab検体20+50.csv,2_0015,0015,TAT6,47,19,-0.5,108.0,8727.0
2,CSV_data_F07_240529_i-Lab検体20+50.csv,2_0015,0015,TAT6,47,19,-0.5,117.2,8725.0
2,CSV_data_F07_240529_i-Lab検体20+50.csv,2_0015,0015,TAT6,47,19,-0.5,126.0,8727.0
2,CSV_data_F07_240529_i-Lab検体20+50.csv,2_0015,0015,TAT6,47,19,-0.5,135.2,8732.0
2,CSV_data_F07_240529_i-Lab検体20+50.csv,2_0015,0015,TAT6,47,19,-0.5,144.0,8725.0
2,CSV_data_F07_240529_i-Lab検体20+50.csv,2_0015,0015,TAT6,47,19,-0.5,153.2,8728.0
2,CSV_data_F07_240529_i-Lab検体20+50.csv,2_0015,0015,TAT6,47,19,-0.5,162.0,8718.0
2,CSV_data_F07_240529_i-Lab検体20+50.csv,2_0015,0015,TAT6,47,19,-0.5,171.2,8724.0
2,CSV_data_F07_240529_i-Lab検体20+50.csv,2_0015,0015,TAT6,47,19,-0.5,180.0,8723.0
2,CSV_data_F07_240529_i-Lab検体20+50.csv,2_0016,0016,TAT206,41,20,8.9,0.0,11075.0
2,CSV_data_F07_240529_i-Lab検体20+50.csv,2_0016,0016,TAT206,41,20,8.9,9.2,11086.0
2,CSV_data_F07_240529_i-Lab検体20+50.csv,2_0016,0016,TAT206,41,20,8.9,18.0,11095.0
2,CSV_data_F07_240529_i-Lab検体20+50.csv,2_0016,0016,TAT206,41,20,8.9,27.2,11104.0
2,CSV_data_F07_240529_i-Lab検体20+50.csv,2_0016,0016,TAT206,41,20,8.9,36.0,11118.0
2,CSV_data_F07_240529_i-Lab検体20+50.csv,2_0016,0016,TAT206,41,20,8.9,45.2,11124.0
2,CSV_data_F07_240529_i-Lab検体20+50.csv,2_0016,0016,TAT206,41,20,8.9,54.0,11136.0
2,CSV_data_F07_240529_i-Lab検体20+50.csv,2_0016,0016,TAT206,41,20,8.9,63.2,11147.0
2,CSV_data_F07_240529_i-Lab検体20+50.csv,2_0016,0016,TAT206,41,20,8.9,72.0,11165.0
2,CSV_data_F07_240529_i-Lab検体20+50.csv,2_0016,0016,TAT206,41,20,8.9,81.2,11175.0
2,CSV_data_F07_240529_i-Lab検体20+50.csv,2_0016,0016,TAT206,41,20,8.9,90.0,11190.0
2,CSV_data_F07_240529_i-Lab検体20+50.csv,2_0016,0016,TAT206,41,20,8.9,99.2,11202.0
2,CSV_data_F07_240529_i-Lab検体20+50.csv,2_0016,0016,TAT206,41,20,8.9,108.0,11211.0
2,CSV_data_F07_240529_i-Lab検体20+50.csv,2_0016,0016,TAT206,41,20,8.9,117.2,11224.0
2,CSV_data_F07_240529_i-Lab検体20+50.csv,2_0016,0016,TAT206,41,20,8.9,126.0,11234.0
2,CSV_data_F07_240529_i-Lab検体20+50.csv,2_0016,0016,TAT206,41,20,8.9,135.2,11248.0
2,CSV_data_F07_240529_i-Lab検体20+50.csv,2_0016,0016,TAT206,41,20,8.9,144.0,11264.0
2,CSV_data_F07_240529_i-Lab検体20+50.csv,2_0016,0016,TAT206,41,20,8.9,153.2,11284.0
2,CSV_data_F07_240529_i-Lab検体20+50.csv,2_0016,0016,TAT206,41,20,8.9,162.0,11295.0
2,CSV_data_F07_240529_i-Lab検体20+50.csv,2_0016,0016,TAT206,41,20,8.9,171.2,11309.0
2,CSV_data_F07_240529_i-Lab検体20+50.csv,2_0016,0016,TAT206,41,20,8.9,180.0,11324.0
2,CSV_data_F07_240529_i-Lab検体20+50.csv,2_0016,0016,TAT1,42,15,10.5,0.0,10955.0
2,CSV_data_F07_240529_i-Lab検体20+50.csv,2_0016,0016,TAT1,42,15,10.5,9.2,10966.0
2,CSV_data_F07_240529_i-Lab検体20+50.csv,2_0016,0016,TAT1,42,15,10.5,18.0,10975.0
2,CSV_data_F07_240529_i-Lab検体20+50.csv,2_0016,0016,TAT1,42,15,10.5,27.2,10978.0
2,CSV_data_F07_240529_i-Lab検体20+50.csv,2_0016,0016,TAT1,42,15,10.5,36.0,10992.0
2,CSV_data_F07_240529_i-Lab検体20+50.csv,2_0016,0016,TAT1,42,15,10.5,45.2,11007.0
2,CSV_data_F07_240529_i-Lab検体20+50.csv,2_0016,0016,TAT1,42,15,10.5,54.0,11023.0
2,CSV_data_F07_240529_i-Lab検体20+50.csv,2_0016,0016,TAT1,42,15,10.5,63.2,11035.0
2,CSV_data_F07_240529_i-Lab検体20+50.csv,2_0016,0016,TAT1,42,15,10.5,72.0,11054.0
2,CSV_data_F07_240529_i-Lab検体20+50.csv,2_0016,0016,TAT1,42,15,10.5,81.2,11071.0
2,CSV_data_F07_240529_i-Lab検体20+50.csv,2_0016,0016,TAT1,42,15,10.5,90.0,11085.0
2,CSV_data_F07_240529_i-Lab検体20+50.csv,2_0016,0016,TAT1,42,15,10.5,99.2,11102.0
2,CSV_data_F07_240529_i-Lab検体20+50.csv,2_0016,0016,TAT1,42,15,10.5,108.0,11117.0
2,CSV_data_F07_240529_i-Lab検体20+50.csv,2_0016,0016,TAT1,42,15,10.5,117.2,11136.0
2,CSV_data_F07_240529_i-Lab検体20+50.csv,2_0016,0016,TAT1,42,15,10.5,126.0,11151.0
2,CSV_data_F07_240529_i-Lab検体20+50.csv,2_0016,0016,TAT1,42,15,10.5,135.2,11167.0
2,CSV_data_F07_240529_i-Lab検体20+50.csv,2_0016,0016,TAT1,42,15,10.5,144.0,11186.0
2,CSV_data_F07_240529_i-Lab検体20+50.csv,2_0016,0016,TAT1,42,15,10.5,153.2,11203.0
2,CSV_data_F07_240529_i-Lab検体20+50.csv,2_0016,0016,TAT1,42,15,10.5,162.0,11220.0
2,CSV_data_F07_240529_i-Lab検体20+50.csv,2_0016,0016,TAT1,42,15,10.5,171.2,11229.0
2,CSV_data_F07_240529_i-Lab検体20+50.csv,2_0016,0016,TAT1,42,15,10.5,180.0,11250.0
2,CSV_data_F07_240529_i-Lab検体20+50.csv,2_0016,0016,TAT3,44,16,9.2,0.0,11017.0
2,CSV_data_F07_240529_i-Lab検体20+50.csv,2_0016,0016,TAT3,44,16,9.2,9.2,11008.0
2,CSV_data_F07_240529_i-Lab検体20+50.csv,2_0016,0016,TAT3,44,16,9.2,18.0,11021.0
2,CSV_data_F07_240529_i-Lab検体20+50.csv,2_0016,0016,TAT3,44,16,9.2,27.2,11036.0
2,CSV_data_F07_240529_i-Lab検体20+50.csv,2_0016,0016,TAT3,44,16,9.2,36.0,11051.0
2,CSV_data_F07_240529_i-Lab検体20+50.csv,2_0016,0016,TAT3,44,16,9.2,45.2,11061.0
2,CSV_data_F07_240529_i-Lab検体20+50.csv,2_0016,0016,TAT3,44,16,9.2,54.0,11070.0
2,CSV_data_F07_240529_i-Lab検体20+50.csv,2_0016,0016,TAT3,44,16,9.2,63.2,11082.0
2,CSV_data_F07_240529_i-Lab検体20+50.csv,2_0016,0016,TAT3,44,16,9.2,72.0,11100.0
2,CSV_data_F07_240529_i-Lab検体20+50.csv,2_0016,0016,TAT3,44,16,9.2,81.2,11107.0
2,CSV_data_F07_240529_i-Lab検体20+50.csv,2_0016,0016,TAT3,44,16,9.2,90.0,11125.0
2,CSV_data_F07_240529_i-Lab検体20+50.csv,2_0016,0016,TAT3,44,16,9.2,99.2,11130.0
2,CSV_data_F07_240529_i-Lab検体20+50.csv,2_0016,0016,TAT3,44,16,9.2,108.0,11145.0
2,CSV_data_F07_240529_i-Lab検体20+50.csv,2_0016,0016,TAT3,44,16,9.2,117.2,11157.0
2,CSV_data_F07_240529_i-Lab検体20+50.csv,2_0016,0016,TAT3,44,16,9.2,126.0,11173.0
2,CSV_data_F07_240529_i-Lab検体20+50.csv,2_0016,0016,TAT3,44,16,9.2,135.2,11188.0
2,CSV_data_F07_240529_i-Lab検体20+50.csv,2_0016,0016,TAT3,44,16,9.2,144.0,11199.0
2,CSV_data_F07_240529_i-Lab検体20+50.csv,2_0016,0016,TAT3,44,16,9.2,153.2,11207.0
2,CSV_data_F07_240529_i-Lab検体20+50.csv,2_0016,0016,TAT3,44,16,9.2,162.0,11229.0
2,CSV_data_F07_240529_i-Lab検体20+50.csv,2_0016,0016,TAT3,44,16,9.2,171.2,11245.0
2,CSV_data_F07_240529_i-Lab検体20+50.csv,2_0016,0016,TAT3,44,16,9.2,180.0,11258.0
2,CSV_data_F07_240529_i-Lab検体20+50.csv,2_0016,0016,TAT5,46,17,5.3,0.0,6863.0
2,CSV_data_F07_240529_i-Lab検体20+50.csv,2_0016,0016,TAT5,46,17,5.3,9.2,6866.0
2,CSV_data_F07_240529_i-Lab検体20+50.csv,2_0016,0016,TAT5,46,17,5.3,18.0,6870.0
2,CSV_data_F07_240529_i-Lab検体20+50.csv,2_0016,0016,TAT5,46,17,5.3,27.2,6883.0
2,CSV_data_F07_240529_i-Lab検体20+50.csv,2_0016,0016,TAT5,46,17,5.3,36.0,6886.0
2,CSV_data_F07_240529_i-Lab検体20+50.csv,2_0016,0016,TAT5,46,17,5.3,45.2,6896.0
2,CSV_data_F07_240529_i-Lab検体20+50.csv,2_0016,0016,TAT5,46,17,5.3,54.0,6904.0
2,CSV_data_F07_240529_i-Lab検体20+50.csv,2_0016,0016,TAT5,46,17,5.3,63.2,6911.0
2,CSV_data_F07_240529_i-Lab検体20+50.csv,2_0016,0016,TAT5,46,17,5.3,72.0,6920.0
2,CSV_data_F07_240529_i-Lab検体20+50.csv,2_0016,0016,TAT5,46,17,5.3,81.2,6933.0
2,CSV_data_F07_240529_i-Lab検体20+50.csv,2_0016,0016,TAT5,46,17,5.3,90.0,6941.0
2,CSV_data_F07_240529_i-Lab検体20+50.csv,2_0016,0016,TAT5,46,17,5.3,99.2,6952.0
2,CSV_data_F07_240529_i-Lab検体20+50.csv,2_0016,0016,TAT5,46,17,5.3,108.0,6957.0
2,CSV_data_F07_240529_i-Lab検体20+50.csv,2_0016,0016,TAT5,46,17,5.3,117.2,6965.0
2,CSV_data_F07_240529_i-Lab検体20+50.csv,2_0016,0016,TAT5,46,17,5.3,126.0,6972.0
2,CSV_data_F07_240529_i-Lab検体20+50.csv,2_0016,0016,TAT5,46,17,5.3,135.2,6984.0
2,CSV_data_F07_240529_i-Lab検体20+50.csv,2_0016,0016,TAT5,46,17,5.3,144.0,6994.0
2,CSV_data_F07_240529_i-Lab検体20+50.csv,2_0016,0016,TAT5,46,17,5.3,153.2,7001.0
2,CSV_data_F07_240529_i-Lab検体20+50.csv,2_0016,0016,TAT5,46,17,5.3,162.0,7008.0
2,CSV_data_F07_240529_i-Lab検体20+50.csv,2_0016,0016,TAT5,46,17,5.3,171.2,7012.0
2,CSV_data_F07_240529_i-Lab検体20+50.csv,2_0016,0016,TAT5,46,17,5.3,180.0,7025.0
2,CSV_data_F07_240529_i-Lab検体20+50.csv,2_0016,0016,TAT6,47,18,1.2,0.0,8884.0
2,CSV_data_F07_240529_i-Lab検体20+50.csv,2_0016,0016,TAT6,47,18,1.2,9.2,8887.0
2,CSV_data_F07_240529_i-Lab検体20+50.csv,2_0016,0016,TAT6,47,18,1.2,18.0,8878.0
2,CSV_data_F07_240529_i-Lab検体20+50.csv,2_0016,0016,TAT6,47,18,1.2,27.2,8881.0
2,CSV_data_F07_240529_i-Lab検体20+50.csv,2_0016,0016,TAT6,47,18,1.2,36.0,8885.0
2,CSV_data_F07_240529_i-Lab検体20+50.csv,2_0016,0016,TAT6,47,18,1.2,45.2,8888.0
2,CSV_data_F07_240529_i-Lab検体20+50.csv,2_0016,0016,TAT6,47,18,1.2,54.0,8890.0
2,CSV_data_F07_240529_i-Lab検体20+50.csv,2_0016,0016,TAT6,47,18,1.2,63.2,8891.0
2,CSV_data_F07_240529_i-Lab検体20+50.csv,2_0016,0016,TAT6,47,18,1.2,72.0,8896.0
2,CSV_data_F07_240529_i-Lab検体20+50.csv,2_0016,0016,TAT6,47,18,1.2,81.2,8896.0
2,CSV_data_F07_240529_i-Lab検体20+50.csv,2_0016,0016,TAT6,47,18,1.2,90.0,8893.0
2,CSV_data_F07_240529_i-Lab検体20+50.csv,2_0016,0016,TAT6,47,18,1.2,99.2,8899.0
2,CSV_data_F07_240529_i-Lab検体20+50.csv,2_0016,0016,TAT6,47,18,1.2,108.0,8903.0
2,CSV_data_F07_240529_i-Lab検体20+50.csv,2_0016,0016,TAT6,47,18,1.2,117.2,8907.0
2,CSV_data_F07_240529_i-Lab検体20+50.csv,2_0016,0016,TAT6,47,18,1.2,126.0,8905.0
2,CSV_data_F07_240529_i-Lab検体20+50.csv,2_0016,0016,TAT6,47,18,1.2,135.2,8907.0
2,CSV_data_F07_240529_i-Lab検体20+50.csv,2_0016,0016,TAT6,47,18,1.2,144.0,8908.0
2,CSV_data_F07_240529_i-Lab検体20+50.csv,2_0016,0016,TAT6,47,18,1.2,153.2,8907.0
2,CSV_data_F07_240529_i-Lab検体20+50.csv,2_0016,0016,TAT6,47,18,1.2,162.0,8910.0
2,CSV_data_F07_240529_i-Lab検体20+50.csv,2_0016,0016,TAT6,47,18,1.2,171.2,8914.0
2,CSV_data_F07_240529_i-Lab検体20+50.csv,2_0016,0016,TAT6,47,18,1.2,180.0,8913.0
2,CSV_data_F07_240529_i-Lab検体20+50.csv,2_0017,0017,TAT206,41,19,22.2,0.0,11058.0
2,CSV_data_F07_240529_i-Lab検体20+50.csv,2_0017,0017,TAT206,41,19,22.2,9.2,11073.0
2,CSV_data_F07_240529_i-Lab検体20+50.csv,2_0017,0017,TAT206,41,19,22.2,18.0,11093.0
2,CSV_data_F07_240529_i-Lab検体20+50.csv,2_0017,0017,TAT206,41,19,22.2,27.2,11118.0
2,CSV_data_F07_240529_i-Lab検体20+50.csv,2_0017,0017,TAT206,41,19,22.2,36.0,11140.0
2,CSV_data_F07_240529_i-Lab検体20+50.csv,2_0017,0017,TAT206,41,19,22.2,45.2,11173.0
2,CSV_data_F07_240529_i-Lab検体20+50.csv,2_0017,0017,TAT206,41,19,22.2,54.0,11204.0
2,CSV_data_F07_240529_i-Lab検体20+50.csv,2_0017,0017,TAT206,41,19,22.2,63.2,11234.0
2,CSV_data_F07_240529_i-Lab検体20+50.csv,2_0017,0017,TAT206,41,19,22.2,72.0,11266.0
2,CSV_data_F07_240529_i-Lab検体20+50.csv,2_0017,0017,TAT206,41,19,22.2,81.2,11300.0
2,CSV_data_F07_240529_i-Lab検体20+50.csv,2_0017,0017,TAT206,41,19,22.2,90.0,11334.0
2,CSV_data_F07_240529_i-Lab検体20+50.csv,2_0017,0017,TAT206,41,19,22.2,99.2,11365.0
2,CSV_data_F07_240529_i-Lab検体20+50.csv,2_0017,0017,TAT206,41,19,22.2,108.0,11398.0
2,CSV_data_F07_240529_i-Lab検体20+50.csv,2_0017,0017,TAT206,41,19,22.2,117.2,11434.0
2,CSV_data_F07_240529_i-Lab検体20+50.csv,2_0017,0017,TAT206,41,19,22.2,126.0,11464.0
2,CSV_data_F07_240529_i-Lab検体20+50.csv,2_0017,0017,TAT206,41,19,22.2,135.2,11499.0
2,CSV_data_F07_240529_i-Lab検体20+50.csv,2_0017,0017,TAT206,41,19,22.2,144.0,11531.0
2,CSV_data_F07_240529_i-Lab検体20+50.csv,2_0017,0017,TAT206,41,19,22.2,153.2,11567.0
2,CSV_data_F07_240529_i-Lab検体20+50.csv,2_0017,0017,TAT206,41,19,22.2,162.0,11604.0
2,CSV_data_F07_240529_i-Lab検体20+50.csv,2_0017,0017,TAT206,41,19,22.2,171.2,11633.0
2,CSV_data_F07_240529_i-Lab検体20+50.csv,2_0017,0017,TAT206,41,19,22.2,180.0,11662.0
2,CSV_data_F07_240529_i-Lab検体20+50.csv,2_0017,0017,TAT1,42,20,23.5,0.0,10886.0
2,CSV_data_F07_240529_i-Lab検体20+50.csv,2_0017,0017,TAT1,42,20,23.5,9.2,10910.0
2,CSV_data_F07_240529_i-Lab検体20+50.csv,2_0017,0017,TAT1,42,20,23.5,18.0,10935.0
2,CSV_data_F07_240529_i-Lab検体20+50.csv,2_0017,0017,TAT1,42,20,23.5,27.2,10960.0
2,CSV_data_F07_240529_i-Lab検体20+50.csv,2_0017,0017,TAT1,42,20,23.5,36.0,10996.0
2,CSV_data_F07_240529_i-Lab検体20+50.csv,2_0017,0017,TAT1,42,20,23.5,45.2,11024.0
2,CSV_data_F07_240529_i-Lab検体20+50.csv,2_0017,0017,TAT1,42,20,23.5,54.0,11060.0
2,CSV_data_F07_240529_i-Lab検体20+50.csv,2_0017,0017,TAT1,42,20,23.5,63.2,11090.0
2,CSV_data_F07_240529_i-Lab検体20+50.csv,2_0017,0017,TAT1,42,20,23.5,72.0,11124.0
2,CSV_data_F07_240529_i-Lab検体20+50.csv,2_0017,0017,TAT1,42,20,23.5,81.2,11157.0
2,CSV_data_F07_240529_i-Lab検体20+50.csv,2_0017,0017,TAT1,42,20,23.5,90.0,11192.0
2,CSV_data_F07_240529_i-Lab検体20+50.csv,2_0017,0017,TAT1,42,20,23.5,99.2,11225.0
2,CSV_data_F07_240529_i-Lab検体20+50.csv,2_0017,0017,TAT1,42,20,23.5,108.0,11263.0
2,CSV_data_F07_240529_i-Lab検体20+50.csv,2_0017,0017,TAT1,42,20,23.5,117.2,11297.0
2,CSV_data_F07_240529_i-Lab検体20+50.csv,2_0017,0017,TAT1,42,20,23.5,126.0,11335.0
2,CSV_data_F07_240529_i-Lab検体20+50.csv,2_0017,0017,TAT1,42,20,23.5,135.2,11366.0
2,CSV_data_F07_240529_i-Lab検体20+50.csv,2_0017,0017,TAT1,42,20,23.5,144.0,11402.0
2,CSV_data_F07_240529_i-Lab検体20+50.csv,2_0017,0017,TAT1,42,20,23.5,153.2,11440.0
2,CSV_data_F07_240529_i-Lab検体20+50.csv,2_0017,0017,TAT1,42,20,23.5,162.0,11473.0
2,CSV_data_F07_240529_i-Lab検体20+50.csv,2_0017,0017,TAT1,42,20,23.5,171.2,11510.0
2,CSV_data_F07_240529_i-Lab検体20+50.csv,2_0017,0017,TAT1,42,20,23.5,180.0,11539.0
2,CSV_data_F07_240529_i-Lab検体20+50.csv,2_0017,0017,TAT3,44,15,20.9,0.0,10870.0
2,CSV_data_F07_240529_i-Lab検体20+50.csv,2_0017,0017,TAT3,44,15,20.9,9.2,10904.0
2,CSV_data_F07_240529_i-Lab検体20+50.csv,2_0017,0017,TAT3,44,15,20.9,18.0,10919.0
2,CSV_data_F07_240529_i-Lab検体20+50.csv,2_0017,0017,TAT3,44,15,20.9,27.2,10945.0
2,CSV_data_F07_240529_i-Lab検体20+50.csv,2_0017,0017,TAT3,44,15,20.9,36.0,10965.0
2,CSV_data_F07_240529_i-Lab検体20+50.csv,2_0017,0017,TAT3,44,15,20.9,45.2,10989.0
2,CSV_data_F07_240529_i-Lab検体20+50.csv,2_0017,0017,TAT3,44,15,20.9,54.0,11017.0
2,CSV_data_F07_240529_i-Lab検体20+50.csv,2_0017,0017,TAT3,44,15,20.9,63.2,11046.0
2,CSV_data_F07_240529_i-Lab検体20+50.csv,2_0017,0017,TAT3,44,15,20.9,72.0,11083.0
2,CSV_data_F07_240529_i-Lab検体20+50.csv,2_0017,0017,TAT3,44,15,20.9,81.2,11102.0
2,CSV_data_F07_240529_i-Lab検体20+50.csv,2_0017,0017,TAT3,44,15,20.9,90.0,11134.0
2,CSV_data_F07_240529_i-Lab検体20+50.csv,2_0017,0017,TAT3,44,15,20.9,99.2,11164.0
2,CSV_data_F07_240529_i-Lab検体20+50.csv,2_0017,0017,TAT3,44,15,20.9,108.0,11197.0
2,CSV_data_F07_240529_i-Lab検体20+50.csv,2_0017,0017,TAT3,44,15,20.9,117.2,11227.0
2,CSV_data_F07_240529_i-Lab検体20+50.csv,2_0017,0017,TAT3,44,15,20.9,126.0,11260.0
2,CSV_data_F07_240529_i-Lab検体20+50.csv,2_0017,0017,TAT3,44,15,20.9,135.2,11291.0
2,CSV_data_F07_240529_i-Lab検体20+50.csv,2_0017,0017,TAT3,44,15,20.9,144.0,11319.0
2,CSV_data_F07_240529_i-Lab検体20+50.csv,2_0017,0017,TAT3,44,15,20.9,153.2,11349.0
2,CSV_data_F07_240529_i-Lab検体20+50.csv,2_0017,0017,TAT3,44,15,20.9,162.0,11382.0
2,CSV_data_F07_240529_i-Lab検体20+50.csv,2_0017,0017,TAT3,44,15,20.9,171.2,11415.0
2,CSV_data_F07_240529_i-Lab検体20+50.csv,2_0017,0017,TAT3,44,15,20.9,180.0,11444.0
2,CSV_data_F07_240529_i-Lab検体20+50.csv,2_0017,0017,TAT5,46,16,9.7,0.0,6800.0
2,CSV_data_F07_240529_i-Lab検体20+50.csv,2_0017,0017,TAT5,46,16,9.7,9.2,6811.0
2,CSV_data_F07_240529_i-Lab検体20+50.csv,2_0017,0017,TAT5,46,16,9.7,18.0,6826.0
2,CSV_data_F07_240529_i-Lab検体20+50.csv,2_0017,0017,TAT5,46,16,9.7,27.2,6841.0
2,CSV_data_F07_240529_i-Lab検体20+50.csv,2_0017,0017,TAT5,46,16,9.7,36.0,6855.0
2,CSV_data_F07_240529_i-Lab検体20+50.csv,2_0017,0017,TAT5,46,16,9.7,45.2,6871.0
2,CSV_data_F07_240529_i-Lab検体20+50.csv,2_0017,0017,TAT5,46,16,9.7,54.0,6889.0
2,CSV_data_F07_240529_i-Lab検体20+50.csv,2_0017,0017,TAT5,46,16,9.7,63.2,6911.0
2,CSV_data_F07_240529_i-Lab検体20+50.csv,2_0017,0017,TAT5,46,16,9.7,72.0,6922.0
2,CSV_data_F07_240529_i-Lab検体20+50.csv,2_0017,0017,TAT5,46,16,9.7,81.2,6934.0
2,CSV_data_F07_240529_i-Lab検体20+50.csv,2_0017,0017,TAT5,46,16,9.7,90.0,6951.0
2,CSV_data_F07_240529_i-Lab検体20+50.csv,2_0017,0017,TAT5,46,16,9.7,99.2,6967.0
2,CSV_data_F07_240529_i-Lab検体20+50.csv,2_0017,0017,TAT5,46,16,9.7,108.0,6982.0
2,CSV_data_F07_240529_i-Lab検体20+50.csv,2_0017,0017,TAT5,46,16,9.7,117.2,7001.0
2,CSV_data_F07_240529_i-Lab検体20+50.csv,2_0017,0017,TAT5,46,16,9.7,126.0,7011.0
2,CSV_data_F07_240529_i-Lab検体20+50.csv,2_0017,0017,TAT5,46,16,9.7,135.2,7034.0
2,CSV_data_F07_240529_i-Lab検体20+50.csv,2_0017,0017,TAT5,46,16,9.7,144.0,7041.0
2,CSV_data_F07_240529_i-Lab検体20+50.csv,2_0017,0017,TAT5,46,16,9.7,153.2,7049.0
2,CSV_data_F07_240529_i-Lab検体20+50.csv,2_0017,0017,TAT5,46,16,9.7,162.0,7069.0
2,CSV_data_F07_240529_i-Lab検体20+50.csv,2_0017,0017,TAT5,46,16,9.7,171.2,7080.0
2,CSV_data_F07_240529_i-Lab検体20+50.csv,2_0017,0017,TAT5,46,16,9.7,180.0,7092.0
2,CSV_data_F07_240529_i-Lab検体20+50.csv,2_0017,0017,TAT6,47,17,0.7,0.0,8623.0
2,CSV_data_F07_240529_i-Lab検体20+50.csv,2_0017,0017,TAT6,47,17,0.7,9.2,8606.0
2,CSV_data_F07_240529_i-Lab検体20+50.csv,2_0017,0017,TAT6,47,17,0.7,18.0,8610.0
2,CSV_data_F07_240529_i-Lab検体20+50.csv,2_0017,0017,TAT6,47,17,0.7,27.2,8612.0
2,CSV_data_F07_240529_i-Lab検体20+50.csv,2_0017,0017,TAT6,47,17,0.7,36.0,8611.0
2,CSV_data_F07_240529_i-Lab検体20+50.csv,2_0017,0017,TAT6,47,17,0.7,45.2,8612.0
2,CSV_data_F07_240529_i-Lab検体20+50.csv,2_0017,0017,TAT6,47,17,0.7,54.0,8609.0
2,CSV_data_F07_240529_i-Lab検体20+50.csv,2_0017,0017,TAT6,47,17,0.7,63.2,8612.0
2,CSV_data_F07_240529_i-Lab検体20+50.csv,2_0017,0017,TAT6,47,17,0.7,72.0,8613.0
2,CSV_data_F07_240529_i-Lab検体20+50.csv,2_0017,0017,TAT6,47,17,0.7,81.2,8611.0
2,CSV_data_F07_240529_i-Lab検体20+50.csv,2_0017,0017,TAT6,47,17,0.7,90.0,8612.0
2,CSV_data_F07_240529_i-Lab検体20+50.csv,2_0017,0017,TAT6,47,17,0.7,99.2,8608.0
2,CSV_data_F07_240529_i-Lab検体20+50.csv,2_0017,0017,TAT6,47,17,0.7,108.0,8617.0
2,CSV_data_F07_240529_i-Lab検体20+50.csv,2_0017,0017,TAT6,47,17,0.7,117.2,8614.0
2,CSV_data_F07_240529_i-Lab検体20+50.csv,2_0017,0017,TAT6,47,17,0.7,126.0,8616.0
2,CSV_data_F07_240529_i-Lab検体20+50.csv,2_0017,0017,TAT6,47,17,0.7,135.2,8618.0
2,CSV_data_F07_240529_i-Lab検体20+50.csv,2_0017,0017,TAT6,47,17,0.7,144.0,8614.0
2,CSV_data_F07_240529_i-Lab検体20+50.csv,2_0017,0017,TAT6,47,17,0.7,153.2,8620.0
2,CSV_data_F07_240529_i-Lab検体20+50.csv,2_0017,0017,TAT6,47,17,0.7,162.0,8619.0
2,CSV_data_F07_240529_i-Lab検体20+50.csv,2_0017,0017,TAT6,47,17,0.7,171.2,8621.0
2,CSV_data_F07_240529_i-Lab検体20+50.csv,2_0017,0017,TAT6,47,17,0.7,180.0,8623.0
2,CSV_data_F07_240529_i-Lab検体20+50.csv,2_0018,0018,TAT206,41,18,11.7,0.0,11211.0
2,CSV_data_F07_240529_i-Lab検体20+50.csv,2_0018,0018,TAT206,41,18,11.7,9.2,11215.0
2,CSV_data_F07_240529_i-Lab検体20+50.csv,2_0018,0018,TAT206,41,18,11.7,18.0,11221.0
2,CSV_data_F07_240529_i-Lab検体20+50.csv,2_0018,0018,TAT206,41,18,11.7,27.2,11229.0
2,CSV_data_F07_240529_i-Lab検体20+50.csv,2_0018,0018,TAT206,41,18,11.7,36.0,11248.0
2,CSV_data_F07_240529_i-Lab検体20+50.csv,2_0018,0018,TAT206,41,18,11.7,45.2,11258.0
2,CSV_data_F07_240529_i-Lab検体20+50.csv,2_0018,0018,TAT206,41,18,11.7,54.0,11274.0
2,CSV_data_F07_240529_i-Lab検体20+50.csv,2_0018,0018,TAT206,41,18,11.7,63.2,11292.0
2,CSV_data_F07_240529_i-Lab検体20+50.csv,2_0018,0018,TAT206,41,18,11.7,72.0,11307.0
2,CSV_data_F07_240529_i-Lab検体20+50.csv,2_0018,0018,TAT206,41,18,11.7,81.2,11324.0
2,CSV_data_F07_240529_i-Lab検体20+50.csv,2_0018,0018,TAT206,41,18,11.7,90.0,11339.0
2,CSV_data_F07_240529_i-Lab検体20+50.csv,2_0018,0018,TAT206,41,18,11.7,99.2,11360.0
2,CSV_data_F07_240529_i-Lab検体20+50.csv,2_0018,0018,TAT206,41,18,11.7,108.0,11374.0
2,CSV_data_F07_240529_i-Lab検体20+50.csv,2_0018,0018,TAT206,41,18,11.7,117.2,11391.0
2,CSV_data_F07_240529_i-Lab検体20+50.csv,2_0018,0018,TAT206,41,18,11.7,126.0,11406.0
2,CSV_data_F07_240529_i-Lab検体20+50.csv,2_0018,0018,TAT206,41,18,11.7,135.2,11420.0
2,CSV_data_F07_240529_i-Lab検体20+50.csv,2_0018,0018,TAT206,41,18,11.7,144.0,11441.0
2,CSV_data_F07_240529_i-Lab検体20+50.csv,2_0018,0018,TAT206,41,18,11.7,153.2,11462.0
2,CSV_data_F07_240529_i-Lab検体20+50.csv,2_0018,0018,TAT206,41,18,11.7,162.0,11472.0
2,CSV_data_F07_240529_i-Lab検体20+50.csv,2_0018,0018,TAT206,41,18,11.7,171.2,11500.0
2,CSV_data_F07_240529_i-Lab検体20+50.csv,2_0018,0018,TAT206,41,18,11.7,180.0,11513.0
2,CSV_data_F07_240529_i-Lab検体20+50.csv,2_0018,0018,TAT1,42,19,13.3,0.0,11114.0
2,CSV_data_F07_240529_i-Lab検体20+50.csv,2_0018,0018,TAT1,42,19,13.3,9.2,11135.0
2,CSV_data_F07_240529_i-Lab検体20+50.csv,2_0018,0018,TAT1,42,19,13.3,18.0,11147.0
2,CSV_data_F07_240529_i-Lab検体20+50.csv,2_0018,0018,TAT1,42,19,13.3,27.2,11161.0
2,CSV_data_F07_240529_i-Lab検体20+50.csv,2_0018,0018,TAT1,42,19,13.3,36.0,11175.0
2,CSV_data_F07_240529_i-Lab検体20+50.csv,2_0018,0018,TAT1,42,19,13.3,45.2,11195.0
2,CSV_data_F07_240529_i-Lab検体20+50.csv,2_0018,0018,TAT1,42,19,13.3,54.0,11217.0
2,CSV_data_F07_240529_i-Lab検体20+50.csv,2_0018,0018,TAT1,42,19,13.3,63.2,11233.0
2,CSV_data_F07_240529_i-Lab検体20+50.csv,2_0018,0018,TAT1,42,19,13.3,72.0,11250.0
2,CSV_data_F07_240529_i-Lab検体20+50.csv,2_0018,0018,TAT1,42,19,13.3,81.2,11271.0
2,CSV_data_F07_240529_i-Lab検体20+50.csv,2_0018,0018,TAT1,42,19,13.3,90.0,11292.0
2,CSV_data_F07_240529_i-Lab検体20+50.csv,2_0018,0018,TAT1,42,19,13.3,99.2,11310.0
2,CSV_data_F07_240529_i-Lab検体20+50.csv,2_0018,0018,TAT1,42,19,13.3,108.0,11327.0
2,CSV_data_F07_240529_i-Lab検体20+50.csv,2_0018,0018,TAT1,42,19,13.3,117.2,11350.0
2,CSV_data_F07_240529_i-Lab検体20+50.csv,2_0018,0018,TAT1,42,19,13.3,126.0,11374.0
2,CSV_data_F07_240529_i-Lab検体20+50.csv,2_0018,0018,TAT1,42,19,13.3,135.2,11387.0
2,CSV_data_F07_240529_i-Lab検体20+50.csv,2_0018,0018,TAT1,42,19,13.3,144.0,11412.0
2,CSV_data_F07_240529_i-Lab検体20+50.csv,2_0018,0018,TAT1,42,19,13.3,153.2,11432.0
2,CSV_data_F07_240529_i-Lab検体20+50.csv,2_0018,0018,TAT1,42,19,13.3,162.0,11451.0
2,CSV_data_F07_240529_i-Lab検体20+50.csv,2_0018,0018,TAT1,42,19,13.3,171.2,11470.0
2,CSV_data_F07_240529_i-Lab検体20+50.csv,2_0018,0018,TAT1,42,19,13.3,180.0,11492.0
2,CSV_data_F07_240529_i-Lab検体20+50.csv,2_0018,0018,TAT3,44,20,10.1,0.0,11149.0
2,CSV_data_F07_240529_i-Lab検体20+50.csv,2_0018,0018,TAT3,44,20,10.1,9.2,11141.0
2,CSV_data_F07_240529_i-Lab検体20+50.csv,2_0018,0018,TAT3,44,20,10.1,18.0,11151.0
2,CSV_data_F07_240529_i-Lab検体20+50.csv,2_0018,0018,TAT3,44,20,10.1,27.2,11164.0
2,CSV_data_F07_240529_i-Lab検体20+50.csv,2_0018,0018,TAT3,44,20,10.1,36.0,11178.0
2,CSV_data_F07_240529_i-Lab検体20+50.csv,2_0018,0018,TAT3,44,20,10.1,45.2,11190.0
2,CSV_data_F07_240529_i-Lab検体20+50.csv,2_0018,0018,TAT3,44,20,10.1,54.0,11209.0
2,CSV_data_F07_240529_i-Lab検体20+50.csv,2_0018,0018,TAT3,44,20,10.1,63.2,11218.0
2,CSV_data_F07_240529_i-Lab検体20+50.csv,2_0018,0018,TAT3,44,20,10.1,72.0,11234.0
2,CSV_data_F07_240529_i-Lab検体20+50.csv,2_0018,0018,TAT3,44,20,10.1,81.2,11258.0
2,CSV_data_F07_240529_i-Lab検体20+50.csv,2_0018,0018,TAT3,44,20,10.1,90.0,11268.0
2,CSV_data_F07_240529_i-Lab検体20+50.csv,2_0018,0018,TAT3,44,20,10.1,99.2,11282.0
2,CSV_data_F07_240529_i-Lab検体20+50.csv,2_0018,0018,TAT3,44,20,10.1,108.0,11297.0
2,CSV_data_F07_240529_i-Lab検体20+50.csv,2_0018,0018,TAT3,44,20,10.1,117.2,11311.0
2,CSV_data_F07_240529_i-Lab検体20+50.csv,2_0018,0018,TAT3,44,20,10.1,126.0,11329.0
2,CSV_data_F07_240529_i-Lab検体20+50.csv,2_0018,0018,TAT3,44,20,10.1,135.2,11344.0
2,CSV_data_F07_240529_i-Lab検体20+50.csv,2_0018,0018,TAT3,44,20,10.1,144.0,11360.0
2,CSV_data_F07_240529_i-Lab検体20+50.csv,2_0018,0018,TAT3,44,20,10.1,153.2,11377.0
2,CSV_data_F07_240529_i-Lab検体20+50.csv,2_0018,0018,TAT3,44,20,10.1,162.0,11394.0
2,CSV_data_F07_240529_i-Lab検体20+50.csv,2_0018,0018,TAT3,44,20,10.1,171.2,11409.0
2,CSV_data_F07_240529_i-Lab検体20+50.csv,2_0018,0018,TAT3,44,20,10.1,180.0,11421.0
2,CSV_data_F07_240529_i-Lab検体20+50.csv,2_0018,0018,TAT5,46,15,6.9,0.0,7058.0
2,CSV_data_F07_240529_i-Lab検体20+50.csv,2_0018,0018,TAT5,46,15,6.9,9.2,7051.0
2,CSV_data_F07_240529_i-Lab検体20+50.csv,2_0018,0018,TAT5,46,15,6.9,18.0,7054.0
2,CSV_data_F07_240529_i-Lab検体20+50.csv,2_0018,0018,TAT5,46,15,6.9,27.2,7072.0
2,CSV_data_F07_240529_i-Lab検体20+50.csv,2_0018,0018,TAT5,46,15,6.9,36.0,7074.0
2,CSV_data_F07_240529_i-Lab検体20+50.csv,2_0018,0018,TAT5,46,15,6.9,45.2,7085.0
2,CSV_data_F07_240529_i-Lab検体20+50.csv,2_0018,0018,TAT5,46,15,6.9,54.0,7095.0
2,CSV_data_F07_240529_i-Lab検体20+50.csv,2_0018,0018,TAT5,46,15,6.9,63.2,7101.0
2,CSV_data_F07_240529_i-Lab検体20+50.csv,2_0018,0018,TAT5,46,15,6.9,72.0,7117.0
2,CSV_data_F07_240529_i-Lab検体20+50.csv,2_0018,0018,TAT5,46,15,6.9,81.2,7127.0
2,CSV_data_F07_240529_i-Lab検体20+50.csv,2_0018,0018,TAT5,46,15,6.9,90.0,7135.0
2,CSV_data_F07_240529_i-Lab検体20+50.csv,2_0018,0018,TAT5,46,15,6.9,99.2,7144.0
2,CSV_data_F07_240529_i-Lab検体20+50.csv,2_0018,0018,TAT5,46,15,6.9,108.0,7155.0
2,CSV_data_F07_240529_i-Lab検体20+50.csv,2_0018,0018,TAT5,46,15,6.9,117.2,7166.0
2,CSV_data_F07_240529_i-Lab検体20+50.csv,2_0018,0018,TAT5,46,15,6.9,126.0,7175.0
2,CSV_data_F07_240529_i-Lab検体20+50.csv,2_0018,0018,TAT5,46,15,6.9,135.2,7185.0
2,CSV_data_F07_240529_i-Lab検体20+50.csv,2_0018,0018,TAT5,46,15,6.9,144.0,7203.0
2,CSV_data_F07_240529_i-Lab検体20+50.csv,2_0018,0018,TAT5,46,15,6.9,153.2,7209.0
2,CSV_data_F07_240529_i-Lab検体20+50.csv,2_0018,0018,TAT5,46,15,6.9,162.0,7217.0
2,CSV_data_F07_240529_i-Lab検体20+50.csv,2_0018,0018,TAT5,46,15,6.9,171.2,7230.0
2,CSV_data_F07_240529_i-Lab検体20+50.csv,2_0018,0018,TAT5,46,15,6.9,180.0,7232.0
2,CSV_data_F07_240529_i-Lab検体20+50.csv,2_0018,0018,TAT6,47,16,1.3,0.0,8920.0
2,CSV_data_F07_240529_i-Lab検体20+50.csv,2_0018,0018,TAT6,47,16,1.3,9.2,8921.0
2,CSV_data_F07_240529_i-Lab検体20+50.csv,2_0018,0018,TAT6,47,16,1.3,18.0,8923.0
2,CSV_data_F07_240529_i-Lab検体20+50.csv,2_0018,0018,TAT6,47,16,1.3,27.2,8924.0
2,CSV_data_F07_240529_i-Lab検体20+50.csv,2_0018,0018,TAT6,47,16,1.3,36.0,8925.0
2,CSV_data_F07_240529_i-Lab検体20+50.csv,2_0018,0018,TAT6,47,16,1.3,45.2,8930.0
2,CSV_data_F07_240529_i-Lab検体20+50.csv,2_0018,0018,TAT6,47,16,1.3,54.0,8932.0
2,CSV_data_F07_240529_i-Lab検体20+50.csv,2_0018,0018,TAT6,47,16,1.3,63.2,8933.0
2,CSV_data_F07_240529_i-Lab検体20+50.csv,2_0018,0018,TAT6,47,16,1.3,72.0,8940.0
2,CSV_data_F07_240529_i-Lab検体20+50.csv,2_0018,0018,TAT6,47,16,1.3,81.2,8940.0
2,CSV_data_F07_240529_i-Lab検体20+50.csv,2_0018,0018,TAT6,47,16,1.3,90.0,8942.0
2,CSV_data_F07_240529_i-Lab検体20+50.csv,2_0018,0018,TAT6,47,16,1.3,99.2,8941.0
2,CSV_data_F07_240529_i-Lab検体20+50.csv,2_0018,0018,TAT6,47,16,1.3,108.0,8943.0
2,CSV_data_F07_240529_i-Lab検体20+50.csv,2_0018,0018,TAT6,47,16,1.3,117.2,8949.0
2,CSV_data_F07_240529_i-Lab検体20+50.csv,2_0018,0018,TAT6,47,16,1.3,126.0,8948.0
2,CSV_data_F07_240529_i-Lab検体20+50.csv,2_0018,0018,TAT6,47,16,1.3,135.2,8948.0
2,CSV_data_F07_240529_i-Lab検体20+50.csv,2_0018,0018,TAT6,47,16,1.3,144.0,8956.0
2,CSV_data_F07_240529_i-Lab検体20+50.csv,2_0018,0018,TAT6,47,16,1.3,153.2,8951.0
2,CSV_data_F07_240529_i-Lab検体20+50.csv,2_0018,0018,TAT6,47,16,1.3,162.0,8958.0
2,CSV_data_F07_240529_i-Lab検体20+50.csv,2_0018,0018,TAT6,47,16,1.3,171.2,8959.0
2,CSV_data_F07_240529_i-Lab検体20+50.csv,2_0018,0018,TAT6,47,16,1.3,180.0,8964.0
2,CSV_data_F07_240529_i-Lab検体20+50.csv,2_0019,0019,TAT206,41,17,9.2,0.0,10859.0
2,CSV_data_F07_240529_i-Lab検体20+50.csv,2_0019,0019,TAT206,41,17,9.2,9.2,10878.0
2,CSV_data_F07_240529_i-Lab検体20+50.csv,2_0019,0019,TAT206,41,17,9.2,18.0,10882.0
2,CSV_data_F07_240529_i-Lab検体20+50.csv,2_0019,0019,TAT206,41,17,9.2,27.2,10885.0
2,CSV_data_F07_240529_i-Lab検体20+50.csv,2_0019,0019,TAT206,41,17,9.2,36.0,10897.0
2,CSV_data_F07_240529_i-Lab検体20+50.csv,2_0019,0019,TAT206,41,17,9.2,45.2,10911.0
2,CSV_data_F07_240529_i-Lab検体20+50.csv,2_0019,0019,TAT206,41,17,9.2,54.0,10918.0
2,CSV_data_F07_240529_i-Lab検体20+50.csv,2_0019,0019,TAT206,41,17,9.2,63.2,10925.0
2,CSV_data_F07_240529_i-Lab検体20+50.csv,2_0019,0019,TAT206,41,17,9.2,72.0,10939.0
2,CSV_data_F07_240529_i-Lab検体20+50.csv,2_0019,0019,TAT206,41,17,9.2,81.2,10951.0
2,CSV_data_F07_240529_i-Lab検体20+50.csv,2_0019,0019,TAT206,41,17,9.2,90.0,10965.0
2,CSV_data_F07_240529_i-Lab検体20+50.csv,2_0019,0019,TAT206,41,17,9.2,99.2,10975.0
2,CSV_data_F07_240529_i-Lab検体20+50.csv,2_0019,0019,TAT206,41,17,9.2,108.0,10984.0
2,CSV_data_F07_240529_i-Lab検体20+50.csv,2_0019,0019,TAT206,41,17,9.2,117.2,11001.0
2,CSV_data_F07_240529_i-Lab検体20+50.csv,2_0019,0019,TAT206,41,17,9.2,126.0,11012.0
2,CSV_data_F07_240529_i-Lab検体20+50.csv,2_0019,0019,TAT206,41,17,9.2,135.2,11028.0
2,CSV_data_F07_240529_i-Lab検体20+50.csv,2_0019,0019,TAT206,41,17,9.2,144.0,11046.0
2,CSV_data_F07_240529_i-Lab検体20+50.csv,2_0019,0019,TAT206,41,17,9.2,153.2,11059.0
2,CSV_data_F07_240529_i-Lab検体20+50.csv,2_0019,0019,TAT206,41,17,9.2,162.0,11066.0
2,CSV_data_F07_240529_i-Lab検体20+50.csv,2_0019,0019,TAT206,41,17,9.2,171.2,11089.0
2,CSV_data_F07_240529_i-Lab検体20+50.csv,2_0019,0019,TAT206,41,17,9.2,180.0,11100.0
2,CSV_data_F07_240529_i-Lab検体20+50.csv,2_0019,0019,TAT1,42,18,11.8,0.0,10858.0
2,CSV_data_F07_240529_i-Lab検体20+50.csv,2_0019,0019,TAT1,42,18,11.8,9.2,10856.0
2,CSV_data_F07_240529_i-Lab検体20+50.csv,2_0019,0019,TAT1,42,18,11.8,18.0,10873.0
2,CSV_data_F07_240529_i-Lab検体20+50.csv,2_0019,0019,TAT1,42,18,11.8,27.2,10878.0
2,CSV_data_F07_240529_i-Lab検体20+50.csv,2_0019,0019,TAT1,42,18,11.8,36.0,10882.0
2,CSV_data_F07_240529_i-Lab検体20+50.csv,2_0019,0019,TAT1,42,18,11.8,45.2,10895.0
2,CSV_data_F07_240529_i-Lab検体20+50.csv,2_0019,0019,TAT1,42,18,11.8,54.0,10912.0
2,CSV_data_F07_240529_i-Lab検体20+50.csv,2_0019,0019,TAT1,42,18,11.8,63.2,10930.0
2,CSV_data_F07_240529_i-Lab検体20+50.csv,2_0019,0019,TAT1,42,18,11.8,72.0,10938.0
2,CSV_data_F07_240529_i-Lab検体20+50.csv,2_0019,0019,TAT1,42,18,11.8,81.2,10954.0
2,CSV_data_F07_240529_i-Lab検体20+50.csv,2_0019,0019,TAT1,42,18,11.8,90.0,10973.0
2,CSV_data_F07_240529_i-Lab検体20+50.csv,2_0019,0019,TAT1,42,18,11.8,99.2,10984.0
2,CSV_data_F07_240529_i-Lab検体20+50.csv,2_0019,0019,TAT1,42,18,11.8,108.0,11004.0
2,CSV_data_F07_240529_i-Lab検体20+50.csv,2_0019,0019,TAT1,42,18,11.8,117.2,11016.0
2,CSV_data_F07_240529_i-Lab検体20+50.csv,2_0019,0019,TAT1,42,18,11.8,126.0,11038.0
2,CSV_data_F07_240529_i-Lab検体20+50.csv,2_0019,0019,TAT1,42,18,11.8,135.2,11054.0
2,CSV_data_F07_240529_i-Lab検体20+50.csv,2_0019,0019,TAT1,42,18,11.8,144.0,11070.0
2,CSV_data_F07_240529_i-Lab検体20+50.csv,2_0019,0019,TAT1,42,18,11.8,153.2,11090.0
2,CSV_data_F07_240529_i-Lab検体20+50.csv,2_0019,0019,TAT1,42,18,11.8,162.0,11105.0
2,CSV_data_F07_240529_i-Lab検体20+50.csv,2_0019,0019,TAT1,42,18,11.8,171.2,11131.0
2,CSV_data_F07_240529_i-Lab検体20+50.csv,2_0019,0019,TAT1,42,18,11.8,180.0,11143.0
2,CSV_data_F07_240529_i-Lab検体20+50.csv,2_0019,0019,TAT3,44,19,10.3,0.0,10989.0
2,CSV_data_F07_240529_i-Lab検体20+50.csv,2_0019,0019,TAT3,44,19,10.3,9.2,10995.0
2,CSV_data_F07_240529_i-Lab検体20+50.csv,2_0019,0019,TAT3,44,19,10.3,18.0,11010.0
2,CSV_data_F07_240529_i-Lab検体20+50.csv,2_0019,0019,TAT3,44,19,10.3,27.2,11020.0
2,CSV_data_F07_240529_i-Lab検体20+50.csv,2_0019,0019,TAT3,44,19,10.3,36.0,11036.0
2,CSV_data_F07_240529_i-Lab検体20+50.csv,2_0019,0019,TAT3,44,19,10.3,45.2,11040.0
2,CSV_data_F07_240529_i-Lab検体20+50.csv,2_0019,0019,TAT3,44,19,10.3,54.0,11060.0
2,CSV_data_F07_240529_i-Lab検体20+50.csv,2_0019,0019,TAT3,44,19,10.3,63.2,11073.0
2,CSV_data_F07_240529_i-Lab検体20+50.csv,2_0019,0019,TAT3,44,19,10.3,72.0,11082.0
2,CSV_data_F07_240529_i-Lab検体20+50.csv,2_0019,0019,TAT3,44,19,10.3,81.2,11095.0
2,CSV_data_F07_240529_i-Lab検体20+50.csv,2_0019,0019,TAT3,44,19,10.3,90.0,11107.0
2,CSV_data_F07_240529_i-Lab検体20+50.csv,2_0019,0019,TAT3,44,19,10.3,99.2,11121.0
2,CSV_data_F07_240529_i-Lab検体20+50.csv,2_0019,0019,TAT3,44,19,10.3,108.0,11135.0
2,CSV_data_F07_240529_i-Lab検体20+50.csv,2_0019,0019,TAT3,44,19,10.3,117.2,11152.0
2,CSV_data_F07_240529_i-Lab検体20+50.csv,2_0019,0019,TAT3,44,19,10.3,126.0,11162.0
2,CSV_data_F07_240529_i-Lab検体20+50.csv,2_0019,0019,TAT3,44,19,10.3,135.2,11185.0
2,CSV_data_F07_240529_i-Lab検体20+50.csv,2_0019,0019,TAT3,44,19,10.3,144.0,11201.0
2,CSV_data_F07_240529_i-Lab検体20+50.csv,2_0019,0019,TAT3,44,19,10.3,153.2,11217.0
2,CSV_data_F07_240529_i-Lab検体20+50.csv,2_0019,0019,TAT3,44,19,10.3,162.0,11233.0
2,CSV_data_F07_240529_i-Lab検体20+50.csv,2_0019,0019,TAT3,44,19,10.3,171.2,11250.0
2,CSV_data_F07_240529_i-Lab検体20+50.csv,2_0019,0019,TAT3,44,19,10.3,180.0,11263.0
2,CSV_data_F07_240529_i-Lab検体20+50.csv,2_0019,0019,TAT5,46,20,4.8,0.0,6881.0
2,CSV_data_F07_240529_i-Lab検体20+50.csv,2_0019,0019,TAT5,46,20,4.8,9.2,6890.0
2,CSV_data_F07_240529_i-Lab検体20+50.csv,2_0019,0019,TAT5,46,20,4.8,18.0,6895.0
2,CSV_data_F07_240529_i-Lab検体20+50.csv,2_0019,0019,TAT5,46,20,4.8,27.2,6900.0
2,CSV_data_F07_240529_i-Lab検体20+50.csv,2_0019,0019,TAT5,46,20,4.8,36.0,6903.0
2,CSV_data_F07_240529_i-Lab検体20+50.csv,2_0019,0019,TAT5,46,20,4.8,45.2,6910.0
2,CSV_data_F07_240529_i-Lab検体20+50.csv,2_0019,0019,TAT5,46,20,4.8,54.0,6915.0
2,CSV_data_F07_240529_i-Lab検体20+50.csv,2_0019,0019,TAT5,46,20,4.8,63.2,6923.0
2,CSV_data_F07_240529_i-Lab検体20+50.csv,2_0019,0019,TAT5,46,20,4.8,72.0,6924.0
2,CSV_data_F07_240529_i-Lab検体20+50.csv,2_0019,0019,TAT5,46,20,4.8,81.2,6935.0
2,CSV_data_F07_240529_i-Lab検体20+50.csv,2_0019,0019,TAT5,46,20,4.8,90.0,6946.0
2,CSV_data_F07_240529_i-Lab検体20+50.csv,2_0019,0019,TAT5,46,20,4.8,99.2,6951.0
2,CSV_data_F07_240529_i-Lab検体20+50.csv,2_0019,0019,TAT5,46,20,4.8,108.0,6955.0
2,CSV_data_F07_240529_i-Lab検体20+50.csv,2_0019,0019,TAT5,46,20,4.8,117.2,6965.0
2,CSV_data_F07_240529_i-Lab検体20+50.csv,2_0019,0019,TAT5,46,20,4.8,126.0,6969.0
2,CSV_data_F07_240529_i-Lab検体20+50.csv,2_0019,0019,TAT5,46,20,4.8,135.2,6976.0
2,CSV_data_F07_240529_i-Lab検体20+50.csv,2_0019,0019,TAT5,46,20,4.8,144.0,6979.0
2,CSV_data_F07_240529_i-Lab検体20+50.csv,2_0019,0019,TAT5,46,20,4.8,153.2,6992.0
2,CSV_data_F07_240529_i-Lab検体20+50.csv,2_0019,0019,TAT5,46,20,4.8,162.0,6999.0
2,CSV_data_F07_240529_i-Lab検体20+50.csv,2_0019,0019,TAT5,46,20,4.8,171.2,7007.0
2,CSV_data_F07_240529_i-Lab検体20+50.csv,2_0019,0019,TAT5,46,20,4.8,180.0,7011.0
2,CSV_data_F07_240529_i-Lab検体20+50.csv,2_0019,0019,TAT6,47,15,0.8,0.0,8761.0
2,CSV_data_F07_240529_i-Lab検体20+50.csv,2_0019,0019,TAT6,47,15,0.8,9.2,8735.0
2,CSV_data_F07_240529_i-Lab検体20+50.csv,2_0019,0019,TAT6,47,15,0.8,18.0,8740.0
2,CSV_data_F07_240529_i-Lab検体20+50.csv,2_0019,0019,TAT6,47,15,0.8,27.2,8741.0
2,CSV_data_F07_240529_i-Lab検体20+50.csv,2_0019,0019,TAT6,47,15,0.8,36.0,8741.0
2,CSV_data_F07_240529_i-Lab検体20+50.csv,2_0019,0019,TAT6,47,15,0.8,45.2,8740.0
2,CSV_data_F07_240529_i-Lab検体20+50.csv,2_0019,0019,TAT6,47,15,0.8,54.0,8739.0
2,CSV_data_F07_240529_i-Lab検体20+50.csv,2_0019,0019,TAT6,47,15,0.8,63.2,8740.0
2,CSV_data_F07_240529_i-Lab検体20+50.csv,2_0019,0019,TAT6,47,15,0.8,72.0,8743.0
2,CSV_data_F07_240529_i-Lab検体20+50.csv,2_0019,0019,TAT6,47,15,0.8,81.2,8743.0
2,CSV_data_F07_240529_i-Lab検体20+50.csv,2_0019,0019,TAT6,47,15,0.8,90.0,8751.0
2,CSV_data_F07_240529_i-Lab検体20+50.csv,2_0019,0019,TAT6,47,15,0.8,99.2,8750.0
2,CSV_data_F07_240529_i-Lab検体20+50.csv,2_0019,0019,TAT6,47,15,0.8,108.0,8743.0
2,CSV_data_F07_240529_i-Lab検体20+50.csv,2_0019,0019,TAT6,47,15,0.8,117.2,8745.0
2,CSV_data_F07_240529_i-Lab検体20+50.csv,2_0019,0019,TAT6,47,15,0.8,126.0,8756.0
2,CSV_data_F07_240529_i-Lab検体20+50.csv,2_0019,0019,TAT6,47,15,0.8,135.2,8752.0
2,CSV_data_F07_240529_i-Lab検体20+50.csv,2_0019,0019,TAT6,47,15,0.8,144.0,8749.0
2,CSV_data_F07_240529_i-Lab検体20+50.csv,2_0019,0019,TAT6,47,15,0.8,153.2,8750.0
2,CSV_data_F07_240529_i-Lab検体20+50.csv,2_0019,0019,TAT6,47,15,0.8,162.0,8752.0
2,CSV_data_F07_240529_i-Lab検体20+50.csv,2_0019,0019,TAT6,47,15,0.8,171.2,8755.0
2,CSV_data_F07_240529_i-Lab検体20+50.csv,2_0019,0019,TAT6,47,15,0.8,180.0,8754.0
2,CSV_data_F07_240529_i-Lab検体20+50.csv,2_0020,0020,TAT206,41,16,13.5,0.0,11148.0
2,CSV_data_F07_240529_i-Lab検体20+50.csv,2_0020,0020,TAT206,41,16,13.5,9.2,11170.0
2,CSV_data_F07_240529_i-Lab検体20+50.csv,2_0020,0020,TAT206,41,16,13.5,18.0,11176.0
2,CSV_data_F07_240529_i-Lab検体20+50.csv,2_0020,0020,TAT206,41,16,13.5,27.2,11192.0
2,CSV_data_F07_240529_i-Lab検体20+50.csv,2_0020,0020,TAT206,41,16,13.5,36.0,11213.0
2,CSV_data_F07_240529_i-Lab検体20+50.csv,2_0020,0020,TAT206,41,16,13.5,45.2,11225.0
2,CSV_data_F07_240529_i-Lab検体20+50.csv,2_0020,0020,TAT206,41,16,13.5,54.0,11250.0
2,CSV_data_F07_240529_i-Lab検体20+50.csv,2_0020,0020,TAT206,41,16,13.5,63.2,11263.0
2,CSV_data_F07_240529_i-Lab検体20+50.csv,2_0020,0020,TAT206,41,16,13.5,72.0,11284.0
2,CSV_data_F07_240529_i-Lab検体20+50.csv,2_0020,0020,TAT206,41,16,13.5,81.2,11304.0
2,CSV_data_F07_240529_i-Lab検体20+50.csv,2_0020,0020,TAT206,41,16,13.5,90.0,11325.0
2,CSV_data_F07_240529_i-Lab検体20+50.csv,2_0020,0020,TAT206,41,16,13.5,99.2,11343.0
2,CSV_data_F07_240529_i-Lab検体20+50.csv,2_0020,0020,TAT206,41,16,13.5,108.0,11368.0
2,CSV_data_F07_240529_i-Lab検体20+50.csv,2_0020,0020,TAT206,41,16,13.5,117.2,11384.0
2,CSV_data_F07_240529_i-Lab検体20+50.csv,2_0020,0020,TAT206,41,16,13.5,126.0,11404.0
2,CSV_data_F07_240529_i-Lab検体20+50.csv,2_0020,0020,TAT206,41,16,13.5,135.2,11423.0
2,CSV_data_F07_240529_i-Lab検体20+50.csv,2_0020,0020,TAT206,41,16,13.5,144.0,11446.0
2,CSV_data_F07_240529_i-Lab検体20+50.csv,2_0020,0020,TAT206,41,16,13.5,153.2,11462.0
2,CSV_data_F07_240529_i-Lab検体20+50.csv,2_0020,0020,TAT206,41,16,13.5,162.0,11486.0
2,CSV_data_F07_240529_i-Lab検体20+50.csv,2_0020,0020,TAT206,41,16,13.5,171.2,11506.0
2,CSV_data_F07_240529_i-Lab検体20+50.csv,2_0020,0020,TAT206,41,16,13.5,180.0,11521.0
2,CSV_data_F07_240529_i-Lab検体20+50.csv,2_0020,0020,TAT1,42,17,14.7,0.0,11078.0
2,CSV_data_F07_240529_i-Lab検体20+50.csv,2_0020,0020,TAT1,42,17,14.7,9.2,11093.0
2,CSV_data_F07_240529_i-Lab検体20+50.csv,2_0020,0020,TAT1,42,17,14.7,18.0,11100.0
2,CSV_data_F07_240529_i-Lab検体20+50.csv,2_0020,0020,TAT1,42,17,14.7,27.2,11118.0
2,CSV_data_F07_240529_i-Lab検体20+50.csv,2_0020,0020,TAT1,42,17,14.7,36.0,11135.0
2,CSV_data_F07_240529_i-Lab検体20+50.csv,2_0020,0020,TAT1,42,17,14.7,45.2,11157.0
2,CSV_data_F07_240529_i-Lab検体20+50.csv,2_0020,0020,TAT1,42,17,14.7,54.0,11177.0
2,CSV_data_F07_240529_i-Lab検体20+50.csv,2_0020,0020,TAT1,42,17,14.7,63.2,11202.0
2,CSV_data_F07_240529_i-Lab検体20+50.csv,2_0020,0020,TAT1,42,17,14.7,72.0,11223.0
2,CSV_data_F07_240529_i-Lab検体20+50.csv,2_0020,0020,TAT1,42,17,14.7,81.2,11246.0
2,CSV_data_F07_240529_i-Lab検体20+50.csv,2_0020,0020,TAT1,42,17,14.7,90.0,11268.0
2,CSV_data_F07_240529_i-Lab検体20+50.csv,2_0020,0020,TAT1,42,17,14.7,99.2,11290.0
2,CSV_data_F07_240529_i-Lab検体20+50.csv,2_0020,0020,TAT1,42,17,14.7,108.0,11315.0
2,CSV_data_F07_240529_i-Lab検体20+50.csv,2_0020,0020,TAT1,42,17,14.7,117.2,11336.0
2,CSV_data_F07_240529_i-Lab検体20+50.csv,2_0020,0020,TAT1,42,17,14.7,126.0,11360.0
2,CSV_data_F07_240529_i-Lab検体20+50.csv,2_0020,0020,TAT1,42,17,14.7,135.2,11380.0
2,CSV_data_F07_240529_i-Lab検体20+50.csv,2_0020,0020,TAT1,42,17,14.7,144.0,11404.0
2,CSV_data_F07_240529_i-Lab検体20+50.csv,2_0020,0020,TAT1,42,17,14.7,153.2,11423.0
2,CSV_data_F07_240529_i-Lab検体20+50.csv,2_0020,0020,TAT1,42,17,14.7,162.0,11450.0
2,CSV_data_F07_240529_i-Lab検体20+50.csv,2_0020,0020,TAT1,42,17,14.7,171.2,11466.0
2,CSV_data_F07_240529_i-Lab検体20+50.csv,2_0020,0020,TAT1,42,17,14.7,180.0,11493.0
2,CSV_data_F07_240529_i-Lab検体20+50.csv,2_0020,0020,TAT3,44,18,13.1,0.0,11230.0
2,CSV_data_F07_240529_i-Lab検体20+50.csv,2_0020,0020,TAT3,44,18,13.1,9.2,11235.0
2,CSV_data_F07_240529_i-Lab検体20+50.csv,2_0020,0020,TAT3,44,18,13.1,18.0,11246.0
2,CSV_data_F07_240529_i-Lab検体20+50.csv,2_0020,0020,TAT3,44,18,13.1,27.2,11258.0
2,CSV_data_F07_240529_i-Lab検体20+50.csv,2_0020,0020,TAT3,44,18,13.1,36.0,11273.0
2,CSV_data_F07_240529_i-Lab検体20+50.csv,2_0020,0020,TAT3,44,18,13.1,45.2,11293.0
2,CSV_data_F07_240529_i-Lab検体20+50.csv,2_0020,0020,TAT3,44,18,13.1,54.0,11317.0
2,CSV_data_F07_240529_i-Lab検体20+50.csv,2_0020,0020,TAT3,44,18,13.1,63.2,11326.0
2,CSV_data_F07_240529_i-Lab検体20+50.csv,2_0020,0020,TAT3,44,18,13.1,72.0,11344.0
2,CSV_data_F07_240529_i-Lab検体20+50.csv,2_0020,0020,TAT3,44,18,13.1,81.2,11367.0
2,CSV_data_F07_240529_i-Lab検体20+50.csv,2_0020,0020,TAT3,44,18,13.1,90.0,11384.0
2,CSV_data_F07_240529_i-Lab検体20+50.csv,2_0020,0020,TAT3,44,18,13.1,99.2,11406.0
2,CSV_data_F07_240529_i-Lab検体20+50.csv,2_0020,0020,TAT3,44,18,13.1,108.0,11423.0
2,CSV_data_F07_240529_i-Lab検体20+50.csv,2_0020,0020,TAT3,44,18,13.1,117.2,11443.0
2,CSV_data_F07_240529_i-Lab検体20+50.csv,2_0020,0020,TAT3,44,18,13.1,126.0,11463.0
2,CSV_data_F07_240529_i-Lab検体20+50.csv,2_0020,0020,TAT3,44,18,13.1,135.2,11479.0
2,CSV_data_F07_240529_i-Lab検体20+50.csv,2_0020,0020,TAT3,44,18,13.1,144.0,11499.0
2,CSV_data_F07_240529_i-Lab検体20+50.csv,2_0020,0020,TAT3,44,18,13.1,153.2,11529.0
2,CSV_data_F07_240529_i-Lab検体20+50.csv,2_0020,0020,TAT3,44,18,13.1,162.0,11545.0
2,CSV_data_F07_240529_i-Lab検体20+50.csv,2_0020,0020,TAT3,44,18,13.1,171.2,11564.0
2,CSV_data_F07_240529_i-Lab検体20+50.csv,2_0020,0020,TAT3,44,18,13.1,180.0,11582.0
2,CSV_data_F07_240529_i-Lab検体20+50.csv,2_0020,0020,TAT5,46,19,9.1,0.0,7224.0
2,CSV_data_F07_240529_i-Lab検体20+50.csv,2_0020,0020,TAT5,46,19,9.1,9.2,7236.0
2,CSV_data_F07_240529_i-Lab検体20+50.csv,2_0020,0020,TAT5,46,19,9.1,18.0,7250.0
2,CSV_data_F07_240529_i-Lab検体20+50.csv,2_0020,0020,TAT5,46,19,9.1,27.2,7264.0
2,CSV_data_F07_240529_i-Lab検体20+50.csv,2_0020,0020,TAT5,46,19,9.1,36.0,7269.0
2,CSV_data_F07_240529_i-Lab検体20+50.csv,2_0020,0020,TAT5,46,19,9.1,45.2,7289.0
2,CSV_data_F07_240529_i-Lab検体20+50.csv,2_0020,0020,TAT5,46,19,9.1,54.0,7304.0
2,CSV_data_F07_240529_i-Lab検体20+50.csv,2_0020,0020,TAT5,46,19,9.1,63.2,7318.0
2,CSV_data_F07_240529_i-Lab検体20+50.csv,2_0020,0020,TAT5,46,19,9.1,72.0,7332.0
2,CSV_data_F07_240529_i-Lab検体20+50.csv,2_0020,0020,TAT5,46,19,9.1,81.2,7340.0
2,CSV_data_F07_240529_i-Lab検体20+50.csv,2_0020,0020,TAT5,46,19,9.1,90.0,7354.0
2,CSV_data_F07_240529_i-Lab検体20+50.csv,2_0020,0020,TAT5,46,19,9.1,99.2,7366.0
2,CSV_data_F07_240529_i-Lab検体20+50.csv,2_0020,0020,TAT5,46,19,9.1,108.0,7380.0
2,CSV_data_F07_240529_i-Lab検体20+50.csv,2_0020,0020,TAT5,46,19,9.1,117.2,7397.0
2,CSV_data_F07_240529_i-Lab検体20+50.csv,2_0020,0020,TAT5,46,19,9.1,126.0,7409.0
2,CSV_data_F07_240529_i-Lab検体20+50.csv,2_0020,0020,TAT5,46,19,9.1,135.2,7424.0
2,CSV_data_F07_240529_i-Lab検体20+50.csv,2_0020,0020,TAT5,46,19,9.1,144.0,7437.0
2,CSV_data_F07_240529_i-Lab検体20+50.csv,2_0020,0020,TAT5,46,19,9.1,153.2,7451.0
2,CSV_data_F07_240529_i-Lab検体20+50.csv,2_0020,0020,TAT5,46,19,9.1,162.0,7465.0
2,CSV_data_F07_240529_i-Lab検体20+50.csv,2_0020,0020,TAT5,46,19,9.1,171.2,7476.0
2,CSV_data_F07_240529_i-Lab検体20+50.csv,2_0020,0020,TAT5,46,19,9.1,180.0,7489.0
2,CSV_data_F07_240529_i-Lab検体20+50.csv,2_0020,0020,TAT6,47,20,1.7,0.0,9084.0
2,CSV_data_F07_240529_i-Lab検体20+50.csv,2_0020,0020,TAT6,47,20,1.7,9.2,9101.0
2,CSV_data_F07_240529_i-Lab検体20+50.csv,2_0020,0020,TAT6,47,20,1.7,18.0,9103.0
2,CSV_data_F07_240529_i-Lab検体20+50.csv,2_0020,0020,TAT6,47,20,1.7,27.2,9101.0
2,CSV_data_F07_240529_i-Lab検体20+50.csv,2_0020,0020,TAT6,47,20,1.7,36.0,9098.0
2,CSV_data_F07_240529_i-Lab検体20+50.csv,2_0020,0020,TAT6,47,20,1.7,45.2,9105.0
2,CSV_data_F07_240529_i-Lab検体20+50.csv,2_0020,0020,TAT6,47,20,1.7,54.0,9111.0
2,CSV_data_F07_240529_i-Lab検体20+50.csv,2_0020,0020,TAT6,47,20,1.7,63.2,9112.0
2,CSV_data_F07_240529_i-Lab検体20+50.csv,2_0020,0020,TAT6,47,20,1.7,72.0,9116.0
2,CSV_data_F07_240529_i-Lab検体20+50.csv,2_0020,0020,TAT6,47,20,1.7,81.2,9109.0
2,CSV_data_F07_240529_i-Lab検体20+50.csv,2_0020,0020,TAT6,47,20,1.7,90.0,9115.0
2,CSV_data_F07_240529_i-Lab検体20+50.csv,2_0020,0020,TAT6,47,20,1.7,99.2,9120.0
2,CSV_data_F07_240529_i-Lab検体20+50.csv,2_0020,0020,TAT6,47,20,1.7,108.0,9124.0
2,CSV_data_F07_240529_i-Lab検体20+50.csv,2_0020,0020,TAT6,47,20,1.7,117.2,9123.0
2,CSV_data_F07_240529_i-Lab検体20+50.csv,2_0020,0020,TAT6,47,20,1.7,126.0,9124.0
2,CSV_data_F07_240529_i-Lab検体20+50.csv,2_0020,0020,TAT6,47,20,1.7,135.2,9131.0
2,CSV_data_F07_240529_i-Lab検体20+50.csv,2_0020,0020,TAT6,47,20,1.7,144.0,9129.0
2,CSV_data_F07_240529_i-Lab検体20+50.csv,2_0020,0020,TAT6,47,20,1.7,153.2,9131.0
2,CSV_data_F07_240529_i-Lab検体20+50.csv,2_0020,0020,TAT6,47,20,1.7,162.0,9130.0
2,CSV_data_F07_240529_i-Lab検体20+50.csv,2_0020,0020,TAT6,47,20,1.7,171.2,9134.0
2,CSV_data_F07_240529_i-Lab検体20+50.csv,2_0020,0020,TAT6,47,20,1.7,180.0,9135.0
2,CSV_data_F07_240529_i-Lab検体20+50.csv,2_0021,0021,TAT206,41,15,9.3,0.0,11261.0
2,CSV_data_F07_240529_i-Lab検体20+50.csv,2_0021,0021,TAT206,41,15,9.3,9.2,11261.0
2,CSV_data_F07_240529_i-Lab検体20+50.csv,2_0021,0021,TAT206,41,15,9.3,18.0,11279.0
2,CSV_data_F07_240529_i-Lab検体20+50.csv,2_0021,0021,TAT206,41,15,9.3,27.2,11285.0
2,CSV_data_F07_240529_i-Lab検体20+50.csv,2_0021,0021,TAT206,41,15,9.3,36.0,11299.0
2,CSV_data_F07_240529_i-Lab検体20+50.csv,2_0021,0021,TAT206,41,15,9.3,45.2,11308.0
2,CSV_data_F07_240529_i-Lab検体20+50.csv,2_0021,0021,TAT206,41,15,9.3,54.0,11324.0
2,CSV_data_F07_240529_i-Lab検体20+50.csv,2_0021,0021,TAT206,41,15,9.3,63.2,11338.0
2,CSV_data_F07_240529_i-Lab検体20+50.csv,2_0021,0021,TAT206,41,15,9.3,72.0,11348.0
2,CSV_data_F07_240529_i-Lab検体20+50.csv,2_0021,0021,TAT206,41,15,9.3,81.2,11364.0
2,CSV_data_F07_240529_i-Lab検体20+50.csv,2_0021,0021,TAT206,41,15,9.3,90.0,11377.0
2,CSV_data_F07_240529_i-Lab検体20+50.csv,2_0021,0021,TAT206,41,15,9.3,99.2,11395.0
2,CSV_data_F07_240529_i-Lab検体20+50.csv,2_0021,0021,TAT206,41,15,9.3,108.0,11405.0
2,CSV_data_F07_240529_i-Lab検体20+50.csv,2_0021,0021,TAT206,41,15,9.3,117.2,11421.0
2,CSV_data_F07_240529_i-Lab検体20+50.csv,2_0021,0021,TAT206,41,15,9.3,126.0,11432.0
2,CSV_data_F07_240529_i-Lab検体20+50.csv,2_0021,0021,TAT206,41,15,9.3,135.2,11454.0
2,CSV_data_F07_240529_i-Lab検体20+50.csv,2_0021,0021,TAT206,41,15,9.3,144.0,11462.0
2,CSV_data_F07_240529_i-Lab検体20+50.csv,2_0021,0021,TAT206,41,15,9.3,153.2,11481.0
2,CSV_data_F07_240529_i-Lab検体20+50.csv,2_0021,0021,TAT206,41,15,9.3,162.0,11498.0
2,CSV_data_F07_240529_i-Lab検体20+50.csv,2_0021,0021,TAT206,41,15,9.3,171.2,11504.0
2,CSV_data_F07_240529_i-Lab検体20+50.csv,2_0021,0021,TAT206,41,15,9.3,180.0,11517.0
2,CSV_data_F07_240529_i-Lab検体20+50.csv,2_0021,0021,TAT1,42,16,10.9,0.0,11163.0
2,CSV_data_F07_240529_i-Lab検体20+50.csv,2_0021,0021,TAT1,42,16,10.9,9.2,11169.0
2,CSV_data_F07_240529_i-Lab検体20+50.csv,2_0021,0021,TAT1,42,16,10.9,18.0,11177.0
2,CSV_data_F07_240529_i-Lab検体20+50.csv,2_0021,0021,TAT1,42,16,10.9,27.2,11191.0
2,CSV_data_F07_240529_i-Lab検体20+50.csv,2_0021,0021,TAT1,42,16,10.9,36.0,11207.0
2,CSV_data_F07_240529_i-Lab検体20+50.csv,2_0021,0021,TAT1,42,16,10.9,45.2,11221.0
2,CSV_data_F07_240529_i-Lab検体20+50.csv,2_0021,0021,TAT1,42,16,10.9,54.0,11240.0
2,CSV_data_F07_240529_i-Lab検体20+50.csv,2_0021,0021,TAT1,42,16,10.9,63.2,11257.0
2,CSV_data_F07_240529_i-Lab検体20+50.csv,2_0021,0021,TAT1,42,16,10.9,72.0,11268.0
2,CSV_data_F07_240529_i-Lab検体20+50.csv,2_0021,0021,TAT1,42,16,10.9,81.2,11291.0
2,CSV_data_F07_240529_i-Lab検体20+50.csv,2_0021,0021,TAT1,42,16,10.9,90.0,11300.0
2,CSV_data_F07_240529_i-Lab検体20+50.csv,2_0021,0021,TAT1,42,16,10.9,99.2,11321.0
2,CSV_data_F07_240529_i-Lab検体20+50.csv,2_0021,0021,TAT1,42,16,10.9,108.0,11339.0
2,CSV_data_F07_240529_i-Lab検体20+50.csv,2_0021,0021,TAT1,42,16,10.9,117.2,11351.0
2,CSV_data_F07_240529_i-Lab検体20+50.csv,2_0021,0021,TAT1,42,16,10.9,126.0,11373.0
2,CSV_data_F07_240529_i-Lab検体20+50.csv,2_0021,0021,TAT1,42,16,10.9,135.2,11390.0
2,CSV_data_F07_240529_i-Lab検体20+50.csv,2_0021,0021,TAT1,42,16,10.9,144.0,11402.0
2,CSV_data_F07_240529_i-Lab検体20+50.csv,2_0021,0021,TAT1,42,16,10.9,153.2,11420.0
2,CSV_data_F07_240529_i-Lab検体20+50.csv,2_0021,0021,TAT1,42,16,10.9,162.0,11432.0
2,CSV_data_F07_240529_i-Lab検体20+50.csv,2_0021,0021,TAT1,42,16,10.9,171.2,11455.0
2,CSV_data_F07_240529_i-Lab検体20+50.csv,2_0021,0021,TAT1,42,16,10.9,180.0,11465.0
2,CSV_data_F07_240529_i-Lab検体20+50.csv,2_0021,0021,TAT3,44,17,8.8,0.0,11201.0
2,CSV_data_F07_240529_i-Lab検体20+50.csv,2_0021,0021,TAT3,44,17,8.8,9.2,11221.0
2,CSV_data_F07_240529_i-Lab検体20+50.csv,2_0021,0021,TAT3,44,17,8.8,18.0,11238.0
2,CSV_data_F07_240529_i-Lab検体20+50.csv,2_0021,0021,TAT3,44,17,8.8,27.2,11244.0
2,CSV_data_F07_240529_i-Lab検体20+50.csv,2_0021,0021,TAT3,44,17,8.8,36.0,11256.0
2,CSV_data_F07_240529_i-Lab検体20+50.csv,2_0021,0021,TAT3,44,17,8.8,45.2,11265.0
2,CSV_data_F07_240529_i-Lab検体20+50.csv,2_0021,0021,TAT3,44,17,8.8,54.0,11286.0
2,CSV_data_F07_240529_i-Lab検体20+50.csv,2_0021,0021,TAT3,44,17,8.8,63.2,11298.0
2,CSV_data_F07_240529_i-Lab検体20+50.csv,2_0021,0021,TAT3,44,17,8.8,72.0,11310.0
2,CSV_data_F07_240529_i-Lab検体20+50.csv,2_0021,0021,TAT3,44,17,8.8,81.2,11325.0
2,CSV_data_F07_240529_i-Lab検体20+50.csv,2_0021,0021,TAT3,44,17,8.8,90.0,11335.0
2,CSV_data_F07_240529_i-Lab検体20+50.csv,2_0021,0021,TAT3,44,17,8.8,99.2,11350.0
2,CSV_data_F07_240529_i-Lab検体20+50.csv,2_0021,0021,TAT3,44,17,8.8,108.0,11367.0
2,CSV_data_F07_240529_i-Lab検体20+50.csv,2_0021,0021,TAT3,44,17,8.8,117.2,11369.0
2,CSV_data_F07_240529_i-Lab検体20+50.csv,2_0021,0021,TAT3,44,17,8.8,126.0,11387.0
2,CSV_data_F07_240529_i-Lab検体20+50.csv,2_0021,0021,TAT3,44,17,8.8,135.2,11402.0
2,CSV_data_F07_240529_i-Lab検体20+50.csv,2_0021,0021,TAT3,44,17,8.8,144.0,11418.0
2,CSV_data_F07_240529_i-Lab検体20+50.csv,2_0021,0021,TAT3,44,17,8.8,153.2,11429.0
2,CSV_data_F07_240529_i-Lab検体20+50.csv,2_0021,0021,TAT3,44,17,8.8,162.0,11450.0
2,CSV_data_F07_240529_i-Lab検体20+50.csv,2_0021,0021,TAT3,44,17,8.8,171.2,11457.0
2,CSV_data_F07_240529_i-Lab検体20+50.csv,2_0021,0021,TAT3,44,17,8.8,180.0,11473.0
2,CSV_data_F07_240529_i-Lab検体20+50.csv,2_0021,0021,TAT5,46,18,5.3,0.0,7249.0
2,CSV_data_F07_240529_i-Lab検体20+50.csv,2_0021,0021,TAT5,46,18,5.3,9.2,7249.0
2,CSV_data_F07_240529_i-Lab検体20+50.csv,2_0021,0021,TAT5,46,18,5.3,18.0,7264.0
2,CSV_data_F07_240529_i-Lab検体20+50.csv,2_0021,0021,TAT5,46,18,5.3,27.2,7272.0
2,CSV_data_F07_240529_i-Lab検体20+50.csv,2_0021,0021,TAT5,46,18,5.3,36.0,7281.0
2,CSV_data_F07_240529_i-Lab検体20+50.csv,2_0021,0021,TAT5,46,18,5.3,45.2,7283.0
2,CSV_data_F07_240529_i-Lab検体20+50.csv,2_0021,0021,TAT5,46,18,5.3,54.0,7295.0
2,CSV_data_F07_240529_i-Lab検体20+50.csv,2_0021,0021,TAT5,46,18,5.3,63.2,7303.0
2,CSV_data_F07_240529_i-Lab検体20+50.csv,2_0021,0021,TAT5,46,18,5.3,72.0,7312.0
2,CSV_data_F07_240529_i-Lab検体20+50.csv,2_0021,0021,TAT5,46,18,5.3,81.2,7323.0
2,CSV_data_F07_240529_i-Lab検体20+50.csv,2_0021,0021,TAT5,46,18,5.3,90.0,7329.0
2,CSV_data_F07_240529_i-Lab検体20+50.csv,2_0021,0021,TAT5,46,18,5.3,99.2,7337.0
2,CSV_data_F07_240529_i-Lab検体20+50.csv,2_0021,0021,TAT5,46,18,5.3,108.0,7348.0
2,CSV_data_F07_240529_i-Lab検体20+50.csv,2_0021,0021,TAT5,46,18,5.3,117.2,7352.0
2,CSV_data_F07_240529_i-Lab検体20+50.csv,2_0021,0021,TAT5,46,18,5.3,126.0,7363.0
2,CSV_data_F07_240529_i-Lab検体20+50.csv,2_0021,0021,TAT5,46,18,5.3,135.2,7370.0
2,CSV_data_F07_240529_i-Lab検体20+50.csv,2_0021,0021,TAT5,46,18,5.3,144.0,7376.0
2,CSV_data_F07_240529_i-Lab検体20+50.csv,2_0021,0021,TAT5,46,18,5.3,153.2,7391.0
2,CSV_data_F07_240529_i-Lab検体20+50.csv,2_0021,0021,TAT5,46,18,5.3,162.0,7394.0
2,CSV_data_F07_240529_i-Lab検体20+50.csv,2_0021,0021,TAT5,46,18,5.3,171.2,7403.0
2,CSV_data_F07_240529_i-Lab検体20+50.csv,2_0021,0021,TAT5,46,18,5.3,180.0,7413.0
2,CSV_data_F07_240529_i-Lab検体20+50.csv,2_0021,0021,TAT6,47,19,0.6,0.0,9319.0
2,CSV_data_F07_240529_i-Lab検体20+50.csv,2_0021,0021,TAT6,47,19,0.6,9.2,9312.0
2,CSV_data_F07_240529_i-Lab検体20+50.csv,2_0021,0021,TAT6,47,19,0.6,18.0,9316.0
2,CSV_data_F07_240529_i-Lab検体20+50.csv,2_0021,0021,TAT6,47,19,0.6,27.2,9313.0
2,CSV_data_F07_240529_i-Lab検体20+50.csv,2_0021,0021,TAT6,47,19,0.6,36.0,9321.0
2,CSV_data_F07_240529_i-Lab検体20+50.csv,2_0021,0021,TAT6,47,19,0.6,45.2,9322.0
2,CSV_data_F07_240529_i-Lab検体20+50.csv,2_0021,0021,TAT6,47,19,0.6,54.0,9328.0
2,CSV_data_F07_240529_i-Lab検体20+50.csv,2_0021,0021,TAT6,47,19,0.6,63.2,9326.0
2,CSV_data_F07_240529_i-Lab検体20+50.csv,2_0021,0021,TAT6,47,19,0.6,72.0,9325.0
2,CSV_data_F07_240529_i-Lab検体20+50.csv,2_0021,0021,TAT6,47,19,0.6,81.2,9328.0
2,CSV_data_F07_240529_i-Lab検体20+50.csv,2_0021,0021,TAT6,47,19,0.6,90.0,9333.0
2,CSV_data_F07_240529_i-Lab検体20+50.csv,2_0021,0021,TAT6,47,19,0.6,99.2,9330.0
2,CSV_data_F07_240529_i-Lab検体20+50.csv,2_0021,0021,TAT6,47,19,0.6,108.0,9334.0
2,CSV_data_F07_240529_i-Lab検体20+50.csv,2_0021,0021,TAT6,47,19,0.6,117.2,9333.0
2,CSV_data_F07_240529_i-Lab検体20+50.csv,2_0021,0021,TAT6,47,19,0.6,126.0,9330.0
2,CSV_data_F07_240529_i-Lab検体20+50.csv,2_0021,0021,TAT6,47,19,0.6,135.2,9335.0
2,CSV_data_F07_240529_i-Lab検体20+50.csv,2_0021,0021,TAT6,47,19,0.6,144.0,9334.0
2,CSV_data_F07_240529_i-Lab検体20+50.csv,2_0021,0021,TAT6,47,19,0.6,153.2,9332.0
2,CSV_data_F07_240529_i-Lab検体20+50.csv,2_0021,0021,TAT6,47,19,0.6,162.0,9340.0
2,CSV_data_F07_240529_i-Lab検体20+50.csv,2_0021,0021,TAT6,47,19,0.6,171.2,9337.0
2,CSV_data_F07_240529_i-Lab検体20+50.csv,2_0021,0021,TAT6,47,19,0.6,180.0,9338.0
2,CSV_data_F07_240529_i-Lab検体20+50.csv,2_0022,0022,TAT206,41,20,19.9,0.0,11206.0
2,CSV_data_F07_240529_i-Lab検体20+50.csv,2_0022,0022,TAT206,41,20,19.9,9.2,11208.0
2,CSV_data_F07_240529_i-Lab検体20+50.csv,2_0022,0022,TAT206,41,20,19.9,18.0,11218.0
2,CSV_data_F07_240529_i-Lab検体20+50.csv,2_0022,0022,TAT206,41,20,19.9,27.2,11239.0
2,CSV_data_F07_240529_i-Lab検体20+50.csv,2_0022,0022,TAT206,41,20,19.9,36.0,11256.0
2,CSV_data_F07_240529_i-Lab検体20+50.csv,2_0022,0022,TAT206,41,20,19.9,45.2,11276.0
2,CSV_data_F07_240529_i-Lab検体20+50.csv,2_0022,0022,TAT206,41,20,19.9,54.0,11302.0
2,CSV_data_F07_240529_i-Lab検体20+50.csv,2_0022,0022,TAT206,41,20,19.9,63.2,11325.0
2,CSV_data_F07_240529_i-Lab検体20+50.csv,2_0022,0022,TAT206,41,20,19.9,72.0,11353.0
2,CSV_data_F07_240529_i-Lab検体20+50.csv,2_0022,0022,TAT206,41,20,19.9,81.2,11378.0
2,CSV_data_F07_240529_i-Lab検体20+50.csv,2_0022,0022,TAT206,41,20,19.9,90.0,11404.0
2,CSV_data_F07_240529_i-Lab検体20+50.csv,2_0022,0022,TAT206,41,20,19.9,99.2,11426.0
2,CSV_data_F07_240529_i-Lab検体20+50.csv,2_0022,0022,TAT206,41,20,19.9,108.0,11462.0
2,CSV_data_F07_240529_i-Lab検体20+50.csv,2_0022,0022,TAT206,41,20,19.9,117.2,11488.0
2,CSV_data_F07_240529_i-Lab検体20+50.csv,2_0022,0022,TAT206,41,20,19.9,126.0,11524.0
2,CSV_data_F07_240529_i-Lab検体20+50.csv,2_0022,0022,TAT206,41,20,19.9,135.2,11552.0
2,CSV_data_F07_240529_i-Lab検体20+50.csv,2_0022,0022,TAT206,41,20,19.9,144.0,11577.0
2,CSV_data_F07_240529_i-Lab検体20+50.csv,2_0022,0022,TAT206,41,20,19.9,153.2,11618.0
2,CSV_data_F07_240529_i-Lab検体20+50.csv,2_0022,0022,TAT206,41,20,19.9,162.0,11652.0
2,CSV_data_F07_240529_i-Lab検体20+50.csv,2_0022,0022,TAT206,41,20,19.9,171.2,11676.0
2,CSV_data_F07_240529_i-Lab検体20+50.csv,2_0022,0022,TAT206,41,20,19.9,180.0,11713.0
2,CSV_data_F07_240529_i-Lab検体20+50.csv,2_0022,0022,TAT1,42,15,24.9,0.0,11036.0
2,CSV_data_F07_240529_i-Lab検体20+50.csv,2_0022,0022,TAT1,42,15,24.9,9.2,11063.0
2,CSV_data_F07_240529_i-Lab検体20+50.csv,2_0022,0022,TAT1,42,15,24.9,18.0,11080.0
2,CSV_data_F07_240529_i-Lab検体20+50.csv,2_0022,0022,TAT1,42,15,24.9,27.2,11102.0
2,CSV_data_F07_240529_i-Lab検体20+50.csv,2_0022,0022,TAT1,42,15,24.9,36.0,11127.0
2,CSV_data_F07_240529_i-Lab検体20+50.csv,2_0022,0022,TAT1,42,15,24.9,45.2,11158.0
2,CSV_data_F07_240529_i-Lab検体20+50.csv,2_0022,0022,TAT1,42,15,24.9,54.0,11183.0
2,CSV_data_F07_240529_i-Lab検体20+50.csv,2_0022,0022,TAT1,42,15,24.9,63.2,11218.0
2,CSV_data_F07_240529_i-Lab検体20+50.csv,2_0022,0022,TAT1,42,15,24.9,72.0,11246.0
2,CSV_data_F07_240529_i-Lab検体20+50.csv,2_0022,0022,TAT1,42,15,24.9,81.2,11279.0
2,CSV_data_F07_240529_i-Lab検体20+50.csv,2_0022,0022,TAT1,42,15,24.9,90.0,11313.0
2,CSV_data_F07_240529_i-Lab検体20+50.csv,2_0022,0022,TAT1,42,15,24.9,99.2,11351.0
2,CSV_data_F07_240529_i-Lab検体20+50.csv,2_0022,0022,TAT1,42,15,24.9,108.0,11386.0
2,CSV_data_F07_240529_i-Lab検体20+50.csv,2_0022,0022,TAT1,42,15,24.9,117.2,11426.0
2,CSV_data_F07_240529_i-Lab検体20+50.csv,2_0022,0022,TAT1,42,15,24.9,126.0,11461.0
2,CSV_data_F07_240529_i-Lab検体20+50.csv,2_0022,0022,TAT1,42,15,24.9,135.2,11493.0
2,CSV_data_F07_240529_i-Lab検体20+50.csv,2_0022,0022,TAT1,42,15,24.9,144.0,11536.0
2,CSV_data_F07_240529_i-Lab検体20+50.csv,2_0022,0022,TAT1,42,15,24.9,153.2,11573.0
2,CSV_data_F07_240529_i-Lab検体20+50.csv,2_0022,0022,TAT1,42,15,24.9,162.0,11613.0
2,CSV_data_F07_240529_i-Lab検体20+50.csv,2_0022,0022,TAT1,42,15,24.9,171.2,11653.0
2,CSV_data_F07_240529_i-Lab検体20+50.csv,2_0022,0022,TAT1,42,15,24.9,180.0,11692.0
2,CSV_data_F07_240529_i-Lab検体20+50.csv,2_0022,0022,TAT3,44,16,17.5,0.0,11067.0
2,CSV_data_F07_240529_i-Lab検体20+50.csv,2_0022,0022,TAT3,44,16,17.5,9.2,11078.0
2,CSV_data_F07_240529_i-Lab検体20+50.csv,2_0022,0022,TAT3,44,16,17.5,18.0,11095.0
2,CSV_data_F07_240529_i-Lab検体20+50.csv,2_0022,0022,TAT3,44,16,17.5,27.2,11109.0
2,CSV_data_F07_240529_i-Lab検体20+50.csv,2_0022,0022,TAT3,44,16,17.5,36.0,11129.0
2,CSV_data_F07_240529_i-Lab検体20+50.csv,2_0022,0022,TAT3,44,16,17.5,45.2,11144.0
2,CSV_data_F07_240529_i-Lab検体20+50.csv,2_0022,0022,TAT3,44,16,17.5,54.0,11160.0
2,CSV_data_F07_240529_i-Lab検体20+50.csv,2_0022,0022,TAT3,44,16,17.5,63.2,11183.0
2,CSV_data_F07_240529_i-Lab検体20+50.csv,2_0022,0022,TAT3,44,16,17.5,72.0,11201.0
2,CSV_data_F07_240529_i-Lab検体20+50.csv,2_0022,0022,TAT3,44,16,17.5,81.2,11231.0
2,CSV_data_F07_240529_i-Lab検体20+50.csv,2_0022,0022,TAT3,44,16,17.5,90.0,11255.0
2,CSV_data_F07_240529_i-Lab検体20+50.csv,2_0022,0022,TAT3,44,16,17.5,99.2,11277.0
2,CSV_data_F07_240529_i-Lab検体20+50.csv,2_0022,0022,TAT3,44,16,17.5,108.0,11303.0
2,CSV_data_F07_240529_i-Lab検体20+50.csv,2_0022,0022,TAT3,44,16,17.5,117.2,11333.0
2,CSV_data_F07_240529_i-Lab検体20+50.csv,2_0022,0022,TAT3,44,16,17.5,126.0,11358.0
2,CSV_data_F07_240529_i-Lab検体20+50.csv,2_0022,0022,TAT3,44,16,17.5,135.2,11388.0
2,CSV_data_F07_240529_i-Lab検体20+50.csv,2_0022,0022,TAT3,44,16,17.5,144.0,11411.0
2,CSV_data_F07_240529_i-Lab検体20+50.csv,2_0022,0022,TAT3,44,16,17.5,153.2,11441.0
2,CSV_data_F07_240529_i-Lab検体20+50.csv,2_0022,0022,TAT3,44,16,17.5,162.0,11463.0
2,CSV_data_F07_240529_i-Lab検体20+50.csv,2_0022,0022,TAT3,44,16,17.5,171.2,11494.0
2,CSV_data_F07_240529_i-Lab検体20+50.csv,2_0022,0022,TAT3,44,16,17.5,180.0,11524.0
2,CSV_data_F07_240529_i-Lab検体20+50.csv,2_0022,0022,TAT5,46,17,5.9,0.0,6934.0
2,CSV_data_F07_240529_i-Lab検体20+50.csv,2_0022,0022,TAT5,46,17,5.9,9.2,6944.0
2,CSV_data_F07_240529_i-Lab検体20+50.csv,2_0022,0022,TAT5,46,17,5.9,18.0,6960.0
2,CSV_data_F07_240529_i-Lab検体20+50.csv,2_0022,0022,TAT5,46,17,5.9,27.2,6959.0
2,CSV_data_F07_240529_i-Lab検体20+50.csv,2_0022,0022,TAT5,46,17,5.9,36.0,6975.0
2,CSV_data_F07_240529_i-Lab検体20+50.csv,2_0022,0022,TAT5,46,17,5.9,45.2,6980.0
2,CSV_data_F07_240529_i-Lab検体20+50.csv,2_0022,0022,TAT5,46,17,5.9,54.0,6990.0
2,CSV_data_F07_240529_i-Lab検体20+50.csv,2_0022,0022,TAT5,46,17,5.9,63.2,6998.0
2,CSV_data_F07_240529_i-Lab検体20+50.csv,2_0022,0022,TAT5,46,17,5.9,72.0,7006.0
2,CSV_data_F07_240529_i-Lab検体20+50.csv,2_0022,0022,TAT5,46,17,5.9,81.2,7010.0
2,CSV_data_F07_240529_i-Lab検体20+50.csv,2_0022,0022,TAT5,46,17,5.9,90.0,7026.0
2,CSV_data_F07_240529_i-Lab検体20+50.csv,2_0022,0022,TAT5,46,17,5.9,99.2,7030.0
2,CSV_data_F07_240529_i-Lab検体20+50.csv,2_0022,0022,TAT5,46,17,5.9,108.0,7035.0
2,CSV_data_F07_240529_i-Lab検体20+50.csv,2_0022,0022,TAT5,46,17,5.9,117.2,7045.0
2,CSV_data_F07_240529_i-Lab検体20+50.csv,2_0022,0022,TAT5,46,17,5.9,126.0,7063.0
2,CSV_data_F07_240529_i-Lab検体20+50.csv,2_0022,0022,TAT5,46,17,5.9,135.2,7068.0
2,CSV_data_F07_240529_i-Lab検体20+50.csv,2_0022,0022,TAT5,46,17,5.9,144.0,7076.0
2,CSV_data_F07_240529_i-Lab検体20+50.csv,2_0022,0022,TAT5,46,17,5.9,153.2,7082.0
2,CSV_data_F07_240529_i-Lab検体20+50.csv,2_0022,0022,TAT5,46,17,5.9,162.0,7097.0
2,CSV_data_F07_240529_i-Lab検体20+50.csv,2_0022,0022,TAT5,46,17,5.9,171.2,7099.0
2,CSV_data_F07_240529_i-Lab検体20+50.csv,2_0022,0022,TAT5,46,17,5.9,180.0,7110.0
2,CSV_data_F07_240529_i-Lab検体20+50.csv,2_0022,0022,TAT6,47,18,0.8,0.0,8968.0
2,CSV_data_F07_240529_i-Lab検体20+50.csv,2_0022,0022,TAT6,47,18,0.8,9.2,8979.0
2,CSV_data_F07_240529_i-Lab検体20+50.csv,2_0022,0022,TAT6,47,18,0.8,18.0,8974.0
2,CSV_data_F07_240529_i-Lab検体20+50.csv,2_0022,0022,TAT6,47,18,0.8,27.2,8972.0
2,CSV_data_F07_240529_i-Lab検体20+50.csv,2_0022,0022,TAT6,47,18,0.8,36.0,8971.0
2,CSV_data_F07_240529_i-Lab検体20+50.csv,2_0022,0022,TAT6,47,18,0.8,45.2,8975.0
2,CSV_data_F07_240529_i-Lab検体20+50.csv,2_0022,0022,TAT6,47,18,0.8,54.0,8982.0
2,CSV_data_F07_240529_i-Lab検体20+50.csv,2_0022,0022,TAT6,47,18,0.8,63.2,8983.0
2,CSV_data_F07_240529_i-Lab検体20+50.csv,2_0022,0022,TAT6,47,18,0.8,72.0,8985.0
2,CSV_data_F07_240529_i-Lab検体20+50.csv,2_0022,0022,TAT6,47,18,0.8,81.2,8987.0
2,CSV_data_F07_240529_i-Lab検体20+50.csv,2_0022,0022,TAT6,47,18,0.8,90.0,8988.0
2,CSV_data_F07_240529_i-Lab検体20+50.csv,2_0022,0022,TAT6,47,18,0.8,99.2,8991.0
2,CSV_data_F07_240529_i-Lab検体20+50.csv,2_0022,0022,TAT6,47,18,0.8,108.0,8995.0
2,CSV_data_F07_240529_i-Lab検体20+50.csv,2_0022,0022,TAT6,47,18,0.8,117.2,8989.0
2,CSV_data_F07_240529_i-Lab検体20+50.csv,2_0022,0022,TAT6,47,18,0.8,126.0,8997.0
2,CSV_data_F07_240529_i-Lab検体20+50.csv,2_0022,0022,TAT6,47,18,0.8,135.2,8999.0
2,CSV_data_F07_240529_i-Lab検体20+50.csv,2_0022,0022,TAT6,47,18,0.8,144.0,9001.0
2,CSV_data_F07_240529_i-Lab検体20+50.csv,2_0022,0022,TAT6,47,18,0.8,153.2,8999.0
2,CSV_data_F07_240529_i-Lab検体20+50.csv,2_0022,0022,TAT6,47,18,0.8,162.0,9000.0
2,CSV_data_F07_240529_i-Lab検体20+50.csv,2_0022,0022,TAT6,47,18,0.8,171.2,8999.0
2,CSV_data_F07_240529_i-Lab検体20+50.csv,2_0022,0022,TAT6,47,18,0.8,180.0,9007.0
2,CSV_data_F07_240529_i-Lab検体20+50.csv,2_0023,0023,TAT3,44,19,4.0,0.0,10686.0
2,CSV_data_F07_240529_i-Lab検体20+50.csv,2_0023,0023,TAT3,44,19,4.0,9.2,10695.0
2,CSV_data_F07_240529_i-Lab検体20+50.csv,2_0023,0023,TAT3,44,19,4.0,18.0,10687.0
2,CSV_data_F07_240529_i-Lab検体20+50.csv,2_0023,0023,TAT3,44,19,4.0,27.2,10690.0
2,CSV_data_F07_240529_i-Lab検体20+50.csv,2_0023,0023,TAT3,44,19,4.0,36.0,10693.0
2,CSV_data_F07_240529_i-Lab検体20+50.csv,2_0023,0023,TAT3,44,19,4.0,45.2,10695.0
2,CSV_data_F07_240529_i-Lab検体20+50.csv,2_0023,0023,TAT3,44,19,4.0,54.0,10701.0
2,CSV_data_F07_240529_i-Lab検体20+50.csv,2_0023,0023,TAT3,44,19,4.0,63.2,10706.0
2,CSV_data_F07_240529_i-Lab検体20+50.csv,2_0023,0023,TAT3,44,19,4.0,72.0,10709.0
2,CSV_data_F07_240529_i-Lab検体20+50.csv,2_0023,0023,TAT3,44,19,4.0,81.2,10715.0
2,CSV_data_F07_240529_i-Lab検体20+50.csv,2_0023,0023,TAT3,44,19,4.0,90.0,10721.0
2,CSV_data_F07_240529_i-Lab検体20+50.csv,2_0023,0023,TAT3,44,19,4.0,99.2,10729.0
2,CSV_data_F07_240529_i-Lab検体20+50.csv,2_0023,0023,TAT3,44,19,4.0,108.0,10730.0
2,CSV_data_F07_240529_i-Lab検体20+50.csv,2_0023,0023,TAT3,44,19,4.0,117.2,10736.0
2,CSV_data_F07_240529_i-Lab検体20+50.csv,2_0023,0023,TAT3,44,19,4.0,126.0,10740.0
2,CSV_data_F07_240529_i-Lab検体20+50.csv,2_0023,0023,TAT3,44,19,4.0,135.2,10752.0
2,CSV_data_F07_240529_i-Lab検体20+50.csv,2_0023,0023,TAT3,44,19,4.0,144.0,10756.0
2,CSV_data_F07_240529_i-Lab検体20+50.csv,2_0023,0023,TAT3,44,19,4.0,153.2,10761.0
2,CSV_data_F07_240529_i-Lab検体20+50.csv,2_0023,0023,TAT3,44,19,4.0,162.0,10768.0
2,CSV_data_F07_240529_i-Lab検体20+50.csv,2_0023,0023,TAT3,44,19,4.0,171.2,10775.0
2,CSV_data_F07_240529_i-Lab検体20+50.csv,2_0023,0023,TAT3,44,19,4.0,180.0,10783.0
2,CSV_data_F07_240529_i-Lab検体20+50.csv,2_0024,0024,TAT3,44,20,7.9,0.0,11523.0
2,CSV_data_F07_240529_i-Lab検体20+50.csv,2_0024,0024,TAT3,44,20,7.9,9.2,11524.0
2,CSV_data_F07_240529_i-Lab検体20+50.csv,2_0024,0024,TAT3,44,20,7.9,18.0,11531.0
2,CSV_data_F07_240529_i-Lab検体20+50.csv,2_0024,0024,TAT3,44,20,7.9,27.2,11538.0
2,CSV_data_F07_240529_i-Lab検体20+50.csv,2_0024,0024,TAT3,44,20,7.9,36.0,11551.0
2,CSV_data_F07_240529_i-Lab検体20+50.csv,2_0024,0024,TAT3,44,20,7.9,45.2,11561.0
2,CSV_data_F07_240529_i-Lab検体20+50.csv,2_0024,0024,TAT3,44,20,7.9,54.0,11574.0
2,CSV_data_F07_240529_i-Lab検体20+50.csv,2_0024,0024,TAT3,44,20,7.9,63.2,11584.0
2,CSV_data_F07_240529_i-Lab検体20+50.csv,2_0024,0024,TAT3,44,20,7.9,72.0,11593.0
2,CSV_data_F07_240529_i-Lab検体20+50.csv,2_0024,0024,TAT3,44,20,7.9,81.2,11606.0
2,CSV_data_F07_240529_i-Lab検体20+50.csv,2_0024,0024,TAT3,44,20,7.9,90.0,11616.0
2,CSV_data_F07_240529_i-Lab検体20+50.csv,2_0024,0024,TAT3,44,20,7.9,99.2,11628.0
2,CSV_data_F07_240529_i-Lab検体20+50.csv,2_0024,0024,TAT3,44,20,7.9,108.0,11641.0
2,CSV_data_F07_240529_i-Lab検体20+50.csv,2_0024,0024,TAT3,44,20,7.9,117.2,11652.0
2,CSV_data_F07_240529_i-Lab検体20+50.csv,2_0024,0024,TAT3,44,20,7.9,126.0,11663.0
2,CSV_data_F07_240529_i-Lab検体20+50.csv,2_0024,0024,TAT3,44,20,7.9,135.2,11673.0
2,CSV_data_F07_240529_i-Lab検体20+50.csv,2_0024,0024,TAT3,44,20,7.9,144.0,11686.0
2,CSV_data_F07_240529_i-Lab検体20+50.csv,2_0024,0024,TAT3,44,20,7.9,153.2,11699.0
2,CSV_data_F07_240529_i-Lab検体20+50.csv,2_0024,0024,TAT3,44,20,7.9,162.0,11706.0
2,CSV_data_F07_240529_i-Lab検体20+50.csv,2_0024,0024,TAT3,44,20,7.9,171.2,11725.0
2,CSV_data_F07_240529_i-Lab検体20+50.csv,2_0024,0024,TAT3,44,20,7.9,180.0,11735.0
2,CSV_data_F07_240529_i-Lab検体20+50.csv,2_0025,0025,TAT3,44,15,11.3,0.0,11469.0
2,CSV_data_F07_240529_i-Lab検体20+50.csv,2_0025,0025,TAT3,44,15,11.3,9.2,11479.0
2,CSV_data_F07_240529_i-Lab検体20+50.csv,2_0025,0025,TAT3,44,15,11.3,18.0,11485.0
2,CSV_data_F07_240529_i-Lab検体20+50.csv,2_0025,0025,TAT3,44,15,11.3,27.2,11499.0
2,CSV_data_F07_240529_i-Lab検体20+50.csv,2_0025,0025,TAT3,44,15,11.3,36.0,11511.0
2,CSV_data_F07_240529_i-Lab検体20+50.csv,2_0025,0025,TAT3,44,15,11.3,45.2,11524.0
2,CSV_data_F07_240529_i-Lab検体20+50.csv,2_0025,0025,TAT3,44,15,11.3,54.0,11539.0
2,CSV_data_F07_240529_i-Lab検体20+50.csv,2_0025,0025,TAT3,44,15,11.3,63.2,11550.0
2,CSV_data_F07_240529_i-Lab検体20+50.csv,2_0025,0025,TAT3,44,15,11.3,72.0,11564.0
2,CSV_data_F07_240529_i-Lab検体20+50.csv,2_0025,0025,TAT3,44,15,11.3,81.2,11584.0
2,CSV_data_F07_240529_i-Lab検体20+50.csv,2_0025,0025,TAT3,44,15,11.3,90.0,11596.0
2,CSV_data_F07_240529_i-Lab検体20+50.csv,2_0025,0025,TAT3,44,15,11.3,99.2,11609.0
2,CSV_data_F07_240529_i-Lab検体20+50.csv,2_0025,0025,TAT3,44,15,11.3,108.0,11628.0
2,CSV_data_F07_240529_i-Lab検体20+50.csv,2_0025,0025,TAT3,44,15,11.3,117.2,11644.0
2,CSV_data_F07_240529_i-Lab検体20+50.csv,2_0025,0025,TAT3,44,15,11.3,126.0,11665.0
2,CSV_data_F07_240529_i-Lab検体20+50.csv,2_0025,0025,TAT3,44,15,11.3,135.2,11683.0
2,CSV_data_F07_240529_i-Lab検体20+50.csv,2_0025,0025,TAT3,44,15,11.3,144.0,11698.0
2,CSV_data_F07_240529_i-Lab検体20+50.csv,2_0025,0025,TAT3,44,15,11.3,153.2,11716.0
2,CSV_data_F07_240529_i-Lab検体20+50.csv,2_0025,0025,TAT3,44,15,11.3,162.0,11730.0
2,CSV_data_F07_240529_i-Lab検体20+50.csv,2_0025,0025,TAT3,44,15,11.3,171.2,11753.0
2,CSV_data_F07_240529_i-Lab検体20+50.csv,2_0025,0025,TAT3,44,15,11.3,180.0,11769.0
2,CSV_data_F07_240529_i-Lab検体20+50.csv,2_0026,0026,TAT3,44,16,14.9,0.0,11398.0
2,CSV_data_F07_240529_i-Lab検体20+50.csv,2_0026,0026,TAT3,44,16,14.9,9.2,11399.0
2,CSV_data_F07_240529_i-Lab検体20+50.csv,2_0026,0026,TAT3,44,16,14.9,18.0,11410.0
2,CSV_data_F07_240529_i-Lab検体20+50.csv,2_0026,0026,TAT3,44,16,14.9,27.2,11426.0
2,CSV_data_F07_240529_i-Lab検体20+50.csv,2_0026,0026,TAT3,44,16,14.9,36.0,11443.0
2,CSV_data_F07_240529_i-Lab検体20+50.csv,2_0026,0026,TAT3,44,16,14.9,45.2,11459.0
2,CSV_data_F07_240529_i-Lab検体20+50.csv,2_0026,0026,TAT3,44,16,14.9,54.0,11476.0
2,CSV_data_F07_240529_i-Lab検体20+50.csv,2_0026,0026,TAT3,44,16,14.9,63.2,11499.0
2,CSV_data_F07_240529_i-Lab検体20+50.csv,2_0026,0026,TAT3,44,16,14.9,72.0,11516.0
2,CSV_data_F07_240529_i-Lab検体20+50.csv,2_0026,0026,TAT3,44,16,14.9,81.2,11535.0
2,CSV_data_F07_240529_i-Lab検体20+50.csv,2_0026,0026,TAT3,44,16,14.9,90.0,11555.0
2,CSV_data_F07_240529_i-Lab検体20+50.csv,2_0026,0026,TAT3,44,16,14.9,99.2,11577.0
2,CSV_data_F07_240529_i-Lab検体20+50.csv,2_0026,0026,TAT3,44,16,14.9,108.0,11594.0
2,CSV_data_F07_240529_i-Lab検体20+50.csv,2_0026,0026,TAT3,44,16,14.9,117.2,11619.0
2,CSV_data_F07_240529_i-Lab検体20+50.csv,2_0026,0026,TAT3,44,16,14.9,126.0,11641.0
2,CSV_data_F07_240529_i-Lab検体20+50.csv,2_0026,0026,TAT3,44,16,14.9,135.2,11662.0
2,CSV_data_F07_240529_i-Lab検体20+50.csv,2_0026,0026,TAT3,44,16,14.9,144.0,11686.0
2,CSV_data_F07_240529_i-Lab検体20+50.csv,2_0026,0026,TAT3,44,16,14.9,153.2,11712.0
2,CSV_data_F07_240529_i-Lab検体20+50.csv,2_0026,0026,TAT3,44,16,14.9,162.0,11734.0
2,CSV_data_F07_240529_i-Lab検体20+50.csv,2_0026,0026,TAT3,44,16,14.9,171.2,11758.0
2,CSV_data_F07_240529_i-Lab検体20+50.csv,2_0026,0026,TAT3,44,16,14.9,180.0,11784.0
2,CSV_data_F07_240529_i-Lab検体20+50.csv,2_0027,0027,TAT3,44,17,23.9,0.0,11370.0
2,CSV_data_F07_240529_i-Lab検体20+50.csv,2_0027,0027,TAT3,44,17,23.9,9.2,11383.0
2,CSV_data_F07_240529_i-Lab検体20+50.csv,2_0027,0027,TAT3,44,17,23.9,18.0,11398.0
2,CSV_data_F07_240529_i-Lab検体20+50.csv,2_0027,0027,TAT3,44,17,23.9,27.2,11412.0
2,CSV_data_F07_240529_i-Lab検体20+50.csv,2_0027,0027,TAT3,44,17,23.9,36.0,11433.0
2,CSV_data_F07_240529_i-Lab検体20+50.csv,2_0027,0027,TAT3,44,17,23.9,45.2,11459.0
2,CSV_data_F07_240529_i-Lab検体20+50.csv,2_0027,0027,TAT3,44,17,23.9,54.0,11482.0
2,CSV_data_F07_240529_i-Lab検体20+50.csv,2_0027,0027,TAT3,44,17,23.9,63.2,11510.0
2,CSV_data_F07_240529_i-Lab検体20+50.csv,2_0027,0027,TAT3,44,17,23.9,72.0,11538.0
2,CSV_data_F07_240529_i-Lab検体20+50.csv,2_0027,0027,TAT3,44,17,23.9,81.2,11569.0
2,CSV_data_F07_240529_i-Lab検体20+50.csv,2_0027,0027,TAT3,44,17,23.9,90.0,11603.0
2,CSV_data_F07_240529_i-Lab検体20+50.csv,2_0027,0027,TAT3,44,17,23.9,99.2,11634.0
2,CSV_data_F07_240529_i-Lab検体20+50.csv,2_0027,0027,TAT3,44,17,23.9,108.0,11665.0
2,CSV_data_F07_240529_i-Lab検体20+50.csv,2_0027,0027,TAT3,44,17,23.9,117.2,11701.0
2,CSV_data_F07_240529_i-Lab検体20+50.csv,2_0027,0027,TAT3,44,17,23.9,126.0,11739.0
2,CSV_data_F07_240529_i-Lab検体20+50.csv,2_0027,0027,TAT3,44,17,23.9,135.2,11773.0
2,CSV_data_F07_240529_i-Lab検体20+50.csv,2_0027,0027,TAT3,44,17,23.9,144.0,11810.0
2,CSV_data_F07_240529_i-Lab検体20+50.csv,2_0027,0027,TAT3,44,17,23.9,153.2,11851.0
2,CSV_data_F07_240529_i-Lab検体20+50.csv,2_0027,0027,TAT3,44,17,23.9,162.0,11885.0
2,CSV_data_F07_240529_i-Lab検体20+50.csv,2_0027,0027,TAT3,44,17,23.9,171.2,11927.0
2,CSV_data_F07_240529_i-Lab検体20+50.csv,2_0027,0027,TAT3,44,17,23.9,180.0,11962.0
2,CSV_data_F07_240529_i-Lab検体20+50.csv,2_0028,0028,TAT3,44,18,34.7,0.0,11438.0
2,CSV_data_F07_240529_i-Lab検体20+50.csv,2_0028,0028,TAT3,44,18,34.7,9.2,11453.0
2,CSV_data_F07_240529_i-Lab検体20+50.csv,2_0028,0028,TAT3,44,18,34.7,18.0,11470.0
2,CSV_data_F07_240529_i-Lab検体20+50.csv,2_0028,0028,TAT3,44,18,34.7,27.2,11502.0
2,CSV_data_F07_240529_i-Lab検体20+50.csv,2_0028,0028,TAT3,44,18,34.7,36.0,11528.0
2,CSV_data_F07_240529_i-Lab検体20+50.csv,2_0028,0028,TAT3,44,18,34.7,45.2,11564.0
2,CSV_data_F07_240529_i-Lab検体20+50.csv,2_0028,0028,TAT3,44,18,34.7,54.0,11594.0
2,CSV_data_F07_240529_i-Lab検体20+50.csv,2_0028,0028,TAT3,44,18,34.7,63.2,11643.0
2,CSV_data_F07_240529_i-Lab検体20+50.csv,2_0028,0028,TAT3,44,18,34.7,72.0,11677.0
2,CSV_data_F07_240529_i-Lab検体20+50.csv,2_0028,0028,TAT3,44,18,34.7,81.2,11722.0
2,CSV_data_F07_240529_i-Lab検体20+50.csv,2_0028,0028,TAT3,44,18,34.7,90.0,11768.0
2,CSV_data_F07_240529_i-Lab検体20+50.csv,2_0028,0028,TAT3,44,18,34.7,99.2,11815.0
2,CSV_data_F07_240529_i-Lab検体20+50.csv,2_0028,0028,TAT3,44,18,34.7,108.0,11862.0
2,CSV_data_F07_240529_i-Lab検体20+50.csv,2_0028,0028,TAT3,44,18,34.7,117.2,11913.0
2,CSV_data_F07_240529_i-Lab検体20+50.csv,2_0028,0028,TAT3,44,18,34.7,126.0,11965.0
2,CSV_data_F07_240529_i-Lab検体20+50.csv,2_0028,0028,TAT3,44,18,34.7,135.2,12020.0
2,CSV_data_F07_240529_i-Lab検体20+50.csv,2_0028,0028,TAT3,44,18,34.7,144.0,12075.0
2,CSV_data_F07_240529_i-Lab検体20+50.csv,2_0028,0028,TAT3,44,18,34.7,153.2,12130.0
2,CSV_data_F07_240529_i-Lab検体20+50.csv,2_0028,0028,TAT3,44,18,34.7,162.0,12187.0
2,CSV_data_F07_240529_i-Lab検体20+50.csv,2_0028,0028,TAT3,44,18,34.7,171.2,12242.0
2,CSV_data_F07_240529_i-Lab検体20+50.csv,2_0028,0028,TAT3,44,18,34.7,180.0,12296.0
2,CSV_data_F07_240529_i-Lab検体20+50.csv,2_0029,0029,TAT206,41,19,8.9,0.0,11143.0
2,CSV_data_F07_240529_i-Lab検体20+50.csv,2_0029,0029,TAT206,41,19,8.9,9.2,11151.0
2,CSV_data_F07_240529_i-Lab検体20+50.csv,2_0029,0029,TAT206,41,19,8.9,18.0,11159.0
2,CSV_data_F07_240529_i-Lab検体20+50.csv,2_0029,0029,TAT206,41,19,8.9,27.2,11163.0
2,CSV_data_F07_240529_i-Lab検体20+50.csv,2_0029,0029,TAT206,41,19,8.9,36.0,11174.0
2,CSV_data_F07_240529_i-Lab検体20+50.csv,2_0029,0029,TAT206,41,19,8.9,45.2,11182.0
2,CSV_data_F07_240529_i-Lab検体20+50.csv,2_0029,0029,TAT206,41,19,8.9,54.0,11197.0
2,CSV_data_F07_240529_i-Lab検体20+50.csv,2_0029,0029,TAT206,41,19,8.9,63.2,11210.0
2,CSV_data_F07_240529_i-Lab検体20+50.csv,2_0029,0029,TAT206,41,19,8.9,72.0,11220.0
2,CSV_data_F07_240529_i-Lab検体20+50.csv,2_0029,0029,TAT206,41,19,8.9,81.2,11233.0
2,CSV_data_F07_240529_i-Lab検体20+50.csv,2_0029,0029,TAT206,41,19,8.9,90.0,11244.0
2,CSV_data_F07_240529_i-Lab検体20+50.csv,2_0029,0029,TAT206,41,19,8.9,99.2,11259.0
2,CSV_data_F07_240529_i-Lab検体20+50.csv,2_0029,0029,TAT206,41,19,8.9,108.0,11273.0
2,CSV_data_F07_240529_i-Lab検体20+50.csv,2_0029,0029,TAT206,41,19,8.9,117.2,11286.0
2,CSV_data_F07_240529_i-Lab検体20+50.csv,2_0029,0029,TAT206,41,19,8.9,126.0,11299.0
2,CSV_data_F07_240529_i-Lab検体20+50.csv,2_0029,0029,TAT206,41,19,8.9,135.2,11313.0
2,CSV_data_F07_240529_i-Lab検体20+50.csv,2_0029,0029,TAT206,41,19,8.9,144.0,11325.0
2,CSV_data_F07_240529_i-Lab検体20+50.csv,2_0029,0029,TAT206,41,19,8.9,153.2,11340.0
2,CSV_data_F07_240529_i-Lab検体20+50.csv,2_0029,0029,TAT206,41,19,8.9,162.0,11349.0
2,CSV_data_F07_240529_i-Lab検体20+50.csv,2_0029,0029,TAT206,41,19,8.9,171.2,11367.0
2,CSV_data_F07_240529_i-Lab検体20+50.csv,2_0029,0029,TAT206,41,19,8.9,180.0,11378.0
2,CSV_data_F07_240529_i-Lab検体20+50.csv,2_0029,0029,TAT1,42,20,9.5,0.0,11069.0
2,CSV_data_F07_240529_i-Lab検体20+50.csv,2_0029,0029,TAT1,42,20,9.5,9.2,11076.0
2,CSV_data_F07_240529_i-Lab検体20+50.csv,2_0029,0029,TAT1,42,20,9.5,18.0,11087.0
2,CSV_data_F07_240529_i-Lab検体20+50.csv,2_0029,0029,TAT1,42,20,9.5,27.2,11093.0
2,CSV_data_F07_240529_i-Lab検体20+50.csv,2_0029,0029,TAT1,42,20,9.5,36.0,11110.0
2,CSV_data_F07_240529_i-Lab検体20+50.csv,2_0029,0029,TAT1,42,20,9.5,45.2,11120.0
2,CSV_data_F07_240529_i-Lab検体20+50.csv,2_0029,0029,TAT1,42,20,9.5,54.0,11136.0
2,CSV_data_F07_240529_i-Lab検体20+50.csv,2_0029,0029,TAT1,42,20,9.5,63.2,11147.0
2,CSV_data_F07_240529_i-Lab検体20+50.csv,2_0029,0029,TAT1,42,20,9.5,72.0,11161.0
2,CSV_data_F07_240529_i-Lab検体20+50.csv,2_0029,0029,TAT1,42,20,9.5,81.2,11176.0
2,CSV_data_F07_240529_i-Lab検体20+50.csv,2_0029,0029,TAT1,42,20,9.5,90.0,11186.0
2,CSV_data_F07_240529_i-Lab検体20+50.csv,2_0029,0029,TAT1,42,20,9.5,99.2,11201.0
2,CSV_data_F07_240529_i-Lab検体20+50.csv,2_0029,0029,TAT1,42,20,9.5,108.0,11219.0
2,CSV_data_F07_240529_i-Lab検体20+50.csv,2_0029,0029,TAT1,42,20,9.5,117.2,11233.0
2,CSV_data_F07_240529_i-Lab検体20+50.csv,2_0029,0029,TAT1,42,20,9.5,126.0,11248.0
2,CSV_data_F07_240529_i-Lab検体20+50.csv,2_0029,0029,TAT1,42,20,9.5,135.2,11263.0
2,CSV_data_F07_240529_i-Lab検体20+50.csv,2_0029,0029,TAT1,42,20,9.5,144.0,11277.0
2,CSV_data_F07_240529_i-Lab検体20+50.csv,2_0029,0029,TAT1,42,20,9.5,153.2,11294.0
2,CSV_data_F07_240529_i-Lab検体20+50.csv,2_0029,0029,TAT1,42,20,9.5,162.0,11308.0
2,CSV_data_F07_240529_i-Lab検体20+50.csv,2_0029,0029,TAT1,42,20,9.5,171.2,11319.0
2,CSV_data_F07_240529_i-Lab検体20+50.csv,2_0029,0029,TAT1,42,20,9.5,180.0,11331.0
2,CSV_data_F07_240529_i-Lab検体20+50.csv,2_0029,0029,TAT3,44,15,6.3,0.0,10852.0
2,CSV_data_F07_240529_i-Lab検体20+50.csv,2_0029,0029,TAT3,44,15,6.3,9.2,10854.0
2,CSV_data_F07_240529_i-Lab検体20+50.csv,2_0029,0029,TAT3,44,15,6.3,18.0,10857.0
2,CSV_data_F07_240529_i-Lab検体20+50.csv,2_0029,0029,TAT3,44,15,6.3,27.2,10866.0
2,CSV_data_F07_240529_i-Lab検体20+50.csv,2_0029,0029,TAT3,44,15,6.3,36.0,10873.0
2,CSV_data_F07_240529_i-Lab検体20+50.csv,2_0029,0029,TAT3,44,15,6.3,45.2,10878.0
2,CSV_data_F07_240529_i-Lab検体20+50.csv,2_0029,0029,TAT3,44,15,6.3,54.0,10884.0
2,CSV_data_F07_240529_i-Lab検体20+50.csv,2_0029,0029,TAT3,44,15,6.3,63.2,10899.0
2,CSV_data_F07_240529_i-Lab検体20+50.csv,2_0029,0029,TAT3,44,15,6.3,72.0,10902.0
2,CSV_data_F07_240529_i-Lab検体20+50.csv,2_0029,0029,TAT3,44,15,6.3,81.2,10914.0
2,CSV_data_F07_240529_i-Lab検体20+50.csv,2_0029,0029,TAT3,44,15,6.3,90.0,10923.0
2,CSV_data_F07_240529_i-Lab検体20+50.csv,2_0029,0029,TAT3,44,15,6.3,99.2,10933.0
2,CSV_data_F07_240529_i-Lab検体20+50.csv,2_0029,0029,TAT3,44,15,6.3,108.0,10939.0
2,CSV_data_F07_240529_i-Lab検体20+50.csv,2_0029,0029,TAT3,44,15,6.3,117.2,10952.0
2,CSV_data_F07_240529_i-Lab検体20+50.csv,2_0029,0029,TAT3,44,15,6.3,126.0,10954.0
2,CSV_data_F07_240529_i-Lab検体20+50.csv,2_0029,0029,TAT3,44,15,6.3,135.2,10967.0
2,CSV_data_F07_240529_i-Lab検体20+50.csv,2_0029,0029,TAT3,44,15,6.3,144.0,10976.0
2,CSV_data_F07_240529_i-Lab検体20+50.csv,2_0029,0029,TAT3,44,15,6.3,153.2,10988.0
2,CSV_data_F07_240529_i-Lab検体20+50.csv,2_0029,0029,TAT3,44,15,6.3,162.0,10996.0
2,CSV_data_F07_240529_i-Lab検体20+50.csv,2_0029,0029,TAT3,44,15,6.3,171.2,11008.0
2,CSV_data_F07_240529_i-Lab検体20+50.csv,2_0029,0029,TAT3,44,15,6.3,180.0,11017.0
2,CSV_data_F07_240529_i-Lab検体20+50.csv,2_0029,0029,TAT5,46,16,4.2,0.0,6860.0
2,CSV_data_F07_240529_i-Lab検体20+50.csv,2_0029,0029,TAT5,46,16,4.2,9.2,6866.0
2,CSV_data_F07_240529_i-Lab検体20+50.csv,2_0029,0029,TAT5,46,16,4.2,18.0,6868.0
2,CSV_data_F07_240529_i-Lab検体20+50.csv,2_0029,0029,TAT5,46,16,4.2,27.2,6878.0
2,CSV_data_F07_240529_i-Lab検体20+50.csv,2_0029,0029,TAT5,46,16,4.2,36.0,6883.0
2,CSV_data_F07_240529_i-Lab検体20+50.csv,2_0029,0029,TAT5,46,16,4.2,45.2,6889.0
2,CSV_data_F07_240529_i-Lab検体20+50.csv,2_0029,0029,TAT5,46,16,4.2,54.0,6896.0
2,CSV_data_F07_240529_i-Lab検体20+50.csv,2_0029,0029,TAT5,46,16,4.2,63.2,6901.0
2,CSV_data_F07_240529_i-Lab検体20+50.csv,2_0029,0029,TAT5,46,16,4.2,72.0,6914.0
2,CSV_data_F07_240529_i-Lab検体20+50.csv,2_0029,0029,TAT5,46,16,4.2,81.2,6917.0
2,CSV_data_F07_240529_i-Lab検体20+50.csv,2_0029,0029,TAT5,46,16,4.2,90.0,6923.0
2,CSV_data_F07_240529_i-Lab検体20+50.csv,2_0029,0029,TAT5,46,16,4.2,99.2,6928.0
2,CSV_data_F07_240529_i-Lab検体20+50.csv,2_0029,0029,TAT5,46,16,4.2,108.0,6936.0
2,CSV_data_F07_240529_i-Lab検体20+50.csv,2_0029,0029,TAT5,46,16,4.2,117.2,6939.0
2,CSV_data_F07_240529_i-Lab検体20+50.csv,2_0029,0029,TAT5,46,16,4.2,126.0,6951.0
2,CSV_data_F07_240529_i-Lab検体20+50.csv,2_0029,0029,TAT5,46,16,4.2,135.2,6955.0
2,CSV_data_F07_240529_i-Lab検体20+50.csv,2_0029,0029,TAT5,46,16,4.2,144.0,6963.0
2,CSV_data_F07_240529_i-Lab検体20+50.csv,2_0029,0029,TAT5,46,16,4.2,153.2,6967.0
2,CSV_data_F07_240529_i-Lab検体20+50.csv,2_0029,0029,TAT5,46,16,4.2,162.0,6977.0
2,CSV_data_F07_240529_i-Lab検体20+50.csv,2_0029,0029,TAT5,46,16,4.2,171.2,6980.0
2,CSV_data_F07_240529_i-Lab検体20+50.csv,2_0029,0029,TAT5,46,16,4.2,180.0,6987.0
2,CSV_data_F07_240529_i-Lab検体20+50.csv,2_0029,0029,TAT6,47,17,1.1,0.0,8869.0
2,CSV_data_F07_240529_i-Lab検体20+50.csv,2_0029,0029,TAT6,47,17,1.1,9.2,8862.0
2,CSV_data_F07_240529_i-Lab検体20+50.csv,2_0029,0029,TAT6,47,17,1.1,18.0,8856.0
2,CSV_data_F07_240529_i-Lab検体20+50.csv,2_0029,0029,TAT6,47,17,1.1,27.2,8860.0
2,CSV_data_F07_240529_i-Lab検体20+50.csv,2_0029,0029,TAT6,47,17,1.1,36.0,8858.0
2,CSV_data_F07_240529_i-Lab検体20+50.csv,2_0029,0029,TAT6,47,17,1.1,45.2,8861.0
2,CSV_data_F07_240529_i-Lab検体20+50.csv,2_0029,0029,TAT6,47,17,1.1,54.0,8860.0
2,CSV_data_F07_240529_i-Lab検体20+50.csv,2_0029,0029,TAT6,47,17,1.1,63.2,8862.0
2,CSV_data_F07_240529_i-Lab検体20+50.csv,2_0029,0029,TAT6,47,17,1.1,72.0,8864.0
2,CSV_data_F07_240529_i-Lab検体20+50.csv,2_0029,0029,TAT6,47,17,1.1,81.2,8865.0
2,CSV_data_F07_240529_i-Lab検体20+50.csv,2_0029,0029,TAT6,47,17,1.1,90.0,8867.0
2,CSV_data_F07_240529_i-Lab検体20+50.csv,2_0029,0029,TAT6,47,17,1.1,99.2,8870.0
2,CSV_data_F07_240529_i-Lab検体20+50.csv,2_0029,0029,TAT6,47,17,1.1,108.0,8873.0
2,CSV_data_F07_240529_i-Lab検体20+50.csv,2_0029,0029,TAT6,47,17,1.1,117.2,8875.0
2,CSV_data_F07_240529_i-Lab検体20+50.csv,2_0029,0029,TAT6,47,17,1.1,126.0,8876.0
2,CSV_data_F07_240529_i-Lab検体20+50.csv,2_0029,0029,TAT6,47,17,1.1,135.2,8875.0
2,CSV_data_F07_240529_i-Lab検体20+50.csv,2_0029,0029,TAT6,47,17,1.1,144.0,8877.0
2,CSV_data_F07_240529_i-Lab検体20+50.csv,2_0029,0029,TAT6,47,17,1.1,153.2,8878.0
2,CSV_data_F07_240529_i-Lab検体20+50.csv,2_0029,0029,TAT6,47,17,1.1,162.0,8879.0
2,CSV_data_F07_240529_i-Lab検体20+50.csv,2_0029,0029,TAT6,47,17,1.1,171.2,8882.0
2,CSV_data_F07_240529_i-Lab検体20+50.csv,2_0029,0029,TAT6,47,17,1.1,180.0,8883.0
2,CSV_data_F07_240529_i-Lab検体20+50.csv,2_0030,0030,TAT206,41,18,8.5,0.0,11004.0
2,CSV_data_F07_240529_i-Lab検体20+50.csv,2_0030,0030,TAT206,41,18,8.5,9.2,10998.0
2,CSV_data_F07_240529_i-Lab検体20+50.csv,2_0030,0030,TAT206,41,18,8.5,18.0,11003.0
2,CSV_data_F07_240529_i-Lab検体20+50.csv,2_0030,0030,TAT206,41,18,8.5,27.2,11016.0
2,CSV_data_F07_240529_i-Lab検体20+50.csv,2_0030,0030,TAT206,41,18,8.5,36.0,11026.0
2,CSV_data_F07_240529_i-Lab検体20+50.csv,2_0030,0030,TAT206,41,18,8.5,45.2,11042.0
2,CSV_data_F07_240529_i-Lab検体20+50.csv,2_0030,0030,TAT206,41,18,8.5,54.0,11050.0
2,CSV_data_F07_240529_i-Lab検体20+50.csv,2_0030,0030,TAT206,41,18,8.5,63.2,11062.0
2,CSV_data_F07_240529_i-Lab検体20+50.csv,2_0030,0030,TAT206,41,18,8.5,72.0,11072.0
2,CSV_data_F07_240529_i-Lab検体20+50.csv,2_0030,0030,TAT206,41,18,8.5,81.2,11088.0
2,CSV_data_F07_240529_i-Lab検体20+50.csv,2_0030,0030,TAT206,41,18,8.5,90.0,11101.0
2,CSV_data_F07_240529_i-Lab検体20+50.csv,2_0030,0030,TAT206,41,18,8.5,99.2,11111.0
2,CSV_data_F07_240529_i-Lab検体20+50.csv,2_0030,0030,TAT206,41,18,8.5,108.0,11122.0
2,CSV_data_F07_240529_i-Lab検体20+50.csv,2_0030,0030,TAT206,41,18,8.5,117.2,11121.0
2,CSV_data_F07_240529_i-Lab検体20+50.csv,2_0030,0030,TAT206,41,18,8.5,126.0,11148.0
2,CSV_data_F07_240529_i-Lab検体20+50.csv,2_0030,0030,TAT206,41,18,8.5,135.2,11161.0
2,CSV_data_F07_240529_i-Lab検体20+50.csv,2_0030,0030,TAT206,41,18,8.5,144.0,11177.0
2,CSV_data_F07_240529_i-Lab検体20+50.csv,2_0030,0030,TAT206,41,18,8.5,153.2,11178.0
2,CSV_data_F07_240529_i-Lab検体20+50.csv,2_0030,0030,TAT206,41,18,8.5,162.0,11200.0
2,CSV_data_F07_240529_i-Lab検体20+50.csv,2_0030,0030,TAT206,41,18,8.5,171.2,11216.0
2,CSV_data_F07_240529_i-Lab検体20+50.csv,2_0030,0030,TAT206,41,18,8.5,180.0,11229.0
2,CSV_data_F07_240529_i-Lab検体20+50.csv,2_0030,0030,TAT1,42,19,10.3,0.0,11065.0
2,CSV_data_F07_240529_i-Lab検体20+50.csv,2_0030,0030,TAT1,42,19,10.3,9.2,11070.0
2,CSV_data_F07_240529_i-Lab検体20+50.csv,2_0030,0030,TAT1,42,19,10.3,18.0,11089.0
2,CSV_data_F07_240529_i-Lab検体20+50.csv,2_0030,0030,TAT1,42,19,10.3,27.2,11091.0
2,CSV_data_F07_240529_i-Lab検体20+50.csv,2_0030,0030,TAT1,42,19,10.3,36.0,11103.0
2,CSV_data_F07_240529_i-Lab検体20+50.csv,2_0030,0030,TAT1,42,19,10.3,45.2,11114.0
2,CSV_data_F07_240529_i-Lab検体20+50.csv,2_0030,0030,TAT1,42,19,10.3,54.0,11127.0
2,CSV_data_F07_240529_i-Lab検体20+50.csv,2_0030,0030,TAT1,42,19,10.3,63.2,11142.0
2,CSV_data_F07_240529_i-Lab検体20+50.csv,2_0030,0030,TAT1,42,19,10.3,72.0,11158.0
2,CSV_data_F07_240529_i-Lab検体20+50.csv,2_0030,0030,TAT1,42,19,10.3,81.2,11173.0
2,CSV_data_F07_240529_i-Lab検体20+50.csv,2_0030,0030,TAT1,42,19,10.3,90.0,11192.0
2,CSV_data_F07_240529_i-Lab検体20+50.csv,2_0030,0030,TAT1,42,19,10.3,99.2,11205.0
2,CSV_data_F07_240529_i-Lab検体20+50.csv,2_0030,0030,TAT1,42,19,10.3,108.0,11219.0
2,CSV_data_F07_240529_i-Lab検体20+50.csv,2_0030,0030,TAT1,42,19,10.3,117.2,11231.0
2,CSV_data_F07_240529_i-Lab検体20+50.csv,2_0030,0030,TAT1,42,19,10.3,126.0,11252.0
2,CSV_data_F07_240529_i-Lab検体20+50.csv,2_0030,0030,TAT1,42,19,10.3,135.2,11264.0
2,CSV_data_F07_240529_i-Lab検体20+50.csv,2_0030,0030,TAT1,42,19,10.3,144.0,11280.0
2,CSV_data_F07_240529_i-Lab検体20+50.csv,2_0030,0030,TAT1,42,19,10.3,153.2,11298.0
2,CSV_data_F07_240529_i-Lab検体20+50.csv,2_0030,0030,TAT1,42,19,10.3,162.0,11314.0
2,CSV_data_F07_240529_i-Lab検体20+50.csv,2_0030,0030,TAT1,42,19,10.3,171.2,11327.0
2,CSV_data_F07_240529_i-Lab検体20+50.csv,2_0030,0030,TAT1,42,19,10.3,180.0,11341.0
2,CSV_data_F07_240529_i-Lab検体20+50.csv,2_0030,0030,TAT3,44,20,6.9,0.0,10929.0
2,CSV_data_F07_240529_i-Lab検体20+50.csv,2_0030,0030,TAT3,44,20,6.9,9.2,10934.0
2,CSV_data_F07_240529_i-Lab検体20+50.csv,2_0030,0030,TAT3,44,20,6.9,18.0,10936.0
2,CSV_data_F07_240529_i-Lab検体20+50.csv,2_0030,0030,TAT3,44,20,6.9,27.2,10945.0
2,CSV_data_F07_240529_i-Lab検体20+50.csv,2_0030,0030,TAT3,44,20,6.9,36.0,10954.0
2,CSV_data_F07_240529_i-Lab検体20+50.csv,2_0030,0030,TAT3,44,20,6.9,45.2,10964.0
2,CSV_data_F07_240529_i-Lab検体20+50.csv,2_0030,0030,TAT3,44,20,6.9,54.0,10975.0
2,CSV_data_F07_240529_i-Lab検体20+50.csv,2_0030,0030,TAT3,44,20,6.9,63.2,10983.0
2,CSV_data_F07_240529_i-Lab検体20+50.csv,2_0030,0030,TAT3,44,20,6.9,72.0,10990.0
2,CSV_data_F07_240529_i-Lab検体20+50.csv,2_0030,0030,TAT3,44,20,6.9,81.2,10997.0
2,CSV_data_F07_240529_i-Lab検体20+50.csv,2_0030,0030,TAT3,44,20,6.9,90.0,11007.0
2,CSV_data_F07_240529_i-Lab検体20+50.csv,2_0030,0030,TAT3,44,20,6.9,99.2,11021.0
2,CSV_data_F07_240529_i-Lab検体20+50.csv,2_0030,0030,TAT3,44,20,6.9,108.0,11032.0
2,CSV_data_F07_240529_i-Lab検体20+50.csv,2_0030,0030,TAT3,44,20,6.9,117.2,11044.0
2,CSV_data_F07_240529_i-Lab検体20+50.csv,2_0030,0030,TAT3,44,20,6.9,126.0,11049.0
2,CSV_data_F07_240529_i-Lab検体20+50.csv,2_0030,0030,TAT3,44,20,6.9,135.2,11063.0
2,CSV_data_F07_240529_i-Lab検体20+50.csv,2_0030,0030,TAT3,44,20,6.9,144.0,11060.0
2,CSV_data_F07_240529_i-Lab検体20+50.csv,2_0030,0030,TAT3,44,20,6.9,153.2,11081.0
2,CSV_data_F07_240529_i-Lab検体20+50.csv,2_0030,0030,TAT3,44,20,6.9,162.0,11064.0
2,CSV_data_F07_240529_i-Lab検体20+50.csv,2_0030,0030,TAT3,44,20,6.9,171.2,11100.0
2,CSV_data_F07_240529_i-Lab検体20+50.csv,2_0030,0030,TAT3,44,20,6.9,180.0,11110.0
2,CSV_data_F07_240529_i-Lab検体20+50.csv,2_0030,0030,TAT5,46,15,4.3,0.0,6849.0
2,CSV_data_F07_240529_i-Lab検体20+50.csv,2_0030,0030,TAT5,46,15,4.3,9.2,6852.0
2,CSV_data_F07_240529_i-Lab検体20+50.csv,2_0030,0030,TAT5,46,15,4.3,18.0,6854.0
2,CSV_data_F07_240529_i-Lab検体20+50.csv,2_0030,0030,TAT5,46,15,4.3,27.2,6852.0
2,CSV_data_F07_240529_i-Lab検体20+50.csv,2_0030,0030,TAT5,46,15,4.3,36.0,6861.0
2,CSV_data_F07_240529_i-Lab検体20+50.csv,2_0030,0030,TAT5,46,15,4.3,45.2,6868.0
2,CSV_data_F07_240529_i-Lab検体20+50.csv,2_0030,0030,TAT5,46,15,4.3,54.0,6875.0
2,CSV_data_F07_240529_i-Lab検体20+50.csv,2_0030,0030,TAT5,46,15,4.3,63.2,6881.0
2,CSV_data_F07_240529_i-Lab検体20+50.csv,2_0030,0030,TAT5,46,15,4.3,72.0,6890.0
2,CSV_data_F07_240529_i-Lab検体20+50.csv,2_0030,0030,TAT5,46,15,4.3,81.2,6899.0
2,CSV_data_F07_240529_i-Lab検体20+50.csv,2_0030,0030,TAT5,46,15,4.3,90.0,6898.0
2,CSV_data_F07_240529_i-Lab検体20+50.csv,2_0030,0030,TAT5,46,15,4.3,99.2,6909.0
2,CSV_data_F07_240529_i-Lab検体20+50.csv,2_0030,0030,TAT5,46,15,4.3,108.0,6920.0
2,CSV_data_F07_240529_i-Lab検体20+50.csv,2_0030,0030,TAT5,46,15,4.3,117.2,6922.0
2,CSV_data_F07_240529_i-Lab検体20+50.csv,2_0030,0030,TAT5,46,15,4.3,126.0,6931.0
2,CSV_data_F07_240529_i-Lab検体20+50.csv,2_0030,0030,TAT5,46,15,4.3,135.2,6938.0
2,CSV_data_F07_240529_i-Lab検体20+50.csv,2_0030,0030,TAT5,46,15,4.3,144.0,6940.0
2,CSV_data_F07_240529_i-Lab検体20+50.csv,2_0030,0030,TAT5,46,15,4.3,153.2,6950.0
2,CSV_data_F07_240529_i-Lab検体20+50.csv,2_0030,0030,TAT5,46,15,4.3,162.0,6960.0
2,CSV_data_F07_240529_i-Lab検体20+50.csv,2_0030,0030,TAT5,46,15,4.3,171.2,6963.0
2,CSV_data_F07_240529_i-Lab検体20+50.csv,2_0030,0030,TAT5,46,15,4.3,180.0,6970.0
2,CSV_data_F07_240529_i-Lab検体20+50.csv,2_0030,0030,TAT6,47,16,1.0,0.0,8922.0
2,CSV_data_F07_240529_i-Lab検体20+50.csv,2_0030,0030,TAT6,47,16,1.0,9.2,8887.0
2,CSV_data_F07_240529_i-Lab検体20+50.csv,2_0030,0030,TAT6,47,16,1.0,18.0,8884.0
2,CSV_data_F07_240529_i-Lab検体20+50.csv,2_0030,0030,TAT6,47,16,1.0,27.2,8887.0
2,CSV_data_F07_240529_i-Lab検体20+50.csv,2_0030,0030,TAT6,47,16,1.0,36.0,8889.0
2,CSV_data_F07_240529_i-Lab検体20+50.csv,2_0030,0030,TAT6,47,16,1.0,45.2,8891.0
2,CSV_data_F07_240529_i-Lab検体20+50.csv,2_0030,0030,TAT6,47,16,1.0,54.0,8890.0
2,CSV_data_F07_240529_i-Lab検体20+50.csv,2_0030,0030,TAT6,47,16,1.0,63.2,8892.0
2,CSV_data_F07_240529_i-Lab検体20+50.csv,2_0030,0030,TAT6,47,16,1.0,72.0,8892.0
2,CSV_data_F07_240529_i-Lab検体20+50.csv,2_0030,0030,TAT6,47,16,1.0,81.2,8896.0
2,CSV_data_F07_240529_i-Lab検体20+50.csv,2_0030,0030,TAT6,47,16,1.0,90.0,8895.0
2,CSV_data_F07_240529_i-Lab検体20+50.csv,2_0030,0030,TAT6,47,16,1.0,99.2,8898.0
2,CSV_data_F07_240529_i-Lab検体20+50.csv,2_0030,0030,TAT6,47,16,1.0,108.0,8900.0
2,CSV_data_F07_240529_i-Lab検体20+50.csv,2_0030,0030,TAT6,47,16,1.0,117.2,8900.0
2,CSV_data_F07_240529_i-Lab検体20+50.csv,2_0030,0030,TAT6,47,16,1.0,126.0,8904.0
2,CSV_data_F07_240529_i-Lab検体20+50.csv,2_0030,0030,TAT6,47,16,1.0,135.2,8901.0
2,CSV_data_F07_240529_i-Lab検体20+50.csv,2_0030,0030,TAT6,47,16,1.0,144.0,8906.0
2,CSV_data_F07_240529_i-Lab検体20+50.csv,2_0030,0030,TAT6,47,16,1.0,153.2,8910.0
2,CSV_data_F07_240529_i-Lab検体20+50.csv,2_0030,0030,TAT6,47,16,1.0,162.0,8908.0
2,CSV_data_F07_240529_i-Lab検体20+50.csv,2_0030,0030,TAT6,47,16,1.0,171.2,8911.0
2,CSV_data_F07_240529_i-Lab検体20+50.csv,2_0030,0030,TAT6,47,16,1.0,180.0,8909.0
2,CSV_data_F07_240529_i-Lab検体20+50.csv,2_0031,0031,TAT206,41,17,8.9,0.0,10966.0
2,CSV_data_F07_240529_i-Lab検体20+50.csv,2_0031,0031,TAT206,41,17,8.9,9.2,10959.0
2,CSV_data_F07_240529_i-Lab検体20+50.csv,2_0031,0031,TAT206,41,17,8.9,18.0,10972.0
2,CSV_data_F07_240529_i-Lab検体20+50.csv,2_0031,0031,TAT206,41,17,8.9,27.2,10981.0
2,CSV_data_F07_240529_i-Lab検体20+50.csv,2_0031,0031,TAT206,41,17,8.9,36.0,10993.0
2,CSV_data_F07_240529_i-Lab検体20+50.csv,2_0031,0031,TAT206,41,17,8.9,45.2,11002.0
2,CSV_data_F07_240529_i-Lab検体20+50.csv,2_0031,0031,TAT206,41,17,8.9,54.0,11017.0
2,CSV_data_F07_240529_i-Lab検体20+50.csv,2_0031,0031,TAT206,41,17,8.9,63.2,11027.0
2,CSV_data_F07_240529_i-Lab検体20+50.csv,2_0031,0031,TAT206,41,17,8.9,72.0,11040.0
2,CSV_data_F07_240529_i-Lab検体20+50.csv,2_0031,0031,TAT206,41,17,8.9,81.2,11052.0
2,CSV_data_F07_240529_i-Lab検体20+50.csv,2_0031,0031,TAT206,41,17,8.9,90.0,11063.0
2,CSV_data_F07_240529_i-Lab検体20+50.csv,2_0031,0031,TAT206,41,17,8.9,99.2,11077.0
2,CSV_data_F07_240529_i-Lab検体20+50.csv,2_0031,0031,TAT206,41,17,8.9,108.0,11091.0
2,CSV_data_F07_240529_i-Lab検体20+50.csv,2_0031,0031,TAT206,41,17,8.9,117.2,11098.0
2,CSV_data_F07_240529_i-Lab検体20+50.csv,2_0031,0031,TAT206,41,17,8.9,126.0,11118.0
2,CSV_data_F07_240529_i-Lab検体20+50.csv,2_0031,0031,TAT206,41,17,8.9,135.2,11129.0
2,CSV_data_F07_240529_i-Lab検体20+50.csv,2_0031,0031,TAT206,41,17,8.9,144.0,11143.0
2,CSV_data_F07_240529_i-Lab検体20+50.csv,2_0031,0031,TAT206,41,17,8.9,153.2,11157.0
2,CSV_data_F07_240529_i-Lab検体20+50.csv,2_0031,0031,TAT206,41,17,8.9,162.0,11170.0
2,CSV_data_F07_240529_i-Lab検体20+50.csv,2_0031,0031,TAT206,41,17,8.9,171.2,11185.0
2,CSV_data_F07_240529_i-Lab検体20+50.csv,2_0031,0031,TAT206,41,17,8.9,180.0,11200.0
2,CSV_data_F07_240529_i-Lab検体20+50.csv,2_0031,0031,TAT1,42,18,10.0,0.0,11007.0
2,CSV_data_F07_240529_i-Lab検体20+50.csv,2_0031,0031,TAT1,42,18,10.0,9.2,11006.0
2,CSV_data_F07_240529_i-Lab検体20+50.csv,2_0031,0031,TAT1,42,18,10.0,18.0,11022.0
2,CSV_data_F07_240529_i-Lab検体20+50.csv,2_0031,0031,TAT1,42,18,10.0,27.2,11034.0
2,CSV_data_F07_240529_i-Lab検体20+50.csv,2_0031,0031,TAT1,42,18,10.0,36.0,11049.0
2,CSV_data_F07_240529_i-Lab検体20+50.csv,2_0031,0031,TAT1,42,18,10.0,45.2,11065.0
2,CSV_data_F07_240529_i-Lab検体20+50.csv,2_0031,0031,TAT1,42,18,10.0,54.0,11076.0
2,CSV_data_F07_240529_i-Lab検体20+50.csv,2_0031,0031,TAT1,42,18,10.0,63.2,11093.0
2,CSV_data_F07_240529_i-Lab検体20+50.csv,2_0031,0031,TAT1,42,18,10.0,72.0,11107.0
2,CSV_data_F07_240529_i-Lab検体20+50.csv,2_0031,0031,TAT1,42,18,10.0,81.2,11120.0
2,CSV_data_F07_240529_i-Lab検体20+50.csv,2_0031,0031,TAT1,42,18,10.0,90.0,11133.0
2,CSV_data_F07_240529_i-Lab検体20+50.csv,2_0031,0031,TAT1,42,18,10.0,99.2,11154.0
2,CSV_data_F07_240529_i-Lab検体20+50.csv,2_0031,0031,TAT1,42,18,10.0,108.0,11165.0
2,CSV_data_F07_240529_i-Lab検体20+50.csv,2_0031,0031,TAT1,42,18,10.0,117.2,11183.0
2,CSV_data_F07_240529_i-Lab検体20+50.csv,2_0031,0031,TAT1,42,18,10.0,126.0,11197.0
2,CSV_data_F07_240529_i-Lab検体20+50.csv,2_0031,0031,TAT1,42,18,10.0,135.2,11218.0
2,CSV_data_F07_240529_i-Lab検体20+50.csv,2_0031,0031,TAT1,42,18,10.0,144.0,11233.0
2,CSV_data_F07_240529_i-Lab検体20+50.csv,2_0031,0031,TAT1,42,18,10.0,153.2,11246.0
2,CSV_data_F07_240529_i-Lab検体20+50.csv,2_0031,0031,TAT1,42,18,10.0,162.0,11262.0
2,CSV_data_F07_240529_i-Lab検体20+50.csv,2_0031,0031,TAT1,42,18,10.0,171.2,11270.0
2,CSV_data_F07_240529_i-Lab検体20+50.csv,2_0031,0031,TAT1,42,18,10.0,180.0,11285.0
2,CSV_data_F07_240529_i-Lab検体20+50.csv,2_0031,0031,TAT3,44,19,6.6,0.0,11018.0
2,CSV_data_F07_240529_i-Lab検体20+50.csv,2_0031,0031,TAT3,44,19,6.6,9.2,11023.0
2,CSV_data_F07_240529_i-Lab検体20+50.csv,2_0031,0031,TAT3,44,19,6.6,18.0,11032.0
2,CSV_data_F07_240529_i-Lab検体20+50.csv,2_0031,0031,TAT3,44,19,6.6,27.2,11042.0
2,CSV_data_F07_240529_i-Lab検体20+50.csv,2_0031,0031,TAT3,44,19,6.6,36.0,11045.0
2,CSV_data_F07_240529_i-Lab検体20+50.csv,2_0031,0031,TAT3,44,19,6.6,45.2,11053.0
2,CSV_data_F07_240529_i-Lab検体20+50.csv,2_0031,0031,TAT3,44,19,6.6,54.0,11065.0
2,CSV_data_F07_240529_i-Lab検体20+50.csv,2_0031,0031,TAT3,44,19,6.6,63.2,11075.0
2,CSV_data_F07_240529_i-Lab検体20+50.csv,2_0031,0031,TAT3,44,19,6.6,72.0,11086.0
2,CSV_data_F07_240529_i-Lab検体20+50.csv,2_0031,0031,TAT3,44,19,6.6,81.2,11094.0
2,CSV_data_F07_240529_i-Lab検体20+50.csv,2_0031,0031,TAT3,44,19,6.6,90.0,11102.0
2,CSV_data_F07_240529_i-Lab検体20+50.csv,2_0031,0031,TAT3,44,19,6.6,99.2,11112.0
2,CSV_data_F07_240529_i-Lab検体20+50.csv,2_0031,0031,TAT3,44,19,6.6,108.0,11119.0
2,CSV_data_F07_240529_i-Lab検体20+50.csv,2_0031,0031,TAT3,44,19,6.6,117.2,11131.0
2,CSV_data_F07_240529_i-Lab検体20+50.csv,2_0031,0031,TAT3,44,19,6.6,126.0,11144.0
2,CSV_data_F07_240529_i-Lab検体20+50.csv,2_0031,0031,TAT3,44,19,6.6,135.2,11153.0
2,CSV_data_F07_240529_i-Lab検体20+50.csv,2_0031,0031,TAT3,44,19,6.6,144.0,11166.0
2,CSV_data_F07_240529_i-Lab検体20+50.csv,2_0031,0031,TAT3,44,19,6.6,153.2,11174.0
2,CSV_data_F07_240529_i-Lab検体20+50.csv,2_0031,0031,TAT3,44,19,6.6,162.0,11183.0
2,CSV_data_F07_240529_i-Lab検体20+50.csv,2_0031,0031,TAT3,44,19,6.6,171.2,11193.0
2,CSV_data_F07_240529_i-Lab検体20+50.csv,2_0031,0031,TAT3,44,19,6.6,180.0,11204.0
2,CSV_data_F07_240529_i-Lab検体20+50.csv,2_0031,0031,TAT5,46,20,4.5,0.0,7070.0
2,CSV_data_F07_240529_i-Lab検体20+50.csv,2_0031,0031,TAT5,46,20,4.5,9.2,7075.0
2,CSV_data_F07_240529_i-Lab検体20+50.csv,2_0031,0031,TAT5,46,20,4.5,18.0,7078.0
2,CSV_data_F07_240529_i-Lab検体20+50.csv,2_0031,0031,TAT5,46,20,4.5,27.2,7085.0
2,CSV_data_F07_240529_i-Lab検体20+50.csv,2_0031,0031,TAT5,46,20,4.5,36.0,7091.0
2,CSV_data_F07_240529_i-Lab検体20+50.csv,2_0031,0031,TAT5,46,20,4.5,45.2,7098.0
2,CSV_data_F07_240529_i-Lab検体20+50.csv,2_0031,0031,TAT5,46,20,4.5,54.0,7101.0
2,CSV_data_F07_240529_i-Lab検体20+50.csv,2_0031,0031,TAT5,46,20,4.5,63.2,7110.0
2,CSV_data_F07_240529_i-Lab検体20+50.csv,2_0031,0031,TAT5,46,20,4.5,72.0,7118.0
2,CSV_data_F07_240529_i-Lab検体20+50.csv,2_0031,0031,TAT5,46,20,4.5,81.2,7123.0
2,CSV_data_F07_240529_i-Lab検体20+50.csv,2_0031,0031,TAT5,46,20,4.5,90.0,7134.0
2,CSV_data_F07_240529_i-Lab検体20+50.csv,2_0031,0031,TAT5,46,20,4.5,99.2,7136.0
2,CSV_data_F07_240529_i-Lab検体20+50.csv,2_0031,0031,TAT5,46,20,4.5,108.0,7144.0
2,CSV_data_F07_240529_i-Lab検体20+50.csv,2_0031,0031,TAT5,46,20,4.5,117.2,7153.0
2,CSV_data_F07_240529_i-Lab検体20+50.csv,2_0031,0031,TAT5,46,20,4.5,126.0,7157.0
2,CSV_data_F07_240529_i-Lab検体20+50.csv,2_0031,0031,TAT5,46,20,4.5,135.2,7167.0
2,CSV_data_F07_240529_i-Lab検体20+50.csv,2_0031,0031,TAT5,46,20,4.5,144.0,7170.0
2,CSV_data_F07_240529_i-Lab検体20+50.csv,2_0031,0031,TAT5,46,20,4.5,153.2,7180.0
2,CSV_data_F07_240529_i-Lab検体20+50.csv,2_0031,0031,TAT5,46,20,4.5,162.0,7183.0
2,CSV_data_F07_240529_i-Lab検体20+50.csv,2_0031,0031,TAT5,46,20,4.5,171.2,7190.0
2,CSV_data_F07_240529_i-Lab検体20+50.csv,2_0031,0031,TAT5,46,20,4.5,180.0,7198.0
2,CSV_data_F07_240529_i-Lab検体20+50.csv,2_0031,0031,TAT6,47,15,1.0,0.0,8913.0
2,CSV_data_F07_240529_i-Lab検体20+50.csv,2_0031,0031,TAT6,47,15,1.0,9.2,8898.0
2,CSV_data_F07_240529_i-Lab検体20+50.csv,2_0031,0031,TAT6,47,15,1.0,18.0,8896.0
2,CSV_data_F07_240529_i-Lab検体20+50.csv,2_0031,0031,TAT6,47,15,1.0,27.2,8895.0
2,CSV_data_F07_240529_i-Lab検体20+50.csv,2_0031,0031,TAT6,47,15,1.0,36.0,8900.0
2,CSV_data_F07_240529_i-Lab検体20+50.csv,2_0031,0031,TAT6,47,15,1.0,45.2,8901.0
2,CSV_data_F07_240529_i-Lab検体20+50.csv,2_0031,0031,TAT6,47,15,1.0,54.0,8912.0
2,CSV_data_F07_240529_i-Lab検体20+50.csv,2_0031,0031,TAT6,47,15,1.0,63.2,8902.0
2,CSV_data_F07_240529_i-Lab検体20+50.csv,2_0031,0031,TAT6,47,15,1.0,72.0,8901.0
2,CSV_data_F07_240529_i-Lab検体20+50.csv,2_0031,0031,TAT6,47,15,1.0,81.2,8909.0
2,CSV_data_F07_240529_i-Lab検体20+50.csv,2_0031,0031,TAT6,47,15,1.0,90.0,8908.0
2,CSV_data_F07_240529_i-Lab検体20+50.csv,2_0031,0031,TAT6,47,15,1.0,99.2,8911.0
2,CSV_data_F07_240529_i-Lab検体20+50.csv,2_0031,0031,TAT6,47,15,1.0,108.0,8913.0
2,CSV_data_F07_240529_i-Lab検体20+50.csv,2_0031,0031,TAT6,47,15,1.0,117.2,8913.0
2,CSV_data_F07_240529_i-Lab検体20+50.csv,2_0031,0031,TAT6,47,15,1.0,126.0,8914.0
2,CSV_data_F07_240529_i-Lab検体20+50.csv,2_0031,0031,TAT6,47,15,1.0,135.2,8913.0
2,CSV_data_F07_240529_i-Lab検体20+50.csv,2_0031,0031,TAT6,47,15,1.0,144.0,8916.0
2,CSV_data_F07_240529_i-Lab検体20+50.csv,2_0031,0031,TAT6,47,15,1.0,153.2,8917.0
2,CSV_data_F07_240529_i-Lab検体20+50.csv,2_0031,0031,TAT6,47,15,1.0,162.0,8919.0
2,CSV_data_F07_240529_i-Lab検体20+50.csv,2_0031,0031,TAT6,47,15,1.0,171.2,8924.0
2,CSV_data_F07_240529_i-Lab検体20+50.csv,2_0031,0031,TAT6,47,15,1.0,180.0,8926.0
2,CSV_data_F07_240529_i-Lab検体20+50.csv,2_0032,0032,TAT206,41,16,8.9,0.0,10991.0
2,CSV_data_F07_240529_i-Lab検体20+50.csv,2_0032,0032,TAT206,41,16,8.9,9.2,10993.0
2,CSV_data_F07_240529_i-Lab検体20+50.csv,2_0032,0032,TAT206,41,16,8.9,18.0,11007.0
2,CSV_data_F07_240529_i-Lab検体20+50.csv,2_0032,0032,TAT206,41,16,8.9,27.2,11009.0
2,CSV_data_F07_240529_i-Lab検体20+50.csv,2_0032,0032,TAT206,41,16,8.9,36.0,11019.0
2,CSV_data_F07_240529_i-Lab検体20+50.csv,2_0032,0032,TAT206,41,16,8.9,45.2,11027.0
2,CSV_data_F07_240529_i-Lab検体20+50.csv,2_0032,0032,TAT206,41,16,8.9,54.0,11046.0
2,CSV_data_F07_240529_i-Lab検体20+50.csv,2_0032,0032,TAT206,41,16,8.9,63.2,11055.0
2,CSV_data_F07_240529_i-Lab検体20+50.csv,2_0032,0032,TAT206,41,16,8.9,72.0,11068.0
2,CSV_data_F07_240529_i-Lab検体20+50.csv,2_0032,0032,TAT206,41,16,8.9,81.2,11082.0
2,CSV_data_F07_240529_i-Lab検体20+50.csv,2_0032,0032,TAT206,41,16,8.9,90.0,11096.0
2,CSV_data_F07_240529_i-Lab検体20+50.csv,2_0032,0032,TAT206,41,16,8.9,99.2,11111.0
2,CSV_data_F07_240529_i-Lab検体20+50.csv,2_0032,0032,TAT206,41,16,8.9,108.0,11121.0
2,CSV_data_F07_240529_i-Lab検体20+50.csv,2_0032,0032,TAT206,41,16,8.9,117.2,11139.0
2,CSV_data_F07_240529_i-Lab検体20+50.csv,2_0032,0032,TAT206,41,16,8.9,126.0,11144.0
2,CSV_data_F07_240529_i-Lab検体20+50.csv,2_0032,0032,TAT206,41,16,8.9,135.2,11154.0
2,CSV_data_F07_240529_i-Lab検体20+50.csv,2_0032,0032,TAT206,41,16,8.9,144.0,11172.0
2,CSV_data_F07_240529_i-Lab検体20+50.csv,2_0032,0032,TAT206,41,16,8.9,153.2,11186.0
2,CSV_data_F07_240529_i-Lab検体20+50.csv,2_0032,0032,TAT206,41,16,8.9,162.0,11200.0
2,CSV_data_F07_240529_i-Lab検体20+50.csv,2_0032,0032,TAT206,41,16,8.9,171.2,11215.0
2,CSV_data_F07_240529_i-Lab検体20+50.csv,2_0032,0032,TAT206,41,16,8.9,180.0,11230.0
2,CSV_data_F07_240529_i-Lab検体20+50.csv,2_0032,0032,TAT1,42,17,11.0,0.0,10817.0
2,CSV_data_F07_240529_i-Lab検体20+50.csv,2_0032,0032,TAT1,42,17,11.0,9.2,10825.0
2,CSV_data_F07_240529_i-Lab検体20+50.csv,2_0032,0032,TAT1,42,17,11.0,18.0,10823.0
2,CSV_data_F07_240529_i-Lab検体20+50.csv,2_0032,0032,TAT1,42,17,11.0,27.2,10838.0
2,CSV_data_F07_240529_i-Lab検体20+50.csv,2_0032,0032,TAT1,42,17,11.0,36.0,10854.0
2,CSV_data_F07_240529_i-Lab検体20+50.csv,2_0032,0032,TAT1,42,17,11.0,45.2,10866.0
2,CSV_data_F07_240529_i-Lab検体20+50.csv,2_0032,0032,TAT1,42,17,11.0,54.0,10879.0
2,CSV_data_F07_240529_i-Lab検体20+50.csv,2_0032,0032,TAT1,42,17,11.0,63.2,10894.0
2,CSV_data_F07_240529_i-Lab検体20+50.csv,2_0032,0032,TAT1,42,17,11.0,72.0,10906.0
2,CSV_data_F07_240529_i-Lab検体20+50.csv,2_0032,0032,TAT1,42,17,11.0,81.2,10925.0
2,CSV_data_F07_240529_i-Lab検体20+50.csv,2_0032,0032,TAT1,42,17,11.0,90.0,10940.0
2,CSV_data_F07_240529_i-Lab検体20+50.csv,2_0032,0032,TAT1,42,17,11.0,99.2,10959.0
2,CSV_data_F07_240529_i-Lab検体20+50.csv,2_0032,0032,TAT1,42,17,11.0,108.0,10975.0
2,CSV_data_F07_240529_i-Lab検体20+50.csv,2_0032,0032,TAT1,42,17,11.0,117.2,10985.0
2,CSV_data_F07_240529_i-Lab検体20+50.csv,2_0032,0032,TAT1,42,17,11.0,126.0,11006.0
2,CSV_data_F07_240529_i-Lab検体20+50.csv,2_0032,0032,TAT1,42,17,11.0,135.2,11022.0
2,CSV_data_F07_240529_i-Lab検体20+50.csv,2_0032,0032,TAT1,42,17,11.0,144.0,11041.0
2,CSV_data_F07_240529_i-Lab検体20+50.csv,2_0032,0032,TAT1,42,17,11.0,153.2,11057.0
2,CSV_data_F07_240529_i-Lab検体20+50.csv,2_0032,0032,TAT1,42,17,11.0,162.0,11071.0
2,CSV_data_F07_240529_i-Lab検体20+50.csv,2_0032,0032,TAT1,42,17,11.0,171.2,11090.0
2,CSV_data_F07_240529_i-Lab検体20+50.csv,2_0032,0032,TAT1,42,17,11.0,180.0,11105.0
2,CSV_data_F07_240529_i-Lab検体20+50.csv,2_0032,0032,TAT3,44,18,6.6,0.0,10845.0
2,CSV_data_F07_240529_i-Lab検体20+50.csv,2_0032,0032,TAT3,44,18,6.6,9.2,10856.0
2,CSV_data_F07_240529_i-Lab検体20+50.csv,2_0032,0032,TAT3,44,18,6.6,18.0,10851.0
2,CSV_data_F07_240529_i-Lab検体20+50.csv,2_0032,0032,TAT3,44,18,6.6,27.2,10861.0
2,CSV_data_F07_240529_i-Lab検体20+50.csv,2_0032,0032,TAT3,44,18,6.6,36.0,10869.0
2,CSV_data_F07_240529_i-Lab検体20+50.csv,2_0032,0032,TAT3,44,18,6.6,45.2,10878.0
2,CSV_data_F07_240529_i-Lab検体20+50.csv,2_0032,0032,TAT3,44,18,6.6,54.0,10885.0
2,CSV_data_F07_240529_i-Lab検体20+50.csv,2_0032,0032,TAT3,44,18,6.6,63.2,10894.0
2,CSV_data_F07_240529_i-Lab検体20+50.csv,2_0032,0032,TAT3,44,18,6.6,72.0,10908.0
2,CSV_data_F07_240529_i-Lab検体20+50.csv,2_0032,0032,TAT3,44,18,6.6,81.2,10917.0
2,CSV_data_F07_240529_i-Lab検体20+50.csv,2_0032,0032,TAT3,44,18,6.6,90.0,10923.0
2,CSV_data_F07_240529_i-Lab検体20+50.csv,2_0032,0032,TAT3,44,18,6.6,99.2,10929.0
2,CSV_data_F07_240529_i-Lab検体20+50.csv,2_0032,0032,TAT3,44,18,6.6,108.0,10933.0
2,CSV_data_F07_240529_i-Lab検体20+50.csv,2_0032,0032,TAT3,44,18,6.6,117.2,10937.0
2,CSV_data_F07_240529_i-Lab検体20+50.csv,2_0032,0032,TAT3,44,18,6.6,126.0,10957.0
2,CSV_data_F07_240529_i-Lab検体20+50.csv,2_0032,0032,TAT3,44,18,6.6,135.2,10957.0
2,CSV_data_F07_240529_i-Lab検体20+50.csv,2_0032,0032,TAT3,44,18,6.6,144.0,10979.0
2,CSV_data_F07_240529_i-Lab検体20+50.csv,2_0032,0032,TAT3,44,18,6.6,153.2,10991.0
2,CSV_data_F07_240529_i-Lab検体20+50.csv,2_0032,0032,TAT3,44,18,6.6,162.0,11001.0
2,CSV_data_F07_240529_i-Lab検体20+50.csv,2_0032,0032,TAT3,44,18,6.6,171.2,11016.0
2,CSV_data_F07_240529_i-Lab検体20+50.csv,2_0032,0032,TAT3,44,18,6.6,180.0,11025.0
2,CSV_data_F07_240529_i-Lab検体20+50.csv,2_0032,0032,TAT5,46,19,5.1,0.0,6978.0
2,CSV_data_F07_240529_i-Lab検体20+50.csv,2_0032,0032,TAT5,46,19,5.1,9.2,6981.0
2,CSV_data_F07_240529_i-Lab検体20+50.csv,2_0032,0032,TAT5,46,19,5.1,18.0,6990.0
2,CSV_data_F07_240529_i-Lab検体20+50.csv,2_0032,0032,TAT5,46,19,5.1,27.2,6998.0
2,CSV_data_F07_240529_i-Lab検体20+50.csv,2_0032,0032,TAT5,46,19,5.1,36.0,7005.0
2,CSV_data_F07_240529_i-Lab検体20+50.csv,2_0032,0032,TAT5,46,19,5.1,45.2,7010.0
2,CSV_data_F07_240529_i-Lab検体20+50.csv,2_0032,0032,TAT5,46,19,5.1,54.0,7013.0
2,CSV_data_F07_240529_i-Lab検体20+50.csv,2_0032,0032,TAT5,46,19,5.1,63.2,7024.0
2,CSV_data_F07_240529_i-Lab検体20+50.csv,2_0032,0032,TAT5,46,19,5.1,72.0,7034.0
2,CSV_data_F07_240529_i-Lab検体20+50.csv,2_0032,0032,TAT5,46,19,5.1,81.2,7039.0
2,CSV_data_F07_240529_i-Lab検体20+50.csv,2_0032,0032,TAT5,46,19,5.1,90.0,7048.0
2,CSV_data_F07_240529_i-Lab検体20+50.csv,2_0032,0032,TAT5,46,19,5.1,99.2,7057.0
2,CSV_data_F07_240529_i-Lab検体20+50.csv,2_0032,0032,TAT5,46,19,5.1,108.0,7063.0
2,CSV_data_F07_240529_i-Lab検体20+50.csv,2_0032,0032,TAT5,46,19,5.1,117.2,7068.0
2,CSV_data_F07_240529_i-Lab検体20+50.csv,2_0032,0032,TAT5,46,19,5.1,126.0,7074.0
2,CSV_data_F07_240529_i-Lab検体20+50.csv,2_0032,0032,TAT5,46,19,5.1,135.2,7086.0
2,CSV_data_F07_240529_i-Lab検体20+50.csv,2_0032,0032,TAT5,46,19,5.1,144.0,7091.0
2,CSV_data_F07_240529_i-Lab検体20+50.csv,2_0032,0032,TAT5,46,19,5.1,153.2,7100.0
2,CSV_data_F07_240529_i-Lab検体20+50.csv,2_0032,0032,TAT5,46,19,5.1,162.0,7104.0
2,CSV_data_F07_240529_i-Lab検体20+50.csv,2_0032,0032,TAT5,46,19,5.1,171.2,7116.0
2,CSV_data_F07_240529_i-Lab検体20+50.csv,2_0032,0032,TAT5,46,19,5.1,180.0,7120.0
2,CSV_data_F07_240529_i-Lab検体20+50.csv,2_0032,0032,TAT6,47,20,1.3,0.0,8968.0
2,CSV_data_F07_240529_i-Lab検体20+50.csv,2_0032,0032,TAT6,47,20,1.3,9.2,8963.0
2,CSV_data_F07_240529_i-Lab検体20+50.csv,2_0032,0032,TAT6,47,20,1.3,18.0,8965.0
2,CSV_data_F07_240529_i-Lab検体20+50.csv,2_0032,0032,TAT6,47,20,1.3,27.2,8961.0
2,CSV_data_F07_240529_i-Lab検体20+50.csv,2_0032,0032,TAT6,47,20,1.3,36.0,8964.0
2,CSV_data_F07_240529_i-Lab検体20+50.csv,2_0032,0032,TAT6,47,20,1.3,45.2,8966.0
2,CSV_data_F07_240529_i-Lab検体20+50.csv,2_0032,0032,TAT6,47,20,1.3,54.0,8968.0
2,CSV_data_F07_240529_i-Lab検体20+50.csv,2_0032,0032,TAT6,47,20,1.3,63.2,8964.0
2,CSV_data_F07_240529_i-Lab検体20+50.csv,2_0032,0032,TAT6,47,20,1.3,72.0,8969.0
2,CSV_data_F07_240529_i-Lab検体20+50.csv,2_0032,0032,TAT6,47,20,1.3,81.2,8974.0
2,CSV_data_F07_240529_i-Lab検体20+50.csv,2_0032,0032,TAT6,47,20,1.3,90.0,8974.0
2,CSV_data_F07_240529_i-Lab検体20+50.csv,2_0032,0032,TAT6,47,20,1.3,99.2,8977.0
2,CSV_data_F07_240529_i-Lab検体20+50.csv,2_0032,0032,TAT6,47,20,1.3,108.0,8978.0
2,CSV_data_F07_240529_i-Lab検体20+50.csv,2_0032,0032,TAT6,47,20,1.3,117.2,8978.0
2,CSV_data_F07_240529_i-Lab検体20+50.csv,2_0032,0032,TAT6,47,20,1.3,126.0,8981.0
2,CSV_data_F07_240529_i-Lab検体20+50.csv,2_0032,0032,TAT6,47,20,1.3,135.2,8987.0
2,CSV_data_F07_240529_i-Lab検体20+50.csv,2_0032,0032,TAT6,47,20,1.3,144.0,8984.0
2,CSV_data_F07_240529_i-Lab検体20+50.csv,2_0032,0032,TAT6,47,20,1.3,153.2,8988.0
2,CSV_data_F07_240529_i-Lab検体20+50.csv,2_0032,0032,TAT6,47,20,1.3,162.0,8987.0
2,CSV_data_F07_240529_i-Lab検体20+50.csv,2_0032,0032,TAT6,47,20,1.3,171.2,8994.0
2,CSV_data_F07_240529_i-Lab検体20+50.csv,2_0032,0032,TAT6,47,20,1.3,180.0,8990.0
2,CSV_data_F07_240529_i-Lab検体20+50.csv,2_0033,0033,TAT206,41,15,9.3,0.0,11150.0
2,CSV_data_F07_240529_i-Lab検体20+50.csv,2_0033,0033,TAT206,41,15,9.3,9.2,11133.0
2,CSV_data_F07_240529_i-Lab検体20+50.csv,2_0033,0033,TAT206,41,15,9.3,18.0,11144.0
2,CSV_data_F07_240529_i-Lab検体20+50.csv,2_0033,0033,TAT206,41,15,9.3,27.2,11157.0
2,CSV_data_F07_240529_i-Lab検体20+50.csv,2_0033,0033,TAT206,41,15,9.3,36.0,11167.0
2,CSV_data_F07_240529_i-Lab検体20+50.csv,2_0033,0033,TAT206,41,15,9.3,45.2,11178.0
2,CSV_data_F07_240529_i-Lab検体20+50.csv,2_0033,0033,TAT206,41,15,9.3,54.0,11194.0
2,CSV_data_F07_240529_i-Lab検体20+50.csv,2_0033,0033,TAT206,41,15,9.3,63.2,11206.0
2,CSV_data_F07_240529_i-Lab検体20+50.csv,2_0033,0033,TAT206,41,15,9.3,72.0,11218.0
2,CSV_data_F07_240529_i-Lab検体20+50.csv,2_0033,0033,TAT206,41,15,9.3,81.2,11229.0
2,CSV_data_F07_240529_i-Lab検体20+50.csv,2_0033,0033,TAT206,41,15,9.3,90.0,11246.0
2,CSV_data_F07_240529_i-Lab検体20+50.csv,2_0033,0033,TAT206,41,15,9.3,99.2,11259.0
2,CSV_data_F07_240529_i-Lab検体20+50.csv,2_0033,0033,TAT206,41,15,9.3,108.0,11268.0
2,CSV_data_F07_240529_i-Lab検体20+50.csv,2_0033,0033,TAT206,41,15,9.3,117.2,11280.0
2,CSV_data_F07_240529_i-Lab検体20+50.csv,2_0033,0033,TAT206,41,15,9.3,126.0,11301.0
2,CSV_data_F07_240529_i-Lab検体20+50.csv,2_0033,0033,TAT206,41,15,9.3,135.2,11313.0
2,CSV_data_F07_240529_i-Lab検体20+50.csv,2_0033,0033,TAT206,41,15,9.3,144.0,11331.0
2,CSV_data_F07_240529_i-Lab検体20+50.csv,2_0033,0033,TAT206,41,15,9.3,153.2,11344.0
2,CSV_data_F07_240529_i-Lab検体20+50.csv,2_0033,0033,TAT206,41,15,9.3,162.0,11357.0
2,CSV_data_F07_240529_i-Lab検体20+50.csv,2_0033,0033,TAT206,41,15,9.3,171.2,11369.0
2,CSV_data_F07_240529_i-Lab検体20+50.csv,2_0033,0033,TAT206,41,15,9.3,180.0,11390.0
2,CSV_data_F07_240529_i-Lab検体20+50.csv,2_0033,0033,TAT1,42,16,10.7,0.0,10949.0
2,CSV_data_F07_240529_i-Lab検体20+50.csv,2_0033,0033,TAT1,42,16,10.7,9.2,10968.0
2,CSV_data_F07_240529_i-Lab検体20+50.csv,2_0033,0033,TAT1,42,16,10.7,18.0,10976.0
2,CSV_data_F07_240529_i-Lab検体20+50.csv,2_0033,0033,TAT1,42,16,10.7,27.2,10989.0
2,CSV_data_F07_240529_i-Lab検体20+50.csv,2_0033,0033,TAT1,42,16,10.7,36.0,11006.0
2,CSV_data_F07_240529_i-Lab検体20+50.csv,2_0033,0033,TAT1,42,16,10.7,45.2,11026.0
2,CSV_data_F07_240529_i-Lab検体20+50.csv,2_0033,0033,TAT1,42,16,10.7,54.0,11041.0
2,CSV_data_F07_240529_i-Lab検体20+50.csv,2_0033,0033,TAT1,42,16,10.7,63.2,11055.0
2,CSV_data_F07_240529_i-Lab検体20+50.csv,2_0033,0033,TAT1,42,16,10.7,72.0,11069.0
2,CSV_data_F07_240529_i-Lab検体20+50.csv,2_0033,0033,TAT1,42,16,10.7,81.2,11081.0
2,CSV_data_F07_240529_i-Lab検体20+50.csv,2_0033,0033,TAT1,42,16,10.7,90.0,11099.0
2,CSV_data_F07_240529_i-Lab検体20+50.csv,2_0033,0033,TAT1,42,16,10.7,99.2,11113.0
2,CSV_data_F07_240529_i-Lab検体20+50.csv,2_0033,0033,TAT1,42,16,10.7,108.0,11135.0
2,CSV_data_F07_240529_i-Lab検体20+50.csv,2_0033,0033,TAT1,42,16,10.7,117.2,11141.0
2,CSV_data_F07_240529_i-Lab検体20+50.csv,2_0033,0033,TAT1,42,16,10.7,126.0,11156.0
2,CSV_data_F07_240529_i-Lab検体20+50.csv,2_0033,0033,TAT1,42,16,10.7,135.2,11178.0
2,CSV_data_F07_240529_i-Lab検体20+50.csv,2_0033,0033,TAT1,42,16,10.7,144.0,11195.0
2,CSV_data_F07_240529_i-Lab検体20+50.csv,2_0033,0033,TAT1,42,16,10.7,153.2,11212.0
2,CSV_data_F07_240529_i-Lab検体20+50.csv,2_0033,0033,TAT1,42,16,10.7,162.0,11225.0
2,CSV_data_F07_240529_i-Lab検体20+50.csv,2_0033,0033,TAT1,42,16,10.7,171.2,11242.0
2,CSV_data_F07_240529_i-Lab検体20+50.csv,2_0033,0033,TAT1,42,16,10.7,180.0,11260.0
2,CSV_data_F07_240529_i-Lab検体20+50.csv,2_0033,0033,TAT3,44,17,6.9,0.0,10759.0
2,CSV_data_F07_240529_i-Lab検体20+50.csv,2_0033,0033,TAT3,44,17,6.9,9.2,10763.0
2,CSV_data_F07_240529_i-Lab検体20+50.csv,2_0033,0033,TAT3,44,17,6.9,18.0,10769.0
2,CSV_data_F07_240529_i-Lab検体20+50.csv,2_0033,0033,TAT3,44,17,6.9,27.2,10777.0
2,CSV_data_F07_240529_i-Lab検体20+50.csv,2_0033,0033,TAT3,44,17,6.9,36.0,10788.0
2,CSV_data_F07_240529_i-Lab検体20+50.csv,2_0033,0033,TAT3,44,17,6.9,45.2,10797.0
2,CSV_data_F07_240529_i-Lab検体20+50.csv,2_0033,0033,TAT3,44,17,6.9,54.0,10805.0
2,CSV_data_F07_240529_i-Lab検体20+50.csv,2_0033,0033,TAT3,44,17,6.9,63.2,10817.0
2,CSV_data_F07_240529_i-Lab検体20+50.csv,2_0033,0033,TAT3,44,17,6.9,72.0,10831.0
2,CSV_data_F07_240529_i-Lab検体20+50.csv,2_0033,0033,TAT3,44,17,6.9,81.2,10837.0
2,CSV_data_F07_240529_i-Lab検体20+50.csv,2_0033,0033,TAT3,44,17,6.9,90.0,10846.0
2,CSV_data_F07_240529_i-Lab検体20+50.csv,2_0033,0033,TAT3,44,17,6.9,99.2,10856.0
2,CSV_data_F07_240529_i-Lab検体20+50.csv,2_0033,0033,TAT3,44,17,6.9,108.0,10863.0
2,CSV_data_F07_240529_i-Lab検体20+50.csv,2_0033,0033,TAT3,44,17,6.9,117.2,10879.0
2,CSV_data_F07_240529_i-Lab検体20+50.csv,2_0033,0033,TAT3,44,17,6.9,126.0,10888.0
2,CSV_data_F07_240529_i-Lab検体20+50.csv,2_0033,0033,TAT3,44,17,6.9,135.2,10898.0
2,CSV_data_F07_240529_i-Lab検体20+50.csv,2_0033,0033,TAT3,44,17,6.9,144.0,10910.0
2,CSV_data_F07_240529_i-Lab検体20+50.csv,2_0033,0033,TAT3,44,17,6.9,153.2,10919.0
2,CSV_data_F07_240529_i-Lab検体20+50.csv,2_0033,0033,TAT3,44,17,6.9,162.0,10929.0
2,CSV_data_F07_240529_i-Lab検体20+50.csv,2_0033,0033,TAT3,44,17,6.9,171.2,10941.0
2,CSV_data_F07_240529_i-Lab検体20+50.csv,2_0033,0033,TAT3,44,17,6.9,180.0,10953.0
2,CSV_data_F07_240529_i-Lab検体20+50.csv,2_0033,0033,TAT5,46,18,4.1,0.0,6912.0
2,CSV_data_F07_240529_i-Lab検体20+50.csv,2_0033,0033,TAT5,46,18,4.1,9.2,6911.0
2,CSV_data_F07_240529_i-Lab検体20+50.csv,2_0033,0033,TAT5,46,18,4.1,18.0,6920.0
2,CSV_data_F07_240529_i-Lab検体20+50.csv,2_0033,0033,TAT5,46,18,4.1,27.2,6931.0
2,CSV_data_F07_240529_i-Lab検体20+50.csv,2_0033,0033,TAT5,46,18,4.1,36.0,6938.0
2,CSV_data_F07_240529_i-Lab検体20+50.csv,2_0033,0033,TAT5,46,18,4.1,45.2,6942.0
2,CSV_data_F07_240529_i-Lab検体20+50.csv,2_0033,0033,TAT5,46,18,4.1,54.0,6956.0
2,CSV_data_F07_240529_i-Lab検体20+50.csv,2_0033,0033,TAT5,46,18,4.1,63.2,6964.0
2,CSV_data_F07_240529_i-Lab検体20+50.csv,2_0033,0033,TAT5,46,18,4.1,72.0,6968.0
2,CSV_data_F07_240529_i-Lab検体20+50.csv,2_0033,0033,TAT5,46,18,4.1,81.2,6967.0
2,CSV_data_F07_240529_i-Lab検体20+50.csv,2_0033,0033,TAT5,46,18,4.1,90.0,6964.0
2,CSV_data_F07_240529_i-Lab検体20+50.csv,2_0033,0033,TAT5,46,18,4.1,99.2,6981.0
2,CSV_data_F07_240529_i-Lab検体20+50.csv,2_0033,0033,TAT5,46,18,4.1,108.0,6984.0
2,CSV_data_F07_240529_i-Lab検体20+50.csv,2_0033,0033,TAT5,46,18,4.1,117.2,6985.0
2,CSV_data_F07_240529_i-Lab検体20+50.csv,2_0033,0033,TAT5,46,18,4.1,126.0,7001.0
2,CSV_data_F07_240529_i-Lab検体20+50.csv,2_0033,0033,TAT5,46,18,4.1,135.2,7004.0
2,CSV_data_F07_240529_i-Lab検体20+50.csv,2_0033,0033,TAT5,46,18,4.1,144.0,7007.0
2,CSV_data_F07_240529_i-Lab検体20+50.csv,2_0033,0033,TAT5,46,18,4.1,153.2,7018.0
2,CSV_data_F07_240529_i-Lab検体20+50.csv,2_0033,0033,TAT5,46,18,4.1,162.0,7024.0
2,CSV_data_F07_240529_i-Lab検体20+50.csv,2_0033,0033,TAT5,46,18,4.1,171.2,7029.0
2,CSV_data_F07_240529_i-Lab検体20+50.csv,2_0033,0033,TAT5,46,18,4.1,180.0,7035.0
2,CSV_data_F07_240529_i-Lab検体20+50.csv,2_0033,0033,TAT6,47,19,1.2,0.0,9099.0
2,CSV_data_F07_240529_i-Lab検体20+50.csv,2_0033,0033,TAT6,47,19,1.2,9.2,9094.0
2,CSV_data_F07_240529_i-Lab検体20+50.csv,2_0033,0033,TAT6,47,19,1.2,18.0,9096.0
2,CSV_data_F07_240529_i-Lab検体20+50.csv,2_0033,0033,TAT6,47,19,1.2,27.2,9095.0
2,CSV_data_F07_240529_i-Lab検体20+50.csv,2_0033,0033,TAT6,47,19,1.2,36.0,9098.0
2,CSV_data_F07_240529_i-Lab検体20+50.csv,2_0033,0033,TAT6,47,19,1.2,45.2,9102.0
2,CSV_data_F07_240529_i-Lab検体20+50.csv,2_0033,0033,TAT6,47,19,1.2,54.0,9103.0
2,CSV_data_F07_240529_i-Lab検体20+50.csv,2_0033,0033,TAT6,47,19,1.2,63.2,9106.0
2,CSV_data_F07_240529_i-Lab検体20+50.csv,2_0033,0033,TAT6,47,19,1.2,72.0,9109.0
2,CSV_data_F07_240529_i-Lab検体20+50.csv,2_0033,0033,TAT6,47,19,1.2,81.2,9109.0
2,CSV_data_F07_240529_i-Lab検体20+50.csv,2_0033,0033,TAT6,47,19,1.2,90.0,9108.0
2,CSV_data_F07_240529_i-Lab検体20+50.csv,2_0033,0033,TAT6,47,19,1.2,99.2,9110.0
2,CSV_data_F07_240529_i-Lab検体20+50.csv,2_0033,0033,TAT6,47,19,1.2,108.0,9113.0
2,CSV_data_F07_240529_i-Lab検体20+50.csv,2_0033,0033,TAT6,47,19,1.2,117.2,9116.0
2,CSV_data_F07_240529_i-Lab検体20+50.csv,2_0033,0033,TAT6,47,19,1.2,126.0,9118.0
2,CSV_data_F07_240529_i-Lab検体20+50.csv,2_0033,0033,TAT6,47,19,1.2,135.2,9122.0
2,CSV_data_F07_240529_i-Lab検体20+50.csv,2_0033,0033,TAT6,47,19,1.2,144.0,9116.0
2,CSV_data_F07_240529_i-Lab検体20+50.csv,2_0033,0033,TAT6,47,19,1.2,153.2,9122.0
2,CSV_data_F07_240529_i-Lab検体20+50.csv,2_0033,0033,TAT6,47,19,1.2,162.0,9125.0
2,CSV_data_F07_240529_i-Lab検体20+50.csv,2_0033,0033,TAT6,47,19,1.2,171.2,9127.0
2,CSV_data_F07_240529_i-Lab検体20+50.csv,2_0033,0033,TAT6,47,19,1.2,180.0,9122.0
2,CSV_data_F07_240529_i-Lab検体20+50.csv,2_0034,0034,TAT206,41,20,9.2,0.0,11178.0
2,CSV_data_F07_240529_i-Lab検体20+50.csv,2_0034,0034,TAT206,41,20,9.2,9.2,11191.0
2,CSV_data_F07_240529_i-Lab検体20+50.csv,2_0034,0034,TAT206,41,20,9.2,18.0,11206.0
2,CSV_data_F07_240529_i-Lab検体20+50.csv,2_0034,0034,TAT206,41,20,9.2,27.2,11216.0
2,CSV_data_F07_240529_i-Lab検体20+50.csv,2_0034,0034,TAT206,41,20,9.2,36.0,11224.0
2,CSV_data_F07_240529_i-Lab検体20+50.csv,2_0034,0034,TAT206,41,20,9.2,45.2,11243.0
2,CSV_data_F07_240529_i-Lab検体20+50.csv,2_0034,0034,TAT206,41,20,9.2,54.0,11250.0
2,CSV_data_F07_240529_i-Lab検体20+50.csv,2_0034,0034,TAT206,41,20,9.2,63.2,11265.0
2,CSV_data_F07_240529_i-Lab検体20+50.csv,2_0034,0034,TAT206,41,20,9.2,72.0,11276.0
2,CSV_data_F07_240529_i-Lab検体20+50.csv,2_0034,0034,TAT206,41,20,9.2,81.2,11289.0
2,CSV_data_F07_240529_i-Lab検体20+50.csv,2_0034,0034,TAT206,41,20,9.2,90.0,11305.0
2,CSV_data_F07_240529_i-Lab検体20+50.csv,2_0034,0034,TAT206,41,20,9.2,99.2,11319.0
2,CSV_data_F07_240529_i-Lab検体20+50.csv,2_0034,0034,TAT206,41,20,9.2,108.0,11333.0
2,CSV_data_F07_240529_i-Lab検体20+50.csv,2_0034,0034,TAT206,41,20,9.2,117.2,11344.0
2,CSV_data_F07_240529_i-Lab検体20+50.csv,2_0034,0034,TAT206,41,20,9.2,126.0,11355.0
2,CSV_data_F07_240529_i-Lab検体20+50.csv,2_0034,0034,TAT206,41,20,9.2,135.2,11363.0
2,CSV_data_F07_240529_i-Lab検体20+50.csv,2_0034,0034,TAT206,41,20,9.2,144.0,11383.0
2,CSV_data_F07_240529_i-Lab検体20+50.csv,2_0034,0034,TAT206,41,20,9.2,153.2,11403.0
2,CSV_data_F07_240529_i-Lab検体20+50.csv,2_0034,0034,TAT206,41,20,9.2,162.0,11411.0
2,CSV_data_F07_240529_i-Lab検体20+50.csv,2_0034,0034,TAT206,41,20,9.2,171.2,11427.0
2,CSV_data_F07_240529_i-Lab検体20+50.csv,2_0034,0034,TAT206,41,20,9.2,180.0,11437.0
2,CSV_data_F07_240529_i-Lab検体20+50.csv,2_0034,0034,TAT1,42,15,10.6,0.0,11041.0
2,CSV_data_F07_240529_i-Lab検体20+50.csv,2_0034,0034,TAT1,42,15,10.6,9.2,11052.0
2,CSV_data_F07_240529_i-Lab検体20+50.csv,2_0034,0034,TAT1,42,15,10.6,18.0,11063.0
2,CSV_data_F07_240529_i-Lab検体20+50.csv,2_0034,0034,TAT1,42,15,10.6,27.2,11073.0
2,CSV_data_F07_240529_i-Lab検体20+50.csv,2_0034,0034,TAT1,42,15,10.6,36.0,11087.0
2,CSV_data_F07_240529_i-Lab検体20+50.csv,2_0034,0034,TAT1,42,15,10.6,45.2,11107.0
2,CSV_data_F07_240529_i-Lab検体20+50.csv,2_0034,0034,TAT1,42,15,10.6,54.0,11123.0
2,CSV_data_F07_240529_i-Lab検体20+50.csv,2_0034,0034,TAT1,42,15,10.6,63.2,11137.0
2,CSV_data_F07_240529_i-Lab検体20+50.csv,2_0034,0034,TAT1,42,15,10.6,72.0,11151.0
2,CSV_data_F07_240529_i-Lab検体20+50.csv,2_0034,0034,TAT1,42,15,10.6,81.2,11171.0
2,CSV_data_F07_240529_i-Lab検体20+50.csv,2_0034,0034,TAT1,42,15,10.6,90.0,11183.0
2,CSV_data_F07_240529_i-Lab検体20+50.csv,2_0034,0034,TAT1,42,15,10.6,99.2,11202.0
2,CSV_data_F07_240529_i-Lab検体20+50.csv,2_0034,0034,TAT1,42,15,10.6,108.0,11215.0
2,CSV_data_F07_240529_i-Lab検体20+50.csv,2_0034,0034,TAT1,42,15,10.6,117.2,11231.0
2,CSV_data_F07_240529_i-Lab検体20+50.csv,2_0034,0034,TAT1,42,15,10.6,126.0,11248.0
2,CSV_data_F07_240529_i-Lab検体20+50.csv,2_0034,0034,TAT1,42,15,10.6,135.2,11269.0
2,CSV_data_F07_240529_i-Lab検体20+50.csv,2_0034,0034,TAT1,42,15,10.6,144.0,11280.0
2,CSV_data_F07_240529_i-Lab検体20+50.csv,2_0034,0034,TAT1,42,15,10.6,153.2,11298.0
2,CSV_data_F07_240529_i-Lab検体20+50.csv,2_0034,0034,TAT1,42,15,10.6,162.0,11313.0
2,CSV_data_F07_240529_i-Lab検体20+50.csv,2_0034,0034,TAT1,42,15,10.6,171.2,11330.0
2,CSV_data_F07_240529_i-Lab検体20+50.csv,2_0034,0034,TAT1,42,15,10.6,180.0,11347.0
2,CSV_data_F07_240529_i-Lab検体20+50.csv,2_0034,0034,TAT3,44,16,6.3,0.0,10845.0
2,CSV_data_F07_240529_i-Lab検体20+50.csv,2_0034,0034,TAT3,44,16,6.3,9.2,10849.0
2,CSV_data_F07_240529_i-Lab検体20+50.csv,2_0034,0034,TAT3,44,16,6.3,18.0,10851.0
2,CSV_data_F07_240529_i-Lab検体20+50.csv,2_0034,0034,TAT3,44,16,6.3,27.2,10861.0
2,CSV_data_F07_240529_i-Lab検体20+50.csv,2_0034,0034,TAT3,44,16,6.3,36.0,10865.0
2,CSV_data_F07_240529_i-Lab検体20+50.csv,2_0034,0034,TAT3,44,16,6.3,45.2,10874.0
2,CSV_data_F07_240529_i-Lab検体20+50.csv,2_0034,0034,TAT3,44,16,6.3,54.0,10878.0
2,CSV_data_F07_240529_i-Lab検体20+50.csv,2_0034,0034,TAT3,44,16,6.3,63.2,10887.0
2,CSV_data_F07_240529_i-Lab検体20+50.csv,2_0034,0034,TAT3,44,16,6.3,72.0,10896.0
2,CSV_data_F07_240529_i-Lab検体20+50.csv,2_0034,0034,TAT3,44,16,6.3,81.2,10912.0
2,CSV_data_F07_240529_i-Lab検体20+50.csv,2_0034,0034,TAT3,44,16,6.3,90.0,10923.0
2,CSV_data_F07_240529_i-Lab検体20+50.csv,2_0034,0034,TAT3,44,16,6.3,99.2,10936.0
2,CSV_data_F07_240529_i-Lab検体20+50.csv,2_0034,0034,TAT3,44,16,6.3,108.0,10943.0
2,CSV_data_F07_240529_i-Lab検体20+50.csv,2_0034,0034,TAT3,44,16,6.3,117.2,10948.0
2,CSV_data_F07_240529_i-Lab検体20+50.csv,2_0034,0034,TAT3,44,16,6.3,126.0,10962.0
2,CSV_data_F07_240529_i-Lab検体20+50.csv,2_0034,0034,TAT3,44,16,6.3,135.2,10969.0
2,CSV_data_F07_240529_i-Lab検体20+50.csv,2_0034,0034,TAT3,44,16,6.3,144.0,10982.0
2,CSV_data_F07_240529_i-Lab検体20+50.csv,2_0034,0034,TAT3,44,16,6.3,153.2,10986.0
2,CSV_data_F07_240529_i-Lab検体20+50.csv,2_0034,0034,TAT3,44,16,6.3,162.0,10998.0
2,CSV_data_F07_240529_i-Lab検体20+50.csv,2_0034,0034,TAT3,44,16,6.3,171.2,11007.0
2,CSV_data_F07_240529_i-Lab検体20+50.csv,2_0034,0034,TAT3,44,16,6.3,180.0,11022.0
2,CSV_data_F07_240529_i-Lab検体20+50.csv,2_0034,0034,TAT5,46,17,5.1,0.0,6832.0
2,CSV_data_F07_240529_i-Lab検体20+50.csv,2_0034,0034,TAT5,46,17,5.1,9.2,6826.0
2,CSV_data_F07_240529_i-Lab検体20+50.csv,2_0034,0034,TAT5,46,17,5.1,18.0,6840.0
2,CSV_data_F07_240529_i-Lab検体20+50.csv,2_0034,0034,TAT5,46,17,5.1,27.2,6840.0
2,CSV_data_F07_240529_i-Lab検体20+50.csv,2_0034,0034,TAT5,46,17,5.1,36.0,6847.0
2,CSV_data_F07_240529_i-Lab検体20+50.csv,2_0034,0034,TAT5,46,17,5.1,45.2,6859.0
2,CSV_data_F07_240529_i-Lab検体20+50.csv,2_0034,0034,TAT5,46,17,5.1,54.0,6865.0
2,CSV_data_F07_240529_i-Lab検体20+50.csv,2_0034,0034,TAT5,46,17,5.1,63.2,6873.0
2,CSV_data_F07_240529_i-Lab検体20+50.csv,2_0034,0034,TAT5,46,17,5.1,72.0,6877.0
2,CSV_data_F07_240529_i-Lab検体20+50.csv,2_0034,0034,TAT5,46,17,5.1,81.2,6886.0
2,CSV_data_F07_240529_i-Lab検体20+50.csv,2_0034,0034,TAT5,46,17,5.1,90.0,6894.0
2,CSV_data_F07_240529_i-Lab検体20+50.csv,2_0034,0034,TAT5,46,17,5.1,99.2,6901.0
2,CSV_data_F07_240529_i-Lab検体20+50.csv,2_0034,0034,TAT5,46,17,5.1,108.0,6909.0
2,CSV_data_F07_240529_i-Lab検体20+50.csv,2_0034,0034,TAT5,46,17,5.1,117.2,6914.0
2,CSV_data_F07_240529_i-Lab検体20+50.csv,2_0034,0034,TAT5,46,17,5.1,126.0,6927.0
2,CSV_data_F07_240529_i-Lab検体20+50.csv,2_0034,0034,TAT5,46,17,5.1,135.2,6935.0
2,CSV_data_F07_240529_i-Lab検体20+50.csv,2_0034,0034,TAT5,46,17,5.1,144.0,6941.0
2,CSV_data_F07_240529_i-Lab検体20+50.csv,2_0034,0034,TAT5,46,17,5.1,153.2,6951.0
2,CSV_data_F07_240529_i-Lab検体20+50.csv,2_0034,0034,TAT5,46,17,5.1,162.0,6954.0
2,CSV_data_F07_240529_i-Lab検体20+50.csv,2_0034,0034,TAT5,46,17,5.1,171.2,6962.0
2,CSV_data_F07_240529_i-Lab検体20+50.csv,2_0034,0034,TAT5,46,17,5.1,180.0,6973.0
2,CSV_data_F07_240529_i-Lab検体20+50.csv,2_0034,0034,TAT6,47,18,0.6,0.0,8916.0
2,CSV_data_F07_240529_i-Lab検体20+50.csv,2_0034,0034,TAT6,47,18,0.6,9.2,8917.0
2,CSV_data_F07_240529_i-Lab検体20+50.csv,2_0034,0034,TAT6,47,18,0.6,18.0,8914.0
2,CSV_data_F07_240529_i-Lab検体20+50.csv,2_0034,0034,TAT6,47,18,0.6,27.2,8913.0
2,CSV_data_F07_240529_i-Lab検体20+50.csv,2_0034,0034,TAT6,47,18,0.6,36.0,8924.0
2,CSV_data_F07_240529_i-Lab検体20+50.csv,2_0034,0034,TAT6,47,18,0.6,45.2,8923.0
2,CSV_data_F07_240529_i-Lab検体20+50.csv,2_0034,0034,TAT6,47,18,0.6,54.0,8926.0
2,CSV_data_F07_240529_i-Lab検体20+50.csv,2_0034,0034,TAT6,47,18,0.6,63.2,8927.0
2,CSV_data_F07_240529_i-Lab検体20+50.csv,2_0034,0034,TAT6,47,18,0.6,72.0,8931.0
2,CSV_data_F07_240529_i-Lab検体20+50.csv,2_0034,0034,TAT6,47,18,0.6,81.2,8931.0
2,CSV_data_F07_240529_i-Lab検体20+50.csv,2_0034,0034,TAT6,47,18,0.6,90.0,8933.0
2,CSV_data_F07_240529_i-Lab検体20+50.csv,2_0034,0034,TAT6,47,18,0.6,99.2,8939.0
2,CSV_data_F07_240529_i-Lab検体20+50.csv,2_0034,0034,TAT6,47,18,0.6,108.0,8938.0
2,CSV_data_F07_240529_i-Lab検体20+50.csv,2_0034,0034,TAT6,47,18,0.6,117.2,8934.0
2,CSV_data_F07_240529_i-Lab検体20+50.csv,2_0034,0034,TAT6,47,18,0.6,126.0,8949.0
2,CSV_data_F07_240529_i-Lab検体20+50.csv,2_0034,0034,TAT6,47,18,0.6,135.2,8949.0
2,CSV_data_F07_240529_i-Lab検体20+50.csv,2_0034,0034,TAT6,47,18,0.6,144.0,8944.0
2,CSV_data_F07_240529_i-Lab検体20+50.csv,2_0034,0034,TAT6,47,18,0.6,153.2,8938.0
2,CSV_data_F07_240529_i-Lab検体20+50.csv,2_0034,0034,TAT6,47,18,0.6,162.0,8957.0
2,CSV_data_F07_240529_i-Lab検体20+50.csv,2_0034,0034,TAT6,47,18,0.6,171.2,8940.0
2,CSV_data_F07_240529_i-Lab検体20+50.csv,2_0034,0034,TAT6,47,18,0.6,180.0,8945.0
2,CSV_data_F07_240529_i-Lab検体20+50.csv,2_0035,0035,TAT206,41,19,48.9,0.0,11247.0
2,CSV_data_F07_240529_i-Lab検体20+50.csv,2_0035,0035,TAT206,41,19,48.9,9.2,11255.0
2,CSV_data_F07_240529_i-Lab検体20+50.csv,2_0035,0035,TAT206,41,19,48.9,18.0,11294.0
2,CSV_data_F07_240529_i-Lab検体20+50.csv,2_0035,0035,TAT206,41,19,48.9,27.2,11338.0
2,CSV_data_F07_240529_i-Lab検体20+50.csv,2_0035,0035,TAT206,41,19,48.9,36.0,11382.0
2,CSV_data_F07_240529_i-Lab検体20+50.csv,2_0035,0035,TAT206,41,19,48.9,45.2,11447.0
2,CSV_data_F07_240529_i-Lab検体20+50.csv,2_0035,0035,TAT206,41,19,48.9,54.0,11504.0
2,CSV_data_F07_240529_i-Lab検体20+50.csv,2_0035,0035,TAT206,41,19,48.9,63.2,11577.0
2,CSV_data_F07_240529_i-Lab検体20+50.csv,2_0035,0035,TAT206,41,19,48.9,72.0,11637.0
2,CSV_data_F07_240529_i-Lab検体20+50.csv,2_0035,0035,TAT206,41,19,48.9,81.2,11713.0
2,CSV_data_F07_240529_i-Lab検体20+50.csv,2_0035,0035,TAT206,41,19,48.9,90.0,11780.0
2,CSV_data_F07_240529_i-Lab検体20+50.csv,2_0035,0035,TAT206,41,19,48.9,99.2,11854.0
2,CSV_data_F07_240529_i-Lab検体20+50.csv,2_0035,0035,TAT206,41,19,48.9,108.0,11924.0
2,CSV_data_F07_240529_i-Lab検体20+50.csv,2_0035,0035,TAT206,41,19,48.9,117.2,12004.0
2,CSV_data_F07_240529_i-Lab検体20+50.csv,2_0035,0035,TAT206,41,19,48.9,126.0,12072.0
2,CSV_data_F07_240529_i-Lab検体20+50.csv,2_0035,0035,TAT206,41,19,48.9,135.2,12157.0
2,CSV_data_F07_240529_i-Lab検体20+50.csv,2_0035,0035,TAT206,41,19,48.9,144.0,12231.0
2,CSV_data_F07_240529_i-Lab検体20+50.csv,2_0035,0035,TAT206,41,19,48.9,153.2,12307.0
2,CSV_data_F07_240529_i-Lab検体20+50.csv,2_0035,0035,TAT206,41,19,48.9,162.0,12373.0
2,CSV_data_F07_240529_i-Lab検体20+50.csv,2_0035,0035,TAT206,41,19,48.9,171.2,12447.0
2,CSV_data_F07_240529_i-Lab検体20+50.csv,2_0035,0035,TAT206,41,19,48.9,180.0,12519.0
2,CSV_data_F07_240529_i-Lab検体20+50.csv,2_0035,0035,TAT1,42,20,52.5,0.0,11029.0
2,CSV_data_F07_240529_i-Lab検体20+50.csv,2_0035,0035,TAT1,42,20,52.5,9.2,11061.0
2,CSV_data_F07_240529_i-Lab検体20+50.csv,2_0035,0035,TAT1,42,20,52.5,18.0,11108.0
2,CSV_data_F07_240529_i-Lab検体20+50.csv,2_0035,0035,TAT1,42,20,52.5,27.2,11155.0
2,CSV_data_F07_240529_i-Lab検体20+50.csv,2_0035,0035,TAT1,42,20,52.5,36.0,11223.0
2,CSV_data_F07_240529_i-Lab検体20+50.csv,2_0035,0035,TAT1,42,20,52.5,45.2,11284.0
2,CSV_data_F07_240529_i-Lab検体20+50.csv,2_0035,0035,TAT1,42,20,52.5,54.0,11355.0
2,CSV_data_F07_240529_i-Lab検体20+50.csv,2_0035,0035,TAT1,42,20,52.5,63.2,11433.0
2,CSV_data_F07_240529_i-Lab検体20+50.csv,2_0035,0035,TAT1,42,20,52.5,72.0,11508.0
2,CSV_data_F07_240529_i-Lab検体20+50.csv,2_0035,0035,TAT1,42,20,52.5,81.2,11590.0
2,CSV_data_F07_240529_i-Lab検体20+50.csv,2_0035,0035,TAT1,42,20,52.5,90.0,11672.0
2,CSV_data_F07_240529_i-Lab検体20+50.csv,2_0035,0035,TAT1,42,20,52.5,99.2,11748.0
2,CSV_data_F07_240529_i-Lab検体20+50.csv,2_0035,0035,TAT1,42,20,52.5,108.0,11835.0
2,CSV_data_F07_240529_i-Lab検体20+50.csv,2_0035,0035,TAT1,42,20,52.5,117.2,11912.0
2,CSV_data_F07_240529_i-Lab検体20+50.csv,2_0035,0035,TAT1,42,20,52.5,126.0,11982.0
2,CSV_data_F07_240529_i-Lab検体20+50.csv,2_0035,0035,TAT1,42,20,52.5,135.2,12071.0
2,CSV_data_F07_240529_i-Lab検体20+50.csv,2_0035,0035,TAT1,42,20,52.5,144.0,12144.0
2,CSV_data_F07_240529_i-Lab検体20+50.csv,2_0035,0035,TAT1,42,20,52.5,153.2,12221.0
2,CSV_data_F07_240529_i-Lab検体20+50.csv,2_0035,0035,TAT1,42,20,52.5,162.0,12295.0
2,CSV_data_F07_240529_i-Lab検体20+50.csv,2_0035,0035,TAT1,42,20,52.5,171.2,12377.0
2,CSV_data_F07_240529_i-Lab検体20+50.csv,2_0035,0035,TAT1,42,20,52.5,180.0,12451.0
2,CSV_data_F07_240529_i-Lab検体20+50.csv,2_0035,0035,TAT3,44,15,36.7,0.0,10906.0
2,CSV_data_F07_240529_i-Lab検体20+50.csv,2_0035,0035,TAT3,44,15,36.7,9.2,10921.0
2,CSV_data_F07_240529_i-Lab検体20+50.csv,2_0035,0035,TAT3,44,15,36.7,18.0,10946.0
2,CSV_data_F07_240529_i-Lab検体20+50.csv,2_0035,0035,TAT3,44,15,36.7,27.2,10967.0
2,CSV_data_F07_240529_i-Lab検体20+50.csv,2_0035,0035,TAT3,44,15,36.7,36.0,11006.0
2,CSV_data_F07_240529_i-Lab検体20+50.csv,2_0035,0035,TAT3,44,15,36.7,45.2,11042.0
2,CSV_data_F07_240529_i-Lab検体20+50.csv,2_0035,0035,TAT3,44,15,36.7,54.0,11092.0
2,CSV_data_F07_240529_i-Lab検体20+50.csv,2_0035,0035,TAT3,44,15,36.7,63.2,11133.0
2,CSV_data_F07_240529_i-Lab検体20+50.csv,2_0035,0035,TAT3,44,15,36.7,72.0,11183.0
2,CSV_data_F07_240529_i-Lab検体20+50.csv,2_0035,0035,TAT3,44,15,36.7,81.2,11230.0
2,CSV_data_F07_240529_i-Lab検体20+50.csv,2_0035,0035,TAT3,44,15,36.7,90.0,11277.0
2,CSV_data_F07_240529_i-Lab検体20+50.csv,2_0035,0035,TAT3,44,15,36.7,99.2,11333.0
2,CSV_data_F07_240529_i-Lab検体20+50.csv,2_0035,0035,TAT3,44,15,36.7,108.0,11387.0
2,CSV_data_F07_240529_i-Lab検体20+50.csv,2_0035,0035,TAT3,44,15,36.7,117.2,11443.0
2,CSV_data_F07_240529_i-Lab検体20+50.csv,2_0035,0035,TAT3,44,15,36.7,126.0,11502.0
2,CSV_data_F07_240529_i-Lab検体20+50.csv,2_0035,0035,TAT3,44,15,36.7,135.2,11552.0
2,CSV_data_F07_240529_i-Lab検体20+50.csv,2_0035,0035,TAT3,44,15,36.7,144.0,11616.0
2,CSV_data_F07_240529_i-Lab検体20+50.csv,2_0035,0035,TAT3,44,15,36.7,153.2,11667.0
2,CSV_data_F07_240529_i-Lab検体20+50.csv,2_0035,0035,TAT3,44,15,36.7,162.0,11720.0
2,CSV_data_F07_240529_i-Lab検体20+50.csv,2_0035,0035,TAT3,44,15,36.7,171.2,11781.0
2,CSV_data_F07_240529_i-Lab検体20+50.csv,2_0035,0035,TAT3,44,15,36.7,180.0,11833.0
2,CSV_data_F07_240529_i-Lab検体20+50.csv,2_0035,0035,TAT5,46,16,6.4,0.0,6947.0
2,CSV_data_F07_240529_i-Lab検体20+50.csv,2_0035,0035,TAT5,46,16,6.4,9.2,6958.0
2,CSV_data_F07_240529_i-Lab検体20+50.csv,2_0035,0035,TAT5,46,16,6.4,18.0,6964.0
2,CSV_data_F07_240529_i-Lab検体20+50.csv,2_0035,0035,TAT5,46,16,6.4,27.2,6971.0
2,CSV_data_F07_240529_i-Lab検体20+50.csv,2_0035,0035,TAT5,46,16,6.4,36.0,6982.0
2,CSV_data_F07_240529_i-Lab検体20+50.csv,2_0035,0035,TAT5,46,16,6.4,45.2,6994.0
2,CSV_data_F07_240529_i-Lab検体20+50.csv,2_0035,0035,TAT5,46,16,6.4,54.0,6998.0
2,CSV_data_F07_240529_i-Lab検体20+50.csv,2_0035,0035,TAT5,46,16,6.4,63.2,7012.0
2,CSV_data_F07_240529_i-Lab検体20+50.csv,2_0035,0035,TAT5,46,16,6.4,72.0,7025.0
2,CSV_data_F07_240529_i-Lab検体20+50.csv,2_0035,0035,TAT5,46,16,6.4,81.2,7032.0
2,CSV_data_F07_240529_i-Lab検体20+50.csv,2_0035,0035,TAT5,46,16,6.4,90.0,7044.0
2,CSV_data_F07_240529_i-Lab検体20+50.csv,2_0035,0035,TAT5,46,16,6.4,99.2,7051.0
2,CSV_data_F07_240529_i-Lab検体20+50.csv,2_0035,0035,TAT5,46,16,6.4,108.0,7058.0
2,CSV_data_F07_240529_i-Lab検体20+50.csv,2_0035,0035,TAT5,46,16,6.4,117.2,7071.0
2,CSV_data_F07_240529_i-Lab検体20+50.csv,2_0035,0035,TAT5,46,16,6.4,126.0,7076.0
2,CSV_data_F07_240529_i-Lab検体20+50.csv,2_0035,0035,TAT5,46,16,6.4,135.2,7089.0
2,CSV_data_F07_240529_i-Lab検体20+50.csv,2_0035,0035,TAT5,46,16,6.4,144.0,7099.0
2,CSV_data_F07_240529_i-Lab検体20+50.csv,2_0035,0035,TAT5,46,16,6.4,153.2,7109.0
2,CSV_data_F07_240529_i-Lab検体20+50.csv,2_0035,0035,TAT5,46,16,6.4,162.0,7120.0
2,CSV_data_F07_240529_i-Lab検体20+50.csv,2_0035,0035,TAT5,46,16,6.4,171.2,7128.0
2,CSV_data_F07_240529_i-Lab検体20+50.csv,2_0035,0035,TAT5,46,16,6.4,180.0,7136.0
2,CSV_data_F07_240529_i-Lab検体20+50.csv,2_0035,0035,TAT6,47,17,1.9,0.0,8927.0
2,CSV_data_F07_240529_i-Lab検体20+50.csv,2_0035,0035,TAT6,47,17,1.9,9.2,8904.0
2,CSV_data_F07_240529_i-Lab検体20+50.csv,2_0035,0035,TAT6,47,17,1.9,18.0,8898.0
2,CSV_data_F07_240529_i-Lab検体20+50.csv,2_0035,0035,TAT6,47,17,1.9,27.2,8901.0
2,CSV_data_F07_240529_i-Lab検体20+50.csv,2_0035,0035,TAT6,47,17,1.9,36.0,8903.0
2,CSV_data_F07_240529_i-Lab検体20+50.csv,2_0035,0035,TAT6,47,17,1.9,45.2,8901.0
2,CSV_data_F07_240529_i-Lab検体20+50.csv,2_0035,0035,TAT6,47,17,1.9,54.0,8907.0
2,CSV_data_F07_240529_i-Lab検体20+50.csv,2_0035,0035,TAT6,47,17,1.9,63.2,8910.0
2,CSV_data_F07_240529_i-Lab検体20+50.csv,2_0035,0035,TAT6,47,17,1.9,72.0,8912.0
2,CSV_data_F07_240529_i-Lab検体20+50.csv,2_0035,0035,TAT6,47,17,1.9,81.2,8907.0
2,CSV_data_F07_240529_i-Lab検体20+50.csv,2_0035,0035,TAT6,47,17,1.9,90.0,8915.0
2,CSV_data_F07_240529_i-Lab検体20+50.csv,2_0035,0035,TAT6,47,17,1.9,99.2,8916.0
2,CSV_data_F07_240529_i-Lab検体20+50.csv,2_0035,0035,TAT6,47,17,1.9,108.0,8916.0
2,CSV_data_F07_240529_i-Lab検体20+50.csv,2_0035,0035,TAT6,47,17,1.9,117.2,8920.0
2,CSV_data_F07_240529_i-Lab検体20+50.csv,2_0035,0035,TAT6,47,17,1.9,126.0,8922.0
2,CSV_data_F07_240529_i-Lab検体20+50.csv,2_0035,0035,TAT6,47,17,1.9,135.2,8924.0
2,CSV_data_F07_240529_i-Lab検体20+50.csv,2_0035,0035,TAT6,47,17,1.9,144.0,8927.0
2,CSV_data_F07_240529_i-Lab検体20+50.csv,2_0035,0035,TAT6,47,17,1.9,153.2,8927.0
2,CSV_data_F07_240529_i-Lab検体20+50.csv,2_0035,0035,TAT6,47,17,1.9,162.0,8929.0
2,CSV_data_F07_240529_i-Lab検体20+50.csv,2_0035,0035,TAT6,47,17,1.9,171.2,8936.0
2,CSV_data_F07_240529_i-Lab検体20+50.csv,2_0035,0035,TAT6,47,17,1.9,180.0,8933.0
2,CSV_data_F07_240529_i-Lab検体20+50.csv,2_0036,0036,TAT206,41,18,32.0,0.0,11105.0
2,CSV_data_F07_240529_i-Lab検体20+50.csv,2_0036,0036,TAT206,41,18,32.0,9.2,11129.0
2,CSV_data_F07_240529_i-Lab検体20+50.csv,2_0036,0036,TAT206,41,18,32.0,18.0,11163.0
2,CSV_data_F07_240529_i-Lab検体20+50.csv,2_0036,0036,TAT206,41,18,32.0,27.2,11200.0
2,CSV_data_F07_240529_i-Lab検体20+50.csv,2_0036,0036,TAT206,41,18,32.0,36.0,11241.0
2,CSV_data_F07_240529_i-Lab検体20+50.csv,2_0036,0036,TAT206,41,18,32.0,45.2,11287.0
2,CSV_data_F07_240529_i-Lab検体20+50.csv,2_0036,0036,TAT206,41,18,32.0,54.0,11323.0
2,CSV_data_F07_240529_i-Lab検体20+50.csv,2_0036,0036,TAT206,41,18,32.0,63.2,11371.0
2,CSV_data_F07_240529_i-Lab検体20+50.csv,2_0036,0036,TAT206,41,18,32.0,72.0,11410.0
2,CSV_data_F07_240529_i-Lab検体20+50.csv,2_0036,0036,TAT206,41,18,32.0,81.2,11457.0
2,CSV_data_F07_240529_i-Lab検体20+50.csv,2_0036,0036,TAT206,41,18,32.0,90.0,11499.0
2,CSV_data_F07_240529_i-Lab検体20+50.csv,2_0036,0036,TAT206,41,18,32.0,99.2,11558.0
2,CSV_data_F07_240529_i-Lab検体20+50.csv,2_0036,0036,TAT206,41,18,32.0,108.0,11602.0
2,CSV_data_F07_240529_i-Lab検体20+50.csv,2_0036,0036,TAT206,41,18,32.0,117.2,11648.0
2,CSV_data_F07_240529_i-Lab検体20+50.csv,2_0036,0036,TAT206,41,18,32.0,126.0,11688.0
2,CSV_data_F07_240529_i-Lab検体20+50.csv,2_0036,0036,TAT206,41,18,32.0,135.2,11750.0
2,CSV_data_F07_240529_i-Lab検体20+50.csv,2_0036,0036,TAT206,41,18,32.0,144.0,11801.0
2,CSV_data_F07_240529_i-Lab検体20+50.csv,2_0036,0036,TAT206,41,18,32.0,153.2,11840.0
2,CSV_data_F07_240529_i-Lab検体20+50.csv,2_0036,0036,TAT206,41,18,32.0,162.0,11884.0
2,CSV_data_F07_240529_i-Lab検体20+50.csv,2_0036,0036,TAT206,41,18,32.0,171.2,11937.0
2,CSV_data_F07_240529_i-Lab検体20+50.csv,2_0036,0036,TAT206,41,18,32.0,180.0,11983.0
2,CSV_data_F07_240529_i-Lab検体20+50.csv,2_0036,0036,TAT1,42,19,37.5,0.0,11132.0
2,CSV_data_F07_240529_i-Lab検体20+50.csv,2_0036,0036,TAT1,42,19,37.5,9.2,11160.0
2,CSV_data_F07_240529_i-Lab検体20+50.csv,2_0036,0036,TAT1,42,19,37.5,18.0,11193.0
2,CSV_data_F07_240529_i-Lab検体20+50.csv,2_0036,0036,TAT1,42,19,37.5,27.2,11232.0
2,CSV_data_F07_240529_i-Lab検体20+50.csv,2_0036,0036,TAT1,42,19,37.5,36.0,11280.0
2,CSV_data_F07_240529_i-Lab検体20+50.csv,2_0036,0036,TAT1,42,19,37.5,45.2,11323.0
2,CSV_data_F07_240529_i-Lab検体20+50.csv,2_0036,0036,TAT1,42,19,37.5,54.0,11371.0
2,CSV_data_F07_240529_i-Lab検体20+50.csv,2_0036,0036,TAT1,42,19,37.5,63.2,11425.0
2,CSV_data_F07_240529_i-Lab検体20+50.csv,2_0036,0036,TAT1,42,19,37.5,72.0,11477.0
2,CSV_data_F07_240529_i-Lab検体20+50.csv,2_0036,0036,TAT1,42,19,37.5,81.2,11531.0
2,CSV_data_F07_240529_i-Lab検体20+50.csv,2_0036,0036,TAT1,42,19,37.5,90.0,11584.0
2,CSV_data_F07_240529_i-Lab検体20+50.csv,2_0036,0036,TAT1,42,19,37.5,99.2,11636.0
2,CSV_data_F07_240529_i-Lab検体20+50.csv,2_0036,0036,TAT1,42,19,37.5,108.0,11696.0
2,CSV_data_F07_240529_i-Lab検体20+50.csv,2_0036,0036,TAT1,42,19,37.5,117.2,11751.0
2,CSV_data_F07_240529_i-Lab検体20+50.csv,2_0036,0036,TAT1,42,19,37.5,126.0,11813.0
2,CSV_data_F07_240529_i-Lab検体20+50.csv,2_0036,0036,TAT1,42,19,37.5,135.2,11869.0
2,CSV_data_F07_240529_i-Lab検体20+50.csv,2_0036,0036,TAT1,42,19,37.5,144.0,11921.0
2,CSV_data_F07_240529_i-Lab検体20+50.csv,2_0036,0036,TAT1,42,19,37.5,153.2,11981.0
2,CSV_data_F07_240529_i-Lab検体20+50.csv,2_0036,0036,TAT1,42,19,37.5,162.0,12032.0
2,CSV_data_F07_240529_i-Lab検体20+50.csv,2_0036,0036,TAT1,42,19,37.5,171.2,12093.0
2,CSV_data_F07_240529_i-Lab検体20+50.csv,2_0036,0036,TAT1,42,19,37.5,180.0,12159.0
2,CSV_data_F07_240529_i-Lab検体20+50.csv,2_0036,0036,TAT3,44,20,29.1,0.0,11053.0
2,CSV_data_F07_240529_i-Lab検体20+50.csv,2_0036,0036,TAT3,44,20,29.1,9.2,11083.0
2,CSV_data_F07_240529_i-Lab検体20+50.csv,2_0036,0036,TAT3,44,20,29.1,18.0,11095.0
2,CSV_data_F07_240529_i-Lab検体20+50.csv,2_0036,0036,TAT3,44,20,29.1,27.2,11129.0
2,CSV_data_F07_240529_i-Lab検体20+50.csv,2_0036,0036,TAT3,44,20,29.1,36.0,11142.0
2,CSV_data_F07_240529_i-Lab検体20+50.csv,2_0036,0036,TAT3,44,20,29.1,45.2,11198.0
2,CSV_data_F07_240529_i-Lab検体20+50.csv,2_0036,0036,TAT3,44,20,29.1,54.0,11239.0
2,CSV_data_F07_240529_i-Lab検体20+50.csv,2_0036,0036,TAT3,44,20,29.1,63.2,11277.0
2,CSV_data_F07_240529_i-Lab検体20+50.csv,2_0036,0036,TAT3,44,20,29.1,72.0,11317.0
2,CSV_data_F07_240529_i-Lab検体20+50.csv,2_0036,0036,TAT3,44,20,29.1,81.2,11363.0
2,CSV_data_F07_240529_i-Lab検体20+50.csv,2_0036,0036,TAT3,44,20,29.1,90.0,11403.0
2,CSV_data_F07_240529_i-Lab検体20+50.csv,2_0036,0036,TAT3,44,20,29.1,99.2,11443.0
2,CSV_data_F07_240529_i-Lab検体20+50.csv,2_0036,0036,TAT3,44,20,29.1,108.0,11489.0
2,CSV_data_F07_240529_i-Lab検体20+50.csv,2_0036,0036,TAT3,44,20,29.1,117.2,11537.0
2,CSV_data_F07_240529_i-Lab検体20+50.csv,2_0036,0036,TAT3,44,20,29.1,126.0,11576.0
2,CSV_data_F07_240529_i-Lab検体20+50.csv,2_0036,0036,TAT3,44,20,29.1,135.2,11621.0
2,CSV_data_F07_240529_i-Lab検体20+50.csv,2_0036,0036,TAT3,44,20,29.1,144.0,11660.0
2,CSV_data_F07_240529_i-Lab検体20+50.csv,2_0036,0036,TAT3,44,20,29.1,153.2,11706.0
2,CSV_data_F07_240529_i-Lab検体20+50.csv,2_0036,0036,TAT3,44,20,29.1,162.0,11758.0
2,CSV_data_F07_240529_i-Lab検体20+50.csv,2_0036,0036,TAT3,44,20,29.1,171.2,11799.0
2,CSV_data_F07_240529_i-Lab検体20+50.csv,2_0036,0036,TAT3,44,20,29.1,180.0,11835.0
2,CSV_data_F07_240529_i-Lab検体20+50.csv,2_0036,0036,TAT5,46,15,10.2,0.0,7033.0
2,CSV_data_F07_240529_i-Lab検体20+50.csv,2_0036,0036,TAT5,46,15,10.2,9.2,7024.0
2,CSV_data_F07_240529_i-Lab検体20+50.csv,2_0036,0036,TAT5,46,15,10.2,18.0,7040.0
2,CSV_data_F07_240529_i-Lab検体20+50.csv,2_0036,0036,TAT5,46,15,10.2,27.2,7054.0
2,CSV_data_F07_240529_i-Lab検体20+50.csv,2_0036,0036,TAT5,46,15,10.2,36.0,7073.0
2,CSV_data_F07_240529_i-Lab検体20+50.csv,2_0036,0036,TAT5,46,15,10.2,45.2,7097.0
2,CSV_data_F07_240529_i-Lab検体20+50.csv,2_0036,0036,TAT5,46,15,10.2,54.0,7109.0
2,CSV_data_F07_240529_i-Lab検体20+50.csv,2_0036,0036,TAT5,46,15,10.2,63.2,7124.0
2,CSV_data_F07_240529_i-Lab検体20+50.csv,2_0036,0036,TAT5,46,15,10.2,72.0,7144.0
2,CSV_data_F07_240529_i-Lab検体20+50.csv,2_0036,0036,TAT5,46,15,10.2,81.2,7158.0
2,CSV_data_F07_240529_i-Lab検体20+50.csv,2_0036,0036,TAT5,46,15,10.2,90.0,7174.0
2,CSV_data_F07_240529_i-Lab検体20+50.csv,2_0036,0036,TAT5,46,15,10.2,99.2,7190.0
2,CSV_data_F07_240529_i-Lab検体20+50.csv,2_0036,0036,TAT5,46,15,10.2,108.0,7208.0
2,CSV_data_F07_240529_i-Lab検体20+50.csv,2_0036,0036,TAT5,46,15,10.2,117.2,7223.0
2,CSV_data_F07_240529_i-Lab検体20+50.csv,2_0036,0036,TAT5,46,15,10.2,126.0,7235.0
2,CSV_data_F07_240529_i-Lab検体20+50.csv,2_0036,0036,TAT5,46,15,10.2,135.2,7250.0
2,CSV_data_F07_240529_i-Lab検体20+50.csv,2_0036,0036,TAT5,46,15,10.2,144.0,7265.0
2,CSV_data_F07_240529_i-Lab検体20+50.csv,2_0036,0036,TAT5,46,15,10.2,153.2,7277.0
2,CSV_data_F07_240529_i-Lab検体20+50.csv,2_0036,0036,TAT5,46,15,10.2,162.0,7294.0
2,CSV_data_F07_240529_i-Lab検体20+50.csv,2_0036,0036,TAT5,46,15,10.2,171.2,7311.0
2,CSV_data_F07_240529_i-Lab検体20+50.csv,2_0036,0036,TAT5,46,15,10.2,180.0,7319.0
2,CSV_data_F07_240529_i-Lab検体20+50.csv,2_0036,0036,TAT6,47,16,1.3,0.0,8979.0
2,CSV_data_F07_240529_i-Lab検体20+50.csv,2_0036,0036,TAT6,47,16,1.3,9.2,8999.0
2,CSV_data_F07_240529_i-Lab検体20+50.csv,2_0036,0036,TAT6,47,16,1.3,18.0,8988.0
2,CSV_data_F07_240529_i-Lab検体20+50.csv,2_0036,0036,TAT6,47,16,1.3,27.2,8990.0
2,CSV_data_F07_240529_i-Lab検体20+50.csv,2_0036,0036,TAT6,47,16,1.3,36.0,8998.0
2,CSV_data_F07_240529_i-Lab検体20+50.csv,2_0036,0036,TAT6,47,16,1.3,45.2,8996.0
2,CSV_data_F07_240529_i-Lab検体20+50.csv,2_0036,0036,TAT6,47,16,1.3,54.0,9000.0
2,CSV_data_F07_240529_i-Lab検体20+50.csv,2_0036,0036,TAT6,47,16,1.3,63.2,9004.0
2,CSV_data_F07_240529_i-Lab検体20+50.csv,2_0036,0036,TAT6,47,16,1.3,72.0,9004.0
2,CSV_data_F07_240529_i-Lab検体20+50.csv,2_0036,0036,TAT6,47,16,1.3,81.2,9008.0
2,CSV_data_F07_240529_i-Lab検体20+50.csv,2_0036,0036,TAT6,47,16,1.3,90.0,9009.0
2,CSV_data_F07_240529_i-Lab検体20+50.csv,2_0036,0036,TAT6,47,16,1.3,99.2,9014.0
2,CSV_data_F07_240529_i-Lab検体20+50.csv,2_0036,0036,TAT6,47,16,1.3,108.0,9013.0
2,CSV_data_F07_240529_i-Lab検体20+50.csv,2_0036,0036,TAT6,47,16,1.3,117.2,9020.0
2,CSV_data_F07_240529_i-Lab検体20+50.csv,2_0036,0036,TAT6,47,16,1.3,126.0,9020.0
2,CSV_data_F07_240529_i-Lab検体20+50.csv,2_0036,0036,TAT6,47,16,1.3,135.2,9018.0
2,CSV_data_F07_240529_i-Lab検体20+50.csv,2_0036,0036,TAT6,47,16,1.3,144.0,9023.0
2,CSV_data_F07_240529_i-Lab検体20+50.csv,2_0036,0036,TAT6,47,16,1.3,153.2,9022.0
2,CSV_data_F07_240529_i-Lab検体20+50.csv,2_0036,0036,TAT6,47,16,1.3,162.0,9028.0
2,CSV_data_F07_240529_i-Lab検体20+50.csv,2_0036,0036,TAT6,47,16,1.3,171.2,9028.0
2,CSV_data_F07_240529_i-Lab検体20+50.csv,2_0036,0036,TAT6,47,16,1.3,180.0,9030.0
2,CSV_data_F07_240529_i-Lab検体20+50.csv,2_0037,0037,TAT206,41,17,19.4,0.0,10738.0
2,CSV_data_F07_240529_i-Lab検体20+50.csv,2_0037,0037,TAT206,41,17,19.4,9.2,10753.0
2,CSV_data_F07_240529_i-Lab検体20+50.csv,2_0037,0037,TAT206,41,17,19.4,18.0,10761.0
2,CSV_data_F07_240529_i-Lab検体20+50.csv,2_0037,0037,TAT206,41,17,19.4,27.2,10774.0
2,CSV_data_F07_240529_i-Lab検体20+50.csv,2_0037,0037,TAT206,41,17,19.4,36.0,10792.0
2,CSV_data_F07_240529_i-Lab検体20+50.csv,2_0037,0037,TAT206,41,17,19.4,45.2,10812.0
2,CSV_data_F07_240529_i-Lab検体20+50.csv,2_0037,0037,TAT206,41,17,19.4,54.0,10831.0
2,CSV_data_F07_240529_i-Lab検体20+50.csv,2_0037,0037,TAT206,41,17,19.4,63.2,10853.0
2,CSV_data_F07_240529_i-Lab検体20+50.csv,2_0037,0037,TAT206,41,17,19.4,72.0,10870.0
2,CSV_data_F07_240529_i-Lab検体20+50.csv,2_0037,0037,TAT206,41,17,19.4,81.2,10897.0
2,CSV_data_F07_240529_i-Lab検体20+50.csv,2_0037,0037,TAT206,41,17,19.4,90.0,10921.0
2,CSV_data_F07_240529_i-Lab検体20+50.csv,2_0037,0037,TAT206,41,17,19.4,99.2,10949.0
2,CSV_data_F07_240529_i-Lab検体20+50.csv,2_0037,0037,TAT206,41,17,19.4,108.0,10974.0
2,CSV_data_F07_240529_i-Lab検体20+50.csv,2_0037,0037,TAT206,41,17,19.4,117.2,11008.0
2,CSV_data_F07_240529_i-Lab検体20+50.csv,2_0037,0037,TAT206,41,17,19.4,126.0,11036.0
2,CSV_data_F07_240529_i-Lab検体20+50.csv,2_0037,0037,TAT206,41,17,19.4,135.2,11065.0
2,CSV_data_F07_240529_i-Lab検体20+50.csv,2_0037,0037,TAT206,41,17,19.4,144.0,11099.0
2,CSV_data_F07_240529_i-Lab検体20+50.csv,2_0037,0037,TAT206,41,17,19.4,153.2,11124.0
2,CSV_data_F07_240529_i-Lab検体20+50.csv,2_0037,0037,TAT206,41,17,19.4,162.0,11156.0
2,CSV_data_F07_240529_i-Lab検体20+50.csv,2_0037,0037,TAT206,41,17,19.4,171.2,11188.0
2,CSV_data_F07_240529_i-Lab検体20+50.csv,2_0037,0037,TAT206,41,17,19.4,180.0,11223.0
2,CSV_data_F07_240529_i-Lab検体20+50.csv,2_0037,0037,TAT1,42,18,27.3,0.0,10796.0
2,CSV_data_F07_240529_i-Lab検体20+50.csv,2_0037,0037,TAT1,42,18,27.3,9.2,10807.0
2,CSV_data_F07_240529_i-Lab検体20+50.csv,2_0037,0037,TAT1,42,18,27.3,18.0,10811.0
2,CSV_data_F07_240529_i-Lab検体20+50.csv,2_0037,0037,TAT1,42,18,27.3,27.2,10830.0
2,CSV_data_F07_240529_i-Lab検体20+50.csv,2_0037,0037,TAT1,42,18,27.3,36.0,10857.0
2,CSV_data_F07_240529_i-Lab検体20+50.csv,2_0037,0037,TAT1,42,18,27.3,45.2,10877.0
2,CSV_data_F07_240529_i-Lab検体20+50.csv,2_0037,0037,TAT1,42,18,27.3,54.0,10910.0
2,CSV_data_F07_240529_i-Lab検体20+50.csv,2_0037,0037,TAT1,42,18,27.3,63.2,10939.0
2,CSV_data_F07_240529_i-Lab検体20+50.csv,2_0037,0037,TAT1,42,18,27.3,72.0,10974.0
2,CSV_data_F07_240529_i-Lab検体20+50.csv,2_0037,0037,TAT1,42,18,27.3,81.2,11007.0
2,CSV_data_F07_240529_i-Lab検体20+50.csv,2_0037,0037,TAT1,42,18,27.3,90.0,11042.0
2,CSV_data_F07_240529_i-Lab検体20+50.csv,2_0037,0037,TAT1,42,18,27.3,99.2,11079.0
2,CSV_data_F07_240529_i-Lab検体20+50.csv,2_0037,0037,TAT1,42,18,27.3,108.0,11118.0
2,CSV_data_F07_240529_i-Lab検体20+50.csv,2_0037,0037,TAT1,42,18,27.3,117.2,11158.0
2,CSV_data_F07_240529_i-Lab検体20+50.csv,2_0037,0037,TAT1,42,18,27.3,126.0,11196.0
2,CSV_data_F07_240529_i-Lab検体20+50.csv,2_0037,0037,TAT1,42,18,27.3,135.2,11244.0
2,CSV_data_F07_240529_i-Lab検体20+50.csv,2_0037,0037,TAT1,42,18,27.3,144.0,11285.0
2,CSV_data_F07_240529_i-Lab検体20+50.csv,2_0037,0037,TAT1,42,18,27.3,153.2,11331.0
2,CSV_data_F07_240529_i-Lab検体20+50.csv,2_0037,0037,TAT1,42,18,27.3,162.0,11376.0
2,CSV_data_F07_240529_i-Lab検体20+50.csv,2_0037,0037,TAT1,42,18,27.3,171.2,11417.0
2,CSV_data_F07_240529_i-Lab検体20+50.csv,2_0037,0037,TAT1,42,18,27.3,180.0,11463.0
2,CSV_data_F07_240529_i-Lab検体20+50.csv,2_0037,0037,TAT3,44,19,24.7,0.0,10841.0
2,CSV_data_F07_240529_i-Lab検体20+50.csv,2_0037,0037,TAT3,44,19,24.7,9.2,10851.0
2,CSV_data_F07_240529_i-Lab検体20+50.csv,2_0037,0037,TAT3,44,19,24.7,18.0,10868.0
2,CSV_data_F07_240529_i-Lab検体20+50.csv,2_0037,0037,TAT3,44,19,24.7,27.2,10881.0
2,CSV_data_F07_240529_i-Lab検体20+50.csv,2_0037,0037,TAT3,44,19,24.7,36.0,10908.0
2,CSV_data_F07_240529_i-Lab検体20+50.csv,2_0037,0037,TAT3,44,19,24.7,45.2,10928.0
2,CSV_data_F07_240529_i-Lab検体20+50.csv,2_0037,0037,TAT3,44,19,24.7,54.0,10955.0
2,CSV_data_F07_240529_i-Lab検体20+50.csv,2_0037,0037,TAT3,44,19,24.7,63.2,10979.0
2,CSV_data_F07_240529_i-Lab検体20+50.csv,2_0037,0037,TAT3,44,19,24.7,72.0,11005.0
2,CSV_data_F07_240529_i-Lab検体20+50.csv,2_0037,0037,TAT3,44,19,24.7,81.2,11038.0
2,CSV_data_F07_240529_i-Lab検体20+50.csv,2_0037,0037,TAT3,44,19,24.7,90.0,11070.0
2,CSV_data_F07_240529_i-Lab検体20+50.csv,2_0037,0037,TAT3,44,19,24.7,99.2,11107.0
2,CSV_data_F07_240529_i-Lab検体20+50.csv,2_0037,0037,TAT3,44,19,24.7,108.0,11141.0
2,CSV_data_F07_240529_i-Lab検体20+50.csv,2_0037,0037,TAT3,44,19,24.7,117.2,11175.0
2,CSV_data_F07_240529_i-Lab検体20+50.csv,2_0037,0037,TAT3,44,19,24.7,126.0,11213.0
2,CSV_data_F07_240529_i-Lab検体20+50.csv,2_0037,0037,TAT3,44,19,24.7,135.2,11250.0
2,CSV_data_F07_240529_i-Lab検体20+50.csv,2_0037,0037,TAT3,44,19,24.7,144.0,11284.0
2,CSV_data_F07_240529_i-Lab検体20+50.csv,2_0037,0037,TAT3,44,19,24.7,153.2,11329.0
2,CSV_data_F07_240529_i-Lab検体20+50.csv,2_0037,0037,TAT3,44,19,24.7,162.0,11371.0
2,CSV_data_F07_240529_i-Lab検体20+50.csv,2_0037,0037,TAT3,44,19,24.7,171.2,11408.0
2,CSV_data_F07_240529_i-Lab検体20+50.csv,2_0037,0037,TAT3,44,19,24.7,180.0,11445.0
2,CSV_data_F07_240529_i-Lab検体20+50.csv,2_0037,0037,TAT5,46,20,5.2,0.0,6810.0
2,CSV_data_F07_240529_i-Lab検体20+50.csv,2_0037,0037,TAT5,46,20,5.2,9.2,6819.0
2,CSV_data_F07_240529_i-Lab検体20+50.csv,2_0037,0037,TAT5,46,20,5.2,18.0,6820.0
2,CSV_data_F07_240529_i-Lab検体20+50.csv,2_0037,0037,TAT5,46,20,5.2,27.2,6827.0
2,CSV_data_F07_240529_i-Lab検体20+50.csv,2_0037,0037,TAT5,46,20,5.2,36.0,6831.0
2,CSV_data_F07_240529_i-Lab検体20+50.csv,2_0037,0037,TAT5,46,20,5.2,45.2,6838.0
2,CSV_data_F07_240529_i-Lab検体20+50.csv,2_0037,0037,TAT5,46,20,5.2,54.0,6843.0
2,CSV_data_F07_240529_i-Lab検体20+50.csv,2_0037,0037,TAT5,46,20,5.2,63.2,6849.0
2,CSV_data_F07_240529_i-Lab検体20+50.csv,2_0037,0037,TAT5,46,20,5.2,72.0,6863.0
2,CSV_data_F07_240529_i-Lab検体20+50.csv,2_0037,0037,TAT5,46,20,5.2,81.2,6869.0
2,CSV_data_F07_240529_i-Lab検体20+50.csv,2_0037,0037,TAT5,46,20,5.2,90.0,6878.0
2,CSV_data_F07_240529_i-Lab検体20+50.csv,2_0037,0037,TAT5,46,20,5.2,99.2,6884.0
2,CSV_data_F07_240529_i-Lab検体20+50.csv,2_0037,0037,TAT5,46,20,5.2,108.0,6887.0
2,CSV_data_F07_240529_i-Lab検体20+50.csv,2_0037,0037,TAT5,46,20,5.2,117.2,6898.0
2,CSV_data_F07_240529_i-Lab検体20+50.csv,2_0037,0037,TAT5,46,20,5.2,126.0,6901.0
2,CSV_data_F07_240529_i-Lab検体20+50.csv,2_0037,0037,TAT5,46,20,5.2,135.2,6912.0
2,CSV_data_F07_240529_i-Lab検体20+50.csv,2_0037,0037,TAT5,46,20,5.2,144.0,6921.0
2,CSV_data_F07_240529_i-Lab検体20+50.csv,2_0037,0037,TAT5,46,20,5.2,153.2,6929.0
2,CSV_data_F07_240529_i-Lab検体20+50.csv,2_0037,0037,TAT5,46,20,5.2,162.0,6937.0
2,CSV_data_F07_240529_i-Lab検体20+50.csv,2_0037,0037,TAT5,46,20,5.2,171.2,6947.0
2,CSV_data_F07_240529_i-Lab検体20+50.csv,2_0037,0037,TAT5,46,20,5.2,180.0,6955.0
2,CSV_data_F07_240529_i-Lab検体20+50.csv,2_0037,0037,TAT6,47,15,0.3,0.0,8793.0
2,CSV_data_F07_240529_i-Lab検体20+50.csv,2_0037,0037,TAT6,47,15,0.3,9.2,8740.0
2,CSV_data_F07_240529_i-Lab検体20+50.csv,2_0037,0037,TAT6,47,15,0.3,18.0,8739.0
2,CSV_data_F07_240529_i-Lab検体20+50.csv,2_0037,0037,TAT6,47,15,0.3,27.2,8737.0
2,CSV_data_F07_240529_i-Lab検体20+50.csv,2_0037,0037,TAT6,47,15,0.3,36.0,8740.0
2,CSV_data_F07_240529_i-Lab検体20+50.csv,2_0037,0037,TAT6,47,15,0.3,45.2,8737.0
2,CSV_data_F07_240529_i-Lab検体20+50.csv,2_0037,0037,TAT6,47,15,0.3,54.0,8736.0
2,CSV_data_F07_240529_i-Lab検体20+50.csv,2_0037,0037,TAT6,47,15,0.3,63.2,8743.0
2,CSV_data_F07_240529_i-Lab検体20+50.csv,2_0037,0037,TAT6,47,15,0.3,72.0,8738.0
2,CSV_data_F07_240529_i-Lab検体20+50.csv,2_0037,0037,TAT6,47,15,0.3,81.2,8738.0
2,CSV_data_F07_240529_i-Lab検体20+50.csv,2_0037,0037,TAT6,47,15,0.3,90.0,8738.0
2,CSV_data_F07_240529_i-Lab検体20+50.csv,2_0037,0037,TAT6,47,15,0.3,99.2,8743.0
2,CSV_data_F07_240529_i-Lab検体20+50.csv,2_0037,0037,TAT6,47,15,0.3,108.0,8746.0
2,CSV_data_F07_240529_i-Lab検体20+50.csv,2_0037,0037,TAT6,47,15,0.3,117.2,8741.0
2,CSV_data_F07_240529_i-Lab検体20+50.csv,2_0037,0037,TAT6,47,15,0.3,126.0,8737.0
2,CSV_data_F07_240529_i-Lab検体20+50.csv,2_0037,0037,TAT6,47,15,0.3,135.2,8738.0
2,CSV_data_F07_240529_i-Lab検体20+50.csv,2_0037,0037,TAT6,47,15,0.3,144.0,8744.0
2,CSV_data_F07_240529_i-Lab検体20+50.csv,2_0037,0037,TAT6,47,15,0.3,153.2,8740.0
2,CSV_data_F07_240529_i-Lab検体20+50.csv,2_0037,0037,TAT6,47,15,0.3,162.0,8741.0
2,CSV_data_F07_240529_i-Lab検体20+50.csv,2_0037,0037,TAT6,47,15,0.3,171.2,8742.0
2,CSV_data_F07_240529_i-Lab検体20+50.csv,2_0037,0037,TAT6,47,15,0.3,180.0,8737.0
2,CSV_data_F07_240529_i-Lab検体20+50.csv,2_0038,0038,TAT206,41,16,20.5,0.0,10912.0
2,CSV_data_F07_240529_i-Lab検体20+50.csv,2_0038,0038,TAT206,41,16,20.5,9.2,10934.0
2,CSV_data_F07_240529_i-Lab検体20+50.csv,2_0038,0038,TAT206,41,16,20.5,18.0,10944.0
2,CSV_data_F07_240529_i-Lab検体20+50.csv,2_0038,0038,TAT206,41,16,20.5,27.2,10960.0
2,CSV_data_F07_240529_i-Lab検体20+50.csv,2_0038,0038,TAT206,41,16,20.5,36.0,10980.0
2,CSV_data_F07_240529_i-Lab検体20+50.csv,2_0038,0038,TAT206,41,16,20.5,45.2,10998.0
2,CSV_data_F07_240529_i-Lab検体20+50.csv,2_0038,0038,TAT206,41,16,20.5,54.0,11023.0
2,CSV_data_F07_240529_i-Lab検体20+50.csv,2_0038,0038,TAT206,41,16,20.5,63.2,11050.0
2,CSV_data_F07_240529_i-Lab検体20+50.csv,2_0038,0038,TAT206,41,16,20.5,72.0,11075.0
2,CSV_data_F07_240529_i-Lab検体20+50.csv,2_0038,0038,TAT206,41,16,20.5,81.2,11094.0
2,CSV_data_F07_240529_i-Lab検体20+50.csv,2_0038,0038,TAT206,41,16,20.5,90.0,11125.0
2,CSV_data_F07_240529_i-Lab検体20+50.csv,2_0038,0038,TAT206,41,16,20.5,99.2,11148.0
2,CSV_data_F07_240529_i-Lab検体20+50.csv,2_0038,0038,TAT206,41,16,20.5,108.0,11176.0
2,CSV_data_F07_240529_i-Lab検体20+50.csv,2_0038,0038,TAT206,41,16,20.5,117.2,11210.0
2,CSV_data_F07_240529_i-Lab検体20+50.csv,2_0038,0038,TAT206,41,16,20.5,126.0,11238.0
2,CSV_data_F07_240529_i-Lab検体20+50.csv,2_0038,0038,TAT206,41,16,20.5,135.2,11271.0
2,CSV_data_F07_240529_i-Lab検体20+50.csv,2_0038,0038,TAT206,41,16,20.5,144.0,11303.0
2,CSV_data_F07_240529_i-Lab検体20+50.csv,2_0038,0038,TAT206,41,16,20.5,153.2,11335.0
2,CSV_data_F07_240529_i-Lab検体20+50.csv,2_0038,0038,TAT206,41,16,20.5,162.0,11376.0
2,CSV_data_F07_240529_i-Lab検体20+50.csv,2_0038,0038,TAT206,41,16,20.5,171.2,11401.0
2,CSV_data_F07_240529_i-Lab検体20+50.csv,2_0038,0038,TAT206,41,16,20.5,180.0,11435.0
2,CSV_data_F07_240529_i-Lab検体20+50.csv,2_0038,0038,TAT1,42,17,23.3,0.0,10755.0
2,CSV_data_F07_240529_i-Lab検体20+50.csv,2_0038,0038,TAT1,42,17,23.3,9.2,10764.0
2,CSV_data_F07_240529_i-Lab検体20+50.csv,2_0038,0038,TAT1,42,17,23.3,18.0,10773.0
2,CSV_data_F07_240529_i-Lab検体20+50.csv,2_0038,0038,TAT1,42,17,23.3,27.2,10790.0
2,CSV_data_F07_240529_i-Lab検体20+50.csv,2_0038,0038,TAT1,42,17,23.3,36.0,10813.0
2,CSV_data_F07_240529_i-Lab検体20+50.csv,2_0038,0038,TAT1,42,17,23.3,45.2,10844.0
2,CSV_data_F07_240529_i-Lab検体20+50.csv,2_0038,0038,TAT1,42,17,23.3,54.0,10869.0
2,CSV_data_F07_240529_i-Lab検体20+50.csv,2_0038,0038,TAT1,42,17,23.3,63.2,10901.0
2,CSV_data_F07_240529_i-Lab検体20+50.csv,2_0038,0038,TAT1,42,17,23.3,72.0,10932.0
2,CSV_data_F07_240529_i-Lab検体20+50.csv,2_0038,0038,TAT1,42,17,23.3,81.2,10963.0
2,CSV_data_F07_240529_i-Lab検体20+50.csv,2_0038,0038,TAT1,42,17,23.3,90.0,10988.0
2,CSV_data_F07_240529_i-Lab検体20+50.csv,2_0038,0038,TAT1,42,17,23.3,99.2,11027.0
2,CSV_data_F07_240529_i-Lab検体20+50.csv,2_0038,0038,TAT1,42,17,23.3,108.0,11062.0
2,CSV_data_F07_240529_i-Lab検体20+50.csv,2_0038,0038,TAT1,42,17,23.3,117.2,11096.0
2,CSV_data_F07_240529_i-Lab検体20+50.csv,2_0038,0038,TAT1,42,17,23.3,126.0,11130.0
2,CSV_data_F07_240529_i-Lab検体20+50.csv,2_0038,0038,TAT1,42,17,23.3,135.2,11164.0
2,CSV_data_F07_240529_i-Lab検体20+50.csv,2_0038,0038,TAT1,42,17,23.3,144.0,11199.0
2,CSV_data_F07_240529_i-Lab検体20+50.csv,2_0038,0038,TAT1,42,17,23.3,153.2,11238.0
2,CSV_data_F07_240529_i-Lab検体20+50.csv,2_0038,0038,TAT1,42,17,23.3,162.0,11276.0
2,CSV_data_F07_240529_i-Lab検体20+50.csv,2_0038,0038,TAT1,42,17,23.3,171.2,11313.0
2,CSV_data_F07_240529_i-Lab検体20+50.csv,2_0038,0038,TAT1,42,17,23.3,180.0,11350.0
2,CSV_data_F07_240529_i-Lab検体20+50.csv,2_0038,0038,TAT3,44,18,13.9,0.0,10837.0
2,CSV_data_F07_240529_i-Lab検体20+50.csv,2_0038,0038,TAT3,44,18,13.9,9.2,10847.0
2,CSV_data_F07_240529_i-Lab検体20+50.csv,2_0038,0038,TAT3,44,18,13.9,18.0,10851.0
2,CSV_data_F07_240529_i-Lab検体20+50.csv,2_0038,0038,TAT3,44,18,13.9,27.2,10859.0
2,CSV_data_F07_240529_i-Lab検体20+50.csv,2_0038,0038,TAT3,44,18,13.9,36.0,10869.0
2,CSV_data_F07_240529_i-Lab検体20+50.csv,2_0038,0038,TAT3,44,18,13.9,45.2,10880.0
2,CSV_data_F07_240529_i-Lab検体20+50.csv,2_0038,0038,TAT3,44,18,13.9,54.0,10897.0
2,CSV_data_F07_240529_i-Lab検体20+50.csv,2_0038,0038,TAT3,44,18,13.9,63.2,10914.0
2,CSV_data_F07_240529_i-Lab検体20+50.csv,2_0038,0038,TAT3,44,18,13.9,72.0,10930.0
2,CSV_data_F07_240529_i-Lab検体20+50.csv,2_0038,0038,TAT3,44,18,13.9,81.2,10927.0
2,CSV_data_F07_240529_i-Lab検体20+50.csv,2_0038,0038,TAT3,44,18,13.9,90.0,10938.0
2,CSV_data_F07_240529_i-Lab検体20+50.csv,2_0038,0038,TAT3,44,18,13.9,99.2,10966.0
2,CSV_data_F07_240529_i-Lab検体20+50.csv,2_0038,0038,TAT3,44,18,13.9,108.0,10988.0
2,CSV_data_F07_240529_i-Lab検体20+50.csv,2_0038,0038,TAT3,44,18,13.9,117.2,11001.0
2,CSV_data_F07_240529_i-Lab検体20+50.csv,2_0038,0038,TAT3,44,18,13.9,126.0,11018.0
2,CSV_data_F07_240529_i-Lab検体20+50.csv,2_0038,0038,TAT3,44,18,13.9,135.2,11048.0
2,CSV_data_F07_240529_i-Lab検体20+50.csv,2_0038,0038,TAT3,44,18,13.9,144.0,11073.0
2,CSV_data_F07_240529_i-Lab検体20+50.csv,2_0038,0038,TAT3,44,18,13.9,153.2,11089.0
2,CSV_data_F07_240529_i-Lab検体20+50.csv,2_0038,0038,TAT3,44,18,13.9,162.0,11109.0
2,CSV_data_F07_240529_i-Lab検体20+50.csv,2_0038,0038,TAT3,44,18,13.9,171.2,11135.0
2,CSV_data_F07_240529_i-Lab検体20+50.csv,2_0038,0038,TAT3,44,18,13.9,180.0,11152.0
2,CSV_data_F07_240529_i-Lab検体20+50.csv,2_0038,0038,TAT5,46,19,4.1,0.0,6843.0
2,CSV_data_F07_240529_i-Lab検体20+50.csv,2_0038,0038,TAT5,46,19,4.1,9.2,6843.0
2,CSV_data_F07_240529_i-Lab検体20+50.csv,2_0038,0038,TAT5,46,19,4.1,18.0,6844.0
2,CSV_data_F07_240529_i-Lab検体20+50.csv,2_0038,0038,TAT5,46,19,4.1,27.2,6850.0
2,CSV_data_F07_240529_i-Lab検体20+50.csv,2_0038,0038,TAT5,46,19,4.1,36.0,6855.0
2,CSV_data_F07_240529_i-Lab検体20+50.csv,2_0038,0038,TAT5,46,19,4.1,45.2,6861.0
2,CSV_data_F07_240529_i-Lab検体20+50.csv,2_0038,0038,TAT5,46,19,4.1,54.0,6869.0
2,CSV_data_F07_240529_i-Lab検体20+50.csv,2_0038,0038,TAT5,46,19,4.1,63.2,6872.0
2,CSV_data_F07_240529_i-Lab検体20+50.csv,2_0038,0038,TAT5,46,19,4.1,72.0,6880.0
2,CSV_data_F07_240529_i-Lab検体20+50.csv,2_0038,0038,TAT5,46,19,4.1,81.2,6886.0
2,CSV_data_F07_240529_i-Lab検体20+50.csv,2_0038,0038,TAT5,46,19,4.1,90.0,6891.0
2,CSV_data_F07_240529_i-Lab検体20+50.csv,2_0038,0038,TAT5,46,19,4.1,99.2,6896.0
2,CSV_data_F07_240529_i-Lab検体20+50.csv,2_0038,0038,TAT5,46,19,4.1,108.0,6897.0
2,CSV_data_F07_240529_i-Lab検体20+50.csv,2_0038,0038,TAT5,46,19,4.1,117.2,6905.0
2,CSV_data_F07_240529_i-Lab検体20+50.csv,2_0038,0038,TAT5,46,19,4.1,126.0,6916.0
2,CSV_data_F07_240529_i-Lab検体20+50.csv,2_0038,0038,TAT5,46,19,4.1,135.2,6922.0
2,CSV_data_F07_240529_i-Lab検体20+50.csv,2_0038,0038,TAT5,46,19,4.1,144.0,6927.0
2,CSV_data_F07_240529_i-Lab検体20+50.csv,2_0038,0038,TAT5,46,19,4.1,153.2,6929.0
2,CSV_data_F07_240529_i-Lab検体20+50.csv,2_0038,0038,TAT5,46,19,4.1,162.0,6941.0
2,CSV_data_F07_240529_i-Lab検体20+50.csv,2_0038,0038,TAT5,46,19,4.1,171.2,6947.0
2,CSV_data_F07_240529_i-Lab検体20+50.csv,2_0038,0038,TAT5,46,19,4.1,180.0,6947.0
2,CSV_data_F07_240529_i-Lab検体20+50.csv,2_0038,0038,TAT6,47,20,1.1,0.0,8879.0
2,CSV_data_F07_240529_i-Lab検体20+50.csv,2_0038,0038,TAT6,47,20,1.1,9.2,8875.0
2,CSV_data_F07_240529_i-Lab検体20+50.csv,2_0038,0038,TAT6,47,20,1.1,18.0,8869.0
2,CSV_data_F07_240529_i-Lab検体20+50.csv,2_0038,0038,TAT6,47,20,1.1,27.2,8875.0
2,CSV_data_F07_240529_i-Lab検体20+50.csv,2_0038,0038,TAT6,47,20,1.1,36.0,8873.0
2,CSV_data_F07_240529_i-Lab検体20+50.csv,2_0038,0038,TAT6,47,20,1.1,45.2,8878.0
2,CSV_data_F07_240529_i-Lab検体20+50.csv,2_0038,0038,TAT6,47,20,1.1,54.0,8875.0
2,CSV_data_F07_240529_i-Lab検体20+50.csv,2_0038,0038,TAT6,47,20,1.1,63.2,8878.0
2,CSV_data_F07_240529_i-Lab検体20+50.csv,2_0038,0038,TAT6,47,20,1.1,72.0,8881.0
2,CSV_data_F07_240529_i-Lab検体20+50.csv,2_0038,0038,TAT6,47,20,1.1,81.2,8877.0
2,CSV_data_F07_240529_i-Lab検体20+50.csv,2_0038,0038,TAT6,47,20,1.1,90.0,8884.0
2,CSV_data_F07_240529_i-Lab検体20+50.csv,2_0038,0038,TAT6,47,20,1.1,99.2,8887.0
2,CSV_data_F07_240529_i-Lab検体20+50.csv,2_0038,0038,TAT6,47,20,1.1,108.0,8886.0
2,CSV_data_F07_240529_i-Lab検体20+50.csv,2_0038,0038,TAT6,47,20,1.1,117.2,8882.0
2,CSV_data_F07_240529_i-Lab検体20+50.csv,2_0038,0038,TAT6,47,20,1.1,126.0,8883.0
2,CSV_data_F07_240529_i-Lab検体20+50.csv,2_0038,0038,TAT6,47,20,1.1,135.2,8887.0
2,CSV_data_F07_240529_i-Lab検体20+50.csv,2_0038,0038,TAT6,47,20,1.1,144.0,8889.0
2,CSV_data_F07_240529_i-Lab検体20+50.csv,2_0038,0038,TAT6,47,20,1.1,153.2,8889.0
2,CSV_data_F07_240529_i-Lab検体20+50.csv,2_0038,0038,TAT6,47,20,1.1,162.0,8888.0
2,CSV_data_F07_240529_i-Lab検体20+50.csv,2_0038,0038,TAT6,47,20,1.1,171.2,8894.0
2,CSV_data_F07_240529_i-Lab検体20+50.csv,2_0038,0038,TAT6,47,20,1.1,180.0,8888.0
2,CSV_data_F07_240529_i-Lab検体20+50.csv,2_0039,0039,TAT206,41,15,11.5,0.0,10895.0
2,CSV_data_F07_240529_i-Lab検体20+50.csv,2_0039,0039,TAT206,41,15,11.5,9.2,10897.0
2,CSV_data_F07_240529_i-Lab検体20+50.csv,2_0039,0039,TAT206,41,15,11.5,18.0,10901.0
2,CSV_data_F07_240529_i-Lab検体20+50.csv,2_0039,0039,TAT206,41,15,11.5,27.2,10913.0
2,CSV_data_F07_240529_i-Lab検体20+50.csv,2_0039,0039,TAT206,41,15,11.5,36.0,10924.0
2,CSV_data_F07_240529_i-Lab検体20+50.csv,2_0039,0039,TAT206,41,15,11.5,45.2,10935.0
2,CSV_data_F07_240529_i-Lab検体20+50.csv,2_0039,0039,TAT206,41,15,11.5,54.0,10943.0
2,CSV_data_F07_240529_i-Lab検体20+50.csv,2_0039,0039,TAT206,41,15,11.5,63.2,10961.0
2,CSV_data_F07_240529_i-Lab検体20+50.csv,2_0039,0039,TAT206,41,15,11.5,72.0,10971.0
2,CSV_data_F07_240529_i-Lab検体20+50.csv,2_0039,0039,TAT206,41,15,11.5,81.2,10985.0
2,CSV_data_F07_240529_i-Lab検体20+50.csv,2_0039,0039,TAT206,41,15,11.5,90.0,11000.0
2,CSV_data_F07_240529_i-Lab検体20+50.csv,2_0039,0039,TAT206,41,15,11.5,99.2,11015.0
2,CSV_data_F07_240529_i-Lab検体20+50.csv,2_0039,0039,TAT206,41,15,11.5,108.0,11033.0
2,CSV_data_F07_240529_i-Lab検体20+50.csv,2_0039,0039,TAT206,41,15,11.5,117.2,11052.0
2,CSV_data_F07_240529_i-Lab検体20+50.csv,2_0039,0039,TAT206,41,15,11.5,126.0,11069.0
2,CSV_data_F07_240529_i-Lab検体20+50.csv,2_0039,0039,TAT206,41,15,11.5,135.2,11079.0
2,CSV_data_F07_240529_i-Lab検体20+50.csv,2_0039,0039,TAT206,41,15,11.5,144.0,11101.0
2,CSV_data_F07_240529_i-Lab検体20+50.csv,2_0039,0039,TAT206,41,15,11.5,153.2,11118.0
2,CSV_data_F07_240529_i-Lab検体20+50.csv,2_0039,0039,TAT206,41,15,11.5,162.0,11137.0
2,CSV_data_F07_240529_i-Lab検体20+50.csv,2_0039,0039,TAT206,41,15,11.5,171.2,11157.0
2,CSV_data_F07_240529_i-Lab検体20+50.csv,2_0039,0039,TAT206,41,15,11.5,180.0,11176.0
2,CSV_data_F07_240529_i-Lab検体20+50.csv,2_0039,0039,TAT1,42,16,12.6,0.0,10771.0
2,CSV_data_F07_240529_i-Lab検体20+50.csv,2_0039,0039,TAT1,42,16,12.6,9.2,10784.0
2,CSV_data_F07_240529_i-Lab検体20+50.csv,2_0039,0039,TAT1,42,16,12.6,18.0,10800.0
2,CSV_data_F07_240529_i-Lab検体20+50.csv,2_0039,0039,TAT1,42,16,12.6,27.2,10808.0
2,CSV_data_F07_240529_i-Lab検体20+50.csv,2_0039,0039,TAT1,42,16,12.6,36.0,10820.0
2,CSV_data_F07_240529_i-Lab検体20+50.csv,2_0039,0039,TAT1,42,16,12.6,45.2,10834.0
2,CSV_data_F07_240529_i-Lab検体20+50.csv,2_0039,0039,TAT1,42,16,12.6,54.0,10853.0
2,CSV_data_F07_240529_i-Lab検体20+50.csv,2_0039,0039,TAT1,42,16,12.6,63.2,10872.0
2,CSV_data_F07_240529_i-Lab検体20+50.csv,2_0039,0039,TAT1,42,16,12.6,72.0,10878.0
2,CSV_data_F07_240529_i-Lab検体20+50.csv,2_0039,0039,TAT1,42,16,12.6,81.2,10903.0
2,CSV_data_F07_240529_i-Lab検体20+50.csv,2_0039,0039,TAT1,42,16,12.6,90.0,10915.0
2,CSV_data_F07_240529_i-Lab検体20+50.csv,2_0039,0039,TAT1,42,16,12.6,99.2,10938.0
2,CSV_data_F07_240529_i-Lab検体20+50.csv,2_0039,0039,TAT1,42,16,12.6,108.0,10952.0
2,CSV_data_F07_240529_i-Lab検体20+50.csv,2_0039,0039,TAT1,42,16,12.6,117.2,10974.0
2,CSV_data_F07_240529_i-Lab検体20+50.csv,2_0039,0039,TAT1,42,16,12.6,126.0,10992.0
2,CSV_data_F07_240529_i-Lab検体20+50.csv,2_0039,0039,TAT1,42,16,12.6,135.2,11009.0
2,CSV_data_F07_240529_i-Lab検体20+50.csv,2_0039,0039,TAT1,42,16,12.6,144.0,11031.0
2,CSV_data_F07_240529_i-Lab検体20+50.csv,2_0039,0039,TAT1,42,16,12.6,153.2,11051.0
2,CSV_data_F07_240529_i-Lab検体20+50.csv,2_0039,0039,TAT1,42,16,12.6,162.0,11072.0
2,CSV_data_F07_240529_i-Lab検体20+50.csv,2_0039,0039,TAT1,42,16,12.6,171.2,11092.0
2,CSV_data_F07_240529_i-Lab検体20+50.csv,2_0039,0039,TAT1,42,16,12.6,180.0,11113.0
2,CSV_data_F07_240529_i-Lab検体20+50.csv,2_0039,0039,TAT3,44,17,8.5,0.0,10581.0
2,CSV_data_F07_240529_i-Lab検体20+50.csv,2_0039,0039,TAT3,44,17,8.5,9.2,10575.0
2,CSV_data_F07_240529_i-Lab検体20+50.csv,2_0039,0039,TAT3,44,17,8.5,18.0,10578.0
2,CSV_data_F07_240529_i-Lab検体20+50.csv,2_0039,0039,TAT3,44,17,8.5,27.2,10578.0
2,CSV_data_F07_240529_i-Lab検体20+50.csv,2_0039,0039,TAT3,44,17,8.5,36.0,10582.0
2,CSV_data_F07_240529_i-Lab検体20+50.csv,2_0039,0039,TAT3,44,17,8.5,45.2,10591.0
2,CSV_data_F07_240529_i-Lab検体20+50.csv,2_0039,0039,TAT3,44,17,8.5,54.0,10601.0
2,CSV_data_F07_240529_i-Lab検体20+50.csv,2_0039,0039,TAT3,44,17,8.5,63.2,10608.0
2,CSV_data_F07_240529_i-Lab検体20+50.csv,2_0039,0039,TAT3,44,17,8.5,72.0,10620.0
2,CSV_data_F07_240529_i-Lab検体20+50.csv,2_0039,0039,TAT3,44,17,8.5,81.2,10629.0
2,CSV_data_F07_240529_i-Lab検体20+50.csv,2_0039,0039,TAT3,44,17,8.5,90.0,10645.0
2,CSV_data_F07_240529_i-Lab検体20+50.csv,2_0039,0039,TAT3,44,17,8.5,99.2,10652.0
2,CSV_data_F07_240529_i-Lab検体20+50.csv,2_0039,0039,TAT3,44,17,8.5,108.0,10668.0
2,CSV_data_F07_240529_i-Lab検体20+50.csv,2_0039,0039,TAT3,44,17,8.5,117.2,10677.0
2,CSV_data_F07_240529_i-Lab検体20+50.csv,2_0039,0039,TAT3,44,17,8.5,126.0,10688.0
2,CSV_data_F07_240529_i-Lab検体20+50.csv,2_0039,0039,TAT3,44,17,8.5,135.2,10703.0
2,CSV_data_F07_240529_i-Lab検体20+50.csv,2_0039,0039,TAT3,44,17,8.5,144.0,10718.0
2,CSV_data_F07_240529_i-Lab検体20+50.csv,2_0039,0039,TAT3,44,17,8.5,153.2,10729.0
2,CSV_data_F07_240529_i-Lab検体20+50.csv,2_0039,0039,TAT3,44,17,8.5,162.0,10737.0
2,CSV_data_F07_240529_i-Lab検体20+50.csv,2_0039,0039,TAT3,44,17,8.5,171.2,10757.0
2,CSV_data_F07_240529_i-Lab検体20+50.csv,2_0039,0039,TAT3,44,17,8.5,180.0,10767.0
2,CSV_data_F07_240529_i-Lab検体20+50.csv,2_0039,0039,TAT5,46,18,4.1,0.0,6719.0
2,CSV_data_F07_240529_i-Lab検体20+50.csv,2_0039,0039,TAT5,46,18,4.1,9.2,6722.0
2,CSV_data_F07_240529_i-Lab検体20+50.csv,2_0039,0039,TAT5,46,18,4.1,18.0,6716.0
2,CSV_data_F07_240529_i-Lab検体20+50.csv,2_0039,0039,TAT5,46,18,4.1,27.2,6728.0
2,CSV_data_F07_240529_i-Lab検体20+50.csv,2_0039,0039,TAT5,46,18,4.1,36.0,6722.0
2,CSV_data_F07_240529_i-Lab検体20+50.csv,2_0039,0039,TAT5,46,18,4.1,45.2,6738.0
2,CSV_data_F07_240529_i-Lab検体20+50.csv,2_0039,0039,TAT5,46,18,4.1,54.0,6738.0
2,CSV_data_F07_240529_i-Lab検体20+50.csv,2_0039,0039,TAT5,46,18,4.1,63.2,6748.0
2,CSV_data_F07_240529_i-Lab検体20+50.csv,2_0039,0039,TAT5,46,18,4.1,72.0,6753.0
2,CSV_data_F07_240529_i-Lab検体20+50.csv,2_0039,0039,TAT5,46,18,4.1,81.2,6764.0
2,CSV_data_F07_240529_i-Lab検体20+50.csv,2_0039,0039,TAT5,46,18,4.1,90.0,6765.0
2,CSV_data_F07_240529_i-Lab検体20+50.csv,2_0039,0039,TAT5,46,18,4.1,99.2,6772.0
2,CSV_data_F07_240529_i-Lab検体20+50.csv,2_0039,0039,TAT5,46,18,4.1,108.0,6787.0
2,CSV_data_F07_240529_i-Lab検体20+50.csv,2_0039,0039,TAT5,46,18,4.1,117.2,6778.0
2,CSV_data_F07_240529_i-Lab検体20+50.csv,2_0039,0039,TAT5,46,18,4.1,126.0,6786.0
2,CSV_data_F07_240529_i-Lab検体20+50.csv,2_0039,0039,TAT5,46,18,4.1,135.2,6787.0
2,CSV_data_F07_240529_i-Lab検体20+50.csv,2_0039,0039,TAT5,46,18,4.1,144.0,6797.0
2,CSV_data_F07_240529_i-Lab検体20+50.csv,2_0039,0039,TAT5,46,18,4.1,153.2,6800.0
2,CSV_data_F07_240529_i-Lab検体20+50.csv,2_0039,0039,TAT5,46,18,4.1,162.0,6814.0
2,CSV_data_F07_240529_i-Lab検体20+50.csv,2_0039,0039,TAT5,46,18,4.1,171.2,6825.0
2,CSV_data_F07_240529_i-Lab検体20+50.csv,2_0039,0039,TAT5,46,18,4.1,180.0,6831.0
2,CSV_data_F07_240529_i-Lab検体20+50.csv,2_0039,0039,TAT6,47,19,0.5,0.0,8884.0
2,CSV_data_F07_240529_i-Lab検体20+50.csv,2_0039,0039,TAT6,47,19,0.5,9.2,8870.0
2,CSV_data_F07_240529_i-Lab検体20+50.csv,2_0039,0039,TAT6,47,19,0.5,18.0,8876.0
2,CSV_data_F07_240529_i-Lab検体20+50.csv,2_0039,0039,TAT6,47,19,0.5,27.2,8876.0
2,CSV_data_F07_240529_i-Lab検体20+50.csv,2_0039,0039,TAT6,47,19,0.5,36.0,8878.0
2,CSV_data_F07_240529_i-Lab検体20+50.csv,2_0039,0039,TAT6,47,19,0.5,45.2,8875.0
2,CSV_data_F07_240529_i-Lab検体20+50.csv,2_0039,0039,TAT6,47,19,0.5,54.0,8873.0
2,CSV_data_F07_240529_i-Lab検体20+50.csv,2_0039,0039,TAT6,47,19,0.5,63.2,8876.0
2,CSV_data_F07_240529_i-Lab検体20+50.csv,2_0039,0039,TAT6,47,19,0.5,72.0,8870.0
2,CSV_data_F07_240529_i-Lab検体20+50.csv,2_0039,0039,TAT6,47,19,0.5,81.2,8871.0
2,CSV_data_F07_240529_i-Lab検体20+50.csv,2_0039,0039,TAT6,47,19,0.5,90.0,8873.0
2,CSV_data_F07_240529_i-Lab検体20+50.csv,2_0039,0039,TAT6,47,19,0.5,99.2,8872.0
2,CSV_data_F07_240529_i-Lab検体20+50.csv,2_0039,0039,TAT6,47,19,0.5,108.0,8879.0
2,CSV_data_F07_240529_i-Lab検体20+50.csv,2_0039,0039,TAT6,47,19,0.5,117.2,8876.0
2,CSV_data_F07_240529_i-Lab検体20+50.csv,2_0039,0039,TAT6,47,19,0.5,126.0,8878.0
2,CSV_data_F07_240529_i-Lab検体20+50.csv,2_0039,0039,TAT6,47,19,0.5,135.2,8873.0
2,CSV_data_F07_240529_i-Lab検体20+50.csv,2_0039,0039,TAT6,47,19,0.5,144.0,8877.0
2,CSV_data_F07_240529_i-Lab検体20+50.csv,2_0039,0039,TAT6,47,19,0.5,153.2,8872.0
2,CSV_data_F07_240529_i-Lab検体20+50.csv,2_0039,0039,TAT6,47,19,0.5,162.0,8877.0
2,CSV_data_F07_240529_i-Lab検体20+50.csv,2_0039,0039,TAT6,47,19,0.5,171.2,8878.0
2,CSV_data_F07_240529_i-Lab検体20+50.csv,2_0039,0039,TAT6,47,19,0.5,180.0,8875.0
2,CSV_data_F07_240529_i-Lab検体20+50.csv,2_0040,0040,TAT206,41,20,13.6,0.0,10947.0
2,CSV_data_F07_240529_i-Lab検体20+50.csv,2_0040,0040,TAT206,41,20,13.6,9.2,10955.0
2,CSV_data_F07_240529_i-Lab検体20+50.csv,2_0040,0040,TAT206,41,20,13.6,18.0,10969.0
2,CSV_data_F07_240529_i-Lab検体20+50.csv,2_0040,0040,TAT206,41,20,13.6,27.2,10984.0
2,CSV_data_F07_240529_i-Lab検体20+50.csv,2_0040,0040,TAT206,41,20,13.6,36.0,10998.0
2,CSV_data_F07_240529_i-Lab検体20+50.csv,2_0040,0040,TAT206,41,20,13.6,45.2,11009.0
2,CSV_data_F07_240529_i-Lab検体20+50.csv,2_0040,0040,TAT206,41,20,13.6,54.0,11018.0
2,CSV_data_F07_240529_i-Lab検体20+50.csv,2_0040,0040,TAT206,41,20,13.6,63.2,11032.0
2,CSV_data_F07_240529_i-Lab検体20+50.csv,2_0040,0040,TAT206,41,20,13.6,72.0,11051.0
2,CSV_data_F07_240529_i-Lab検体20+50.csv,2_0040,0040,TAT206,41,20,13.6,81.2,11067.0
2,CSV_data_F07_240529_i-Lab検体20+50.csv,2_0040,0040,TAT206,41,20,13.6,90.0,11075.0
2,CSV_data_F07_240529_i-Lab検体20+50.csv,2_0040,0040,TAT206,41,20,13.6,99.2,11099.0
2,CSV_data_F07_240529_i-Lab検体20+50.csv,2_0040,0040,TAT206,41,20,13.6,108.0,11117.0
2,CSV_data_F07_240529_i-Lab検体20+50.csv,2_0040,0040,TAT206,41,20,13.6,117.2,11135.0
2,CSV_data_F07_240529_i-Lab検体20+50.csv,2_0040,0040,TAT206,41,20,13.6,126.0,11157.0
2,CSV_data_F07_240529_i-Lab検体20+50.csv,2_0040,0040,TAT206,41,20,13.6,135.2,11184.0
2,CSV_data_F07_240529_i-Lab検体20+50.csv,2_0040,0040,TAT206,41,20,13.6,144.0,11203.0
2,CSV_data_F07_240529_i-Lab検体20+50.csv,2_0040,0040,TAT206,41,20,13.6,153.2,11221.0
2,CSV_data_F07_240529_i-Lab検体20+50.csv,2_0040,0040,TAT206,41,20,13.6,162.0,11244.0
2,CSV_data_F07_240529_i-Lab検体20+50.csv,2_0040,0040,TAT206,41,20,13.6,171.2,11271.0
2,CSV_data_F07_240529_i-Lab検体20+50.csv,2_0040,0040,TAT206,41,20,13.6,180.0,11298.0
2,CSV_data_F07_240529_i-Lab検体20+50.csv,2_0040,0040,TAT1,42,15,21.2,0.0,10849.0
2,CSV_data_F07_240529_i-Lab検体20+50.csv,2_0040,0040,TAT1,42,15,21.2,9.2,10854.0
2,CSV_data_F07_240529_i-Lab検体20+50.csv,2_0040,0040,TAT1,42,15,21.2,18.0,10871.0
2,CSV_data_F07_240529_i-Lab検体20+50.csv,2_0040,0040,TAT1,42,15,21.2,27.2,10889.0
2,CSV_data_F07_240529_i-Lab検体20+50.csv,2_0040,0040,TAT1,42,15,21.2,36.0,10901.0
2,CSV_data_F07_240529_i-Lab検体20+50.csv,2_0040,0040,TAT1,42,15,21.2,45.2,10922.0
2,CSV_data_F07_240529_i-Lab検体20+50.csv,2_0040,0040,TAT1,42,15,21.2,54.0,10939.0
2,CSV_data_F07_240529_i-Lab検体20+50.csv,2_0040,0040,TAT1,42,15,21.2,63.2,10959.0
2,CSV_data_F07_240529_i-Lab検体20+50.csv,2_0040,0040,TAT1,42,15,21.2,72.0,10984.0
2,CSV_data_F07_240529_i-Lab検体20+50.csv,2_0040,0040,TAT1,42,15,21.2,81.2,11007.0
2,CSV_data_F07_240529_i-Lab検体20+50.csv,2_0040,0040,TAT1,42,15,21.2,90.0,11033.0
2,CSV_data_F07_240529_i-Lab検体20+50.csv,2_0040,0040,TAT1,42,15,21.2,99.2,11062.0
2,CSV_data_F07_240529_i-Lab検体20+50.csv,2_0040,0040,TAT1,42,15,21.2,108.0,11095.0
2,CSV_data_F07_240529_i-Lab検体20+50.csv,2_0040,0040,TAT1,42,15,21.2,117.2,11127.0
2,CSV_data_F07_240529_i-Lab検体20+50.csv,2_0040,0040,TAT1,42,15,21.2,126.0,11153.0
2,CSV_data_F07_240529_i-Lab検体20+50.csv,2_0040,0040,TAT1,42,15,21.2,135.2,11191.0
2,CSV_data_F07_240529_i-Lab検体20+50.csv,2_0040,0040,TAT1,42,15,21.2,144.0,11215.0
2,CSV_data_F07_240529_i-Lab検体20+50.csv,2_0040,0040,TAT1,42,15,21.2,153.2,11248.0
2,CSV_data_F07_240529_i-Lab検体20+50.csv,2_0040,0040,TAT1,42,15,21.2,162.0,11285.0
2,CSV_data_F07_240529_i-Lab検体20+50.csv,2_0040,0040,TAT1,42,15,21.2,171.2,11325.0
2,CSV_data_F07_240529_i-Lab検体20+50.csv,2_0040,0040,TAT1,42,15,21.2,180.0,11358.0
2,CSV_data_F07_240529_i-Lab検体20+50.csv,2_0040,0040,TAT3,44,16,14.1,0.0,10582.0
2,CSV_data_F07_240529_i-Lab検体20+50.csv,2_0040,0040,TAT3,44,16,14.1,9.2,10567.0
2,CSV_data_F07_240529_i-Lab検体20+50.csv,2_0040,0040,TAT3,44,16,14.1,18.0,10569.0
2,CSV_data_F07_240529_i-Lab検体20+50.csv,2_0040,0040,TAT3,44,16,14.1,27.2,10584.0
2,CSV_data_F07_240529_i-Lab検体20+50.csv,2_0040,0040,TAT3,44,16,14.1,36.0,10602.0
2,CSV_data_F07_240529_i-Lab検体20+50.csv,2_0040,0040,TAT3,44,16,14.1,45.2,10612.0
2,CSV_data_F07_240529_i-Lab検体20+50.csv,2_0040,0040,TAT3,44,16,14.1,54.0,10631.0
2,CSV_data_F07_240529_i-Lab検体20+50.csv,2_0040,0040,TAT3,44,16,14.1,63.2,10638.0
2,CSV_data_F07_240529_i-Lab検体20+50.csv,2_0040,0040,TAT3,44,16,14.1,72.0,10653.0
2,CSV_data_F07_240529_i-Lab検体20+50.csv,2_0040,0040,TAT3,44,16,14.1,81.2,10670.0
2,CSV_data_F07_240529_i-Lab検体20+50.csv,2_0040,0040,TAT3,44,16,14.1,90.0,10688.0
2,CSV_data_F07_240529_i-Lab検体20+50.csv,2_0040,0040,TAT3,44,16,14.1,99.2,10705.0
2,CSV_data_F07_240529_i-Lab検体20+50.csv,2_0040,0040,TAT3,44,16,14.1,108.0,10722.0
2,CSV_data_F07_240529_i-Lab検体20+50.csv,2_0040,0040,TAT3,44,16,14.1,117.2,10745.0
2,CSV_data_F07_240529_i-Lab検体20+50.csv,2_0040,0040,TAT3,44,16,14.1,126.0,10763.0
2,CSV_data_F07_240529_i-Lab検体20+50.csv,2_0040,0040,TAT3,44,16,14.1,135.2,10785.0
2,CSV_data_F07_240529_i-Lab検体20+50.csv,2_0040,0040,TAT3,44,16,14.1,144.0,10814.0
2,CSV_data_F07_240529_i-Lab検体20+50.csv,2_0040,0040,TAT3,44,16,14.1,153.2,10835.0
2,CSV_data_F07_240529_i-Lab検体20+50.csv,2_0040,0040,TAT3,44,16,14.1,162.0,10857.0
2,CSV_data_F07_240529_i-Lab検体20+50.csv,2_0040,0040,TAT3,44,16,14.1,171.2,10882.0
2,CSV_data_F07_240529_i-Lab検体20+50.csv,2_0040,0040,TAT3,44,16,14.1,180.0,10896.0
2,CSV_data_F07_240529_i-Lab検体20+50.csv,2_0040,0040,TAT5,46,17,3.1,0.0,6583.0
2,CSV_data_F07_240529_i-Lab検体20+50.csv,2_0040,0040,TAT5,46,17,3.1,9.2,6586.0
2,CSV_data_F07_240529_i-Lab検体20+50.csv,2_0040,0040,TAT5,46,17,3.1,18.0,6586.0
2,CSV_data_F07_240529_i-Lab検体20+50.csv,2_0040,0040,TAT5,46,17,3.1,27.2,6585.0
2,CSV_data_F07_240529_i-Lab検体20+50.csv,2_0040,0040,TAT5,46,17,3.1,36.0,6586.0
2,CSV_data_F07_240529_i-Lab検体20+50.csv,2_0040,0040,TAT5,46,17,3.1,45.2,6588.0
2,CSV_data_F07_240529_i-Lab検体20+50.csv,2_0040,0040,TAT5,46,17,3.1,54.0,6594.0
2,CSV_data_F07_240529_i-Lab検体20+50.csv,2_0040,0040,TAT5,46,17,3.1,63.2,6600.0
2,CSV_data_F07_240529_i-Lab検体20+50.csv,2_0040,0040,TAT5,46,17,3.1,72.0,6601.0
2,CSV_data_F07_240529_i-Lab検体20+50.csv,2_0040,0040,TAT5,46,17,3.1,81.2,6603.0
2,CSV_data_F07_240529_i-Lab検体20+50.csv,2_0040,0040,TAT5,46,17,3.1,90.0,6605.0
2,CSV_data_F07_240529_i-Lab検体20+50.csv,2_0040,0040,TAT5,46,17,3.1,99.2,6613.0
2,CSV_data_F07_240529_i-Lab検体20+50.csv,2_0040,0040,TAT5,46,17,3.1,108.0,6617.0
2,CSV_data_F07_240529_i-Lab検体20+50.csv,2_0040,0040,TAT5,46,17,3.1,117.2,6621.0
2,CSV_data_F07_240529_i-Lab検体20+50.csv,2_0040,0040,TAT5,46,17,3.1,126.0,6621.0
2,CSV_data_F07_240529_i-Lab検体20+50.csv,2_0040,0040,TAT5,46,17,3.1,135.2,6629.0
2,CSV_data_F07_240529_i-Lab検体20+50.csv,2_0040,0040,TAT5,46,17,3.1,144.0,6630.0
2,CSV_data_F07_240529_i-Lab検体20+50.csv,2_0040,0040,TAT5,46,17,3.1,153.2,6634.0
2,CSV_data_F07_240529_i-Lab検体20+50.csv,2_0040,0040,TAT5,46,17,3.1,162.0,6644.0
2,CSV_data_F07_240529_i-Lab検体20+50.csv,2_0040,0040,TAT5,46,17,3.1,171.2,6650.0
2,CSV_data_F07_240529_i-Lab検体20+50.csv,2_0040,0040,TAT5,46,17,3.1,180.0,6651.0
2,CSV_data_F07_240529_i-Lab検体20+50.csv,2_0040,0040,TAT6,47,18,-0.7,0.0,8772.0
2,CSV_data_F07_240529_i-Lab検体20+50.csv,2_0040,0040,TAT6,47,18,-0.7,9.2,8759.0
2,CSV_data_F07_240529_i-Lab検体20+50.csv,2_0040,0040,TAT6,47,18,-0.7,18.0,8757.0
2,CSV_data_F07_240529_i-Lab検体20+50.csv,2_0040,0040,TAT6,47,18,-0.7,27.2,8752.0
2,CSV_data_F07_240529_i-Lab検体20+50.csv,2_0040,0040,TAT6,47,18,-0.7,36.0,8749.0
2,CSV_data_F07_240529_i-Lab検体20+50.csv,2_0040,0040,TAT6,47,18,-0.7,45.2,8750.0
2,CSV_data_F07_240529_i-Lab検体20+50.csv,2_0040,0040,TAT6,47,18,-0.7,54.0,8745.0
2,CSV_data_F07_240529_i-Lab検体20+50.csv,2_0040,0040,TAT6,47,18,-0.7,63.2,8748.0
2,CSV_data_F07_240529_i-Lab検体20+50.csv,2_0040,0040,TAT6,47,18,-0.7,72.0,8748.0
2,CSV_data_F07_240529_i-Lab検体20+50.csv,2_0040,0040,TAT6,47,18,-0.7,81.2,8753.0
2,CSV_data_F07_240529_i-Lab検体20+50.csv,2_0040,0040,TAT6,47,18,-0.7,90.0,8746.0
2,CSV_data_F07_240529_i-Lab検体20+50.csv,2_0040,0040,TAT6,47,18,-0.7,99.2,8748.0
2,CSV_data_F07_240529_i-Lab検体20+50.csv,2_0040,0040,TAT6,47,18,-0.7,108.0,8742.0
2,CSV_data_F07_240529_i-Lab検体20+50.csv,2_0040,0040,TAT6,47,18,-0.7,117.2,8745.0
2,CSV_data_F07_240529_i-Lab検体20+50.csv,2_0040,0040,TAT6,47,18,-0.7,126.0,8749.0
2,CSV_data_F07_240529_i-Lab検体20+50.csv,2_0040,0040,TAT6,47,18,-0.7,135.2,8746.0
2,CSV_data_F07_240529_i-Lab検体20+50.csv,2_0040,0040,TAT6,47,18,-0.7,144.0,8751.0
2,CSV_data_F07_240529_i-Lab検体20+50.csv,2_0040,0040,TAT6,47,18,-0.7,153.2,8739.0
2,CSV_data_F07_240529_i-Lab検体20+50.csv,2_0040,0040,TAT6,47,18,-0.7,162.0,8740.0
2,CSV_data_F07_240529_i-Lab検体20+50.csv,2_0040,0040,TAT6,47,18,-0.7,171.2,8742.0
2,CSV_data_F07_240529_i-Lab検体20+50.csv,2_0040,0040,TAT6,47,18,-0.7,180.0,8743.0
2,CSV_data_F07_240529_i-Lab検体20+50.csv,2_0041,0041,TAT206,41,19,16.1,0.0,11041.0
2,CSV_data_F07_240529_i-Lab検体20+50.csv,2_0041,0041,TAT206,41,19,16.1,9.2,11046.0
2,CSV_data_F07_240529_i-Lab検体20+50.csv,2_0041,0041,TAT206,41,19,16.1,18.0,11058.0
2,CSV_data_F07_240529_i-Lab検体20+50.csv,2_0041,0041,TAT206,41,19,16.1,27.2,11072.0
2,CSV_data_F07_240529_i-Lab検体20+50.csv,2_0041,0041,TAT206,41,19,16.1,36.0,11086.0
2,CSV_data_F07_240529_i-Lab検体20+50.csv,2_0041,0041,TAT206,41,19,16.1,45.2,11109.0
2,CSV_data_F07_240529_i-Lab検体20+50.csv,2_0041,0041,TAT206,41,19,16.1,54.0,11126.0
2,CSV_data_F07_240529_i-Lab検体20+50.csv,2_0041,0041,TAT206,41,19,16.1,63.2,11142.0
2,CSV_data_F07_240529_i-Lab検体20+50.csv,2_0041,0041,TAT206,41,19,16.1,72.0,11164.0
2,CSV_data_F07_240529_i-Lab検体20+50.csv,2_0041,0041,TAT206,41,19,16.1,81.2,11186.0
2,CSV_data_F07_240529_i-Lab検体20+50.csv,2_0041,0041,TAT206,41,19,16.1,90.0,11206.0
2,CSV_data_F07_240529_i-Lab検体20+50.csv,2_0041,0041,TAT206,41,19,16.1,99.2,11228.0
2,CSV_data_F07_240529_i-Lab検体20+50.csv,2_0041,0041,TAT206,41,19,16.1,108.0,11248.0
2,CSV_data_F07_240529_i-Lab検体20+50.csv,2_0041,0041,TAT206,41,19,16.1,117.2,11274.0
2,CSV_data_F07_240529_i-Lab検体20+50.csv,2_0041,0041,TAT206,41,19,16.1,126.0,11298.0
2,CSV_data_F07_240529_i-Lab検体20+50.csv,2_0041,0041,TAT206,41,19,16.1,135.2,11322.0
2,CSV_data_F07_240529_i-Lab検体20+50.csv,2_0041,0041,TAT206,41,19,16.1,144.0,11351.0
2,CSV_data_F07_240529_i-Lab検体20+50.csv,2_0041,0041,TAT206,41,19,16.1,153.2,11378.0
2,CSV_data_F07_240529_i-Lab検体20+50.csv,2_0041,0041,TAT206,41,19,16.1,162.0,11397.0
2,CSV_data_F07_240529_i-Lab検体20+50.csv,2_0041,0041,TAT206,41,19,16.1,171.2,11428.0
2,CSV_data_F07_240529_i-Lab検体20+50.csv,2_0041,0041,TAT206,41,19,16.1,180.0,11452.0
2,CSV_data_F07_240529_i-Lab検体20+50.csv,2_0041,0041,TAT1,42,20,21.1,0.0,10977.0
2,CSV_data_F07_240529_i-Lab検体20+50.csv,2_0041,0041,TAT1,42,20,21.1,9.2,11000.0
2,CSV_data_F07_240529_i-Lab検体20+50.csv,2_0041,0041,TAT1,42,20,21.1,18.0,11010.0
2,CSV_data_F07_240529_i-Lab検体20+50.csv,2_0041,0041,TAT1,42,20,21.1,27.2,11025.0
2,CSV_data_F07_240529_i-Lab検体20+50.csv,2_0041,0041,TAT1,42,20,21.1,36.0,11051.0
2,CSV_data_F07_240529_i-Lab検体20+50.csv,2_0041,0041,TAT1,42,20,21.1,45.2,11066.0
2,CSV_data_F07_240529_i-Lab検体20+50.csv,2_0041,0041,TAT1,42,20,21.1,54.0,11092.0
2,CSV_data_F07_240529_i-Lab検体20+50.csv,2_0041,0041,TAT1,42,20,21.1,63.2,11122.0
2,CSV_data_F07_240529_i-Lab検体20+50.csv,2_0041,0041,TAT1,42,20,21.1,72.0,11146.0
2,CSV_data_F07_240529_i-Lab検体20+50.csv,2_0041,0041,TAT1,42,20,21.1,81.2,11169.0
2,CSV_data_F07_240529_i-Lab検体20+50.csv,2_0041,0041,TAT1,42,20,21.1,90.0,11195.0
2,CSV_data_F07_240529_i-Lab検体20+50.csv,2_0041,0041,TAT1,42,20,21.1,99.2,11230.0
2,CSV_data_F07_240529_i-Lab検体20+50.csv,2_0041,0041,TAT1,42,20,21.1,108.0,11247.0
2,CSV_data_F07_240529_i-Lab検体20+50.csv,2_0041,0041,TAT1,42,20,21.1,117.2,11291.0
2,CSV_data_F07_240529_i-Lab検体20+50.csv,2_0041,0041,TAT1,42,20,21.1,126.0,11322.0
2,CSV_data_F07_240529_i-Lab検体20+50.csv,2_0041,0041,TAT1,42,20,21.1,135.2,11352.0
2,CSV_data_F07_240529_i-Lab検体20+50.csv,2_0041,0041,TAT1,42,20,21.1,144.0,11381.0
2,CSV_data_F07_240529_i-Lab検体20+50.csv,2_0041,0041,TAT1,42,20,21.1,153.2,11412.0
2,CSV_data_F07_240529_i-Lab検体20+50.csv,2_0041,0041,TAT1,42,20,21.1,162.0,11446.0
2,CSV_data_F07_240529_i-Lab検体20+50.csv,2_0041,0041,TAT1,42,20,21.1,171.2,11486.0
2,CSV_data_F07_240529_i-Lab検体20+50.csv,2_0041,0041,TAT1,42,20,21.1,180.0,11514.0
2,CSV_data_F07_240529_i-Lab検体20+50.csv,2_0041,0041,TAT3,44,15,14.1,0.0,10727.0
2,CSV_data_F07_240529_i-Lab検体20+50.csv,2_0041,0041,TAT3,44,15,14.1,9.2,10710.0
2,CSV_data_F07_240529_i-Lab検体20+50.csv,2_0041,0041,TAT3,44,15,14.1,18.0,10717.0
2,CSV_data_F07_240529_i-Lab検体20+50.csv,2_0041,0041,TAT3,44,15,14.1,27.2,10728.0
2,CSV_data_F07_240529_i-Lab検体20+50.csv,2_0041,0041,TAT3,44,15,14.1,36.0,10741.0
2,CSV_data_F07_240529_i-Lab検体20+50.csv,2_0041,0041,TAT3,44,15,14.1,45.2,10757.0
2,CSV_data_F07_240529_i-Lab検体20+50.csv,2_0041,0041,TAT3,44,15,14.1,54.0,10773.0
2,CSV_data_F07_240529_i-Lab検体20+50.csv,2_0041,0041,TAT3,44,15,14.1,63.2,10789.0
2,CSV_data_F07_240529_i-Lab検体20+50.csv,2_0041,0041,TAT3,44,15,14.1,72.0,10804.0
2,CSV_data_F07_240529_i-Lab検体20+50.csv,2_0041,0041,TAT3,44,15,14.1,81.2,10823.0
2,CSV_data_F07_240529_i-Lab検体20+50.csv,2_0041,0041,TAT3,44,15,14.1,90.0,10848.0
2,CSV_data_F07_240529_i-Lab検体20+50.csv,2_0041,0041,TAT3,44,15,14.1,99.2,10866.0
2,CSV_data_F07_240529_i-Lab検体20+50.csv,2_0041,0041,TAT3,44,15,14.1,108.0,10886.0
2,CSV_data_F07_240529_i-Lab検体20+50.csv,2_0041,0041,TAT3,44,15,14.1,117.2,10905.0
2,CSV_data_F07_240529_i-Lab検体20+50.csv,2_0041,0041,TAT3,44,15,14.1,126.0,10924.0
2,CSV_data_F07_240529_i-Lab検体20+50.csv,2_0041,0041,TAT3,44,15,14.1,135.2,10949.0
2,CSV_data_F07_240529_i-Lab検体20+50.csv,2_0041,0041,TAT3,44,15,14.1,144.0,10968.0
2,CSV_data_F07_240529_i-Lab検体20+50.csv,2_0041,0041,TAT3,44,15,14.1,153.2,10986.0
2,CSV_data_F07_240529_i-Lab検体20+50.csv,2_0041,0041,TAT3,44,15,14.1,162.0,11011.0
2,CSV_data_F07_240529_i-Lab検体20+50.csv,2_0041,0041,TAT3,44,15,14.1,171.2,11035.0
2,CSV_data_F07_240529_i-Lab検体20+50.csv,2_0041,0041,TAT3,44,15,14.1,180.0,11057.0
2,CSV_data_F07_240529_i-Lab検体20+50.csv,2_0041,0041,TAT5,46,16,4.9,0.0,6705.0
2,CSV_data_F07_240529_i-Lab検体20+50.csv,2_0041,0041,TAT5,46,16,4.9,9.2,6688.0
2,CSV_data_F07_240529_i-Lab検体20+50.csv,2_0041,0041,TAT5,46,16,4.9,18.0,6696.0
2,CSV_data_F07_240529_i-Lab検体20+50.csv,2_0041,0041,TAT5,46,16,4.9,27.2,6702.0
2,CSV_data_F07_240529_i-Lab検体20+50.csv,2_0041,0041,TAT5,46,16,4.9,36.0,6704.0
2,CSV_data_F07_240529_i-Lab検体20+50.csv,2_0041,0041,TAT5,46,16,4.9,45.2,6711.0
2,CSV_data_F07_240529_i-Lab検体20+50.csv,2_0041,0041,TAT5,46,16,4.9,54.0,6717.0
2,CSV_data_F07_240529_i-Lab検体20+50.csv,2_0041,0041,TAT5,46,16,4.9,63.2,6728.0
2,CSV_data_F07_240529_i-Lab検体20+50.csv,2_0041,0041,TAT5,46,16,4.9,72.0,6735.0
2,CSV_data_F07_240529_i-Lab検体20+50.csv,2_0041,0041,TAT5,46,16,4.9,81.2,6738.0
2,CSV_data_F07_240529_i-Lab検体20+50.csv,2_0041,0041,TAT5,46,16,4.9,90.0,6748.0
2,CSV_data_F07_240529_i-Lab検体20+50.csv,2_0041,0041,TAT5,46,16,4.9,99.2,6756.0
2,CSV_data_F07_240529_i-Lab検体20+50.csv,2_0041,0041,TAT5,46,16,4.9,108.0,6764.0
2,CSV_data_F07_240529_i-Lab検体20+50.csv,2_0041,0041,TAT5,46,16,4.9,117.2,6772.0
2,CSV_data_F07_240529_i-Lab検体20+50.csv,2_0041,0041,TAT5,46,16,4.9,126.0,6776.0
2,CSV_data_F07_240529_i-Lab検体20+50.csv,2_0041,0041,TAT5,46,16,4.9,135.2,6780.0
2,CSV_data_F07_240529_i-Lab検体20+50.csv,2_0041,0041,TAT5,46,16,4.9,144.0,6794.0
2,CSV_data_F07_240529_i-Lab検体20+50.csv,2_0041,0041,TAT5,46,16,4.9,153.2,6794.0
2,CSV_data_F07_240529_i-Lab検体20+50.csv,2_0041,0041,TAT5,46,16,4.9,162.0,6807.0
2,CSV_data_F07_240529_i-Lab検体20+50.csv,2_0041,0041,TAT5,46,16,4.9,171.2,6812.0
2,CSV_data_F07_240529_i-Lab検体20+50.csv,2_0041,0041,TAT5,46,16,4.9,180.0,6823.0
2,CSV_data_F07_240529_i-Lab検体20+50.csv,2_0041,0041,TAT6,47,17,1.3,0.0,8653.0
2,CSV_data_F07_240529_i-Lab検体20+50.csv,2_0041,0041,TAT6,47,17,1.3,9.2,8643.0
2,CSV_data_F07_240529_i-Lab検体20+50.csv,2_0041,0041,TAT6,47,17,1.3,18.0,8643.0
2,CSV_data_F07_240529_i-Lab検体20+50.csv,2_0041,0041,TAT6,47,17,1.3,27.2,8639.0
2,CSV_data_F07_240529_i-Lab検体20+50.csv,2_0041,0041,TAT6,47,17,1.3,36.0,8640.0
2,CSV_data_F07_240529_i-Lab検体20+50.csv,2_0041,0041,TAT6,47,17,1.3,45.2,8643.0
2,CSV_data_F07_240529_i-Lab検体20+50.csv,2_0041,0041,TAT6,47,17,1.3,54.0,8644.0
2,CSV_data_F07_240529_i-Lab検体20+50.csv,2_0041,0041,TAT6,47,17,1.3,63.2,8647.0
2,CSV_data_F07_240529_i-Lab検体20+50.csv,2_0041,0041,TAT6,47,17,1.3,72.0,8647.0
2,CSV_data_F07_240529_i-Lab検体20+50.csv,2_0041,0041,TAT6,47,17,1.3,81.2,8647.0
2,CSV_data_F07_240529_i-Lab検体20+50.csv,2_0041,0041,TAT6,47,17,1.3,90.0,8655.0
2,CSV_data_F07_240529_i-Lab検体20+50.csv,2_0041,0041,TAT6,47,17,1.3,99.2,8649.0
2,CSV_data_F07_240529_i-Lab検体20+50.csv,2_0041,0041,TAT6,47,17,1.3,108.0,8655.0
2,CSV_data_F07_240529_i-Lab検体20+50.csv,2_0041,0041,TAT6,47,17,1.3,117.2,8657.0
2,CSV_data_F07_240529_i-Lab検体20+50.csv,2_0041,0041,TAT6,47,17,1.3,126.0,8657.0
2,CSV_data_F07_240529_i-Lab検体20+50.csv,2_0041,0041,TAT6,47,17,1.3,135.2,8660.0
2,CSV_data_F07_240529_i-Lab検体20+50.csv,2_0041,0041,TAT6,47,17,1.3,144.0,8663.0
2,CSV_data_F07_240529_i-Lab検体20+50.csv,2_0041,0041,TAT6,47,17,1.3,153.2,8662.0
2,CSV_data_F07_240529_i-Lab検体20+50.csv,2_0041,0041,TAT6,47,17,1.3,162.0,8664.0
2,CSV_data_F07_240529_i-Lab検体20+50.csv,2_0041,0041,TAT6,47,17,1.3,171.2,8666.0
2,CSV_data_F07_240529_i-Lab検体20+50.csv,2_0041,0041,TAT6,47,17,1.3,180.0,8668.0
2,CSV_data_F07_240529_i-Lab検体20+50.csv,2_0042,0042,TAT206,41,18,10.8,0.0,10953.0
2,CSV_data_F07_240529_i-Lab検体20+50.csv,2_0042,0042,TAT206,41,18,10.8,9.2,10949.0
2,CSV_data_F07_240529_i-Lab検体20+50.csv,2_0042,0042,TAT206,41,18,10.8,18.0,10958.0
2,CSV_data_F07_240529_i-Lab検体20+50.csv,2_0042,0042,TAT206,41,18,10.8,27.2,10966.0
2,CSV_data_F07_240529_i-Lab検体20+50.csv,2_0042,0042,TAT206,41,18,10.8,36.0,10972.0
2,CSV_data_F07_240529_i-Lab検体20+50.csv,2_0042,0042,TAT206,41,18,10.8,45.2,10977.0
2,CSV_data_F07_240529_i-Lab検体20+50.csv,2_0042,0042,TAT206,41,18,10.8,54.0,10990.0
2,CSV_data_F07_240529_i-Lab検体20+50.csv,2_0042,0042,TAT206,41,18,10.8,63.2,11003.0
2,CSV_data_F07_240529_i-Lab検体20+50.csv,2_0042,0042,TAT206,41,18,10.8,72.0,11011.0
2,CSV_data_F07_240529_i-Lab検体20+50.csv,2_0042,0042,TAT206,41,18,10.8,81.2,11029.0
2,CSV_data_F07_240529_i-Lab検体20+50.csv,2_0042,0042,TAT206,41,18,10.8,90.0,11046.0
2,CSV_data_F07_240529_i-Lab検体20+50.csv,2_0042,0042,TAT206,41,18,10.8,99.2,11064.0
2,CSV_data_F07_240529_i-Lab検体20+50.csv,2_0042,0042,TAT206,41,18,10.8,108.0,11073.0
2,CSV_data_F07_240529_i-Lab検体20+50.csv,2_0042,0042,TAT206,41,18,10.8,117.2,11090.0
2,CSV_data_F07_240529_i-Lab検体20+50.csv,2_0042,0042,TAT206,41,18,10.8,126.0,11102.0
2,CSV_data_F07_240529_i-Lab検体20+50.csv,2_0042,0042,TAT206,41,18,10.8,135.2,11121.0
2,CSV_data_F07_240529_i-Lab検体20+50.csv,2_0042,0042,TAT206,41,18,10.8,144.0,11140.0
2,CSV_data_F07_240529_i-Lab検体20+50.csv,2_0042,0042,TAT206,41,18,10.8,153.2,11158.0
2,CSV_data_F07_240529_i-Lab検体20+50.csv,2_0042,0042,TAT206,41,18,10.8,162.0,11173.0
2,CSV_data_F07_240529_i-Lab検体20+50.csv,2_0042,0042,TAT206,41,18,10.8,171.2,11191.0
2,CSV_data_F07_240529_i-Lab検体20+50.csv,2_0042,0042,TAT206,41,18,10.8,180.0,11208.0
2,CSV_data_F07_240529_i-Lab検体20+50.csv,2_0042,0042,TAT1,42,19,12.6,0.0,10848.0
2,CSV_data_F07_240529_i-Lab検体20+50.csv,2_0042,0042,TAT1,42,19,12.6,9.2,10857.0
2,CSV_data_F07_240529_i-Lab検体20+50.csv,2_0042,0042,TAT1,42,19,12.6,18.0,10859.0
2,CSV_data_F07_240529_i-Lab検体20+50.csv,2_0042,0042,TAT1,42,19,12.6,27.2,10866.0
2,CSV_data_F07_240529_i-Lab検体20+50.csv,2_0042,0042,TAT1,42,19,12.6,36.0,10880.0
2,CSV_data_F07_240529_i-Lab検体20+50.csv,2_0042,0042,TAT1,42,19,12.6,45.2,10893.0
2,CSV_data_F07_240529_i-Lab検体20+50.csv,2_0042,0042,TAT1,42,19,12.6,54.0,10905.0
2,CSV_data_F07_240529_i-Lab検体20+50.csv,2_0042,0042,TAT1,42,19,12.6,63.2,10924.0
2,CSV_data_F07_240529_i-Lab検体20+50.csv,2_0042,0042,TAT1,42,19,12.6,72.0,10938.0
2,CSV_data_F07_240529_i-Lab検体20+50.csv,2_0042,0042,TAT1,42,19,12.6,81.2,10950.0
2,CSV_data_F07_240529_i-Lab検体20+50.csv,2_0042,0042,TAT1,42,19,12.6,90.0,10971.0
2,CSV_data_F07_240529_i-Lab検体20+50.csv,2_0042,0042,TAT1,42,19,12.6,99.2,10989.0
2,CSV_data_F07_240529_i-Lab検体20+50.csv,2_0042,0042,TAT1,42,19,12.6,108.0,11004.0
2,CSV_data_F07_240529_i-Lab検体20+50.csv,2_0042,0042,TAT1,42,19,12.6,117.2,11027.0
2,CSV_data_F07_240529_i-Lab検体20+50.csv,2_0042,0042,TAT1,42,19,12.6,126.0,11043.0
2,CSV_data_F07_240529_i-Lab検体20+50.csv,2_0042,0042,TAT1,42,19,12.6,135.2,11056.0
2,CSV_data_F07_240529_i-Lab検体20+50.csv,2_0042,0042,TAT1,42,19,12.6,144.0,11074.0
2,CSV_data_F07_240529_i-Lab検体20+50.csv,2_0042,0042,TAT1,42,19,12.6,153.2,11102.0
2,CSV_data_F07_240529_i-Lab検体20+50.csv,2_0042,0042,TAT1,42,19,12.6,162.0,11120.0
2,CSV_data_F07_240529_i-Lab検体20+50.csv,2_0042,0042,TAT1,42,19,12.6,171.2,11139.0
2,CSV_data_F07_240529_i-Lab検体20+50.csv,2_0042,0042,TAT1,42,19,12.6,180.0,11156.0
2,CSV_data_F07_240529_i-Lab検体20+50.csv,2_0042,0042,TAT3,44,20,7.4,0.0,10678.0
2,CSV_data_F07_240529_i-Lab検体20+50.csv,2_0042,0042,TAT3,44,20,7.4,9.2,10676.0
2,CSV_data_F07_240529_i-Lab検体20+50.csv,2_0042,0042,TAT3,44,20,7.4,18.0,10692.0
2,CSV_data_F07_240529_i-Lab検体20+50.csv,2_0042,0042,TAT3,44,20,7.4,27.2,10689.0
2,CSV_data_F07_240529_i-Lab検体20+50.csv,2_0042,0042,TAT3,44,20,7.4,36.0,10695.0
2,CSV_data_F07_240529_i-Lab検体20+50.csv,2_0042,0042,TAT3,44,20,7.4,45.2,10698.0
2,CSV_data_F07_240529_i-Lab検体20+50.csv,2_0042,0042,TAT3,44,20,7.4,54.0,10710.0
2,CSV_data_F07_240529_i-Lab検体20+50.csv,2_0042,0042,TAT3,44,20,7.4,63.2,10716.0
2,CSV_data_F07_240529_i-Lab検体20+50.csv,2_0042,0042,TAT3,44,20,7.4,72.0,10728.0
2,CSV_data_F07_240529_i-Lab検体20+50.csv,2_0042,0042,TAT3,44,20,7.4,81.2,10741.0
2,CSV_data_F07_240529_i-Lab検体20+50.csv,2_0042,0042,TAT3,44,20,7.4,90.0,10752.0
2,CSV_data_F07_240529_i-Lab検体20+50.csv,2_0042,0042,TAT3,44,20,7.4,99.2,10759.0
2,CSV_data_F07_240529_i-Lab検体20+50.csv,2_0042,0042,TAT3,44,20,7.4,108.0,10773.0
2,CSV_data_F07_240529_i-Lab検体20+50.csv,2_0042,0042,TAT3,44,20,7.4,117.2,10785.0
2,CSV_data_F07_240529_i-Lab検体20+50.csv,2_0042,0042,TAT3,44,20,7.4,126.0,10800.0
2,CSV_data_F07_240529_i-Lab検体20+50.csv,2_0042,0042,TAT3,44,20,7.4,135.2,10807.0
2,CSV_data_F07_240529_i-Lab検体20+50.csv,2_0042,0042,TAT3,44,20,7.4,144.0,10812.0
2,CSV_data_F07_240529_i-Lab検体20+50.csv,2_0042,0042,TAT3,44,20,7.4,153.2,10823.0
2,CSV_data_F07_240529_i-Lab検体20+50.csv,2_0042,0042,TAT3,44,20,7.4,162.0,10838.0
2,CSV_data_F07_240529_i-Lab検体20+50.csv,2_0042,0042,TAT3,44,20,7.4,171.2,10852.0
2,CSV_data_F07_240529_i-Lab検体20+50.csv,2_0042,0042,TAT3,44,20,7.4,180.0,10867.0
2,CSV_data_F07_240529_i-Lab検体20+50.csv,2_0042,0042,TAT5,46,15,3.4,0.0,6682.0
2,CSV_data_F07_240529_i-Lab検体20+50.csv,2_0042,0042,TAT5,46,15,3.4,9.2,6660.0
2,CSV_data_F07_240529_i-Lab検体20+50.csv,2_0042,0042,TAT5,46,15,3.4,18.0,6658.0
2,CSV_data_F07_240529_i-Lab検体20+50.csv,2_0042,0042,TAT5,46,15,3.4,27.2,6662.0
2,CSV_data_F07_240529_i-Lab検体20+50.csv,2_0042,0042,TAT5,46,15,3.4,36.0,6664.0
2,CSV_data_F07_240529_i-Lab検体20+50.csv,2_0042,0042,TAT5,46,15,3.4,45.2,6671.0
2,CSV_data_F07_240529_i-Lab検体20+50.csv,2_0042,0042,TAT5,46,15,3.4,54.0,6675.0
2,CSV_data_F07_240529_i-Lab検体20+50.csv,2_0042,0042,TAT5,46,15,3.4,63.2,6680.0
2,CSV_data_F07_240529_i-Lab検体20+50.csv,2_0042,0042,TAT5,46,15,3.4,72.0,6678.0
2,CSV_data_F07_240529_i-Lab検体20+50.csv,2_0042,0042,TAT5,46,15,3.4,81.2,6689.0
2,CSV_data_F07_240529_i-Lab検体20+50.csv,2_0042,0042,TAT5,46,15,3.4,90.0,6691.0
2,CSV_data_F07_240529_i-Lab検体20+50.csv,2_0042,0042,TAT5,46,15,3.4,99.2,6698.0
2,CSV_data_F07_240529_i-Lab検体20+50.csv,2_0042,0042,TAT5,46,15,3.4,108.0,6700.0
2,CSV_data_F07_240529_i-Lab検体20+50.csv,2_0042,0042,TAT5,46,15,3.4,117.2,6707.0
2,CSV_data_F07_240529_i-Lab検体20+50.csv,2_0042,0042,TAT5,46,15,3.4,126.0,6716.0
2,CSV_data_F07_240529_i-Lab検体20+50.csv,2_0042,0042,TAT5,46,15,3.4,135.2,6718.0
2,CSV_data_F07_240529_i-Lab検体20+50.csv,2_0042,0042,TAT5,46,15,3.4,144.0,6717.0
2,CSV_data_F07_240529_i-Lab検体20+50.csv,2_0042,0042,TAT5,46,15,3.4,153.2,6727.0
2,CSV_data_F07_240529_i-Lab検体20+50.csv,2_0042,0042,TAT5,46,15,3.4,162.0,6733.0
2,CSV_data_F07_240529_i-Lab検体20+50.csv,2_0042,0042,TAT5,46,15,3.4,171.2,6740.0
2,CSV_data_F07_240529_i-Lab検体20+50.csv,2_0042,0042,TAT5,46,15,3.4,180.0,6752.0
2,CSV_data_F07_240529_i-Lab検体20+50.csv,2_0042,0042,TAT6,47,16,-0.3,0.0,8694.0
2,CSV_data_F07_240529_i-Lab検体20+50.csv,2_0042,0042,TAT6,47,16,-0.3,9.2,8677.0
2,CSV_data_F07_240529_i-Lab検体20+50.csv,2_0042,0042,TAT6,47,16,-0.3,18.0,8678.0
2,CSV_data_F07_240529_i-Lab検体20+50.csv,2_0042,0042,TAT6,47,16,-0.3,27.2,8677.0
2,CSV_data_F07_240529_i-Lab検体20+50.csv,2_0042,0042,TAT6,47,16,-0.3,36.0,8672.0
2,CSV_data_F07_240529_i-Lab検体20+50.csv,2_0042,0042,TAT6,47,16,-0.3,45.2,8674.0
2,CSV_data_F07_240529_i-Lab検体20+50.csv,2_0042,0042,TAT6,47,16,-0.3,54.0,8674.0
2,CSV_data_F07_240529_i-Lab検体20+50.csv,2_0042,0042,TAT6,47,16,-0.3,63.2,8670.0
2,CSV_data_F07_240529_i-Lab検体20+50.csv,2_0042,0042,TAT6,47,16,-0.3,72.0,8675.0
2,CSV_data_F07_240529_i-Lab検体20+50.csv,2_0042,0042,TAT6,47,16,-0.3,81.2,8668.0
2,CSV_data_F07_240529_i-Lab検体20+50.csv,2_0042,0042,TAT6,47,16,-0.3,90.0,8667.0
2,CSV_data_F07_240529_i-Lab検体20+50.csv,2_0042,0042,TAT6,47,16,-0.3,99.2,8670.0
2,CSV_data_F07_240529_i-Lab検体20+50.csv,2_0042,0042,TAT6,47,16,-0.3,108.0,8669.0
2,CSV_data_F07_240529_i-Lab検体20+50.csv,2_0042,0042,TAT6,47,16,-0.3,117.2,8668.0
2,CSV_data_F07_240529_i-Lab検体20+50.csv,2_0042,0042,TAT6,47,16,-0.3,126.0,8666.0
2,CSV_data_F07_240529_i-Lab検体20+50.csv,2_0042,0042,TAT6,47,16,-0.3,135.2,8668.0
2,CSV_data_F07_240529_i-Lab検体20+50.csv,2_0042,0042,TAT6,47,16,-0.3,144.0,8671.0
2,CSV_data_F07_240529_i-Lab検体20+50.csv,2_0042,0042,TAT6,47,16,-0.3,153.2,8671.0
2,CSV_data_F07_240529_i-Lab検体20+50.csv,2_0042,0042,TAT6,47,16,-0.3,162.0,8670.0
2,CSV_data_F07_240529_i-Lab検体20+50.csv,2_0042,0042,TAT6,47,16,-0.3,171.2,8664.0
2,CSV_data_F07_240529_i-Lab検体20+50.csv,2_0042,0042,TAT6,47,16,-0.3,180.0,8669.0
2,CSV_data_F07_240529_i-Lab検体20+50.csv,2_0043,0043,TAT206,41,17,19.7,0.0,11143.0
2,CSV_data_F07_240529_i-Lab検体20+50.csv,2_0043,0043,TAT206,41,17,19.7,9.2,11161.0
2,CSV_data_F07_240529_i-Lab検体20+50.csv,2_0043,0043,TAT206,41,17,19.7,18.0,11184.0
2,CSV_data_F07_240529_i-Lab検体20+50.csv,2_0043,0043,TAT206,41,17,19.7,27.2,11205.0
2,CSV_data_F07_240529_i-Lab検体20+50.csv,2_0043,0043,TAT206,41,17,19.7,36.0,11228.0
2,CSV_data_F07_240529_i-Lab検体20+50.csv,2_0043,0043,TAT206,41,17,19.7,45.2,11241.0
2,CSV_data_F07_240529_i-Lab検体20+50.csv,2_0043,0043,TAT206,41,17,19.7,54.0,11266.0
2,CSV_data_F07_240529_i-Lab検体20+50.csv,2_0043,0043,TAT206,41,17,19.7,63.2,11291.0
2,CSV_data_F07_240529_i-Lab検体20+50.csv,2_0043,0043,TAT206,41,17,19.7,72.0,11316.0
2,CSV_data_F07_240529_i-Lab検体20+50.csv,2_0043,0043,TAT206,41,17,19.7,81.2,11342.0
2,CSV_data_F07_240529_i-Lab検体20+50.csv,2_0043,0043,TAT206,41,17,19.7,90.0,11354.0
2,CSV_data_F07_240529_i-Lab検体20+50.csv,2_0043,0043,TAT206,41,17,19.7,99.2,11396.0
2,CSV_data_F07_240529_i-Lab検体20+50.csv,2_0043,0043,TAT206,41,17,19.7,108.0,11419.0
2,CSV_data_F07_240529_i-Lab検体20+50.csv,2_0043,0043,TAT206,41,17,19.7,117.2,11448.0
2,CSV_data_F07_240529_i-Lab検体20+50.csv,2_0043,0043,TAT206,41,17,19.7,126.0,11481.0
2,CSV_data_F07_240529_i-Lab検体20+50.csv,2_0043,0043,TAT206,41,17,19.7,135.2,11512.0
2,CSV_data_F07_240529_i-Lab検体20+50.csv,2_0043,0043,TAT206,41,17,19.7,144.0,11539.0
2,CSV_data_F07_240529_i-Lab検体20+50.csv,2_0043,0043,TAT206,41,17,19.7,153.2,11575.0
2,CSV_data_F07_240529_i-Lab検体20+50.csv,2_0043,0043,TAT206,41,17,19.7,162.0,11607.0
2,CSV_data_F07_240529_i-Lab検体20+50.csv,2_0043,0043,TAT206,41,17,19.7,171.2,11637.0
2,CSV_data_F07_240529_i-Lab検体20+50.csv,2_0043,0043,TAT206,41,17,19.7,180.0,11668.0
2,CSV_data_F07_240529_i-Lab検体20+50.csv,2_0043,0043,TAT1,42,18,24.9,0.0,11016.0
2,CSV_data_F07_240529_i-Lab検体20+50.csv,2_0043,0043,TAT1,42,18,24.9,9.2,11040.0
2,CSV_data_F07_240529_i-Lab検体20+50.csv,2_0043,0043,TAT1,42,18,24.9,18.0,11057.0
2,CSV_data_F07_240529_i-Lab検体20+50.csv,2_0043,0043,TAT1,42,18,24.9,27.2,11084.0
2,CSV_data_F07_240529_i-Lab検体20+50.csv,2_0043,0043,TAT1,42,18,24.9,36.0,11109.0
2,CSV_data_F07_240529_i-Lab検体20+50.csv,2_0043,0043,TAT1,42,18,24.9,45.2,11142.0
2,CSV_data_F07_240529_i-Lab検体20+50.csv,2_0043,0043,TAT1,42,18,24.9,54.0,11164.0
2,CSV_data_F07_240529_i-Lab検体20+50.csv,2_0043,0043,TAT1,42,18,24.9,63.2,11208.0
2,CSV_data_F07_240529_i-Lab検体20+50.csv,2_0043,0043,TAT1,42,18,24.9,72.0,11229.0
2,CSV_data_F07_240529_i-Lab検体20+50.csv,2_0043,0043,TAT1,42,18,24.9,81.2,11271.0
2,CSV_data_F07_240529_i-Lab検体20+50.csv,2_0043,0043,TAT1,42,18,24.9,90.0,11307.0
2,CSV_data_F07_240529_i-Lab検体20+50.csv,2_0043,0043,TAT1,42,18,24.9,99.2,11345.0
2,CSV_data_F07_240529_i-Lab検体20+50.csv,2_0043,0043,TAT1,42,18,24.9,108.0,11378.0
2,CSV_data_F07_240529_i-Lab検体20+50.csv,2_0043,0043,TAT1,42,18,24.9,117.2,11410.0
2,CSV_data_F07_240529_i-Lab検体20+50.csv,2_0043,0043,TAT1,42,18,24.9,126.0,11453.0
2,CSV_data_F07_240529_i-Lab検体20+50.csv,2_0043,0043,TAT1,42,18,24.9,135.2,11498.0
2,CSV_data_F07_240529_i-Lab検体20+50.csv,2_0043,0043,TAT1,42,18,24.9,144.0,11539.0
2,CSV_data_F07_240529_i-Lab検体20+50.csv,2_0043,0043,TAT1,42,18,24.9,153.2,11573.0
2,CSV_data_F07_240529_i-Lab検体20+50.csv,2_0043,0043,TAT1,42,18,24.9,162.0,11604.0
2,CSV_data_F07_240529_i-Lab検体20+50.csv,2_0043,0043,TAT1,42,18,24.9,171.2,11644.0
2,CSV_data_F07_240529_i-Lab検体20+50.csv,2_0043,0043,TAT1,42,18,24.9,180.0,11688.0
2,CSV_data_F07_240529_i-Lab検体20+50.csv,2_0043,0043,TAT3,44,19,18.9,0.0,11158.0
2,CSV_data_F07_240529_i-Lab検体20+50.csv,2_0043,0043,TAT3,44,19,18.9,9.2,11177.0
2,CSV_data_F07_240529_i-Lab検体20+50.csv,2_0043,0043,TAT3,44,19,18.9,18.0,11192.0
2,CSV_data_F07_240529_i-Lab検体20+50.csv,2_0043,0043,TAT3,44,19,18.9,27.2,11209.0
2,CSV_data_F07_240529_i-Lab検体20+50.csv,2_0043,0043,TAT3,44,19,18.9,36.0,11231.0
2,CSV_data_F07_240529_i-Lab検体20+50.csv,2_0043,0043,TAT3,44,19,18.9,45.2,11254.0
2,CSV_data_F07_240529_i-Lab検体20+50.csv,2_0043,0043,TAT3,44,19,18.9,54.0,11274.0
2,CSV_data_F07_240529_i-Lab検体20+50.csv,2_0043,0043,TAT3,44,19,18.9,63.2,11294.0
2,CSV_data_F07_240529_i-Lab検体20+50.csv,2_0043,0043,TAT3,44,19,18.9,72.0,11319.0
2,CSV_data_F07_240529_i-Lab検体20+50.csv,2_0043,0043,TAT3,44,19,18.9,81.2,11349.0
2,CSV_data_F07_240529_i-Lab検体20+50.csv,2_0043,0043,TAT3,44,19,18.9,90.0,11366.0
2,CSV_data_F07_240529_i-Lab検体20+50.csv,2_0043,0043,TAT3,44,19,18.9,99.2,11397.0
2,CSV_data_F07_240529_i-Lab検体20+50.csv,2_0043,0043,TAT3,44,19,18.9,108.0,11424.0
2,CSV_data_F07_240529_i-Lab検体20+50.csv,2_0043,0043,TAT3,44,19,18.9,117.2,11453.0
2,CSV_data_F07_240529_i-Lab検体20+50.csv,2_0043,0043,TAT3,44,19,18.9,126.0,11489.0
2,CSV_data_F07_240529_i-Lab検体20+50.csv,2_0043,0043,TAT3,44,19,18.9,135.2,11514.0
2,CSV_data_F07_240529_i-Lab検体20+50.csv,2_0043,0043,TAT3,44,19,18.9,144.0,11550.0
2,CSV_data_F07_240529_i-Lab検体20+50.csv,2_0043,0043,TAT3,44,19,18.9,153.2,11572.0
2,CSV_data_F07_240529_i-Lab検体20+50.csv,2_0043,0043,TAT3,44,19,18.9,162.0,11607.0
2,CSV_data_F07_240529_i-Lab検体20+50.csv,2_0043,0043,TAT3,44,19,18.9,171.2,11633.0
2,CSV_data_F07_240529_i-Lab検体20+50.csv,2_0043,0043,TAT3,44,19,18.9,180.0,11669.0
2,CSV_data_F07_240529_i-Lab検体20+50.csv,2_0043,0043,TAT5,46,20,4.4,0.0,7237.0
2,CSV_data_F07_240529_i-Lab検体20+50.csv,2_0043,0043,TAT5,46,20,4.4,9.2,7241.0
2,CSV_data_F07_240529_i-Lab検体20+50.csv,2_0043,0043,TAT5,46,20,4.4,18.0,7256.0
2,CSV_data_F07_240529_i-Lab検体20+50.csv,2_0043,0043,TAT5,46,20,4.4,27.2,7261.0
2,CSV_data_F07_240529_i-Lab検体20+50.csv,2_0043,0043,TAT5,46,20,4.4,36.0,7266.0
2,CSV_data_F07_240529_i-Lab検体20+50.csv,2_0043,0043,TAT5,46,20,4.4,45.2,7273.0
2,CSV_data_F07_240529_i-Lab検体20+50.csv,2_0043,0043,TAT5,46,20,4.4,54.0,7284.0
2,CSV_data_F07_240529_i-Lab検体20+50.csv,2_0043,0043,TAT5,46,20,4.4,63.2,7288.0
2,CSV_data_F07_240529_i-Lab検体20+50.csv,2_0043,0043,TAT5,46,20,4.4,72.0,7291.0
2,CSV_data_F07_240529_i-Lab検体20+50.csv,2_0043,0043,TAT5,46,20,4.4,81.2,7300.0
2,CSV_data_F07_240529_i-Lab検体20+50.csv,2_0043,0043,TAT5,46,20,4.4,90.0,7303.0
2,CSV_data_F07_240529_i-Lab検体20+50.csv,2_0043,0043,TAT5,46,20,4.4,99.2,7308.0
2,CSV_data_F07_240529_i-Lab検体20+50.csv,2_0043,0043,TAT5,46,20,4.4,108.0,7315.0
2,CSV_data_F07_240529_i-Lab検体20+50.csv,2_0043,0043,TAT5,46,20,4.4,117.2,7320.0
2,CSV_data_F07_240529_i-Lab検体20+50.csv,2_0043,0043,TAT5,46,20,4.4,126.0,7330.0
2,CSV_data_F07_240529_i-Lab検体20+50.csv,2_0043,0043,TAT5,46,20,4.4,135.2,7340.0
2,CSV_data_F07_240529_i-Lab検体20+50.csv,2_0043,0043,TAT5,46,20,4.4,144.0,7347.0
2,CSV_data_F07_240529_i-Lab検体20+50.csv,2_0043,0043,TAT5,46,20,4.4,153.2,7352.0
2,CSV_data_F07_240529_i-Lab検体20+50.csv,2_0043,0043,TAT5,46,20,4.4,162.0,7352.0
2,CSV_data_F07_240529_i-Lab検体20+50.csv,2_0043,0043,TAT5,46,20,4.4,171.2,7366.0
2,CSV_data_F07_240529_i-Lab検体20+50.csv,2_0043,0043,TAT5,46,20,4.4,180.0,7372.0
2,CSV_data_F07_240529_i-Lab検体20+50.csv,2_0043,0043,TAT6,47,15,0.8,0.0,9199.0
2,CSV_data_F07_240529_i-Lab検体20+50.csv,2_0043,0043,TAT6,47,15,0.8,9.2,9182.0
2,CSV_data_F07_240529_i-Lab検体20+50.csv,2_0043,0043,TAT6,47,15,0.8,18.0,9176.0
2,CSV_data_F07_240529_i-Lab検体20+50.csv,2_0043,0043,TAT6,47,15,0.8,27.2,9178.0
2,CSV_data_F07_240529_i-Lab検体20+50.csv,2_0043,0043,TAT6,47,15,0.8,36.0,9177.0
2,CSV_data_F07_240529_i-Lab検体20+50.csv,2_0043,0043,TAT6,47,15,0.8,45.2,9187.0
2,CSV_data_F07_240529_i-Lab検体20+50.csv,2_0043,0043,TAT6,47,15,0.8,54.0,9189.0
2,CSV_data_F07_240529_i-Lab検体20+50.csv,2_0043,0043,TAT6,47,15,0.8,63.2,9188.0
2,CSV_data_F07_240529_i-Lab検体20+50.csv,2_0043,0043,TAT6,47,15,0.8,72.0,9191.0
2,CSV_data_F07_240529_i-Lab検体20+50.csv,2_0043,0043,TAT6,47,15,0.8,81.2,9193.0
2,CSV_data_F07_240529_i-Lab検体20+50.csv,2_0043,0043,TAT6,47,15,0.8,90.0,9191.0
2,CSV_data_F07_240529_i-Lab検体20+50.csv,2_0043,0043,TAT6,47,15,0.8,99.2,9199.0
2,CSV_data_F07_240529_i-Lab検体20+50.csv,2_0043,0043,TAT6,47,15,0.8,108.0,9203.0
2,CSV_data_F07_240529_i-Lab検体20+50.csv,2_0043,0043,TAT6,47,15,0.8,117.2,9199.0
2,CSV_data_F07_240529_i-Lab検体20+50.csv,2_0043,0043,TAT6,47,15,0.8,126.0,9201.0
2,CSV_data_F07_240529_i-Lab検体20+50.csv,2_0043,0043,TAT6,47,15,0.8,135.2,9203.0
2,CSV_data_F07_240529_i-Lab検体20+50.csv,2_0043,0043,TAT6,47,15,0.8,144.0,9207.0
2,CSV_data_F07_240529_i-Lab検体20+50.csv,2_0043,0043,TAT6,47,15,0.8,153.2,9205.0
2,CSV_data_F07_240529_i-Lab検体20+50.csv,2_0043,0043,TAT6,47,15,0.8,162.0,9208.0
2,CSV_data_F07_240529_i-Lab検体20+50.csv,2_0043,0043,TAT6,47,15,0.8,171.2,9205.0
2,CSV_data_F07_240529_i-Lab検体20+50.csv,2_0043,0043,TAT6,47,15,0.8,180.0,9208.0
2,CSV_data_F07_240529_i-Lab検体20+50.csv,2_0044,0044,TAT206,41,16,8.7,0.0,10802.0
2,CSV_data_F07_240529_i-Lab検体20+50.csv,2_0044,0044,TAT206,41,16,8.7,9.2,10796.0
2,CSV_data_F07_240529_i-Lab検体20+50.csv,2_0044,0044,TAT206,41,16,8.7,18.0,10802.0
2,CSV_data_F07_240529_i-Lab検体20+50.csv,2_0044,0044,TAT206,41,16,8.7,27.2,10809.0
2,CSV_data_F07_240529_i-Lab検体20+50.csv,2_0044,0044,TAT206,41,16,8.7,36.0,10812.0
2,CSV_data_F07_240529_i-Lab検体20+50.csv,2_0044,0044,TAT206,41,16,8.7,45.2,10819.0
2,CSV_data_F07_240529_i-Lab検体20+50.csv,2_0044,0044,TAT206,41,16,8.7,54.0,10833.0
2,CSV_data_F07_240529_i-Lab検体20+50.csv,2_0044,0044,TAT206,41,16,8.7,63.2,10836.0
2,CSV_data_F07_240529_i-Lab検体20+50.csv,2_0044,0044,TAT206,41,16,8.7,72.0,10852.0
2,CSV_data_F07_240529_i-Lab検体20+50.csv,2_0044,0044,TAT206,41,16,8.7,81.2,10861.0
2,CSV_data_F07_240529_i-Lab検体20+50.csv,2_0044,0044,TAT206,41,16,8.7,90.0,10874.0
2,CSV_data_F07_240529_i-Lab検体20+50.csv,2_0044,0044,TAT206,41,16,8.7,99.2,10888.0
2,CSV_data_F07_240529_i-Lab検体20+50.csv,2_0044,0044,TAT206,41,16,8.7,108.0,10899.0
2,CSV_data_F07_240529_i-Lab検体20+50.csv,2_0044,0044,TAT206,41,16,8.7,117.2,10912.0
2,CSV_data_F07_240529_i-Lab検体20+50.csv,2_0044,0044,TAT206,41,16,8.7,126.0,10924.0
2,CSV_data_F07_240529_i-Lab検体20+50.csv,2_0044,0044,TAT206,41,16,8.7,135.2,10935.0
2,CSV_data_F07_240529_i-Lab検体20+50.csv,2_0044,0044,TAT206,41,16,8.7,144.0,10948.0
2,CSV_data_F07_240529_i-Lab検体20+50.csv,2_0044,0044,TAT206,41,16,8.7,153.2,10965.0
2,CSV_data_F07_240529_i-Lab検体20+50.csv,2_0044,0044,TAT206,41,16,8.7,162.0,10977.0
2,CSV_data_F07_240529_i-Lab検体20+50.csv,2_0044,0044,TAT206,41,16,8.7,171.2,10992.0
2,CSV_data_F07_240529_i-Lab検体20+50.csv,2_0044,0044,TAT206,41,16,8.7,180.0,11009.0
2,CSV_data_F07_240529_i-Lab検体20+50.csv,2_0044,0044,TAT1,42,17,12.7,0.0,10657.0
2,CSV_data_F07_240529_i-Lab検体20+50.csv,2_0044,0044,TAT1,42,17,12.7,9.2,10651.0
2,CSV_data_F07_240529_i-Lab検体20+50.csv,2_0044,0044,TAT1,42,17,12.7,18.0,10659.0
2,CSV_data_F07_240529_i-Lab検体20+50.csv,2_0044,0044,TAT1,42,17,12.7,27.2,10668.0
2,CSV_data_F07_240529_i-Lab検体20+50.csv,2_0044,0044,TAT1,42,17,12.7,36.0,10677.0
2,CSV_data_F07_240529_i-Lab検体20+50.csv,2_0044,0044,TAT1,42,17,12.7,45.2,10692.0
2,CSV_data_F07_240529_i-Lab検体20+50.csv,2_0044,0044,TAT1,42,17,12.7,54.0,10707.0
2,CSV_data_F07_240529_i-Lab検体20+50.csv,2_0044,0044,TAT1,42,17,12.7,63.2,10722.0
2,CSV_data_F07_240529_i-Lab検体20+50.csv,2_0044,0044,TAT1,42,17,12.7,72.0,10737.0
2,CSV_data_F07_240529_i-Lab検体20+50.csv,2_0044,0044,TAT1,42,17,12.7,81.2,10757.0
2,CSV_data_F07_240529_i-Lab検体20+50.csv,2_0044,0044,TAT1,42,17,12.7,90.0,10769.0
2,CSV_data_F07_240529_i-Lab検体20+50.csv,2_0044,0044,TAT1,42,17,12.7,99.2,10788.0
2,CSV_data_F07_240529_i-Lab検体20+50.csv,2_0044,0044,TAT1,42,17,12.7,108.0,10806.0
2,CSV_data_F07_240529_i-Lab検体20+50.csv,2_0044,0044,TAT1,42,17,12.7,117.2,10830.0
2,CSV_data_F07_240529_i-Lab検体20+50.csv,2_0044,0044,TAT1,42,17,12.7,126.0,10848.0
2,CSV_data_F07_240529_i-Lab検体20+50.csv,2_0044,0044,TAT1,42,17,12.7,135.2,10868.0
2,CSV_data_F07_240529_i-Lab検体20+50.csv,2_0044,0044,TAT1,42,17,12.7,144.0,10888.0
2,CSV_data_F07_240529_i-Lab検体20+50.csv,2_0044,0044,TAT1,42,17,12.7,153.2,10907.0
2,CSV_data_F07_240529_i-Lab検体20+50.csv,2_0044,0044,TAT1,42,17,12.7,162.0,10928.0
2,CSV_data_F07_240529_i-Lab検体20+50.csv,2_0044,0044,TAT1,42,17,12.7,171.2,10948.0
2,CSV_data_F07_240529_i-Lab検体20+50.csv,2_0044,0044,TAT1,42,17,12.7,180.0,10970.0
2,CSV_data_F07_240529_i-Lab検体20+50.csv,2_0044,0044,TAT3,44,18,7.9,0.0,10619.0
2,CSV_data_F07_240529_i-Lab検体20+50.csv,2_0044,0044,TAT3,44,18,7.9,9.2,10632.0
2,CSV_data_F07_240529_i-Lab検体20+50.csv,2_0044,0044,TAT3,44,18,7.9,18.0,10631.0
2,CSV_data_F07_240529_i-Lab検体20+50.csv,2_0044,0044,TAT3,44,18,7.9,27.2,10639.0
2,CSV_data_F07_240529_i-Lab検体20+50.csv,2_0044,0044,TAT3,44,18,7.9,36.0,10636.0
2,CSV_data_F07_240529_i-Lab検体20+50.csv,2_0044,0044,TAT3,44,18,7.9,45.2,10656.0
2,CSV_data_F07_240529_i-Lab検体20+50.csv,2_0044,0044,TAT3,44,18,7.9,54.0,10662.0
2,CSV_data_F07_240529_i-Lab検体20+50.csv,2_0044,0044,TAT3,44,18,7.9,63.2,10676.0
2,CSV_data_F07_240529_i-Lab検体20+50.csv,2_0044,0044,TAT3,44,18,7.9,72.0,10682.0
2,CSV_data_F07_240529_i-Lab検体20+50.csv,2_0044,0044,TAT3,44,18,7.9,81.2,10689.0
2,CSV_data_F07_240529_i-Lab検体20+50.csv,2_0044,0044,TAT3,44,18,7.9,90.0,10700.0
2,CSV_data_F07_240529_i-Lab検体20+50.csv,2_0044,0044,TAT3,44,18,7.9,99.2,10701.0
2,CSV_data_F07_240529_i-Lab検体20+50.csv,2_0044,0044,TAT3,44,18,7.9,108.0,10716.0
2,CSV_data_F07_240529_i-Lab検体20+50.csv,2_0044,0044,TAT3,44,18,7.9,117.2,10730.0
2,CSV_data_F07_240529_i-Lab検体20+50.csv,2_0044,0044,TAT3,44,18,7.9,126.0,10742.0
2,CSV_data_F07_240529_i-Lab検体20+50.csv,2_0044,0044,TAT3,44,18,7.9,135.2,10750.0
2,CSV_data_F07_240529_i-Lab検体20+50.csv,2_0044,0044,TAT3,44,18,7.9,144.0,10793.0
2,CSV_data_F07_240529_i-Lab検体20+50.csv,2_0044,0044,TAT3,44,18,7.9,153.2,10783.0
2,CSV_data_F07_240529_i-Lab検体20+50.csv,2_0044,0044,TAT3,44,18,7.9,162.0,10798.0
2,CSV_data_F07_240529_i-Lab検体20+50.csv,2_0044,0044,TAT3,44,18,7.9,171.2,10807.0
2,CSV_data_F07_240529_i-Lab検体20+50.csv,2_0044,0044,TAT3,44,18,7.9,180.0,10829.0
2,CSV_data_F07_240529_i-Lab検体20+50.csv,2_0044,0044,TAT5,46,19,3.0,0.0,6753.0
2,CSV_data_F07_240529_i-Lab検体20+50.csv,2_0044,0044,TAT5,46,19,3.0,9.2,6757.0
2,CSV_data_F07_240529_i-Lab検体20+50.csv,2_0044,0044,TAT5,46,19,3.0,18.0,6756.0
2,CSV_data_F07_240529_i-Lab検体20+50.csv,2_0044,0044,TAT5,46,19,3.0,27.2,6763.0
2,CSV_data_F07_240529_i-Lab検体20+50.csv,2_0044,0044,TAT5,46,19,3.0,36.0,6756.0
2,CSV_data_F07_240529_i-Lab検体20+50.csv,2_0044,0044,TAT5,46,19,3.0,45.2,6762.0
2,CSV_data_F07_240529_i-Lab検体20+50.csv,2_0044,0044,TAT5,46,19,3.0,54.0,6765.0
2,CSV_data_F07_240529_i-Lab検体20+50.csv,2_0044,0044,TAT5,46,19,3.0,63.2,6768.0
2,CSV_data_F07_240529_i-Lab検体20+50.csv,2_0044,0044,TAT5,46,19,3.0,72.0,6768.0
2,CSV_data_F07_240529_i-Lab検体20+50.csv,2_0044,0044,TAT5,46,19,3.0,81.2,6766.0
2,CSV_data_F07_240529_i-Lab検体20+50.csv,2_0044,0044,TAT5,46,19,3.0,90.0,6778.0
2,CSV_data_F07_240529_i-Lab検体20+50.csv,2_0044,0044,TAT5,46,19,3.0,99.2,6777.0
2,CSV_data_F07_240529_i-Lab検体20+50.csv,2_0044,0044,TAT5,46,19,3.0,108.0,6780.0
2,CSV_data_F07_240529_i-Lab検体20+50.csv,2_0044,0044,TAT5,46,19,3.0,117.2,6785.0
2,CSV_data_F07_240529_i-Lab検体20+50.csv,2_0044,0044,TAT5,46,19,3.0,126.0,6789.0
2,CSV_data_F07_240529_i-Lab検体20+50.csv,2_0044,0044,TAT5,46,19,3.0,135.2,6790.0
2,CSV_data_F07_240529_i-Lab検体20+50.csv,2_0044,0044,TAT5,46,19,3.0,144.0,6799.0
2,CSV_data_F07_240529_i-Lab検体20+50.csv,2_0044,0044,TAT5,46,19,3.0,153.2,6803.0
2,CSV_data_F07_240529_i-Lab検体20+50.csv,2_0044,0044,TAT5,46,19,3.0,162.0,6804.0
2,CSV_data_F07_240529_i-Lab検体20+50.csv,2_0044,0044,TAT5,46,19,3.0,171.2,6811.0
2,CSV_data_F07_240529_i-Lab検体20+50.csv,2_0044,0044,TAT5,46,19,3.0,180.0,6819.0
2,CSV_data_F07_240529_i-Lab検体20+50.csv,2_0044,0044,TAT6,47,20,0.2,0.0,8780.0
2,CSV_data_F07_240529_i-Lab検体20+50.csv,2_0044,0044,TAT6,47,20,0.2,9.2,8765.0
2,CSV_data_F07_240529_i-Lab検体20+50.csv,2_0044,0044,TAT6,47,20,0.2,18.0,8763.0
2,CSV_data_F07_240529_i-Lab検体20+50.csv,2_0044,0044,TAT6,47,20,0.2,27.2,8762.0
2,CSV_data_F07_240529_i-Lab検体20+50.csv,2_0044,0044,TAT6,47,20,0.2,36.0,8754.0
2,CSV_data_F07_240529_i-Lab検体20+50.csv,2_0044,0044,TAT6,47,20,0.2,45.2,8760.0
2,CSV_data_F07_240529_i-Lab検体20+50.csv,2_0044,0044,TAT6,47,20,0.2,54.0,8753.0
2,CSV_data_F07_240529_i-Lab検体20+50.csv,2_0044,0044,TAT6,47,20,0.2,63.2,8757.0
2,CSV_data_F07_240529_i-Lab検体20+50.csv,2_0044,0044,TAT6,47,20,0.2,72.0,8760.0
2,CSV_data_F07_240529_i-Lab検体20+50.csv,2_0044,0044,TAT6,47,20,0.2,81.2,8756.0
2,CSV_data_F07_240529_i-Lab検体20+50.csv,2_0044,0044,TAT6,47,20,0.2,90.0,8761.0
2,CSV_data_F07_240529_i-Lab検体20+50.csv,2_0044,0044,TAT6,47,20,0.2,99.2,8758.0
2,CSV_data_F07_240529_i-Lab検体20+50.csv,2_0044,0044,TAT6,47,20,0.2,108.0,8755.0
2,CSV_data_F07_240529_i-Lab検体20+50.csv,2_0044,0044,TAT6,47,20,0.2,117.2,8759.0
2,CSV_data_F07_240529_i-Lab検体20+50.csv,2_0044,0044,TAT6,47,20,0.2,126.0,8742.0
2,CSV_data_F07_240529_i-Lab検体20+50.csv,2_0044,0044,TAT6,47,20,0.2,135.2,8761.0
2,CSV_data_F07_240529_i-Lab検体20+50.csv,2_0044,0044,TAT6,47,20,0.2,144.0,8760.0
2,CSV_data_F07_240529_i-Lab検体20+50.csv,2_0044,0044,TAT6,47,20,0.2,153.2,8756.0
2,CSV_data_F07_240529_i-Lab検体20+50.csv,2_0044,0044,TAT6,47,20,0.2,162.0,8758.0
2,CSV_data_F07_240529_i-Lab検体20+50.csv,2_0044,0044,TAT6,47,20,0.2,171.2,8759.0
2,CSV_data_F07_240529_i-Lab検体20+50.csv,2_0044,0044,TAT6,47,20,0.2,180.0,8748.0
2,CSV_data_F07_240529_i-Lab検体20+50.csv,2_0045,0045,TAT206,41,15,52.0,0.0,10968.0
2,CSV_data_F07_240529_i-Lab検体20+50.csv,2_0045,0045,TAT206,41,15,52.0,9.2,10987.0
2,CSV_data_F07_240529_i-Lab検体20+50.csv,2_0045,0045,TAT206,41,15,52.0,18.0,11025.0
2,CSV_data_F07_240529_i-Lab検体20+50.csv,2_0045,0045,TAT206,41,15,52.0,27.2,11071.0
2,CSV_data_F07_240529_i-Lab検体20+50.csv,2_0045,0045,TAT206,41,15,52.0,36.0,11123.0
2,CSV_data_F07_240529_i-Lab検体20+50.csv,2_0045,0045,TAT206,41,15,52.0,45.2,11180.0
2,CSV_data_F07_240529_i-Lab検体20+50.csv,2_0045,0045,TAT206,41,15,52.0,54.0,11239.0
2,CSV_data_F07_240529_i-Lab検体20+50.csv,2_0045,0045,TAT206,41,15,52.0,63.2,11313.0
2,CSV_data_F07_240529_i-Lab検体20+50.csv,2_0045,0045,TAT206,41,15,52.0,72.0,11383.0
2,CSV_data_F07_240529_i-Lab検体20+50.csv,2_0045,0045,TAT206,41,15,52.0,81.2,11459.0
2,CSV_data_F07_240529_i-Lab検体20+50.csv,2_0045,0045,TAT206,41,15,52.0,90.0,11531.0
2,CSV_data_F07_240529_i-Lab検体20+50.csv,2_0045,0045,TAT206,41,15,52.0,99.2,11611.0
2,CSV_data_F07_240529_i-Lab検体20+50.csv,2_0045,0045,TAT206,41,15,52.0,108.0,11689.0
2,CSV_data_F07_240529_i-Lab検体20+50.csv,2_0045,0045,TAT206,41,15,52.0,117.2,11772.0
2,CSV_data_F07_240529_i-Lab検体20+50.csv,2_0045,0045,TAT206,41,15,52.0,126.0,11847.0
2,CSV_data_F07_240529_i-Lab検体20+50.csv,2_0045,0045,TAT206,41,15,52.0,135.2,11926.0
2,CSV_data_F07_240529_i-Lab検体20+50.csv,2_0045,0045,TAT206,41,15,52.0,144.0,12001.0
2,CSV_data_F07_240529_i-Lab検体20+50.csv,2_0045,0045,TAT206,41,15,52.0,153.2,12079.0
2,CSV_data_F07_240529_i-Lab検体20+50.csv,2_0045,0045,TAT206,41,15,52.0,162.0,12157.0
2,CSV_data_F07_240529_i-Lab検体20+50.csv,2_0045,0045,TAT206,41,15,52.0,171.2,12239.0
2,CSV_data_F07_240529_i-Lab検体20+50.csv,2_0045,0045,TAT206,41,15,52.0,180.0,12311.0
2,CSV_data_F07_240529_i-Lab検体20+50.csv,2_0045,0045,TAT1,42,16,54.5,0.0,10845.0
2,CSV_data_F07_240529_i-Lab検体20+50.csv,2_0045,0045,TAT1,42,16,54.5,9.2,10864.0
2,CSV_data_F07_240529_i-Lab検体20+50.csv,2_0045,0045,TAT1,42,16,54.5,18.0,10890.0
2,CSV_data_F07_240529_i-Lab検体20+50.csv,2_0045,0045,TAT1,42,16,54.5,27.2,10946.0
2,CSV_data_F07_240529_i-Lab検体20+50.csv,2_0045,0045,TAT1,42,16,54.5,36.0,11008.0
2,CSV_data_F07_240529_i-Lab検体20+50.csv,2_0045,0045,TAT1,42,16,54.5,45.2,11079.0
2,CSV_data_F07_240529_i-Lab検体20+50.csv,2_0045,0045,TAT1,42,16,54.5,54.0,11140.0
2,CSV_data_F07_240529_i-Lab検体20+50.csv,2_0045,0045,TAT1,42,16,54.5,63.2,11220.0
2,CSV_data_F07_240529_i-Lab検体20+50.csv,2_0045,0045,TAT1,42,16,54.5,72.0,11299.0
2,CSV_data_F07_240529_i-Lab検体20+50.csv,2_0045,0045,TAT1,42,16,54.5,81.2,11384.0
2,CSV_data_F07_240529_i-Lab検体20+50.csv,2_0045,0045,TAT1,42,16,54.5,90.0,11459.0
2,CSV_data_F07_240529_i-Lab検体20+50.csv,2_0045,0045,TAT1,42,16,54.5,99.2,11548.0
2,CSV_data_F07_240529_i-Lab検体20+50.csv,2_0045,0045,TAT1,42,16,54.5,108.0,11635.0
2,CSV_data_F07_240529_i-Lab検体20+50.csv,2_0045,0045,TAT1,42,16,54.5,117.2,11720.0
2,CSV_data_F07_240529_i-Lab検体20+50.csv,2_0045,0045,TAT1,42,16,54.5,126.0,11802.0
2,CSV_data_F07_240529_i-Lab検体20+50.csv,2_0045,0045,TAT1,42,16,54.5,135.2,11889.0
2,CSV_data_F07_240529_i-Lab検体20+50.csv,2_0045,0045,TAT1,42,16,54.5,144.0,11968.0
2,CSV_data_F07_240529_i-Lab検体20+50.csv,2_0045,0045,TAT1,42,16,54.5,153.2,12042.0
2,CSV_data_F07_240529_i-Lab検体20+50.csv,2_0045,0045,TAT1,42,16,54.5,162.0,12125.0
2,CSV_data_F07_240529_i-Lab検体20+50.csv,2_0045,0045,TAT1,42,16,54.5,171.2,12202.0
2,CSV_data_F07_240529_i-Lab検体20+50.csv,2_0045,0045,TAT1,42,16,54.5,180.0,12278.0
2,CSV_data_F07_240529_i-Lab検体20+50.csv,2_0045,0045,TAT3,44,17,38.3,0.0,10646.0
2,CSV_data_F07_240529_i-Lab検体20+50.csv,2_0045,0045,TAT3,44,17,38.3,9.2,10661.0
2,CSV_data_F07_240529_i-Lab検体20+50.csv,2_0045,0045,TAT3,44,17,38.3,18.0,10681.0
2,CSV_data_F07_240529_i-Lab検体20+50.csv,2_0045,0045,TAT3,44,17,38.3,27.2,10710.0
2,CSV_data_F07_240529_i-Lab検体20+50.csv,2_0045,0045,TAT3,44,17,38.3,36.0,10747.0
2,CSV_data_F07_240529_i-Lab検体20+50.csv,2_0045,0045,TAT3,44,17,38.3,45.2,10785.0
2,CSV_data_F07_240529_i-Lab検体20+50.csv,2_0045,0045,TAT3,44,17,38.3,54.0,10828.0
2,CSV_data_F07_240529_i-Lab検体20+50.csv,2_0045,0045,TAT3,44,17,38.3,63.2,10881.0
2,CSV_data_F07_240529_i-Lab検体20+50.csv,2_0045,0045,TAT3,44,17,38.3,72.0,10927.0
2,CSV_data_F07_240529_i-Lab検体20+50.csv,2_0045,0045,TAT3,44,17,38.3,81.2,10978.0
2,CSV_data_F07_240529_i-Lab検体20+50.csv,2_0045,0045,TAT3,44,17,38.3,90.0,11030.0
2,CSV_data_F07_240529_i-Lab検体20+50.csv,2_0045,0045,TAT3,44,17,38.3,99.2,11093.0
2,CSV_data_F07_240529_i-Lab検体20+50.csv,2_0045,0045,TAT3,44,17,38.3,108.0,11142.0
2,CSV_data_F07_240529_i-Lab検体20+50.csv,2_0045,0045,TAT3,44,17,38.3,117.2,11197.0
2,CSV_data_F07_240529_i-Lab検体20+50.csv,2_0045,0045,TAT3,44,17,38.3,126.0,11256.0
2,CSV_data_F07_240529_i-Lab検体20+50.csv,2_0045,0045,TAT3,44,17,38.3,135.2,11317.0
2,CSV_data_F07_240529_i-Lab検体20+50.csv,2_0045,0045,TAT3,44,17,38.3,144.0,11370.0
2,CSV_data_F07_240529_i-Lab検体20+50.csv,2_0045,0045,TAT3,44,17,38.3,153.2,11432.0
2,CSV_data_F07_240529_i-Lab検体20+50.csv,2_0045,0045,TAT3,44,17,38.3,162.0,11499.0
2,CSV_data_F07_240529_i-Lab検体20+50.csv,2_0045,0045,TAT3,44,17,38.3,171.2,11553.0
2,CSV_data_F07_240529_i-Lab検体20+50.csv,2_0045,0045,TAT3,44,17,38.3,180.0,11613.0
2,CSV_data_F07_240529_i-Lab検体20+50.csv,2_0045,0045,TAT5,46,18,7.0,0.0,6774.0
2,CSV_data_F07_240529_i-Lab検体20+50.csv,2_0045,0045,TAT5,46,18,7.0,9.2,6786.0
2,CSV_data_F07_240529_i-Lab検体20+50.csv,2_0045,0045,TAT5,46,18,7.0,18.0,6794.0
2,CSV_data_F07_240529_i-Lab検体20+50.csv,2_0045,0045,TAT5,46,18,7.0,27.2,6807.0
2,CSV_data_F07_240529_i-Lab検体20+50.csv,2_0045,0045,TAT5,46,18,7.0,36.0,6815.0
2,CSV_data_F07_240529_i-Lab検体20+50.csv,2_0045,0045,TAT5,46,18,7.0,45.2,6823.0
2,CSV_data_F07_240529_i-Lab検体20+50.csv,2_0045,0045,TAT5,46,18,7.0,54.0,6835.0
2,CSV_data_F07_240529_i-Lab検体20+50.csv,2_0045,0045,TAT5,46,18,7.0,63.2,6842.0
2,CSV_data_F07_240529_i-Lab検体20+50.csv,2_0045,0045,TAT5,46,18,7.0,72.0,6850.0
2,CSV_data_F07_240529_i-Lab検体20+50.csv,2_0045,0045,TAT5,46,18,7.0,81.2,6866.0
2,CSV_data_F07_240529_i-Lab検体20+50.csv,2_0045,0045,TAT5,46,18,7.0,90.0,6869.0
2,CSV_data_F07_240529_i-Lab検体20+50.csv,2_0045,0045,TAT5,46,18,7.0,99.2,6887.0
2,CSV_data_F07_240529_i-Lab検体20+50.csv,2_0045,0045,TAT5,46,18,7.0,108.0,6894.0
2,CSV_data_F07_240529_i-Lab検体20+50.csv,2_0045,0045,TAT5,46,18,7.0,117.2,6911.0
2,CSV_data_F07_240529_i-Lab検体20+50.csv,2_0045,0045,TAT5,46,18,7.0,126.0,6914.0
2,CSV_data_F07_240529_i-Lab検体20+50.csv,2_0045,0045,TAT5,46,18,7.0,135.2,6929.0
2,CSV_data_F07_240529_i-Lab検体20+50.csv,2_0045,0045,TAT5,46,18,7.0,144.0,6944.0
2,CSV_data_F07_240529_i-Lab検体20+50.csv,2_0045,0045,TAT5,46,18,7.0,153.2,6946.0
2,CSV_data_F07_240529_i-Lab検体20+50.csv,2_0045,0045,TAT5,46,18,7.0,162.0,6955.0
2,CSV_data_F07_240529_i-Lab検体20+50.csv,2_0045,0045,TAT5,46,18,7.0,171.2,6971.0
2,CSV_data_F07_240529_i-Lab検体20+50.csv,2_0045,0045,TAT5,46,18,7.0,180.0,6979.0
2,CSV_data_F07_240529_i-Lab検体20+50.csv,2_0045,0045,TAT6,47,19,0.9,0.0,8952.0
2,CSV_data_F07_240529_i-Lab検体20+50.csv,2_0045,0045,TAT6,47,19,0.9,9.2,8943.0
2,CSV_data_F07_240529_i-Lab検体20+50.csv,2_0045,0045,TAT6,47,19,0.9,18.0,8945.0
2,CSV_data_F07_240529_i-Lab検体20+50.csv,2_0045,0045,TAT6,47,19,0.9,27.2,8950.0
2,CSV_data_F07_240529_i-Lab検体20+50.csv,2_0045,0045,TAT6,47,19,0.9,36.0,8947.0
2,CSV_data_F07_240529_i-Lab検体20+50.csv,2_0045,0045,TAT6,47,19,0.9,45.2,8948.0
2,CSV_data_F07_240529_i-Lab検体20+50.csv,2_0045,0045,TAT6,47,19,0.9,54.0,8948.0
2,CSV_data_F07_240529_i-Lab検体20+50.csv,2_0045,0045,TAT6,47,19,0.9,63.2,8952.0
2,CSV_data_F07_240529_i-Lab検体20+50.csv,2_0045,0045,TAT6,47,19,0.9,72.0,8953.0
2,CSV_data_F07_240529_i-Lab検体20+50.csv,2_0045,0045,TAT6,47,19,0.9,81.2,8956.0
2,CSV_data_F07_240529_i-Lab検体20+50.csv,2_0045,0045,TAT6,47,19,0.9,90.0,8957.0
2,CSV_data_F07_240529_i-Lab検体20+50.csv,2_0045,0045,TAT6,47,19,0.9,99.2,8960.0
2,CSV_data_F07_240529_i-Lab検体20+50.csv,2_0045,0045,TAT6,47,19,0.9,108.0,8956.0
2,CSV_data_F07_240529_i-Lab検体20+50.csv,2_0045,0045,TAT6,47,19,0.9,117.2,8964.0
2,CSV_data_F07_240529_i-Lab検体20+50.csv,2_0045,0045,TAT6,47,19,0.9,126.0,8961.0
2,CSV_data_F07_240529_i-Lab検体20+50.csv,2_0045,0045,TAT6,47,19,0.9,135.2,8963.0
2,CSV_data_F07_240529_i-Lab検体20+50.csv,2_0045,0045,TAT6,47,19,0.9,144.0,8969.0
2,CSV_data_F07_240529_i-Lab検体20+50.csv,2_0045,0045,TAT6,47,19,0.9,153.2,8963.0
2,CSV_data_F07_240529_i-Lab検体20+50.csv,2_0045,0045,TAT6,47,19,0.9,162.0,8971.0
2,CSV_data_F07_240529_i-Lab検体20+50.csv,2_0045,0045,TAT6,47,19,0.9,171.2,8970.0
2,CSV_data_F07_240529_i-Lab検体20+50.csv,2_0045,0045,TAT6,47,19,0.9,180.0,8975.0
2,CSV_data_F07_240529_i-Lab検体20+50.csv,2_0046,0046,TAT206,41,20,16.9,0.0,11247.0
2,CSV_data_F07_240529_i-Lab検体20+50.csv,2_0046,0046,TAT206,41,20,16.9,9.2,11264.0
2,CSV_data_F07_240529_i-Lab検体20+50.csv,2_0046,0046,TAT206,41,20,16.9,18.0,11288.0
2,CSV_data_F07_240529_i-Lab検体20+50.csv,2_0046,0046,TAT206,41,20,16.9,27.2,11308.0
2,CSV_data_F07_240529_i-Lab検体20+50.csv,2_0046,0046,TAT206,41,20,16.9,36.0,11319.0
2,CSV_data_F07_240529_i-Lab検体20+50.csv,2_0046,0046,TAT206,41,20,16.9,45.2,11342.0
2,CSV_data_F07_240529_i-Lab検体20+50.csv,2_0046,0046,TAT206,41,20,16.9,54.0,11367.0
2,CSV_data_F07_240529_i-Lab検体20+50.csv,2_0046,0046,TAT206,41,20,16.9,63.2,11388.0
2,CSV_data_F07_240529_i-Lab検体20+50.csv,2_0046,0046,TAT206,41,20,16.9,72.0,11407.0
2,CSV_data_F07_240529_i-Lab検体20+50.csv,2_0046,0046,TAT206,41,20,16.9,81.2,11436.0
2,CSV_data_F07_240529_i-Lab検体20+50.csv,2_0046,0046,TAT206,41,20,16.9,90.0,11460.0
2,CSV_data_F07_240529_i-Lab検体20+50.csv,2_0046,0046,TAT206,41,20,16.9,99.2,11482.0
2,CSV_data_F07_240529_i-Lab検体20+50.csv,2_0046,0046,TAT206,41,20,16.9,108.0,11505.0
2,CSV_data_F07_240529_i-Lab検体20+50.csv,2_0046,0046,TAT206,41,20,16.9,117.2,11527.0
2,CSV_data_F07_240529_i-Lab検体20+50.csv,2_0046,0046,TAT206,41,20,16.9,126.0,11558.0
2,CSV_data_F07_240529_i-Lab検体20+50.csv,2_0046,0046,TAT206,41,20,16.9,135.2,11576.0
2,CSV_data_F07_240529_i-Lab検体20+50.csv,2_0046,0046,TAT206,41,20,16.9,144.0,11610.0
2,CSV_data_F07_240529_i-Lab検体20+50.csv,2_0046,0046,TAT206,41,20,16.9,153.2,11636.0
2,CSV_data_F07_240529_i-Lab検体20+50.csv,2_0046,0046,TAT206,41,20,16.9,162.0,11659.0
2,CSV_data_F07_240529_i-Lab検体20+50.csv,2_0046,0046,TAT206,41,20,16.9,171.2,11690.0
2,CSV_data_F07_240529_i-Lab検体20+50.csv,2_0046,0046,TAT206,41,20,16.9,180.0,11712.0
2,CSV_data_F07_240529_i-Lab検体20+50.csv,2_0046,0046,TAT1,42,15,19.3,0.0,11066.0
2,CSV_data_F07_240529_i-Lab検体20+50.csv,2_0046,0046,TAT1,42,15,19.3,9.2,11069.0
2,CSV_data_F07_240529_i-Lab検体20+50.csv,2_0046,0046,TAT1,42,15,19.3,18.0,11093.0
2,CSV_data_F07_240529_i-Lab検体20+50.csv,2_0046,0046,TAT1,42,15,19.3,27.2,11107.0
2,CSV_data_F07_240529_i-Lab検体20+50.csv,2_0046,0046,TAT1,42,15,19.3,36.0,11134.0
2,CSV_data_F07_240529_i-Lab検体20+50.csv,2_0046,0046,TAT1,42,15,19.3,45.2,11157.0
2,CSV_data_F07_240529_i-Lab検体20+50.csv,2_0046,0046,TAT1,42,15,19.3,54.0,11176.0
2,CSV_data_F07_240529_i-Lab検体20+50.csv,2_0046,0046,TAT1,42,15,19.3,63.2,11214.0
2,CSV_data_F07_240529_i-Lab検体20+50.csv,2_0046,0046,TAT1,42,15,19.3,72.0,11234.0
2,CSV_data_F07_240529_i-Lab検体20+50.csv,2_0046,0046,TAT1,42,15,19.3,81.2,11260.0
2,CSV_data_F07_240529_i-Lab検体20+50.csv,2_0046,0046,TAT1,42,15,19.3,90.0,11287.0
2,CSV_data_F07_240529_i-Lab検体20+50.csv,2_0046,0046,TAT1,42,15,19.3,99.2,11321.0
2,CSV_data_F07_240529_i-Lab検体20+50.csv,2_0046,0046,TAT1,42,15,19.3,108.0,11343.0
2,CSV_data_F07_240529_i-Lab検体20+50.csv,2_0046,0046,TAT1,42,15,19.3,117.2,11373.0
2,CSV_data_F07_240529_i-Lab検体20+50.csv,2_0046,0046,TAT1,42,15,19.3,126.0,11405.0
2,CSV_data_F07_240529_i-Lab検体20+50.csv,2_0046,0046,TAT1,42,15,19.3,135.2,11437.0
2,CSV_data_F07_240529_i-Lab検体20+50.csv,2_0046,0046,TAT1,42,15,19.3,144.0,11459.0
2,CSV_data_F07_240529_i-Lab検体20+50.csv,2_0046,0046,TAT1,42,15,19.3,153.2,11491.0
2,CSV_data_F07_240529_i-Lab検体20+50.csv,2_0046,0046,TAT1,42,15,19.3,162.0,11524.0
2,CSV_data_F07_240529_i-Lab検体20+50.csv,2_0046,0046,TAT1,42,15,19.3,171.2,11550.0
2,CSV_data_F07_240529_i-Lab検体20+50.csv,2_0046,0046,TAT1,42,15,19.3,180.0,11575.0
2,CSV_data_F07_240529_i-Lab検体20+50.csv,2_0046,0046,TAT3,44,16,12.8,0.0,10897.0
2,CSV_data_F07_240529_i-Lab検体20+50.csv,2_0046,0046,TAT3,44,16,12.8,9.2,10906.0
2,CSV_data_F07_240529_i-Lab検体20+50.csv,2_0046,0046,TAT3,44,16,12.8,18.0,10918.0
2,CSV_data_F07_240529_i-Lab検体20+50.csv,2_0046,0046,TAT3,44,16,12.8,27.2,10930.0
2,CSV_data_F07_240529_i-Lab検体20+50.csv,2_0046,0046,TAT3,44,16,12.8,36.0,10947.0
2,CSV_data_F07_240529_i-Lab検体20+50.csv,2_0046,0046,TAT3,44,16,12.8,45.2,10956.0
2,CSV_data_F07_240529_i-Lab検体20+50.csv,2_0046,0046,TAT3,44,16,12.8,54.0,10975.0
2,CSV_data_F07_240529_i-Lab検体20+50.csv,2_0046,0046,TAT3,44,16,12.8,63.2,10994.0
2,CSV_data_F07_240529_i-Lab検体20+50.csv,2_0046,0046,TAT3,44,16,12.8,72.0,11007.0
2,CSV_data_F07_240529_i-Lab検体20+50.csv,2_0046,0046,TAT3,44,16,12.8,81.2,11024.0
2,CSV_data_F07_240529_i-Lab検体20+50.csv,2_0046,0046,TAT3,44,16,12.8,90.0,11049.0
2,CSV_data_F07_240529_i-Lab検体20+50.csv,2_0046,0046,TAT3,44,16,12.8,99.2,11067.0
2,CSV_data_F07_240529_i-Lab検体20+50.csv,2_0046,0046,TAT3,44,16,12.8,108.0,11082.0
2,CSV_data_F07_240529_i-Lab検体20+50.csv,2_0046,0046,TAT3,44,16,12.8,117.2,11100.0
2,CSV_data_F07_240529_i-Lab検体20+50.csv,2_0046,0046,TAT3,44,16,12.8,126.0,11124.0
2,CSV_data_F07_240529_i-Lab検体20+50.csv,2_0046,0046,TAT3,44,16,12.8,135.2,11133.0
2,CSV_data_F07_240529_i-Lab検体20+50.csv,2_0046,0046,TAT3,44,16,12.8,144.0,11151.0
2,CSV_data_F07_240529_i-Lab検体20+50.csv,2_0046,0046,TAT3,44,16,12.8,153.2,11179.0
2,CSV_data_F07_240529_i-Lab検体20+50.csv,2_0046,0046,TAT3,44,16,12.8,162.0,11197.0
2,CSV_data_F07_240529_i-Lab検体20+50.csv,2_0046,0046,TAT3,44,16,12.8,171.2,11216.0
2,CSV_data_F07_240529_i-Lab検体20+50.csv,2_0046,0046,TAT3,44,16,12.8,180.0,11237.0
2,CSV_data_F07_240529_i-Lab検体20+50.csv,2_0046,0046,TAT5,46,17,7.5,0.0,6929.0
2,CSV_data_F07_240529_i-Lab検体20+50.csv,2_0046,0046,TAT5,46,17,7.5,9.2,6930.0
2,CSV_data_F07_240529_i-Lab検体20+50.csv,2_0046,0046,TAT5,46,17,7.5,18.0,6939.0
2,CSV_data_F07_240529_i-Lab検体20+50.csv,2_0046,0046,TAT5,46,17,7.5,27.2,6942.0
2,CSV_data_F07_240529_i-Lab検体20+50.csv,2_0046,0046,TAT5,46,17,7.5,36.0,6957.0
2,CSV_data_F07_240529_i-Lab検体20+50.csv,2_0046,0046,TAT5,46,17,7.5,45.2,6969.0
2,CSV_data_F07_240529_i-Lab検体20+50.csv,2_0046,0046,TAT5,46,17,7.5,54.0,6981.0
2,CSV_data_F07_240529_i-Lab検体20+50.csv,2_0046,0046,TAT5,46,17,7.5,63.2,6989.0
2,CSV_data_F07_240529_i-Lab検体20+50.csv,2_0046,0046,TAT5,46,17,7.5,72.0,6995.0
2,CSV_data_F07_240529_i-Lab検体20+50.csv,2_0046,0046,TAT5,46,17,7.5,81.2,7009.0
2,CSV_data_F07_240529_i-Lab検体20+50.csv,2_0046,0046,TAT5,46,17,7.5,90.0,7020.0
2,CSV_data_F07_240529_i-Lab検体20+50.csv,2_0046,0046,TAT5,46,17,7.5,99.2,7031.0
2,CSV_data_F07_240529_i-Lab検体20+50.csv,2_0046,0046,TAT5,46,17,7.5,108.0,7044.0
2,CSV_data_F07_240529_i-Lab検体20+50.csv,2_0046,0046,TAT5,46,17,7.5,117.2,7054.0
2,CSV_data_F07_240529_i-Lab検体20+50.csv,2_0046,0046,TAT5,46,17,7.5,126.0,7065.0
2,CSV_data_F07_240529_i-Lab検体20+50.csv,2_0046,0046,TAT5,46,17,7.5,135.2,7073.0
2,CSV_data_F07_240529_i-Lab検体20+50.csv,2_0046,0046,TAT5,46,17,7.5,144.0,7087.0
2,CSV_data_F07_240529_i-Lab検体20+50.csv,2_0046,0046,TAT5,46,17,7.5,153.2,7096.0
2,CSV_data_F07_240529_i-Lab検体20+50.csv,2_0046,0046,TAT5,46,17,7.5,162.0,7111.0
2,CSV_data_F07_240529_i-Lab検体20+50.csv,2_0046,0046,TAT5,46,17,7.5,171.2,7122.0
2,CSV_data_F07_240529_i-Lab検体20+50.csv,2_0046,0046,TAT5,46,17,7.5,180.0,7128.0
2,CSV_data_F07_240529_i-Lab検体20+50.csv,2_0046,0046,TAT6,47,18,0.1,0.0,9011.0
2,CSV_data_F07_240529_i-Lab検体20+50.csv,2_0046,0046,TAT6,47,18,0.1,9.2,8987.0
2,CSV_data_F07_240529_i-Lab検体20+50.csv,2_0046,0046,TAT6,47,18,0.1,18.0,8980.0
2,CSV_data_F07_240529_i-Lab検体20+50.csv,2_0046,0046,TAT6,47,18,0.1,27.2,9001.0
2,CSV_data_F07_240529_i-Lab検体20+50.csv,2_0046,0046,TAT6,47,18,0.1,36.0,9011.0
2,CSV_data_F07_240529_i-Lab検体20+50.csv,2_0046,0046,TAT6,47,18,0.1,45.2,9003.0
2,CSV_data_F07_240529_i-Lab検体20+50.csv,2_0046,0046,TAT6,47,18,0.1,54.0,9006.0
2,CSV_data_F07_240529_i-Lab検体20+50.csv,2_0046,0046,TAT6,47,18,0.1,63.2,9008.0
2,CSV_data_F07_240529_i-Lab検体20+50.csv,2_0046,0046,TAT6,47,18,0.1,72.0,9006.0
2,CSV_data_F07_240529_i-Lab検体20+50.csv,2_0046,0046,TAT6,47,18,0.1,81.2,9014.0
2,CSV_data_F07_240529_i-Lab検体20+50.csv,2_0046,0046,TAT6,47,18,0.1,90.0,9007.0
2,CSV_data_F07_240529_i-Lab検体20+50.csv,2_0046,0046,TAT6,47,18,0.1,99.2,9013.0
2,CSV_data_F07_240529_i-Lab検体20+50.csv,2_0046,0046,TAT6,47,18,0.1,108.0,9019.0
2,CSV_data_F07_240529_i-Lab検体20+50.csv,2_0046,0046,TAT6,47,18,0.1,117.2,9009.0
2,CSV_data_F07_240529_i-Lab検体20+50.csv,2_0046,0046,TAT6,47,18,0.1,126.0,9008.0
2,CSV_data_F07_240529_i-Lab検体20+50.csv,2_0046,0046,TAT6,47,18,0.1,135.2,9019.0
2,CSV_data_F07_240529_i-Lab検体20+50.csv,2_0046,0046,TAT6,47,18,0.1,144.0,9010.0
2,CSV_data_F07_240529_i-Lab検体20+50.csv,2_0046,0046,TAT6,47,18,0.1,153.2,9010.0
2,CSV_data_F07_240529_i-Lab検体20+50.csv,2_0046,0046,TAT6,47,18,0.1,162.0,9015.0
2,CSV_data_F07_240529_i-Lab検体20+50.csv,2_0046,0046,TAT6,47,18,0.1,171.2,9015.0
2,CSV_data_F07_240529_i-Lab検体20+50.csv,2_0046,0046,TAT6,47,18,0.1,180.0,9018.0
2,CSV_data_F07_240529_i-Lab検体20+50.csv,2_0047,0047,TAT206,41,19,15.9,0.0,10924.0
2,CSV_data_F07_240529_i-Lab検体20+50.csv,2_0047,0047,TAT206,41,19,15.9,9.2,10923.0
2,CSV_data_F07_240529_i-Lab検体20+50.csv,2_0047,0047,TAT206,41,19,15.9,18.0,10935.0
2,CSV_data_F07_240529_i-Lab検体20+50.csv,2_0047,0047,TAT206,41,19,15.9,27.2,10945.0
2,CSV_data_F07_240529_i-Lab検体20+50.csv,2_0047,0047,TAT206,41,19,15.9,36.0,10953.0
2,CSV_data_F07_240529_i-Lab検体20+50.csv,2_0047,0047,TAT206,41,19,15.9,45.2,10972.0
2,CSV_data_F07_240529_i-Lab検体20+50.csv,2_0047,0047,TAT206,41,19,15.9,54.0,10985.0
2,CSV_data_F07_240529_i-Lab検体20+50.csv,2_0047,0047,TAT206,41,19,15.9,63.2,11007.0
2,CSV_data_F07_240529_i-Lab検体20+50.csv,2_0047,0047,TAT206,41,19,15.9,72.0,11022.0
2,CSV_data_F07_240529_i-Lab検体20+50.csv,2_0047,0047,TAT206,41,19,15.9,81.2,11039.0
2,CSV_data_F07_240529_i-Lab検体20+50.csv,2_0047,0047,TAT206,41,19,15.9,90.0,11057.0
2,CSV_data_F07_240529_i-Lab検体20+50.csv,2_0047,0047,TAT206,41,19,15.9,99.2,11085.0
2,CSV_data_F07_240529_i-Lab検体20+50.csv,2_0047,0047,TAT206,41,19,15.9,108.0,11104.0
2,CSV_data_F07_240529_i-Lab検体20+50.csv,2_0047,0047,TAT206,41,19,15.9,117.2,11121.0
2,CSV_data_F07_240529_i-Lab検体20+50.csv,2_0047,0047,TAT206,41,19,15.9,126.0,11152.0
2,CSV_data_F07_240529_i-Lab検体20+50.csv,2_0047,0047,TAT206,41,19,15.9,135.2,11174.0
2,CSV_data_F07_240529_i-Lab検体20+50.csv,2_0047,0047,TAT206,41,19,15.9,144.0,11196.0
2,CSV_data_F07_240529_i-Lab検体20+50.csv,2_0047,0047,TAT206,41,19,15.9,153.2,11222.0
2,CSV_data_F07_240529_i-Lab検体20+50.csv,2_0047,0047,TAT206,41,19,15.9,162.0,11244.0
2,CSV_data_F07_240529_i-Lab検体20+50.csv,2_0047,0047,TAT206,41,19,15.9,171.2,11277.0
2,CSV_data_F07_240529_i-Lab検体20+50.csv,2_0047,0047,TAT206,41,19,15.9,180.0,11300.0
2,CSV_data_F07_240529_i-Lab検体20+50.csv,2_0047,0047,TAT1,42,20,19.1,0.0,10923.0
2,CSV_data_F07_240529_i-Lab検体20+50.csv,2_0047,0047,TAT1,42,20,19.1,9.2,10931.0
2,CSV_data_F07_240529_i-Lab検体20+50.csv,2_0047,0047,TAT1,42,20,19.1,18.0,10934.0
2,CSV_data_F07_240529_i-Lab検体20+50.csv,2_0047,0047,TAT1,42,20,19.1,27.2,10944.0
2,CSV_data_F07_240529_i-Lab検体20+50.csv,2_0047,0047,TAT1,42,20,19.1,36.0,10958.0
2,CSV_data_F07_240529_i-Lab検体20+50.csv,2_0047,0047,TAT1,42,20,19.1,45.2,10975.0
2,CSV_data_F07_240529_i-Lab検体20+50.csv,2_0047,0047,TAT1,42,20,19.1,54.0,10998.0
2,CSV_data_F07_240529_i-Lab検体20+50.csv,2_0047,0047,TAT1,42,20,19.1,63.2,11016.0
2,CSV_data_F07_240529_i-Lab検体20+50.csv,2_0047,0047,TAT1,42,20,19.1,72.0,11040.0
2,CSV_data_F07_240529_i-Lab検体20+50.csv,2_0047,0047,TAT1,42,20,19.1,81.2,11057.0
2,CSV_data_F07_240529_i-Lab検体20+50.csv,2_0047,0047,TAT1,42,20,19.1,90.0,11086.0
2,CSV_data_F07_240529_i-Lab検体20+50.csv,2_0047,0047,TAT1,42,20,19.1,99.2,11113.0
2,CSV_data_F07_240529_i-Lab検体20+50.csv,2_0047,0047,TAT1,42,20,19.1,108.0,11144.0
2,CSV_data_F07_240529_i-Lab検体20+50.csv,2_0047,0047,TAT1,42,20,19.1,117.2,11162.0
2,CSV_data_F07_240529_i-Lab検体20+50.csv,2_0047,0047,TAT1,42,20,19.1,126.0,11195.0
2,CSV_data_F07_240529_i-Lab検体20+50.csv,2_0047,0047,TAT1,42,20,19.1,135.2,11222.0
2,CSV_data_F07_240529_i-Lab検体20+50.csv,2_0047,0047,TAT1,42,20,19.1,144.0,11251.0
2,CSV_data_F07_240529_i-Lab検体20+50.csv,2_0047,0047,TAT1,42,20,19.1,153.2,11288.0
2,CSV_data_F07_240529_i-Lab検体20+50.csv,2_0047,0047,TAT1,42,20,19.1,162.0,11289.0
2,CSV_data_F07_240529_i-Lab検体20+50.csv,2_0047,0047,TAT1,42,20,19.1,171.2,11343.0
2,CSV_data_F07_240529_i-Lab検体20+50.csv,2_0047,0047,TAT1,42,20,19.1,180.0,11364.0
2,CSV_data_F07_240529_i-Lab検体20+50.csv,2_0047,0047,TAT3,44,15,11.4,0.0,10541.0
2,CSV_data_F07_240529_i-Lab検体20+50.csv,2_0047,0047,TAT3,44,15,11.4,9.2,10533.0
2,CSV_data_F07_240529_i-Lab検体20+50.csv,2_0047,0047,TAT3,44,15,11.4,18.0,10541.0
2,CSV_data_F07_240529_i-Lab検体20+50.csv,2_0047,0047,TAT3,44,15,11.4,27.2,10543.0
2,CSV_data_F07_240529_i-Lab検体20+50.csv,2_0047,0047,TAT3,44,15,11.4,36.0,10553.0
2,CSV_data_F07_240529_i-Lab検体20+50.csv,2_0047,0047,TAT3,44,15,11.4,45.2,10568.0
2,CSV_data_F07_240529_i-Lab検体20+50.csv,2_0047,0047,TAT3,44,15,11.4,54.0,10575.0
2,CSV_data_F07_240529_i-Lab検体20+50.csv,2_0047,0047,TAT3,44,15,11.4,63.2,10590.0
2,CSV_data_F07_240529_i-Lab検体20+50.csv,2_0047,0047,TAT3,44,15,11.4,72.0,10605.0
2,CSV_data_F07_240529_i-Lab検体20+50.csv,2_0047,0047,TAT3,44,15,11.4,81.2,10616.0
2,CSV_data_F07_240529_i-Lab検体20+50.csv,2_0047,0047,TAT3,44,15,11.4,90.0,10634.0
2,CSV_data_F07_240529_i-Lab検体20+50.csv,2_0047,0047,TAT3,44,15,11.4,99.2,10647.0
2,CSV_data_F07_240529_i-Lab検体20+50.csv,2_0047,0047,TAT3,44,15,11.4,108.0,10660.0
2,CSV_data_F07_240529_i-Lab検体20+50.csv,2_0047,0047,TAT3,44,15,11.4,117.2,10680.0
2,CSV_data_F07_240529_i-Lab検体20+50.csv,2_0047,0047,TAT3,44,15,11.4,126.0,10693.0
2,CSV_data_F07_240529_i-Lab検体20+50.csv,2_0047,0047,TAT3,44,15,11.4,135.2,10711.0
2,CSV_data_F07_240529_i-Lab検体20+50.csv,2_0047,0047,TAT3,44,15,11.4,144.0,10730.0
2,CSV_data_F07_240529_i-Lab検体20+50.csv,2_0047,0047,TAT3,44,15,11.4,153.2,10752.0
2,CSV_data_F07_240529_i-Lab検体20+50.csv,2_0047,0047,TAT3,44,15,11.4,162.0,10771.0
2,CSV_data_F07_240529_i-Lab検体20+50.csv,2_0047,0047,TAT3,44,15,11.4,171.2,10787.0
2,CSV_data_F07_240529_i-Lab検体20+50.csv,2_0047,0047,TAT3,44,15,11.4,180.0,10808.0
2,CSV_data_F07_240529_i-Lab検体20+50.csv,2_0047,0047,TAT5,46,16,2.9,0.0,6588.0
2,CSV_data_F07_240529_i-Lab検体20+50.csv,2_0047,0047,TAT5,46,16,2.9,9.2,6584.0
2,CSV_data_F07_240529_i-Lab検体20+50.csv,2_0047,0047,TAT5,46,16,2.9,18.0,6586.0
2,CSV_data_F07_240529_i-Lab検体20+50.csv,2_0047,0047,TAT5,46,16,2.9,27.2,6586.0
2,CSV_data_F07_240529_i-Lab検体20+50.csv,2_0047,0047,TAT5,46,16,2.9,36.0,6595.0
2,CSV_data_F07_240529_i-Lab検体20+50.csv,2_0047,0047,TAT5,46,16,2.9,45.2,6587.0
2,CSV_data_F07_240529_i-Lab検体20+50.csv,2_0047,0047,TAT5,46,16,2.9,54.0,6592.0
2,CSV_data_F07_240529_i-Lab検体20+50.csv,2_0047,0047,TAT5,46,16,2.9,63.2,6594.0
2,CSV_data_F07_240529_i-Lab検体20+50.csv,2_0047,0047,TAT5,46,16,2.9,72.0,6598.0
2,CSV_data_F07_240529_i-Lab検体20+50.csv,2_0047,0047,TAT5,46,16,2.9,81.2,6605.0
2,CSV_data_F07_240529_i-Lab検体20+50.csv,2_0047,0047,TAT5,46,16,2.9,90.0,6610.0
2,CSV_data_F07_240529_i-Lab検体20+50.csv,2_0047,0047,TAT5,46,16,2.9,99.2,6613.0
2,CSV_data_F07_240529_i-Lab検体20+50.csv,2_0047,0047,TAT5,46,16,2.9,108.0,6611.0
2,CSV_data_F07_240529_i-Lab検体20+50.csv,2_0047,0047,TAT5,46,16,2.9,117.2,6622.0
2,CSV_data_F07_240529_i-Lab検体20+50.csv,2_0047,0047,TAT5,46,16,2.9,126.0,6622.0
2,CSV_data_F07_240529_i-Lab検体20+50.csv,2_0047,0047,TAT5,46,16,2.9,135.2,6628.0
2,CSV_data_F07_240529_i-Lab検体20+50.csv,2_0047,0047,TAT5,46,16,2.9,144.0,6635.0
2,CSV_data_F07_240529_i-Lab検体20+50.csv,2_0047,0047,TAT5,46,16,2.9,153.2,6635.0
2,CSV_data_F07_240529_i-Lab検体20+50.csv,2_0047,0047,TAT5,46,16,2.9,162.0,6643.0
2,CSV_data_F07_240529_i-Lab検体20+50.csv,2_0047,0047,TAT5,46,16,2.9,171.2,6649.0
2,CSV_data_F07_240529_i-Lab検体20+50.csv,2_0047,0047,TAT5,46,16,2.9,180.0,6653.0
2,CSV_data_F07_240529_i-Lab検体20+50.csv,2_0047,0047,TAT6,47,17,-1.5,0.0,8595.0
2,CSV_data_F07_240529_i-Lab検体20+50.csv,2_0047,0047,TAT6,47,17,-1.5,9.2,8578.0
2,CSV_data_F07_240529_i-Lab検体20+50.csv,2_0047,0047,TAT6,47,17,-1.5,18.0,8583.0
2,CSV_data_F07_240529_i-Lab検体20+50.csv,2_0047,0047,TAT6,47,17,-1.5,27.2,8570.0
2,CSV_data_F07_240529_i-Lab検体20+50.csv,2_0047,0047,TAT6,47,17,-1.5,36.0,8569.0
2,CSV_data_F07_240529_i-Lab検体20+50.csv,2_0047,0047,TAT6,47,17,-1.5,45.2,8568.0
2,CSV_data_F07_240529_i-Lab検体20+50.csv,2_0047,0047,TAT6,47,17,-1.5,54.0,8573.0
2,CSV_data_F07_240529_i-Lab検体20+50.csv,2_0047,0047,TAT6,47,17,-1.5,63.2,8576.0
2,CSV_data_F07_240529_i-Lab検体20+50.csv,2_0047,0047,TAT6,47,17,-1.5,72.0,8578.0
2,CSV_data_F07_240529_i-Lab検体20+50.csv,2_0047,0047,TAT6,47,17,-1.5,81.2,8582.0
2,CSV_data_F07_240529_i-Lab検体20+50.csv,2_0047,0047,TAT6,47,17,-1.5,90.0,8586.0
2,CSV_data_F07_240529_i-Lab検体20+50.csv,2_0047,0047,TAT6,47,17,-1.5,99.2,8586.0
2,CSV_data_F07_240529_i-Lab検体20+50.csv,2_0047,0047,TAT6,47,17,-1.5,108.0,8587.0
2,CSV_data_F07_240529_i-Lab検体20+50.csv,2_0047,0047,TAT6,47,17,-1.5,117.2,8585.0
2,CSV_data_F07_240529_i-Lab検体20+50.csv,2_0047,0047,TAT6,47,17,-1.5,126.0,8578.0
2,CSV_data_F07_240529_i-Lab検体20+50.csv,2_0047,0047,TAT6,47,17,-1.5,135.2,8574.0
2,CSV_data_F07_240529_i-Lab検体20+50.csv,2_0047,0047,TAT6,47,17,-1.5,144.0,8569.0
2,CSV_data_F07_240529_i-Lab検体20+50.csv,2_0047,0047,TAT6,47,17,-1.5,153.2,8562.0
2,CSV_data_F07_240529_i-Lab検体20+50.csv,2_0047,0047,TAT6,47,17,-1.5,162.0,8554.0
2,CSV_data_F07_240529_i-Lab検体20+50.csv,2_0047,0047,TAT6,47,17,-1.5,171.2,8560.0
2,CSV_data_F07_240529_i-Lab検体20+50.csv,2_0047,0047,TAT6,47,17,-1.5,180.0,8553.0
2,CSV_data_F07_240529_i-Lab検体20+50.csv,2_0048,0048,TAT206,41,18,14.9,0.0,11107.0
2,CSV_data_F07_240529_i-Lab検体20+50.csv,2_0048,0048,TAT206,41,18,14.9,9.2,11127.0
2,CSV_data_F07_240529_i-Lab検体20+50.csv,2_0048,0048,TAT206,41,18,14.9,18.0,11145.0
2,CSV_data_F07_240529_i-Lab検体20+50.csv,2_0048,0048,TAT206,41,18,14.9,27.2,11169.0
2,CSV_data_F07_240529_i-Lab検体20+50.csv,2_0048,0048,TAT206,41,18,14.9,36.0,11180.0
2,CSV_data_F07_240529_i-Lab検体20+50.csv,2_0048,0048,TAT206,41,18,14.9,45.2,11191.0
2,CSV_data_F07_240529_i-Lab検体20+50.csv,2_0048,0048,TAT206,41,18,14.9,54.0,11198.0
2,CSV_data_F07_240529_i-Lab検体20+50.csv,2_0048,0048,TAT206,41,18,14.9,63.2,11233.0
2,CSV_data_F07_240529_i-Lab検体20+50.csv,2_0048,0048,TAT206,41,18,14.9,72.0,11244.0
2,CSV_data_F07_240529_i-Lab検体20+50.csv,2_0048,0048,TAT206,41,18,14.9,81.2,11256.0
2,CSV_data_F07_240529_i-Lab検体20+50.csv,2_0048,0048,TAT206,41,18,14.9,90.0,11283.0
2,CSV_data_F07_240529_i-Lab検体20+50.csv,2_0048,0048,TAT206,41,18,14.9,99.2,11305.0
2,CSV_data_F07_240529_i-Lab検体20+50.csv,2_0048,0048,TAT206,41,18,14.9,108.0,11328.0
2,CSV_data_F07_240529_i-Lab検体20+50.csv,2_0048,0048,TAT206,41,18,14.9,117.2,11347.0
2,CSV_data_F07_240529_i-Lab検体20+50.csv,2_0048,0048,TAT206,41,18,14.9,126.0,11372.0
2,CSV_data_F07_240529_i-Lab検体20+50.csv,2_0048,0048,TAT206,41,18,14.9,135.2,11386.0
2,CSV_data_F07_240529_i-Lab検体20+50.csv,2_0048,0048,TAT206,41,18,14.9,144.0,11412.0
2,CSV_data_F07_240529_i-Lab検体20+50.csv,2_0048,0048,TAT206,41,18,14.9,153.2,11435.0
2,CSV_data_F07_240529_i-Lab検体20+50.csv,2_0048,0048,TAT206,41,18,14.9,162.0,11455.0
2,CSV_data_F07_240529_i-Lab検体20+50.csv,2_0048,0048,TAT206,41,18,14.9,171.2,11480.0
2,CSV_data_F07_240529_i-Lab検体20+50.csv,2_0048,0048,TAT206,41,18,14.9,180.0,11498.0
2,CSV_data_F07_240529_i-Lab検体20+50.csv,2_0048,0048,TAT1,42,19,18.2,0.0,11132.0
2,CSV_data_F07_240529_i-Lab検体20+50.csv,2_0048,0048,TAT1,42,19,18.2,9.2,11146.0
2,CSV_data_F07_240529_i-Lab検体20+50.csv,2_0048,0048,TAT1,42,19,18.2,18.0,11171.0
2,CSV_data_F07_240529_i-Lab検体20+50.csv,2_0048,0048,TAT1,42,19,18.2,27.2,11187.0
2,CSV_data_F07_240529_i-Lab検体20+50.csv,2_0048,0048,TAT1,42,19,18.2,36.0,11205.0
2,CSV_data_F07_240529_i-Lab検体20+50.csv,2_0048,0048,TAT1,42,19,18.2,45.2,11228.0
2,CSV_data_F07_240529_i-Lab検体20+50.csv,2_0048,0048,TAT1,42,19,18.2,54.0,11245.0
2,CSV_data_F07_240529_i-Lab検体20+50.csv,2_0048,0048,TAT1,42,19,18.2,63.2,11279.0
2,CSV_data_F07_240529_i-Lab検体20+50.csv,2_0048,0048,TAT1,42,19,18.2,72.0,11298.0
2,CSV_data_F07_240529_i-Lab検体20+50.csv,2_0048,0048,TAT1,42,19,18.2,81.2,11322.0
2,CSV_data_F07_240529_i-Lab検体20+50.csv,2_0048,0048,TAT1,42,19,18.2,90.0,11351.0
2,CSV_data_F07_240529_i-Lab検体20+50.csv,2_0048,0048,TAT1,42,19,18.2,99.2,11373.0
2,CSV_data_F07_240529_i-Lab検体20+50.csv,2_0048,0048,TAT1,42,19,18.2,108.0,11400.0
2,CSV_data_F07_240529_i-Lab検体20+50.csv,2_0048,0048,TAT1,42,19,18.2,117.2,11428.0
2,CSV_data_F07_240529_i-Lab検体20+50.csv,2_0048,0048,TAT1,42,19,18.2,126.0,11451.0
2,CSV_data_F07_240529_i-Lab検体20+50.csv,2_0048,0048,TAT1,42,19,18.2,135.2,11478.0
2,CSV_data_F07_240529_i-Lab検体20+50.csv,2_0048,0048,TAT1,42,19,18.2,144.0,11507.0
2,CSV_data_F07_240529_i-Lab検体20+50.csv,2_0048,0048,TAT1,42,19,18.2,153.2,11536.0
2,CSV_data_F07_240529_i-Lab検体20+50.csv,2_0048,0048,TAT1,42,19,18.2,162.0,11568.0
2,CSV_data_F07_240529_i-Lab検体20+50.csv,2_0048,0048,TAT1,42,19,18.2,171.2,11595.0
2,CSV_data_F07_240529_i-Lab検体20+50.csv,2_0048,0048,TAT1,42,19,18.2,180.0,11623.0
2,CSV_data_F07_240529_i-Lab検体20+50.csv,2_0048,0048,TAT3,44,20,12.5,0.0,11091.0
2,CSV_data_F07_240529_i-Lab検体20+50.csv,2_0048,0048,TAT3,44,20,12.5,9.2,11097.0
2,CSV_data_F07_240529_i-Lab検体20+50.csv,2_0048,0048,TAT3,44,20,12.5,18.0,11110.0
2,CSV_data_F07_240529_i-Lab検体20+50.csv,2_0048,0048,TAT3,44,20,12.5,27.2,11119.0
2,CSV_data_F07_240529_i-Lab検体20+50.csv,2_0048,0048,TAT3,44,20,12.5,36.0,11135.0
2,CSV_data_F07_240529_i-Lab検体20+50.csv,2_0048,0048,TAT3,44,20,12.5,45.2,11144.0
2,CSV_data_F07_240529_i-Lab検体20+50.csv,2_0048,0048,TAT3,44,20,12.5,54.0,11162.0
2,CSV_data_F07_240529_i-Lab検体20+50.csv,2_0048,0048,TAT3,44,20,12.5,63.2,11182.0
2,CSV_data_F07_240529_i-Lab検体20+50.csv,2_0048,0048,TAT3,44,20,12.5,72.0,11189.0
2,CSV_data_F07_240529_i-Lab検体20+50.csv,2_0048,0048,TAT3,44,20,12.5,81.2,11205.0
2,CSV_data_F07_240529_i-Lab検体20+50.csv,2_0048,0048,TAT3,44,20,12.5,90.0,11228.0
2,CSV_data_F07_240529_i-Lab検体20+50.csv,2_0048,0048,TAT3,44,20,12.5,99.2,11247.0
2,CSV_data_F07_240529_i-Lab検体20+50.csv,2_0048,0048,TAT3,44,20,12.5,108.0,11267.0
2,CSV_data_F07_240529_i-Lab検体20+50.csv,2_0048,0048,TAT3,44,20,12.5,117.2,11281.0
2,CSV_data_F07_240529_i-Lab検体20+50.csv,2_0048,0048,TAT3,44,20,12.5,126.0,11302.0
2,CSV_data_F07_240529_i-Lab検体20+50.csv,2_0048,0048,TAT3,44,20,12.5,135.2,11321.0
2,CSV_data_F07_240529_i-Lab検体20+50.csv,2_0048,0048,TAT3,44,20,12.5,144.0,11332.0
2,CSV_data_F07_240529_i-Lab検体20+50.csv,2_0048,0048,TAT3,44,20,12.5,153.2,11351.0
2,CSV_data_F07_240529_i-Lab検体20+50.csv,2_0048,0048,TAT3,44,20,12.5,162.0,11373.0
2,CSV_data_F07_240529_i-Lab検体20+50.csv,2_0048,0048,TAT3,44,20,12.5,171.2,11393.0
2,CSV_data_F07_240529_i-Lab検体20+50.csv,2_0048,0048,TAT3,44,20,12.5,180.0,11414.0
2,CSV_data_F07_240529_i-Lab検体20+50.csv,2_0048,0048,TAT5,46,15,5.3,0.0,6967.0
2,CSV_data_F07_240529_i-Lab検体20+50.csv,2_0048,0048,TAT5,46,15,5.3,9.2,6983.0
2,CSV_data_F07_240529_i-Lab検体20+50.csv,2_0048,0048,TAT5,46,15,5.3,18.0,6981.0
2,CSV_data_F07_240529_i-Lab検体20+50.csv,2_0048,0048,TAT5,46,15,5.3,27.2,6989.0
2,CSV_data_F07_240529_i-Lab検体20+50.csv,2_0048,0048,TAT5,46,15,5.3,36.0,6997.0
2,CSV_data_F07_240529_i-Lab検体20+50.csv,2_0048,0048,TAT5,46,15,5.3,45.2,7006.0
2,CSV_data_F07_240529_i-Lab検体20+50.csv,2_0048,0048,TAT5,46,15,5.3,54.0,7012.0
2,CSV_data_F07_240529_i-Lab検体20+50.csv,2_0048,0048,TAT5,46,15,5.3,63.2,7027.0
2,CSV_data_F07_240529_i-Lab検体20+50.csv,2_0048,0048,TAT5,46,15,5.3,72.0,7034.0
2,CSV_data_F07_240529_i-Lab検体20+50.csv,2_0048,0048,TAT5,46,15,5.3,81.2,7043.0
2,CSV_data_F07_240529_i-Lab検体20+50.csv,2_0048,0048,TAT5,46,15,5.3,90.0,7055.0
2,CSV_data_F07_240529_i-Lab検体20+50.csv,2_0048,0048,TAT5,46,15,5.3,99.2,7054.0
2,CSV_data_F07_240529_i-Lab検体20+50.csv,2_0048,0048,TAT5,46,15,5.3,108.0,7067.0
2,CSV_data_F07_240529_i-Lab検体20+50.csv,2_0048,0048,TAT5,46,15,5.3,117.2,7073.0
2,CSV_data_F07_240529_i-Lab検体20+50.csv,2_0048,0048,TAT5,46,15,5.3,126.0,7082.0
2,CSV_data_F07_240529_i-Lab検体20+50.csv,2_0048,0048,TAT5,46,15,5.3,135.2,7088.0
2,CSV_data_F07_240529_i-Lab検体20+50.csv,2_0048,0048,TAT5,46,15,5.3,144.0,7102.0
2,CSV_data_F07_240529_i-Lab検体20+50.csv,2_0048,0048,TAT5,46,15,5.3,153.2,7108.0
2,CSV_data_F07_240529_i-Lab検体20+50.csv,2_0048,0048,TAT5,46,15,5.3,162.0,7112.0
2,CSV_data_F07_240529_i-Lab検体20+50.csv,2_0048,0048,TAT5,46,15,5.3,171.2,7122.0
2,CSV_data_F07_240529_i-Lab検体20+50.csv,2_0048,0048,TAT5,46,15,5.3,180.0,7126.0
2,CSV_data_F07_240529_i-Lab検体20+50.csv,2_0048,0048,TAT6,47,16,0.9,0.0,8989.0
2,CSV_data_F07_240529_i-Lab検体20+50.csv,2_0048,0048,TAT6,47,16,0.9,9.2,8969.0
2,CSV_data_F07_240529_i-Lab検体20+50.csv,2_0048,0048,TAT6,47,16,0.9,18.0,8969.0
2,CSV_data_F07_240529_i-Lab検体20+50.csv,2_0048,0048,TAT6,47,16,0.9,27.2,8966.0
2,CSV_data_F07_240529_i-Lab検体20+50.csv,2_0048,0048,TAT6,47,16,0.9,36.0,8969.0
2,CSV_data_F07_240529_i-Lab検体20+50.csv,2_0048,0048,TAT6,47,16,0.9,45.2,8972.0
2,CSV_data_F07_240529_i-Lab検体20+50.csv,2_0048,0048,TAT6,47,16,0.9,54.0,8973.0
2,CSV_data_F07_240529_i-Lab検体20+50.csv,2_0048,0048,TAT6,47,16,0.9,63.2,8976.0
2,CSV_data_F07_240529_i-Lab検体20+50.csv,2_0048,0048,TAT6,47,16,0.9,72.0,8980.0
2,CSV_data_F07_240529_i-Lab検体20+50.csv,2_0048,0048,TAT6,47,16,0.9,81.2,8981.0
2,CSV_data_F07_240529_i-Lab検体20+50.csv,2_0048,0048,TAT6,47,16,0.9,90.0,8980.0
2,CSV_data_F07_240529_i-Lab検体20+50.csv,2_0048,0048,TAT6,47,16,0.9,99.2,8986.0
2,CSV_data_F07_240529_i-Lab検体20+50.csv,2_0048,0048,TAT6,47,16,0.9,108.0,8986.0
2,CSV_data_F07_240529_i-Lab検体20+50.csv,2_0048,0048,TAT6,47,16,0.9,117.2,8992.0
2,CSV_data_F07_240529_i-Lab検体20+50.csv,2_0048,0048,TAT6,47,16,0.9,126.0,8988.0
2,CSV_data_F07_240529_i-Lab検体20+50.csv,2_0048,0048,TAT6,47,16,0.9,135.2,8996.0
2,CSV_data_F07_240529_i-Lab検体20+50.csv,2_0048,0048,TAT6,47,16,0.9,144.0,8994.0
2,CSV_data_F07_240529_i-Lab検体20+50.csv,2_0048,0048,TAT6,47,16,0.9,153.2,8996.0
2,CSV_data_F07_240529_i-Lab検体20+50.csv,2_0048,0048,TAT6,47,16,0.9,162.0,8998.0
2,CSV_data_F07_240529_i-Lab検体20+50.csv,2_0048,0048,TAT6,47,16,0.9,171.2,8995.0
2,CSV_data_F07_240529_i-Lab検体20+50.csv,2_0048,0048,TAT6,47,16,0.9,180.0,8998.0
2,CSV_data_F07_240529_i-Lab検体20+50.csv,2_0049,0049,TAT206,41,17,38.5,0.0,10816.0
2,CSV_data_F07_240529_i-Lab検体20+50.csv,2_0049,0049,TAT206,41,17,38.5,9.2,10800.0
2,CSV_data_F07_240529_i-Lab検体20+50.csv,2_0049,0049,TAT206,41,17,38.5,18.0,10822.0
2,CSV_data_F07_240529_i-Lab検体20+50.csv,2_0049,0049,TAT206,41,17,38.5,27.2,10845.0
2,CSV_data_F07_240529_i-Lab検体20+50.csv,2_0049,0049,TAT206,41,17,38.5,36.0,10883.0
2,CSV_data_F07_240529_i-Lab検体20+50.csv,2_0049,0049,TAT206,41,17,38.5,45.2,10915.0
2,CSV_data_F07_240529_i-Lab検体20+50.csv,2_0049,0049,TAT206,41,17,38.5,54.0,10960.0
2,CSV_data_F07_240529_i-Lab検体20+50.csv,2_0049,0049,TAT206,41,17,38.5,63.2,11003.0
2,CSV_data_F07_240529_i-Lab検体20+50.csv,2_0049,0049,TAT206,41,17,38.5,72.0,11056.0
2,CSV_data_F07_240529_i-Lab検体20+50.csv,2_0049,0049,TAT206,41,17,38.5,81.2,11105.0
2,CSV_data_F07_240529_i-Lab検体20+50.csv,2_0049,0049,TAT206,41,17,38.5,90.0,11159.0
2,CSV_data_F07_240529_i-Lab検体20+50.csv,2_0049,0049,TAT206,41,17,38.5,99.2,11211.0
2,CSV_data_F07_240529_i-Lab検体20+50.csv,2_0049,0049,TAT206,41,17,38.5,108.0,11268.0
2,CSV_data_F07_240529_i-Lab検体20+50.csv,2_0049,0049,TAT206,41,17,38.5,117.2,11325.0
2,CSV_data_F07_240529_i-Lab検体20+50.csv,2_0049,0049,TAT206,41,17,38.5,126.0,11383.0
2,CSV_data_F07_240529_i-Lab検体20+50.csv,2_0049,0049,TAT206,41,17,38.5,135.2,11447.0
2,CSV_data_F07_240529_i-Lab検体20+50.csv,2_0049,0049,TAT206,41,17,38.5,144.0,11503.0
2,CSV_data_F07_240529_i-Lab検体20+50.csv,2_0049,0049,TAT206,41,17,38.5,153.2,11570.0
2,CSV_data_F07_240529_i-Lab検体20+50.csv,2_0049,0049,TAT206,41,17,38.5,162.0,11622.0
2,CSV_data_F07_240529_i-Lab検体20+50.csv,2_0049,0049,TAT206,41,17,38.5,171.2,11683.0
2,CSV_data_F07_240529_i-Lab検体20+50.csv,2_0049,0049,TAT206,41,17,38.5,180.0,11745.0
2,CSV_data_F07_240529_i-Lab検体20+50.csv,2_0049,0049,TAT1,42,18,41.5,0.0,10828.0
2,CSV_data_F07_240529_i-Lab検体20+50.csv,2_0049,0049,TAT1,42,18,41.5,9.2,10857.0
2,CSV_data_F07_240529_i-Lab検体20+50.csv,2_0049,0049,TAT1,42,18,41.5,18.0,10864.0
2,CSV_data_F07_240529_i-Lab検体20+50.csv,2_0049,0049,TAT1,42,18,41.5,27.2,10901.0
2,CSV_data_F07_240529_i-Lab検体20+50.csv,2_0049,0049,TAT1,42,18,41.5,36.0,10937.0
2,CSV_data_F07_240529_i-Lab検体20+50.csv,2_0049,0049,TAT1,42,18,41.5,45.2,10983.0
2,CSV_data_F07_240529_i-Lab検体20+50.csv,2_0049,0049,TAT1,42,18,41.5,54.0,11033.0
2,CSV_data_F07_240529_i-Lab検体20+50.csv,2_0049,0049,TAT1,42,18,41.5,63.2,11081.0
2,CSV_data_F07_240529_i-Lab検体20+50.csv,2_0049,0049,TAT1,42,18,41.5,72.0,11136.0
2,CSV_data_F07_240529_i-Lab検体20+50.csv,2_0049,0049,TAT1,42,18,41.5,81.2,11199.0
2,CSV_data_F07_240529_i-Lab検体20+50.csv,2_0049,0049,TAT1,42,18,41.5,90.0,11257.0
2,CSV_data_F07_240529_i-Lab検体20+50.csv,2_0049,0049,TAT1,42,18,41.5,99.2,11314.0
2,CSV_data_F07_240529_i-Lab検体20+50.csv,2_0049,0049,TAT1,42,18,41.5,108.0,11376.0
2,CSV_data_F07_240529_i-Lab検体20+50.csv,2_0049,0049,TAT1,42,18,41.5,117.2,11441.0
2,CSV_data_F07_240529_i-Lab検体20+50.csv,2_0049,0049,TAT1,42,18,41.5,126.0,11501.0
2,CSV_data_F07_240529_i-Lab検体20+50.csv,2_0049,0049,TAT1,42,18,41.5,135.2,11570.0
2,CSV_data_F07_240529_i-Lab検体20+50.csv,2_0049,0049,TAT1,42,18,41.5,144.0,11633.0
2,CSV_data_F07_240529_i-Lab検体20+50.csv,2_0049,0049,TAT1,42,18,41.5,153.2,11693.0
2,CSV_data_F07_240529_i-Lab検体20+50.csv,2_0049,0049,TAT1,42,18,41.5,162.0,11757.0
2,CSV_data_F07_240529_i-Lab検体20+50.csv,2_0049,0049,TAT1,42,18,41.5,171.2,11822.0
2,CSV_data_F07_240529_i-Lab検体20+50.csv,2_0049,0049,TAT1,42,18,41.5,180.0,11885.0
2,CSV_data_F07_240529_i-Lab検体20+50.csv,2_0049,0049,TAT3,44,19,27.1,0.0,10691.0
2,CSV_data_F07_240529_i-Lab検体20+50.csv,2_0049,0049,TAT3,44,19,27.1,9.2,10699.0
2,CSV_data_F07_240529_i-Lab検体20+50.csv,2_0049,0049,TAT3,44,19,27.1,18.0,10717.0
2,CSV_data_F07_240529_i-Lab検体20+50.csv,2_0049,0049,TAT3,44,19,27.1,27.2,10731.0
2,CSV_data_F07_240529_i-Lab検体20+50.csv,2_0049,0049,TAT3,44,19,27.1,36.0,10755.0
2,CSV_data_F07_240529_i-Lab検体20+50.csv,2_0049,0049,TAT3,44,19,27.1,45.2,10781.0
2,CSV_data_F07_240529_i-Lab検体20+50.csv,2_0049,0049,TAT3,44,19,27.1,54.0,10810.0
2,CSV_data_F07_240529_i-Lab検体20+50.csv,2_0049,0049,TAT3,44,19,27.1,63.2,10839.0
2,CSV_data_F07_240529_i-Lab検体20+50.csv,2_0049,0049,TAT3,44,19,27.1,72.0,10866.0
2,CSV_data_F07_240529_i-Lab検体20+50.csv,2_0049,0049,TAT3,44,19,27.1,81.2,10899.0
2,CSV_data_F07_240529_i-Lab検体20+50.csv,2_0049,0049,TAT3,44,19,27.1,90.0,10933.0
2,CSV_data_F07_240529_i-Lab検体20+50.csv,2_0049,0049,TAT3,44,19,27.1,99.2,10974.0
2,CSV_data_F07_240529_i-Lab検体20+50.csv,2_0049,0049,TAT3,44,19,27.1,108.0,11009.0
2,CSV_data_F07_240529_i-Lab検体20+50.csv,2_0049,0049,TAT3,44,19,27.1,117.2,11050.0
2,CSV_data_F07_240529_i-Lab検体20+50.csv,2_0049,0049,TAT3,44,19,27.1,126.0,11089.0
2,CSV_data_F07_240529_i-Lab検体20+50.csv,2_0049,0049,TAT3,44,19,27.1,135.2,11127.0
2,CSV_data_F07_240529_i-Lab検体20+50.csv,2_0049,0049,TAT3,44,19,27.1,144.0,11170.0
2,CSV_data_F07_240529_i-Lab検体20+50.csv,2_0049,0049,TAT3,44,19,27.1,153.2,11214.0
2,CSV_data_F07_240529_i-Lab検体20+50.csv,2_0049,0049,TAT3,44,19,27.1,162.0,11254.0
2,CSV_data_F07_240529_i-Lab検体20+50.csv,2_0049,0049,TAT3,44,19,27.1,171.2,11305.0
2,CSV_data_F07_240529_i-Lab検体20+50.csv,2_0049,0049,TAT3,44,19,27.1,180.0,11346.0
2,CSV_data_F07_240529_i-Lab検体20+50.csv,2_0049,0049,TAT5,46,20,2.7,0.0,6780.0
2,CSV_data_F07_240529_i-Lab検体20+50.csv,2_0049,0049,TAT5,46,20,2.7,9.2,6778.0
2,CSV_data_F07_240529_i-Lab検体20+50.csv,2_0049,0049,TAT5,46,20,2.7,18.0,6781.0
2,CSV_data_F07_240529_i-Lab検体20+50.csv,2_0049,0049,TAT5,46,20,2.7,27.2,6786.0
2,CSV_data_F07_240529_i-Lab検体20+50.csv,2_0049,0049,TAT5,46,20,2.7,36.0,6789.0
2,CSV_data_F07_240529_i-Lab検体20+50.csv,2_0049,0049,TAT5,46,20,2.7,45.2,6793.0
2,CSV_data_F07_240529_i-Lab検体20+50.csv,2_0049,0049,TAT5,46,20,2.7,54.0,6795.0
2,CSV_data_F07_240529_i-Lab検体20+50.csv,2_0049,0049,TAT5,46,20,2.7,63.2,6797.0
2,CSV_data_F07_240529_i-Lab検体20+50.csv,2_0049,0049,TAT5,46,20,2.7,72.0,6804.0
2,CSV_data_F07_240529_i-Lab検体20+50.csv,2_0049,0049,TAT5,46,20,2.7,81.2,6809.0
2,CSV_data_F07_240529_i-Lab検体20+50.csv,2_0049,0049,TAT5,46,20,2.7,90.0,6809.0
2,CSV_data_F07_240529_i-Lab検体20+50.csv,2_0049,0049,TAT5,46,20,2.7,99.2,6817.0
2,CSV_data_F07_240529_i-Lab検体20+50.csv,2_0049,0049,TAT5,46,20,2.7,108.0,6818.0
2,CSV_data_F07_240529_i-Lab検体20+50.csv,2_0049,0049,TAT5,46,20,2.7,117.2,6830.0
2,CSV_data_F07_240529_i-Lab検体20+50.csv,2_0049,0049,TAT5,46,20,2.7,126.0,6832.0
2,CSV_data_F07_240529_i-Lab検体20+50.csv,2_0049,0049,TAT5,46,20,2.7,135.2,6834.0
2,CSV_data_F07_240529_i-Lab検体20+50.csv,2_0049,0049,TAT5,46,20,2.7,144.0,6839.0
2,CSV_data_F07_240529_i-Lab検体20+50.csv,2_0049,0049,TAT5,46,20,2.7,153.2,6838.0
2,CSV_data_F07_240529_i-Lab検体20+50.csv,2_0049,0049,TAT5,46,20,2.7,162.0,6846.0
2,CSV_data_F07_240529_i-Lab検体20+50.csv,2_0049,0049,TAT5,46,20,2.7,171.2,6850.0
2,CSV_data_F07_240529_i-Lab検体20+50.csv,2_0049,0049,TAT5,46,20,2.7,180.0,6853.0
2,CSV_data_F07_240529_i-Lab検体20+50.csv,2_0049,0049,TAT6,47,15,1.6,0.0,8816.0
2,CSV_data_F07_240529_i-Lab検体20+50.csv,2_0049,0049,TAT6,47,15,1.6,9.2,8804.0
2,CSV_data_F07_240529_i-Lab検体20+50.csv,2_0049,0049,TAT6,47,15,1.6,18.0,8803.0
2,CSV_data_F07_240529_i-Lab検体20+50.csv,2_0049,0049,TAT6,47,15,1.6,27.2,8800.0
2,CSV_data_F07_240529_i-Lab検体20+50.csv,2_0049,0049,TAT6,47,15,1.6,36.0,8805.0
2,CSV_data_F07_240529_i-Lab検体20+50.csv,2_0049,0049,TAT6,47,15,1.6,45.2,8803.0
2,CSV_data_F07_240529_i-Lab検体20+50.csv,2_0049,0049,TAT6,47,15,1.6,54.0,8804.0
2,CSV_data_F07_240529_i-Lab検体20+50.csv,2_0049,0049,TAT6,47,15,1.6,63.2,8815.0
2,CSV_data_F07_240529_i-Lab検体20+50.csv,2_0049,0049,TAT6,47,15,1.6,72.0,8814.0
2,CSV_data_F07_240529_i-Lab検体20+50.csv,2_0049,0049,TAT6,47,15,1.6,81.2,8812.0
2,CSV_data_F07_240529_i-Lab検体20+50.csv,2_0049,0049,TAT6,47,15,1.6,90.0,8815.0
2,CSV_data_F07_240529_i-Lab検体20+50.csv,2_0049,0049,TAT6,47,15,1.6,99.2,8822.0
2,CSV_data_F07_240529_i-Lab検体20+50.csv,2_0049,0049,TAT6,47,15,1.6,108.0,8825.0
2,CSV_data_F07_240529_i-Lab検体20+50.csv,2_0049,0049,TAT6,47,15,1.6,117.2,8822.0
2,CSV_data_F07_240529_i-Lab検体20+50.csv,2_0049,0049,TAT6,47,15,1.6,126.0,8833.0
2,CSV_data_F07_240529_i-Lab検体20+50.csv,2_0049,0049,TAT6,47,15,1.6,135.2,8834.0
2,CSV_data_F07_240529_i-Lab検体20+50.csv,2_0049,0049,TAT6,47,15,1.6,144.0,8833.0
2,CSV_data_F07_240529_i-Lab検体20+50.csv,2_0049,0049,TAT6,47,15,1.6,153.2,8831.0
2,CSV_data_F07_240529_i-Lab検体20+50.csv,2_0049,0049,TAT6,47,15,1.6,162.0,8844.0
2,CSV_data_F07_240529_i-Lab検体20+50.csv,2_0049,0049,TAT6,47,15,1.6,171.2,8836.0
2,CSV_data_F07_240529_i-Lab検体20+50.csv,2_0049,0049,TAT6,47,15,1.6,180.0,8837.0
2,CSV_data_F07_240529_i-Lab検体20+50.csv,2_0050,0050,TAT206,41,16,24.7,0.0,11075.0
2,CSV_data_F07_240529_i-Lab検体20+50.csv,2_0050,0050,TAT206,41,16,24.7,9.2,11090.0
2,CSV_data_F07_240529_i-Lab検体20+50.csv,2_0050,0050,TAT206,41,16,24.7,18.0,11102.0
2,CSV_data_F07_240529_i-Lab検体20+50.csv,2_0050,0050,TAT206,41,16,24.7,27.2,11126.0
2,CSV_data_F07_240529_i-Lab検体20+50.csv,2_0050,0050,TAT206,41,16,24.7,36.0,11146.0
2,CSV_data_F07_240529_i-Lab検体20+50.csv,2_0050,0050,TAT206,41,16,24.7,45.2,11173.0
2,CSV_data_F07_240529_i-Lab検体20+50.csv,2_0050,0050,TAT206,41,16,24.7,54.0,11196.0
2,CSV_data_F07_240529_i-Lab検体20+50.csv,2_0050,0050,TAT206,41,16,24.7,63.2,11229.0
2,CSV_data_F07_240529_i-Lab検体20+50.csv,2_0050,0050,TAT206,41,16,24.7,72.0,11261.0
2,CSV_data_F07_240529_i-Lab検体20+50.csv,2_0050,0050,TAT206,41,16,24.7,81.2,11290.0
2,CSV_data_F07_240529_i-Lab検体20+50.csv,2_0050,0050,TAT206,41,16,24.7,90.0,11330.0
2,CSV_data_F07_240529_i-Lab検体20+50.csv,2_0050,0050,TAT206,41,16,24.7,99.2,11364.0
2,CSV_data_F07_240529_i-Lab検体20+50.csv,2_0050,0050,TAT206,41,16,24.7,108.0,11395.0
2,CSV_data_F07_240529_i-Lab検体20+50.csv,2_0050,0050,TAT206,41,16,24.7,117.2,11435.0
2,CSV_data_F07_240529_i-Lab検体20+50.csv,2_0050,0050,TAT206,41,16,24.7,126.0,11469.0
2,CSV_data_F07_240529_i-Lab検体20+50.csv,2_0050,0050,TAT206,41,16,24.7,135.2,11507.0
2,CSV_data_F07_240529_i-Lab検体20+50.csv,2_0050,0050,TAT206,41,16,24.7,144.0,11548.0
2,CSV_data_F07_240529_i-Lab検体20+50.csv,2_0050,0050,TAT206,41,16,24.7,153.2,11585.0
2,CSV_data_F07_240529_i-Lab検体20+50.csv,2_0050,0050,TAT206,41,16,24.7,162.0,11624.0
2,CSV_data_F07_240529_i-Lab検体20+50.csv,2_0050,0050,TAT206,41,16,24.7,171.2,11661.0
2,CSV_data_F07_240529_i-Lab検体20+50.csv,2_0050,0050,TAT206,41,16,24.7,180.0,11694.0
2,CSV_data_F07_240529_i-Lab検体20+50.csv,2_0050,0050,TAT1,42,17,27.5,0.0,10967.0
2,CSV_data_F07_240529_i-Lab検体20+50.csv,2_0050,0050,TAT1,42,17,27.5,9.2,10996.0
2,CSV_data_F07_240529_i-Lab検体20+50.csv,2_0050,0050,TAT1,42,17,27.5,18.0,11016.0
2,CSV_data_F07_240529_i-Lab検体20+50.csv,2_0050,0050,TAT1,42,17,27.5,27.2,11039.0
2,CSV_data_F07_240529_i-Lab検体20+50.csv,2_0050,0050,TAT1,42,17,27.5,36.0,11073.0
2,CSV_data_F07_240529_i-Lab検体20+50.csv,2_0050,0050,TAT1,42,17,27.5,45.2,11099.0
2,CSV_data_F07_240529_i-Lab検体20+50.csv,2_0050,0050,TAT1,42,17,27.5,54.0,11138.0
2,CSV_data_F07_240529_i-Lab検体20+50.csv,2_0050,0050,TAT1,42,17,27.5,63.2,11175.0
2,CSV_data_F07_240529_i-Lab検体20+50.csv,2_0050,0050,TAT1,42,17,27.5,72.0,11213.0
2,CSV_data_F07_240529_i-Lab検体20+50.csv,2_0050,0050,TAT1,42,17,27.5,81.2,11257.0
2,CSV_data_F07_240529_i-Lab検体20+50.csv,2_0050,0050,TAT1,42,17,27.5,90.0,11296.0
2,CSV_data_F07_240529_i-Lab検体20+50.csv,2_0050,0050,TAT1,42,17,27.5,99.2,11332.0
2,CSV_data_F07_240529_i-Lab検体20+50.csv,2_0050,0050,TAT1,42,17,27.5,108.0,11367.0
2,CSV_data_F07_240529_i-Lab検体20+50.csv,2_0050,0050,TAT1,42,17,27.5,117.2,11414.0
2,CSV_data_F07_240529_i-Lab検体20+50.csv,2_0050,0050,TAT1,42,17,27.5,126.0,11456.0
2,CSV_data_F07_240529_i-Lab検体20+50.csv,2_0050,0050,TAT1,42,17,27.5,135.2,11497.0
2,CSV_data_F07_240529_i-Lab検体20+50.csv,2_0050,0050,TAT1,42,17,27.5,144.0,11539.0
2,CSV_data_F07_240529_i-Lab検体20+50.csv,2_0050,0050,TAT1,42,17,27.5,153.2,11580.0
2,CSV_data_F07_240529_i-Lab検体20+50.csv,2_0050,0050,TAT1,42,17,27.5,162.0,11625.0
2,CSV_data_F07_240529_i-Lab検体20+50.csv,2_0050,0050,TAT1,42,17,27.5,171.2,11669.0
2,CSV_data_F07_240529_i-Lab検体20+50.csv,2_0050,0050,TAT1,42,17,27.5,180.0,11703.0
2,CSV_data_F07_240529_i-Lab検体20+50.csv,2_0050,0050,TAT3,44,18,16.7,0.0,11025.0
2,CSV_data_F07_240529_i-Lab検体20+50.csv,2_0050,0050,TAT3,44,18,16.7,9.2,11016.0
2,CSV_data_F07_240529_i-Lab検体20+50.csv,2_0050,0050,TAT3,44,18,16.7,18.0,11024.0
2,CSV_data_F07_240529_i-Lab検体20+50.csv,2_0050,0050,TAT3,44,18,16.7,27.2,11043.0
2,CSV_data_F07_240529_i-Lab検体20+50.csv,2_0050,0050,TAT3,44,18,16.7,36.0,11059.0
2,CSV_data_F07_240529_i-Lab検体20+50.csv,2_0050,0050,TAT3,44,18,16.7,45.2,11088.0
2,CSV_data_F07_240529_i-Lab検体20+50.csv,2_0050,0050,TAT3,44,18,16.7,54.0,11098.0
2,CSV_data_F07_240529_i-Lab検体20+50.csv,2_0050,0050,TAT3,44,18,16.7,63.2,11129.0
2,CSV_data_F07_240529_i-Lab検体20+50.csv,2_0050,0050,TAT3,44,18,16.7,72.0,11144.0
2,CSV_data_F07_240529_i-Lab検体20+50.csv,2_0050,0050,TAT3,44,18,16.7,81.2,11174.0
2,CSV_data_F07_240529_i-Lab検体20+50.csv,2_0050,0050,TAT3,44,18,16.7,90.0,11188.0
2,CSV_data_F07_240529_i-Lab検体20+50.csv,2_0050,0050,TAT3,44,18,16.7,99.2,11219.0
2,CSV_data_F07_240529_i-Lab検体20+50.csv,2_0050,0050,TAT3,44,18,16.7,108.0,11241.0
2,CSV_data_F07_240529_i-Lab検体20+50.csv,2_0050,0050,TAT3,44,18,16.7,117.2,11267.0
2,CSV_data_F07_240529_i-Lab検体20+50.csv,2_0050,0050,TAT3,44,18,16.7,126.0,11285.0
2,CSV_data_F07_240529_i-Lab検体20+50.csv,2_0050,0050,TAT3,44,18,16.7,135.2,11321.0
2,CSV_data_F07_240529_i-Lab検体20+50.csv,2_0050,0050,TAT3,44,18,16.7,144.0,11350.0
2,CSV_data_F07_240529_i-Lab検体20+50.csv,2_0050,0050,TAT3,44,18,16.7,153.2,11371.0
2,CSV_data_F07_240529_i-Lab検体20+50.csv,2_0050,0050,TAT3,44,18,16.7,162.0,11399.0
2,CSV_data_F07_240529_i-Lab検体20+50.csv,2_0050,0050,TAT3,44,18,16.7,171.2,11424.0
2,CSV_data_F07_240529_i-Lab検体20+50.csv,2_0050,0050,TAT3,44,18,16.7,180.0,11454.0
2,CSV_data_F07_240529_i-Lab検体20+50.csv,2_0050,0050,TAT5,46,19,4.4,0.0,7142.0
2,CSV_data_F07_240529_i-Lab検体20+50.csv,2_0050,0050,TAT5,46,19,4.4,9.2,7133.0
2,CSV_data_F07_240529_i-Lab検体20+50.csv,2_0050,0050,TAT5,46,19,4.4,18.0,7144.0
2,CSV_data_F07_240529_i-Lab検体20+50.csv,2_0050,0050,TAT5,46,19,4.4,27.2,7151.0
2,CSV_data_F07_240529_i-Lab検体20+50.csv,2_0050,0050,TAT5,46,19,4.4,36.0,7162.0
2,CSV_data_F07_240529_i-Lab検体20+50.csv,2_0050,0050,TAT5,46,19,4.4,45.2,7163.0
2,CSV_data_F07_240529_i-Lab検体20+50.csv,2_0050,0050,TAT5,46,19,4.4,54.0,7174.0
2,CSV_data_F07_240529_i-Lab検体20+50.csv,2_0050,0050,TAT5,46,19,4.4,63.2,7185.0
2,CSV_data_F07_240529_i-Lab検体20+50.csv,2_0050,0050,TAT5,46,19,4.4,72.0,7189.0
2,CSV_data_F07_240529_i-Lab検体20+50.csv,2_0050,0050,TAT5,46,19,4.4,81.2,7197.0
2,CSV_data_F07_240529_i-Lab検体20+50.csv,2_0050,0050,TAT5,46,19,4.4,90.0,7198.0
2,CSV_data_F07_240529_i-Lab検体20+50.csv,2_0050,0050,TAT5,46,19,4.4,99.2,7209.0
2,CSV_data_F07_240529_i-Lab検体20+50.csv,2_0050,0050,TAT5,46,19,4.4,108.0,7216.0
2,CSV_data_F07_240529_i-Lab検体20+50.csv,2_0050,0050,TAT5,46,19,4.4,117.2,7223.0
2,CSV_data_F07_240529_i-Lab検体20+50.csv,2_0050,0050,TAT5,46,19,4.4,126.0,7229.0
2,CSV_data_F07_240529_i-Lab検体20+50.csv,2_0050,0050,TAT5,46,19,4.4,135.2,7245.0
2,CSV_data_F07_240529_i-Lab検体20+50.csv,2_0050,0050,TAT5,46,19,4.4,144.0,7249.0
2,CSV_data_F07_240529_i-Lab検体20+50.csv,2_0050,0050,TAT5,46,19,4.4,153.2,7253.0
2,CSV_data_F07_240529_i-Lab検体20+50.csv,2_0050,0050,TAT5,46,19,4.4,162.0,7264.0
2,CSV_data_F07_240529_i-Lab検体20+50.csv,2_0050,0050,TAT5,46,19,4.4,171.2,7263.0
2,CSV_data_F07_240529_i-Lab検体20+50.csv,2_0050,0050,TAT5,46,19,4.4,180.0,7272.0
2,CSV_data_F07_240529_i-Lab検体20+50.csv,2_0050,0050,TAT6,47,20,1.1,0.0,9099.0
2,CSV_data_F07_240529_i-Lab検体20+50.csv,2_0050,0050,TAT6,47,20,1.1,9.2,9092.0
2,CSV_data_F07_240529_i-Lab検体20+50.csv,2_0050,0050,TAT6,47,20,1.1,18.0,9093.0
2,CSV_data_F07_240529_i-Lab検体20+50.csv,2_0050,0050,TAT6,47,20,1.1,27.2,9099.0
2,CSV_data_F07_240529_i-Lab検体20+50.csv,2_0050,0050,TAT6,47,20,1.1,36.0,9099.0
2,CSV_data_F07_240529_i-Lab検体20+50.csv,2_0050,0050,TAT6,47,20,1.1,45.2,9103.0
2,CSV_data_F07_240529_i-Lab検体20+50.csv,2_0050,0050,TAT6,47,20,1.1,54.0,9109.0
2,CSV_data_F07_240529_i-Lab検体20+50.csv,2_0050,0050,TAT6,47,20,1.1,63.2,9102.0
2,CSV_data_F07_240529_i-Lab検体20+50.csv,2_0050,0050,TAT6,47,20,1.1,72.0,9109.0
2,CSV_data_F07_240529_i-Lab検体20+50.csv,2_0050,0050,TAT6,47,20,1.1,81.2,9116.0
2,CSV_data_F07_240529_i-Lab検体20+50.csv,2_0050,0050,TAT6,47,20,1.1,90.0,9116.0
2,CSV_data_F07_240529_i-Lab検体20+50.csv,2_0050,0050,TAT6,47,20,1.1,99.2,9119.0
2,CSV_data_F07_240529_i-Lab検体20+50.csv,2_0050,0050,TAT6,47,20,1.1,108.0,9121.0
2,CSV_data_F07_240529_i-Lab検体20+50.csv,2_0050,0050,TAT6,47,20,1.1,117.2,9118.0
2,CSV_data_F07_240529_i-Lab検体20+50.csv,2_0050,0050,TAT6,47,20,1.1,126.0,9119.0
2,CSV_data_F07_240529_i-Lab検体20+50.csv,2_0050,0050,TAT6,47,20,1.1,135.2,9120.0
2,CSV_data_F07_240529_i-Lab検体20+50.csv,2_0050,0050,TAT6,47,20,1.1,144.0,9124.0
2,CSV_data_F07_240529_i-Lab検体20+50.csv,2_0050,0050,TAT6,47,20,1.1,153.2,9125.0
2,CSV_data_F07_240529_i-Lab検体20+50.csv,2_0050,0050,TAT6,47,20,1.1,162.0,9129.0
2,CSV_data_F07_240529_i-Lab検体20+50.csv,2_0050,0050,TAT6,47,20,1.1,171.2,9132.0
2,CSV_data_F07_240529_i-Lab検体20+50.csv,2_0050,0050,TAT6,47,20,1.1,180.0,9131.0
2,CSV_data_F07_240529_i-Lab検体20+50.csv,2_0051,0051,TAT206,41,15,21.8,0.0,10922.0
2,CSV_data_F07_240529_i-Lab検体20+50.csv,2_0051,0051,TAT206,41,15,21.8,9.2,10928.0
2,CSV_data_F07_240529_i-Lab検体20+50.csv,2_0051,0051,TAT206,41,15,21.8,18.0,10943.0
2,CSV_data_F07_240529_i-Lab検体20+50.csv,2_0051,0051,TAT206,41,15,21.8,27.2,10960.0
2,CSV_data_F07_240529_i-Lab検体20+50.csv,2_0051,0051,TAT206,41,15,21.8,36.0,10980.0
2,CSV_data_F07_240529_i-Lab検体20+50.csv,2_0051,0051,TAT206,41,15,21.8,45.2,11002.0
2,CSV_data_F07_240529_i-Lab検体20+50.csv,2_0051,0051,TAT206,41,15,21.8,54.0,11021.0
2,CSV_data_F07_240529_i-Lab検体20+50.csv,2_0051,0051,TAT206,41,15,21.8,63.2,11049.0
2,CSV_data_F07_240529_i-Lab検体20+50.csv,2_0051,0051,TAT206,41,15,21.8,72.0,11076.0
2,CSV_data_F07_240529_i-Lab検体20+50.csv,2_0051,0051,TAT206,41,15,21.8,81.2,11107.0
2,CSV_data_F07_240529_i-Lab検体20+50.csv,2_0051,0051,TAT206,41,15,21.8,90.0,11134.0
2,CSV_data_F07_240529_i-Lab検体20+50.csv,2_0051,0051,TAT206,41,15,21.8,99.2,11167.0
2,CSV_data_F07_240529_i-Lab検体20+50.csv,2_0051,0051,TAT206,41,15,21.8,108.0,11192.0
2,CSV_data_F07_240529_i-Lab検体20+50.csv,2_0051,0051,TAT206,41,15,21.8,117.2,11226.0
2,CSV_data_F07_240529_i-Lab検体20+50.csv,2_0051,0051,TAT206,41,15,21.8,126.0,11262.0
2,CSV_data_F07_240529_i-Lab検体20+50.csv,2_0051,0051,TAT206,41,15,21.8,135.2,11299.0
2,CSV_data_F07_240529_i-Lab検体20+50.csv,2_0051,0051,TAT206,41,15,21.8,144.0,11331.0
2,CSV_data_F07_240529_i-Lab検体20+50.csv,2_0051,0051,TAT206,41,15,21.8,153.2,11370.0
2,CSV_data_F07_240529_i-Lab検体20+50.csv,2_0051,0051,TAT206,41,15,21.8,162.0,11404.0
2,CSV_data_F07_240529_i-Lab検体20+50.csv,2_0051,0051,TAT206,41,15,21.8,171.2,11434.0
2,CSV_data_F07_240529_i-Lab検体20+50.csv,2_0051,0051,TAT206,41,15,21.8,180.0,11478.0
2,CSV_data_F07_240529_i-Lab検体20+50.csv,2_0051,0051,TAT1,42,16,24.0,0.0,10801.0
2,CSV_data_F07_240529_i-Lab検体20+50.csv,2_0051,0051,TAT1,42,16,24.0,9.2,10807.0
2,CSV_data_F07_240529_i-Lab検体20+50.csv,2_0051,0051,TAT1,42,16,24.0,18.0,10818.0
2,CSV_data_F07_240529_i-Lab検体20+50.csv,2_0051,0051,TAT1,42,16,24.0,27.2,10839.0
2,CSV_data_F07_240529_i-Lab検体20+50.csv,2_0051,0051,TAT1,42,16,24.0,36.0,10862.0
2,CSV_data_F07_240529_i-Lab検体20+50.csv,2_0051,0051,TAT1,42,16,24.0,45.2,10879.0
2,CSV_data_F07_240529_i-Lab検体20+50.csv,2_0051,0051,TAT1,42,16,24.0,54.0,10908.0
2,CSV_data_F07_240529_i-Lab検体20+50.csv,2_0051,0051,TAT1,42,16,24.0,63.2,10937.0
2,CSV_data_F07_240529_i-Lab検体20+50.csv,2_0051,0051,TAT1,42,16,24.0,72.0,10967.0
2,CSV_data_F07_240529_i-Lab検体20+50.csv,2_0051,0051,TAT1,42,16,24.0,81.2,11001.0
2,CSV_data_F07_240529_i-Lab検体20+50.csv,2_0051,0051,TAT1,42,16,24.0,90.0,11037.0
2,CSV_data_F07_240529_i-Lab検体20+50.csv,2_0051,0051,TAT1,42,16,24.0,99.2,11069.0
2,CSV_data_F07_240529_i-Lab検体20+50.csv,2_0051,0051,TAT1,42,16,24.0,108.0,11103.0
2,CSV_data_F07_240529_i-Lab検体20+50.csv,2_0051,0051,TAT1,42,16,24.0,117.2,11138.0
2,CSV_data_F07_240529_i-Lab検体20+50.csv,2_0051,0051,TAT1,42,16,24.0,126.0,11169.0
2,CSV_data_F07_240529_i-Lab検体20+50.csv,2_0051,0051,TAT1,42,16,24.0,135.2,11206.0
2,CSV_data_F07_240529_i-Lab検体20+50.csv,2_0051,0051,TAT1,42,16,24.0,144.0,11243.0
2,CSV_data_F07_240529_i-Lab検体20+50.csv,2_0051,0051,TAT1,42,16,24.0,153.2,11283.0
2,CSV_data_F07_240529_i-Lab検体20+50.csv,2_0051,0051,TAT1,42,16,24.0,162.0,11318.0
2,CSV_data_F07_240529_i-Lab検体20+50.csv,2_0051,0051,TAT1,42,16,24.0,171.2,11361.0
2,CSV_data_F07_240529_i-Lab検体20+50.csv,2_0051,0051,TAT1,42,16,24.0,180.0,11393.0
2,CSV_data_F07_240529_i-Lab検体20+50.csv,2_0051,0051,TAT3,44,17,14.7,0.0,10615.0
2,CSV_data_F07_240529_i-Lab検体20+50.csv,2_0051,0051,TAT3,44,17,14.7,9.2,10609.0
2,CSV_data_F07_240529_i-Lab検体20+50.csv,2_0051,0051,TAT3,44,17,14.7,18.0,10615.0
2,CSV_data_F07_240529_i-Lab検体20+50.csv,2_0051,0051,TAT3,44,17,14.7,27.2,10629.0
2,CSV_data_F07_240529_i-Lab検体20+50.csv,2_0051,0051,TAT3,44,17,14.7,36.0,10641.0
2,CSV_data_F07_240529_i-Lab検体20+50.csv,2_0051,0051,TAT3,44,17,14.7,45.2,10653.0
2,CSV_data_F07_240529_i-Lab検体20+50.csv,2_0051,0051,TAT3,44,17,14.7,54.0,10665.0
2,CSV_data_F07_240529_i-Lab検体20+50.csv,2_0051,0051,TAT3,44,17,14.7,63.2,10683.0
2,CSV_data_F07_240529_i-Lab検体20+50.csv,2_0051,0051,TAT3,44,17,14.7,72.0,10700.0
2,CSV_data_F07_240529_i-Lab検体20+50.csv,2_0051,0051,TAT3,44,17,14.7,81.2,10717.0
2,CSV_data_F07_240529_i-Lab検体20+50.csv,2_0051,0051,TAT3,44,17,14.7,90.0,10737.0
2,CSV_data_F07_240529_i-Lab検体20+50.csv,2_0051,0051,TAT3,44,17,14.7,99.2,10754.0
2,CSV_data_F07_240529_i-Lab検体20+50.csv,2_0051,0051,TAT3,44,17,14.7,108.0,10785.0
2,CSV_data_F07_240529_i-Lab検体20+50.csv,2_0051,0051,TAT3,44,17,14.7,117.2,10800.0
2,CSV_data_F07_240529_i-Lab検体20+50.csv,2_0051,0051,TAT3,44,17,14.7,126.0,10822.0
2,CSV_data_F07_240529_i-Lab検体20+50.csv,2_0051,0051,TAT3,44,17,14.7,135.2,10841.0
2,CSV_data_F07_240529_i-Lab検体20+50.csv,2_0051,0051,TAT3,44,17,14.7,144.0,10865.0
2,CSV_data_F07_240529_i-Lab検体20+50.csv,2_0051,0051,TAT3,44,17,14.7,153.2,10890.0
2,CSV_data_F07_240529_i-Lab検体20+50.csv,2_0051,0051,TAT3,44,17,14.7,162.0,10910.0
2,CSV_data_F07_240529_i-Lab検体20+50.csv,2_0051,0051,TAT3,44,17,14.7,171.2,10937.0
2,CSV_data_F07_240529_i-Lab検体20+50.csv,2_0051,0051,TAT3,44,17,14.7,180.0,10969.0
2,CSV_data_F07_240529_i-Lab検体20+50.csv,2_0051,0051,TAT5,46,18,2.9,0.0,6753.0
2,CSV_data_F07_240529_i-Lab検体20+50.csv,2_0051,0051,TAT5,46,18,2.9,9.2,6749.0
2,CSV_data_F07_240529_i-Lab検体20+50.csv,2_0051,0051,TAT5,46,18,2.9,18.0,6745.0
2,CSV_data_F07_240529_i-Lab検体20+50.csv,2_0051,0051,TAT5,46,18,2.9,27.2,6751.0
2,CSV_data_F07_240529_i-Lab検体20+50.csv,2_0051,0051,TAT5,46,18,2.9,36.0,6756.0
2,CSV_data_F07_240529_i-Lab検体20+50.csv,2_0051,0051,TAT5,46,18,2.9,45.2,6767.0
2,CSV_data_F07_240529_i-Lab検体20+50.csv,2_0051,0051,TAT5,46,18,2.9,54.0,6768.0
2,CSV_data_F07_240529_i-Lab検体20+50.csv,2_0051,0051,TAT5,46,18,2.9,63.2,6779.0
2,CSV_data_F07_240529_i-Lab検体20+50.csv,2_0051,0051,TAT5,46,18,2.9,72.0,6783.0
2,CSV_data_F07_240529_i-Lab検体20+50.csv,2_0051,0051,TAT5,46,18,2.9,81.2,6787.0
2,CSV_data_F07_240529_i-Lab検体20+50.csv,2_0051,0051,TAT5,46,18,2.9,90.0,6797.0
2,CSV_data_F07_240529_i-Lab検体20+50.csv,2_0051,0051,TAT5,46,18,2.9,99.2,6791.0
2,CSV_data_F07_240529_i-Lab検体20+50.csv,2_0051,0051,TAT5,46,18,2.9,108.0,6800.0
2,CSV_data_F07_240529_i-Lab検体20+50.csv,2_0051,0051,TAT5,46,18,2.9,117.2,6798.0
2,CSV_data_F07_240529_i-Lab検体20+50.csv,2_0051,0051,TAT5,46,18,2.9,126.0,6807.0
2,CSV_data_F07_240529_i-Lab検体20+50.csv,2_0051,0051,TAT5,46,18,2.9,135.2,6810.0
2,CSV_data_F07_240529_i-Lab検体20+50.csv,2_0051,0051,TAT5,46,18,2.9,144.0,6814.0
2,CSV_data_F07_240529_i-Lab検体20+50.csv,2_0051,0051,TAT5,46,18,2.9,153.2,6823.0
2,CSV_data_F07_240529_i-Lab検体20+50.csv,2_0051,0051,TAT5,46,18,2.9,162.0,6831.0
2,CSV_data_F07_240529_i-Lab検体20+50.csv,2_0051,0051,TAT5,46,18,2.9,171.2,6831.0
2,CSV_data_F07_240529_i-Lab検体20+50.csv,2_0051,0051,TAT5,46,18,2.9,180.0,6840.0
2,CSV_data_F07_240529_i-Lab検体20+50.csv,2_0051,0051,TAT6,47,19,0.5,0.0,8884.0
2,CSV_data_F07_240529_i-Lab検体20+50.csv,2_0051,0051,TAT6,47,19,0.5,9.2,8879.0
2,CSV_data_F07_240529_i-Lab検体20+50.csv,2_0051,0051,TAT6,47,19,0.5,18.0,8872.0
2,CSV_data_F07_240529_i-Lab検体20+50.csv,2_0051,0051,TAT6,47,19,0.5,27.2,8872.0
2,CSV_data_F07_240529_i-Lab検体20+50.csv,2_0051,0051,TAT6,47,19,0.5,36.0,8872.0
2,CSV_data_F07_240529_i-Lab検体20+50.csv,2_0051,0051,TAT6,47,19,0.5,45.2,8874.0
2,CSV_data_F07_240529_i-Lab検体20+50.csv,2_0051,0051,TAT6,47,19,0.5,54.0,8874.0
2,CSV_data_F07_240529_i-Lab検体20+50.csv,2_0051,0051,TAT6,47,19,0.5,63.2,8877.0
2,CSV_data_F07_240529_i-Lab検体20+50.csv,2_0051,0051,TAT6,47,19,0.5,72.0,8876.0
2,CSV_data_F07_240529_i-Lab検体20+50.csv,2_0051,0051,TAT6,47,19,0.5,81.2,8880.0
2,CSV_data_F07_240529_i-Lab検体20+50.csv,2_0051,0051,TAT6,47,19,0.5,90.0,8882.0
2,CSV_data_F07_240529_i-Lab検体20+50.csv,2_0051,0051,TAT6,47,19,0.5,99.2,8882.0
2,CSV_data_F07_240529_i-Lab検体20+50.csv,2_0051,0051,TAT6,47,19,0.5,108.0,8884.0
2,CSV_data_F07_240529_i-Lab検体20+50.csv,2_0051,0051,TAT6,47,19,0.5,117.2,8877.0
2,CSV_data_F07_240529_i-Lab検体20+50.csv,2_0051,0051,TAT6,47,19,0.5,126.0,8887.0
2,CSV_data_F07_240529_i-Lab検体20+50.csv,2_0051,0051,TAT6,47,19,0.5,135.2,8881.0
2,CSV_data_F07_240529_i-Lab検体20+50.csv,2_0051,0051,TAT6,47,19,0.5,144.0,8885.0
2,CSV_data_F07_240529_i-Lab検体20+50.csv,2_0051,0051,TAT6,47,19,0.5,153.2,8887.0
2,CSV_data_F07_240529_i-Lab検体20+50.csv,2_0051,0051,TAT6,47,19,0.5,162.0,8887.0
2,CSV_data_F07_240529_i-Lab検体20+50.csv,2_0051,0051,TAT6,47,19,0.5,171.2,8887.0
2,CSV_data_F07_240529_i-Lab検体20+50.csv,2_0051,0051,TAT6,47,19,0.5,180.0,8884.0
2,CSV_data_F07_240529_i-Lab検体20+50.csv,2_0052,0052,TAT206,41,20,24.3,0.0,10981.0
2,CSV_data_F07_240529_i-Lab検体20+50.csv,2_0052,0052,TAT206,41,20,24.3,9.2,10982.0
2,CSV_data_F07_240529_i-Lab検体20+50.csv,2_0052,0052,TAT206,41,20,24.3,18.0,11000.0
2,CSV_data_F07_240529_i-Lab検体20+50.csv,2_0052,0052,TAT206,41,20,24.3,27.2,11020.0
2,CSV_data_F07_240529_i-Lab検体20+50.csv,2_0052,0052,TAT206,41,20,24.3,36.0,11042.0
2,CSV_data_F07_240529_i-Lab検体20+50.csv,2_0052,0052,TAT206,41,20,24.3,45.2,11064.0
2,CSV_data_F07_240529_i-Lab検体20+50.csv,2_0052,0052,TAT206,41,20,24.3,54.0,11083.0
2,CSV_data_F07_240529_i-Lab検体20+50.csv,2_0052,0052,TAT206,41,20,24.3,63.2,11120.0
2,CSV_data_F07_240529_i-Lab検体20+50.csv,2_0052,0052,TAT206,41,20,24.3,72.0,11144.0
2,CSV_data_F07_240529_i-Lab検体20+50.csv,2_0052,0052,TAT206,41,20,24.3,81.2,11180.0
2,CSV_data_F07_240529_i-Lab検体20+50.csv,2_0052,0052,TAT206,41,20,24.3,90.0,11208.0
2,CSV_data_F07_240529_i-Lab検体20+50.csv,2_0052,0052,TAT206,41,20,24.3,99.2,11247.0
2,CSV_data_F07_240529_i-Lab検体20+50.csv,2_0052,0052,TAT206,41,20,24.3,108.0,11278.0
2,CSV_data_F07_240529_i-Lab検体20+50.csv,2_0052,0052,TAT206,41,20,24.3,117.2,11315.0
2,CSV_data_F07_240529_i-Lab検体20+50.csv,2_0052,0052,TAT206,41,20,24.3,126.0,11349.0
2,CSV_data_F07_240529_i-Lab検体20+50.csv,2_0052,0052,TAT206,41,20,24.3,135.2,11388.0
2,CSV_data_F07_240529_i-Lab検体20+50.csv,2_0052,0052,TAT206,41,20,24.3,144.0,11427.0
2,CSV_data_F07_240529_i-Lab検体20+50.csv,2_0052,0052,TAT206,41,20,24.3,153.2,11471.0
2,CSV_data_F07_240529_i-Lab検体20+50.csv,2_0052,0052,TAT206,41,20,24.3,162.0,11507.0
2,CSV_data_F07_240529_i-Lab検体20+50.csv,2_0052,0052,TAT206,41,20,24.3,171.2,11545.0
2,CSV_data_F07_240529_i-Lab検体20+50.csv,2_0052,0052,TAT206,41,20,24.3,180.0,11585.0
2,CSV_data_F07_240529_i-Lab検体20+50.csv,2_0052,0052,TAT1,42,15,33.1,0.0,10817.0
2,CSV_data_F07_240529_i-Lab検体20+50.csv,2_0052,0052,TAT1,42,15,33.1,9.2,10819.0
2,CSV_data_F07_240529_i-Lab検体20+50.csv,2_0052,0052,TAT1,42,15,33.1,18.0,10844.0
2,CSV_data_F07_240529_i-Lab検体20+50.csv,2_0052,0052,TAT1,42,15,33.1,27.2,10866.0
2,CSV_data_F07_240529_i-Lab検体20+50.csv,2_0052,0052,TAT1,42,15,33.1,36.0,10898.0
2,CSV_data_F07_240529_i-Lab検体20+50.csv,2_0052,0052,TAT1,42,15,33.1,45.2,10923.0
2,CSV_data_F07_240529_i-Lab検体20+50.csv,2_0052,0052,TAT1,42,15,33.1,54.0,10952.0
2,CSV_data_F07_240529_i-Lab検体20+50.csv,2_0052,0052,TAT1,42,15,33.1,63.2,10995.0
2,CSV_data_F07_240529_i-Lab検体20+50.csv,2_0052,0052,TAT1,42,15,33.1,72.0,11030.0
2,CSV_data_F07_240529_i-Lab検体20+50.csv,2_0052,0052,TAT1,42,15,33.1,81.2,11077.0
2,CSV_data_F07_240529_i-Lab検体20+50.csv,2_0052,0052,TAT1,42,15,33.1,90.0,11122.0
2,CSV_data_F07_240529_i-Lab検体20+50.csv,2_0052,0052,TAT1,42,15,33.1,99.2,11166.0
2,CSV_data_F07_240529_i-Lab検体20+50.csv,2_0052,0052,TAT1,42,15,33.1,108.0,11206.0
2,CSV_data_F07_240529_i-Lab検体20+50.csv,2_0052,0052,TAT1,42,15,33.1,117.2,11258.0
2,CSV_data_F07_240529_i-Lab検体20+50.csv,2_0052,0052,TAT1,42,15,33.1,126.0,11307.0
2,CSV_data_F07_240529_i-Lab検体20+50.csv,2_0052,0052,TAT1,42,15,33.1,135.2,11358.0
2,CSV_data_F07_240529_i-Lab検体20+50.csv,2_0052,0052,TAT1,42,15,33.1,144.0,11414.0
2,CSV_data_F07_240529_i-Lab検体20+50.csv,2_0052,0052,TAT1,42,15,33.1,153.2,11466.0
2,CSV_data_F07_240529_i-Lab検体20+50.csv,2_0052,0052,TAT1,42,15,33.1,162.0,11516.0
2,CSV_data_F07_240529_i-Lab検体20+50.csv,2_0052,0052,TAT1,42,15,33.1,171.2,11574.0
2,CSV_data_F07_240529_i-Lab検体20+50.csv,2_0052,0052,TAT1,42,15,33.1,180.0,11625.0
2,CSV_data_F07_240529_i-Lab検体20+50.csv,2_0052,0052,TAT3,44,16,26.3,0.0,10722.0
2,CSV_data_F07_240529_i-Lab検体20+50.csv,2_0052,0052,TAT3,44,16,26.3,9.2,10736.0
2,CSV_data_F07_240529_i-Lab検体20+50.csv,2_0052,0052,TAT3,44,16,26.3,18.0,10751.0
2,CSV_data_F07_240529_i-Lab検体20+50.csv,2_0052,0052,TAT3,44,16,26.3,27.2,10771.0
2,CSV_data_F07_240529_i-Lab検体20+50.csv,2_0052,0052,TAT3,44,16,26.3,36.0,10792.0
2,CSV_data_F07_240529_i-Lab検体20+50.csv,2_0052,0052,TAT3,44,16,26.3,45.2,10820.0
2,CSV_data_F07_240529_i-Lab検体20+50.csv,2_0052,0052,TAT3,44,16,26.3,54.0,10845.0
2,CSV_data_F07_240529_i-Lab検体20+50.csv,2_0052,0052,TAT3,44,16,26.3,63.2,10871.0
2,CSV_data_F07_240529_i-Lab検体20+50.csv,2_0052,0052,TAT3,44,16,26.3,72.0,10897.0
2,CSV_data_F07_240529_i-Lab検体20+50.csv,2_0052,0052,TAT3,44,16,26.3,81.2,10934.0
2,CSV_data_F07_240529_i-Lab検体20+50.csv,2_0052,0052,TAT3,44,16,26.3,90.0,10967.0
2,CSV_data_F07_240529_i-Lab検体20+50.csv,2_0052,0052,TAT3,44,16,26.3,99.2,11007.0
2,CSV_data_F07_240529_i-Lab検体20+50.csv,2_0052,0052,TAT3,44,16,26.3,108.0,11038.0
2,CSV_data_F07_240529_i-Lab検体20+50.csv,2_0052,0052,TAT3,44,16,26.3,117.2,11084.0
2,CSV_data_F07_240529_i-Lab検体20+50.csv,2_0052,0052,TAT3,44,16,26.3,126.0,11117.0
2,CSV_data_F07_240529_i-Lab検体20+50.csv,2_0052,0052,TAT3,44,16,26.3,135.2,11158.0
2,CSV_data_F07_240529_i-Lab検体20+50.csv,2_0052,0052,TAT3,44,16,26.3,144.0,11197.0
2,CSV_data_F07_240529_i-Lab検体20+50.csv,2_0052,0052,TAT3,44,16,26.3,153.2,11243.0
2,CSV_data_F07_240529_i-Lab検体20+50.csv,2_0052,0052,TAT3,44,16,26.3,162.0,11281.0
2,CSV_data_F07_240529_i-Lab検体20+50.csv,2_0052,0052,TAT3,44,16,26.3,171.2,11329.0
2,CSV_data_F07_240529_i-Lab検体20+50.csv,2_0052,0052,TAT3,44,16,26.3,180.0,11367.0
2,CSV_data_F07_240529_i-Lab検体20+50.csv,2_0052,0052,TAT5,46,17,5.7,0.0,6687.0
2,CSV_data_F07_240529_i-Lab検体20+50.csv,2_0052,0052,TAT5,46,17,5.7,9.2,6682.0
2,CSV_data_F07_240529_i-Lab検体20+50.csv,2_0052,0052,TAT5,46,17,5.7,18.0,6688.0
2,CSV_data_F07_240529_i-Lab検体20+50.csv,2_0052,0052,TAT5,46,17,5.7,27.2,6692.0
2,CSV_data_F07_240529_i-Lab検体20+50.csv,2_0052,0052,TAT5,46,17,5.7,36.0,6698.0
2,CSV_data_F07_240529_i-Lab検体20+50.csv,2_0052,0052,TAT5,46,17,5.7,45.2,6706.0
2,CSV_data_F07_240529_i-Lab検体20+50.csv,2_0052,0052,TAT5,46,17,5.7,54.0,6714.0
2,CSV_data_F07_240529_i-Lab検体20+50.csv,2_0052,0052,TAT5,46,17,5.7,63.2,6719.0
2,CSV_data_F07_240529_i-Lab検体20+50.csv,2_0052,0052,TAT5,46,17,5.7,72.0,6727.0
2,CSV_data_F07_240529_i-Lab検体20+50.csv,2_0052,0052,TAT5,46,17,5.7,81.2,6735.0
2,CSV_data_F07_240529_i-Lab検体20+50.csv,2_0052,0052,TAT5,46,17,5.7,90.0,6746.0
2,CSV_data_F07_240529_i-Lab検体20+50.csv,2_0052,0052,TAT5,46,17,5.7,99.2,6754.0
2,CSV_data_F07_240529_i-Lab検体20+50.csv,2_0052,0052,TAT5,46,17,5.7,108.0,6760.0
2,CSV_data_F07_240529_i-Lab検体20+50.csv,2_0052,0052,TAT5,46,17,5.7,117.2,6768.0
2,CSV_data_F07_240529_i-Lab検体20+50.csv,2_0052,0052,TAT5,46,17,5.7,126.0,6773.0
2,CSV_data_F07_240529_i-Lab検体20+50.csv,2_0052,0052,TAT5,46,17,5.7,135.2,6781.0
2,CSV_data_F07_240529_i-Lab検体20+50.csv,2_0052,0052,TAT5,46,17,5.7,144.0,6798.0
2,CSV_data_F07_240529_i-Lab検体20+50.csv,2_0052,0052,TAT5,46,17,5.7,153.2,6801.0
2,CSV_data_F07_240529_i-Lab検体20+50.csv,2_0052,0052,TAT5,46,17,5.7,162.0,6808.0
2,CSV_data_F07_240529_i-Lab検体20+50.csv,2_0052,0052,TAT5,46,17,5.7,171.2,6820.0
2,CSV_data_F07_240529_i-Lab検体20+50.csv,2_0052,0052,TAT5,46,17,5.7,180.0,6826.0
2,CSV_data_F07_240529_i-Lab検体20+50.csv,2_0052,0052,TAT6,47,18,0.3,0.0,8759.0
2,CSV_data_F07_240529_i-Lab検体20+50.csv,2_0052,0052,TAT6,47,18,0.3,9.2,8750.0
2,CSV_data_F07_240529_i-Lab検体20+50.csv,2_0052,0052,TAT6,47,18,0.3,18.0,8749.0
2,CSV_data_F07_240529_i-Lab検体20+50.csv,2_0052,0052,TAT6,47,18,0.3,27.2,8752.0
2,CSV_data_F07_240529_i-Lab検体20+50.csv,2_0052,0052,TAT6,47,18,0.3,36.0,8751.0
2,CSV_data_F07_240529_i-Lab検体20+50.csv,2_0052,0052,TAT6,47,18,0.3,45.2,8758.0
2,CSV_data_F07_240529_i-Lab検体20+50.csv,2_0052,0052,TAT6,47,18,0.3,54.0,8756.0
2,CSV_data_F07_240529_i-Lab検体20+50.csv,2_0052,0052,TAT6,47,18,0.3,63.2,8759.0
2,CSV_data_F07_240529_i-Lab検体20+50.csv,2_0052,0052,TAT6,47,18,0.3,72.0,8754.0
2,CSV_data_F07_240529_i-Lab検体20+50.csv,2_0052,0052,TAT6,47,18,0.3,81.2,8765.0
2,CSV_data_F07_240529_i-Lab検体20+50.csv,2_0052,0052,TAT6,47,18,0.3,90.0,8761.0
2,CSV_data_F07_240529_i-Lab検体20+50.csv,2_0052,0052,TAT6,47,18,0.3,99.2,8767.0
2,CSV_data_F07_240529_i-Lab検体20+50.csv,2_0052,0052,TAT6,47,18,0.3,108.0,8762.0
2,CSV_data_F07_240529_i-Lab検体20+50.csv,2_0052,0052,TAT6,47,18,0.3,117.2,8767.0
2,CSV_data_F07_240529_i-Lab検体20+50.csv,2_0052,0052,TAT6,47,18,0.3,126.0,8766.0
2,CSV_data_F07_240529_i-Lab検体20+50.csv,2_0052,0052,TAT6,47,18,0.3,135.2,8774.0
2,CSV_data_F07_240529_i-Lab検体20+50.csv,2_0052,0052,TAT6,47,18,0.3,144.0,8778.0
2,CSV_data_F07_240529_i-Lab検体20+50.csv,2_0052,0052,TAT6,47,18,0.3,153.2,8767.0
2,CSV_data_F07_240529_i-Lab検体20+50.csv,2_0052,0052,TAT6,47,18,0.3,162.0,8774.0
2,CSV_data_F07_240529_i-Lab検体20+50.csv,2_0052,0052,TAT6,47,18,0.3,171.2,8770.0
2,CSV_data_F07_240529_i-Lab検体20+50.csv,2_0052,0052,TAT6,47,18,0.3,180.0,8775.0
2,CSV_data_F07_240529_i-Lab検体20+50.csv,2_0053,0053,TAT206,41,19,14.7,0.0,10983.0
2,CSV_data_F07_240529_i-Lab検体20+50.csv,2_0053,0053,TAT206,41,19,14.7,9.2,10976.0
2,CSV_data_F07_240529_i-Lab検体20+50.csv,2_0053,0053,TAT206,41,19,14.7,18.0,10994.0
2,CSV_data_F07_240529_i-Lab検体20+50.csv,2_0053,0053,TAT206,41,19,14.7,27.2,11016.0
2,CSV_data_F07_240529_i-Lab検体20+50.csv,2_0053,0053,TAT206,41,19,14.7,36.0,11033.0
2,CSV_data_F07_240529_i-Lab検体20+50.csv,2_0053,0053,TAT206,41,19,14.7,45.2,11051.0
2,CSV_data_F07_240529_i-Lab検体20+50.csv,2_0053,0053,TAT206,41,19,14.7,54.0,11068.0
2,CSV_data_F07_240529_i-Lab検体20+50.csv,2_0053,0053,TAT206,41,19,14.7,63.2,11096.0
2,CSV_data_F07_240529_i-Lab検体20+50.csv,2_0053,0053,TAT206,41,19,14.7,72.0,11110.0
2,CSV_data_F07_240529_i-Lab検体20+50.csv,2_0053,0053,TAT206,41,19,14.7,81.2,11131.0
2,CSV_data_F07_240529_i-Lab検体20+50.csv,2_0053,0053,TAT206,41,19,14.7,90.0,11156.0
2,CSV_data_F07_240529_i-Lab検体20+50.csv,2_0053,0053,TAT206,41,19,14.7,99.2,11174.0
2,CSV_data_F07_240529_i-Lab検体20+50.csv,2_0053,0053,TAT206,41,19,14.7,108.0,11196.0
2,CSV_data_F07_240529_i-Lab検体20+50.csv,2_0053,0053,TAT206,41,19,14.7,117.2,11221.0
2,CSV_data_F07_240529_i-Lab検体20+50.csv,2_0053,0053,TAT206,41,19,14.7,126.0,11244.0
2,CSV_data_F07_240529_i-Lab検体20+50.csv,2_0053,0053,TAT206,41,19,14.7,135.2,11263.0
2,CSV_data_F07_240529_i-Lab検体20+50.csv,2_0053,0053,TAT206,41,19,14.7,144.0,11284.0
2,CSV_data_F07_240529_i-Lab検体20+50.csv,2_0053,0053,TAT206,41,19,14.7,153.2,11316.0
2,CSV_data_F07_240529_i-Lab検体20+50.csv,2_0053,0053,TAT206,41,19,14.7,162.0,11334.0
2,CSV_data_F07_240529_i-Lab検体20+50.csv,2_0053,0053,TAT206,41,19,14.7,171.2,11352.0
2,CSV_data_F07_240529_i-Lab検体20+50.csv,2_0053,0053,TAT206,41,19,14.7,180.0,11374.0
2,CSV_data_F07_240529_i-Lab検体20+50.csv,2_0053,0053,TAT1,42,20,15.9,0.0,10944.0
2,CSV_data_F07_240529_i-Lab検体20+50.csv,2_0053,0053,TAT1,42,20,15.9,9.2,10971.0
2,CSV_data_F07_240529_i-Lab検体20+50.csv,2_0053,0053,TAT1,42,20,15.9,18.0,10983.0
2,CSV_data_F07_240529_i-Lab検体20+50.csv,2_0053,0053,TAT1,42,20,15.9,27.2,11003.0
2,CSV_data_F07_240529_i-Lab検体20+50.csv,2_0053,0053,TAT1,42,20,15.9,36.0,11024.0
2,CSV_data_F07_240529_i-Lab検体20+50.csv,2_0053,0053,TAT1,42,20,15.9,45.2,11051.0
2,CSV_data_F07_240529_i-Lab検体20+50.csv,2_0053,0053,TAT1,42,20,15.9,54.0,11069.0
2,CSV_data_F07_240529_i-Lab検体20+50.csv,2_0053,0053,TAT1,42,20,15.9,63.2,11094.0
2,CSV_data_F07_240529_i-Lab検体20+50.csv,2_0053,0053,TAT1,42,20,15.9,72.0,11120.0
2,CSV_data_F07_240529_i-Lab検体20+50.csv,2_0053,0053,TAT1,42,20,15.9,81.2,11141.0
2,CSV_data_F07_240529_i-Lab検体20+50.csv,2_0053,0053,TAT1,42,20,15.9,90.0,11162.0
2,CSV_data_F07_240529_i-Lab検体20+50.csv,2_0053,0053,TAT1,42,20,15.9,99.2,11189.0
2,CSV_data_F07_240529_i-Lab検体20+50.csv,2_0053,0053,TAT1,42,20,15.9,108.0,11210.0
2,CSV_data_F07_240529_i-Lab検体20+50.csv,2_0053,0053,TAT1,42,20,15.9,117.2,11234.0
2,CSV_data_F07_240529_i-Lab検体20+50.csv,2_0053,0053,TAT1,42,20,15.9,126.0,11256.0
2,CSV_data_F07_240529_i-Lab検体20+50.csv,2_0053,0053,TAT1,42,20,15.9,135.2,11280.0
2,CSV_data_F07_240529_i-Lab検体20+50.csv,2_0053,0053,TAT1,42,20,15.9,144.0,11307.0
2,CSV_data_F07_240529_i-Lab検体20+50.csv,2_0053,0053,TAT1,42,20,15.9,153.2,11331.0
2,CSV_data_F07_240529_i-Lab検体20+50.csv,2_0053,0053,TAT1,42,20,15.9,162.0,11353.0
2,CSV_data_F07_240529_i-Lab検体20+50.csv,2_0053,0053,TAT1,42,20,15.9,171.2,11379.0
2,CSV_data_F07_240529_i-Lab検体20+50.csv,2_0053,0053,TAT1,42,20,15.9,180.0,11400.0
2,CSV_data_F07_240529_i-Lab検体20+50.csv,2_0053,0053,TAT3,44,15,11.7,0.0,10563.0
2,CSV_data_F07_240529_i-Lab検体20+50.csv,2_0053,0053,TAT3,44,15,11.7,9.2,10584.0
2,CSV_data_F07_240529_i-Lab検体20+50.csv,2_0053,0053,TAT3,44,15,11.7,18.0,10594.0
2,CSV_data_F07_240529_i-Lab検体20+50.csv,2_0053,0053,TAT3,44,15,11.7,27.2,10602.0
2,CSV_data_F07_240529_i-Lab検体20+50.csv,2_0053,0053,TAT3,44,15,11.7,36.0,10613.0
2,CSV_data_F07_240529_i-Lab検体20+50.csv,2_0053,0053,TAT3,44,15,11.7,45.2,10628.0
2,CSV_data_F07_240529_i-Lab検体20+50.csv,2_0053,0053,TAT3,44,15,11.7,54.0,10649.0
2,CSV_data_F07_240529_i-Lab検体20+50.csv,2_0053,0053,TAT3,44,15,11.7,63.2,10664.0
2,CSV_data_F07_240529_i-Lab検体20+50.csv,2_0053,0053,TAT3,44,15,11.7,72.0,10682.0
2,CSV_data_F07_240529_i-Lab検体20+50.csv,2_0053,0053,TAT3,44,15,11.7,81.2,10692.0
2,CSV_data_F07_240529_i-Lab検体20+50.csv,2_0053,0053,TAT3,44,15,11.7,90.0,10708.0
2,CSV_data_F07_240529_i-Lab検体20+50.csv,2_0053,0053,TAT3,44,15,11.7,99.2,10730.0
2,CSV_data_F07_240529_i-Lab検体20+50.csv,2_0053,0053,TAT3,44,15,11.7,108.0,10742.0
2,CSV_data_F07_240529_i-Lab検体20+50.csv,2_0053,0053,TAT3,44,15,11.7,117.2,10763.0
2,CSV_data_F07_240529_i-Lab検体20+50.csv,2_0053,0053,TAT3,44,15,11.7,126.0,10773.0
2,CSV_data_F07_240529_i-Lab検体20+50.csv,2_0053,0053,TAT3,44,15,11.7,135.2,10795.0
2,CSV_data_F07_240529_i-Lab検体20+50.csv,2_0053,0053,TAT3,44,15,11.7,144.0,10809.0
2,CSV_data_F07_240529_i-Lab検体20+50.csv,2_0053,0053,TAT3,44,15,11.7,153.2,10833.0
2,CSV_data_F07_240529_i-Lab検体20+50.csv,2_0053,0053,TAT3,44,15,11.7,162.0,10844.0
2,CSV_data_F07_240529_i-Lab検体20+50.csv,2_0053,0053,TAT3,44,15,11.7,171.2,10868.0
2,CSV_data_F07_240529_i-Lab検体20+50.csv,2_0053,0053,TAT3,44,15,11.7,180.0,10882.0
2,CSV_data_F07_240529_i-Lab検体20+50.csv,2_0053,0053,TAT5,46,16,7.8,0.0,6625.0
2,CSV_data_F07_240529_i-Lab検体20+50.csv,2_0053,0053,TAT5,46,16,7.8,9.2,6630.0
2,CSV_data_F07_240529_i-Lab検体20+50.csv,2_0053,0053,TAT5,46,16,7.8,18.0,6639.0
2,CSV_data_F07_240529_i-Lab検体20+50.csv,2_0053,0053,TAT5,46,16,7.8,27.2,6645.0
2,CSV_data_F07_240529_i-Lab検体20+50.csv,2_0053,0053,TAT5,46,16,7.8,36.0,6659.0
2,CSV_data_F07_240529_i-Lab検体20+50.csv,2_0053,0053,TAT5,46,16,7.8,45.2,6665.0
2,CSV_data_F07_240529_i-Lab検体20+50.csv,2_0053,0053,TAT5,46,16,7.8,54.0,6677.0
2,CSV_data_F07_240529_i-Lab検体20+50.csv,2_0053,0053,TAT5,46,16,7.8,63.2,6694.0
2,CSV_data_F07_240529_i-Lab検体20+50.csv,2_0053,0053,TAT5,46,16,7.8,72.0,6699.0
2,CSV_data_F07_240529_i-Lab検体20+50.csv,2_0053,0053,TAT5,46,16,7.8,81.2,6715.0
2,CSV_data_F07_240529_i-Lab検体20+50.csv,2_0053,0053,TAT5,46,16,7.8,90.0,6723.0
2,CSV_data_F07_240529_i-Lab検体20+50.csv,2_0053,0053,TAT5,46,16,7.8,99.2,6737.0
2,CSV_data_F07_240529_i-Lab検体20+50.csv,2_0053,0053,TAT5,46,16,7.8,108.0,6749.0
2,CSV_data_F07_240529_i-Lab検体20+50.csv,2_0053,0053,TAT5,46,16,7.8,117.2,6758.0
2,CSV_data_F07_240529_i-Lab検体20+50.csv,2_0053,0053,TAT5,46,16,7.8,126.0,6774.0
2,CSV_data_F07_240529_i-Lab検体20+50.csv,2_0053,0053,TAT5,46,16,7.8,135.2,6783.0
2,CSV_data_F07_240529_i-Lab検体20+50.csv,2_0053,0053,TAT5,46,16,7.8,144.0,6795.0
2,CSV_data_F07_240529_i-Lab検体20+50.csv,2_0053,0053,TAT5,46,16,7.8,153.2,6803.0
2,CSV_data_F07_240529_i-Lab検体20+50.csv,2_0053,0053,TAT5,46,16,7.8,162.0,6819.0
2,CSV_data_F07_240529_i-Lab検体20+50.csv,2_0053,0053,TAT5,46,16,7.8,171.2,6832.0
2,CSV_data_F07_240529_i-Lab検体20+50.csv,2_0053,0053,TAT5,46,16,7.8,180.0,6839.0
2,CSV_data_F07_240529_i-Lab検体20+50.csv,2_0053,0053,TAT6,47,17,-0.3,0.0,8610.0
2,CSV_data_F07_240529_i-Lab検体20+50.csv,2_0053,0053,TAT6,47,17,-0.3,9.2,8606.0
2,CSV_data_F07_240529_i-Lab検体20+50.csv,2_0053,0053,TAT6,47,17,-0.3,18.0,8592.0
2,CSV_data_F07_240529_i-Lab検体20+50.csv,2_0053,0053,TAT6,47,17,-0.3,27.2,8597.0
2,CSV_data_F07_240529_i-Lab検体20+50.csv,2_0053,0053,TAT6,47,17,-0.3,36.0,8589.0
2,CSV_data_F07_240529_i-Lab検体20+50.csv,2_0053,0053,TAT6,47,17,-0.3,45.2,8593.0
2,CSV_data_F07_240529_i-Lab検体20+50.csv,2_0053,0053,TAT6,47,17,-0.3,54.0,8591.0
2,CSV_data_F07_240529_i-Lab検体20+50.csv,2_0053,0053,TAT6,47,17,-0.3,63.2,8586.0
2,CSV_data_F07_240529_i-Lab検体20+50.csv,2_0053,0053,TAT6,47,17,-0.3,72.0,8585.0
2,CSV_data_F07_240529_i-Lab検体20+50.csv,2_0053,0053,TAT6,47,17,-0.3,81.2,8588.0
2,CSV_data_F07_240529_i-Lab検体20+50.csv,2_0053,0053,TAT6,47,17,-0.3,90.0,8591.0
2,CSV_data_F07_240529_i-Lab検体20+50.csv,2_0053,0053,TAT6,47,17,-0.3,99.2,8589.0
2,CSV_data_F07_240529_i-Lab検体20+50.csv,2_0053,0053,TAT6,47,17,-0.3,108.0,8588.0
2,CSV_data_F07_240529_i-Lab検体20+50.csv,2_0053,0053,TAT6,47,17,-0.3,117.2,8586.0
2,CSV_data_F07_240529_i-Lab検体20+50.csv,2_0053,0053,TAT6,47,17,-0.3,126.0,8591.0
2,CSV_data_F07_240529_i-Lab検体20+50.csv,2_0053,0053,TAT6,47,17,-0.3,135.2,8587.0
2,CSV_data_F07_240529_i-Lab検体20+50.csv,2_0053,0053,TAT6,47,17,-0.3,144.0,8587.0
2,CSV_data_F07_240529_i-Lab検体20+50.csv,2_0053,0053,TAT6,47,17,-0.3,153.2,8589.0
2,CSV_data_F07_240529_i-Lab検体20+50.csv,2_0053,0053,TAT6,47,17,-0.3,162.0,8586.0
2,CSV_data_F07_240529_i-Lab検体20+50.csv,2_0053,0053,TAT6,47,17,-0.3,171.2,8584.0
2,CSV_data_F07_240529_i-Lab検体20+50.csv,2_0053,0053,TAT6,47,17,-0.3,180.0,8584.0
2,CSV_data_F07_240529_i-Lab検体20+50.csv,2_0054,0054,TAT206,41,18,12.5,0.0,10813.0
2,CSV_data_F07_240529_i-Lab検体20+50.csv,2_0054,0054,TAT206,41,18,12.5,9.2,10830.0
2,CSV_data_F07_240529_i-Lab検体20+50.csv,2_0054,0054,TAT206,41,18,12.5,18.0,10830.0
2,CSV_data_F07_240529_i-Lab検体20+50.csv,2_0054,0054,TAT206,41,18,12.5,27.2,10843.0
2,CSV_data_F07_240529_i-Lab検体20+50.csv,2_0054,0054,TAT206,41,18,12.5,36.0,10862.0
2,CSV_data_F07_240529_i-Lab検体20+50.csv,2_0054,0054,TAT206,41,18,12.5,45.2,10879.0
2,CSV_data_F07_240529_i-Lab検体20+50.csv,2_0054,0054,TAT206,41,18,12.5,54.0,10898.0
2,CSV_data_F07_240529_i-Lab検体20+50.csv,2_0054,0054,TAT206,41,18,12.5,63.2,10910.0
2,CSV_data_F07_240529_i-Lab検体20+50.csv,2_0054,0054,TAT206,41,18,12.5,72.0,10929.0
2,CSV_data_F07_240529_i-Lab検体20+50.csv,2_0054,0054,TAT206,41,18,12.5,81.2,10948.0
2,CSV_data_F07_240529_i-Lab検体20+50.csv,2_0054,0054,TAT206,41,18,12.5,90.0,10967.0
2,CSV_data_F07_240529_i-Lab検体20+50.csv,2_0054,0054,TAT206,41,18,12.5,99.2,10991.0
2,CSV_data_F07_240529_i-Lab検体20+50.csv,2_0054,0054,TAT206,41,18,12.5,108.0,11005.0
2,CSV_data_F07_240529_i-Lab検体20+50.csv,2_0054,0054,TAT206,41,18,12.5,117.2,11017.0
2,CSV_data_F07_240529_i-Lab検体20+50.csv,2_0054,0054,TAT206,41,18,12.5,126.0,11041.0
2,CSV_data_F07_240529_i-Lab検体20+50.csv,2_0054,0054,TAT206,41,18,12.5,135.2,11061.0
2,CSV_data_F07_240529_i-Lab検体20+50.csv,2_0054,0054,TAT206,41,18,12.5,144.0,11084.0
2,CSV_data_F07_240529_i-Lab検体20+50.csv,2_0054,0054,TAT206,41,18,12.5,153.2,11098.0
2,CSV_data_F07_240529_i-Lab検体20+50.csv,2_0054,0054,TAT206,41,18,12.5,162.0,11116.0
2,CSV_data_F07_240529_i-Lab検体20+50.csv,2_0054,0054,TAT206,41,18,12.5,171.2,11136.0
2,CSV_data_F07_240529_i-Lab検体20+50.csv,2_0054,0054,TAT206,41,18,12.5,180.0,11165.0
2,CSV_data_F07_240529_i-Lab検体20+50.csv,2_0054,0054,TAT1,42,19,13.9,0.0,10923.0
2,CSV_data_F07_240529_i-Lab検体20+50.csv,2_0054,0054,TAT1,42,19,13.9,9.2,10933.0
2,CSV_data_F07_240529_i-Lab検体20+50.csv,2_0054,0054,TAT1,42,19,13.9,18.0,10946.0
2,CSV_data_F07_240529_i-Lab検体20+50.csv,2_0054,0054,TAT1,42,19,13.9,27.2,10963.0
2,CSV_data_F07_240529_i-Lab検体20+50.csv,2_0054,0054,TAT1,42,19,13.9,36.0,10981.0
2,CSV_data_F07_240529_i-Lab検体20+50.csv,2_0054,0054,TAT1,42,19,13.9,45.2,10998.0
2,CSV_data_F07_240529_i-Lab検体20+50.csv,2_0054,0054,TAT1,42,19,13.9,54.0,11015.0
2,CSV_data_F07_240529_i-Lab検体20+50.csv,2_0054,0054,TAT1,42,19,13.9,63.2,11044.0
2,CSV_data_F07_240529_i-Lab検体20+50.csv,2_0054,0054,TAT1,42,19,13.9,72.0,11056.0
2,CSV_data_F07_240529_i-Lab検体20+50.csv,2_0054,0054,TAT1,42,19,13.9,81.2,11082.0
2,CSV_data_F07_240529_i-Lab検体20+50.csv,2_0054,0054,TAT1,42,19,13.9,90.0,11104.0
2,CSV_data_F07_240529_i-Lab検体20+50.csv,2_0054,0054,TAT1,42,19,13.9,99.2,11117.0
2,CSV_data_F07_240529_i-Lab検体20+50.csv,2_0054,0054,TAT1,42,19,13.9,108.0,11142.0
2,CSV_data_F07_240529_i-Lab検体20+50.csv,2_0054,0054,TAT1,42,19,13.9,117.2,11162.0
2,CSV_data_F07_240529_i-Lab検体20+50.csv,2_0054,0054,TAT1,42,19,13.9,126.0,11185.0
2,CSV_data_F07_240529_i-Lab検体20+50.csv,2_0054,0054,TAT1,42,19,13.9,135.2,11212.0
2,CSV_data_F07_240529_i-Lab検体20+50.csv,2_0054,0054,TAT1,42,19,13.9,144.0,11231.0
2,CSV_data_F07_240529_i-Lab検体20+50.csv,2_0054,0054,TAT1,42,19,13.9,153.2,11249.0
2,CSV_data_F07_240529_i-Lab検体20+50.csv,2_0054,0054,TAT1,42,19,13.9,162.0,11274.0
2,CSV_data_F07_240529_i-Lab検体20+50.csv,2_0054,0054,TAT1,42,19,13.9,171.2,11290.0
2,CSV_data_F07_240529_i-Lab検体20+50.csv,2_0054,0054,TAT1,42,19,13.9,180.0,11316.0
2,CSV_data_F07_240529_i-Lab検体20+50.csv,2_0054,0054,TAT3,44,20,9.0,0.0,10700.0
2,CSV_data_F07_240529_i-Lab検体20+50.csv,2_0054,0054,TAT3,44,20,9.0,9.2,10696.0
2,CSV_data_F07_240529_i-Lab検体20+50.csv,2_0054,0054,TAT3,44,20,9.0,18.0,10711.0
2,CSV_data_F07_240529_i-Lab検体20+50.csv,2_0054,0054,TAT3,44,20,9.0,27.2,10725.0
2,CSV_data_F07_240529_i-Lab検体20+50.csv,2_0054,0054,TAT3,44,20,9.0,36.0,10731.0
2,CSV_data_F07_240529_i-Lab検体20+50.csv,2_0054,0054,TAT3,44,20,9.0,45.2,10741.0
2,CSV_data_F07_240529_i-Lab検体20+50.csv,2_0054,0054,TAT3,44,20,9.0,54.0,10747.0
2,CSV_data_F07_240529_i-Lab検体20+50.csv,2_0054,0054,TAT3,44,20,9.0,63.2,10763.0
2,CSV_data_F07_240529_i-Lab検体20+50.csv,2_0054,0054,TAT3,44,20,9.0,72.0,10774.0
2,CSV_data_F07_240529_i-Lab検体20+50.csv,2_0054,0054,TAT3,44,20,9.0,81.2,10795.0
2,CSV_data_F07_240529_i-Lab検体20+50.csv,2_0054,0054,TAT3,44,20,9.0,90.0,10802.0
2,CSV_data_F07_240529_i-Lab検体20+50.csv,2_0054,0054,TAT3,44,20,9.0,99.2,10814.0
2,CSV_data_F07_240529_i-Lab検体20+50.csv,2_0054,0054,TAT3,44,20,9.0,108.0,10829.0
2,CSV_data_F07_240529_i-Lab検体20+50.csv,2_0054,0054,TAT3,44,20,9.0,117.2,10838.0
2,CSV_data_F07_240529_i-Lab検体20+50.csv,2_0054,0054,TAT3,44,20,9.0,126.0,10855.0
2,CSV_data_F07_240529_i-Lab検体20+50.csv,2_0054,0054,TAT3,44,20,9.0,135.2,10868.0
2,CSV_data_F07_240529_i-Lab検体20+50.csv,2_0054,0054,TAT3,44,20,9.0,144.0,10887.0
2,CSV_data_F07_240529_i-Lab検体20+50.csv,2_0054,0054,TAT3,44,20,9.0,153.2,10901.0
2,CSV_data_F07_240529_i-Lab検体20+50.csv,2_0054,0054,TAT3,44,20,9.0,162.0,10912.0
2,CSV_data_F07_240529_i-Lab検体20+50.csv,2_0054,0054,TAT3,44,20,9.0,171.2,10930.0
2,CSV_data_F07_240529_i-Lab検体20+50.csv,2_0054,0054,TAT3,44,20,9.0,180.0,10937.0
2,CSV_data_F07_240529_i-Lab検体20+50.csv,2_0054,0054,TAT5,46,15,6.7,0.0,6693.0
2,CSV_data_F07_240529_i-Lab検体20+50.csv,2_0054,0054,TAT5,46,15,6.7,9.2,6648.0
2,CSV_data_F07_240529_i-Lab検体20+50.csv,2_0054,0054,TAT5,46,15,6.7,18.0,6658.0
2,CSV_data_F07_240529_i-Lab検体20+50.csv,2_0054,0054,TAT5,46,15,6.7,27.2,6665.0
2,CSV_data_F07_240529_i-Lab検体20+50.csv,2_0054,0054,TAT5,46,15,6.7,36.0,6676.0
2,CSV_data_F07_240529_i-Lab検体20+50.csv,2_0054,0054,TAT5,46,15,6.7,45.2,6681.0
2,CSV_data_F07_240529_i-Lab検体20+50.csv,2_0054,0054,TAT5,46,15,6.7,54.0,6696.0
2,CSV_data_F07_240529_i-Lab検体20+50.csv,2_0054,0054,TAT5,46,15,6.7,63.2,6706.0
2,CSV_data_F07_240529_i-Lab検体20+50.csv,2_0054,0054,TAT5,46,15,6.7,72.0,6713.0
2,CSV_data_F07_240529_i-Lab検体20+50.csv,2_0054,0054,TAT5,46,15,6.7,81.2,6722.0
2,CSV_data_F07_240529_i-Lab検体20+50.csv,2_0054,0054,TAT5,46,15,6.7,90.0,6736.0
2,CSV_data_F07_240529_i-Lab検体20+50.csv,2_0054,0054,TAT5,46,15,6.7,99.2,6744.0
2,CSV_data_F07_240529_i-Lab検体20+50.csv,2_0054,0054,TAT5,46,15,6.7,108.0,6752.0
2,CSV_data_F07_240529_i-Lab検体20+50.csv,2_0054,0054,TAT5,46,15,6.7,117.2,6760.0
2,CSV_data_F07_240529_i-Lab検体20+50.csv,2_0054,0054,TAT5,46,15,6.7,126.0,6776.0
2,CSV_data_F07_240529_i-Lab検体20+50.csv,2_0054,0054,TAT5,46,15,6.7,135.2,6778.0
2,CSV_data_F07_240529_i-Lab検体20+50.csv,2_0054,0054,TAT5,46,15,6.7,144.0,6795.0
2,CSV_data_F07_240529_i-Lab検体20+50.csv,2_0054,0054,TAT5,46,15,6.7,153.2,6801.0
2,CSV_data_F07_240529_i-Lab検体20+50.csv,2_0054,0054,TAT5,46,15,6.7,162.0,6808.0
2,CSV_data_F07_240529_i-Lab検体20+50.csv,2_0054,0054,TAT5,46,15,6.7,171.2,6822.0
2,CSV_data_F07_240529_i-Lab検体20+50.csv,2_0054,0054,TAT5,46,15,6.7,180.0,6833.0
2,CSV_data_F07_240529_i-Lab検体20+50.csv,2_0054,0054,TAT6,47,16,-0.5,0.0,8720.0
2,CSV_data_F07_240529_i-Lab検体20+50.csv,2_0054,0054,TAT6,47,16,-0.5,9.2,8710.0
2,CSV_data_F07_240529_i-Lab検体20+50.csv,2_0054,0054,TAT6,47,16,-0.5,18.0,8705.0
2,CSV_data_F07_240529_i-Lab検体20+50.csv,2_0054,0054,TAT6,47,16,-0.5,27.2,8698.0
2,CSV_data_F07_240529_i-Lab検体20+50.csv,2_0054,0054,TAT6,47,16,-0.5,36.0,8699.0
2,CSV_data_F07_240529_i-Lab検体20+50.csv,2_0054,0054,TAT6,47,16,-0.5,45.2,8700.0
2,CSV_data_F07_240529_i-Lab検体20+50.csv,2_0054,0054,TAT6,47,16,-0.5,54.0,8693.0
2,CSV_data_F07_240529_i-Lab検体20+50.csv,2_0054,0054,TAT6,47,16,-0.5,63.2,8692.0
2,CSV_data_F07_240529_i-Lab検体20+50.csv,2_0054,0054,TAT6,47,16,-0.5,72.0,8689.0
2,CSV_data_F07_240529_i-Lab検体20+50.csv,2_0054,0054,TAT6,47,16,-0.5,81.2,8697.0
2,CSV_data_F07_240529_i-Lab検体20+50.csv,2_0054,0054,TAT6,47,16,-0.5,90.0,8694.0
2,CSV_data_F07_240529_i-Lab検体20+50.csv,2_0054,0054,TAT6,47,16,-0.5,99.2,8696.0
2,CSV_data_F07_240529_i-Lab検体20+50.csv,2_0054,0054,TAT6,47,16,-0.5,108.0,8699.0
2,CSV_data_F07_240529_i-Lab検体20+50.csv,2_0054,0054,TAT6,47,16,-0.5,117.2,8694.0
2,CSV_data_F07_240529_i-Lab検体20+50.csv,2_0054,0054,TAT6,47,16,-0.5,126.0,8695.0
2,CSV_data_F07_240529_i-Lab検体20+50.csv,2_0054,0054,TAT6,47,16,-0.5,135.2,8690.0
2,CSV_data_F07_240529_i-Lab検体20+50.csv,2_0054,0054,TAT6,47,16,-0.5,144.0,8696.0
2,CSV_data_F07_240529_i-Lab検体20+50.csv,2_0054,0054,TAT6,47,16,-0.5,153.2,8697.0
2,CSV_data_F07_240529_i-Lab検体20+50.csv,2_0054,0054,TAT6,47,16,-0.5,162.0,8695.0
2,CSV_data_F07_240529_i-Lab検体20+50.csv,2_0054,0054,TAT6,47,16,-0.5,171.2,8690.0
2,CSV_data_F07_240529_i-Lab検体20+50.csv,2_0054,0054,TAT6,47,16,-0.5,180.0,8692.0
2,CSV_data_F07_240529_i-Lab検体20+50.csv,2_0055,0055,TAT206,41,17,9.5,0.0,11138.0
2,CSV_data_F07_240529_i-Lab検体20+50.csv,2_0055,0055,TAT206,41,17,9.5,9.2,11145.0
2,CSV_data_F07_240529_i-Lab検体20+50.csv,2_0055,0055,TAT206,41,17,9.5,18.0,11149.0
2,CSV_data_F07_240529_i-Lab検体20+50.csv,2_0055,0055,TAT206,41,17,9.5,27.2,11165.0
2,CSV_data_F07_240529_i-Lab検体20+50.csv,2_0055,0055,TAT206,41,17,9.5,36.0,11175.0
2,CSV_data_F07_240529_i-Lab検体20+50.csv,2_0055,0055,TAT206,41,17,9.5,45.2,11189.0
2,CSV_data_F07_240529_i-Lab検体20+50.csv,2_0055,0055,TAT206,41,17,9.5,54.0,11208.0
2,CSV_data_F07_240529_i-Lab検体20+50.csv,2_0055,0055,TAT206,41,17,9.5,63.2,11219.0
2,CSV_data_F07_240529_i-Lab検体20+50.csv,2_0055,0055,TAT206,41,17,9.5,72.0,11231.0
2,CSV_data_F07_240529_i-Lab検体20+50.csv,2_0055,0055,TAT206,41,17,9.5,81.2,11247.0
2,CSV_data_F07_240529_i-Lab検体20+50.csv,2_0055,0055,TAT206,41,17,9.5,90.0,11259.0
2,CSV_data_F07_240529_i-Lab検体20+50.csv,2_0055,0055,TAT206,41,17,9.5,99.2,11280.0
2,CSV_data_F07_240529_i-Lab検体20+50.csv,2_0055,0055,TAT206,41,17,9.5,108.0,11290.0
2,CSV_data_F07_240529_i-Lab検体20+50.csv,2_0055,0055,TAT206,41,17,9.5,117.2,11305.0
2,CSV_data_F07_240529_i-Lab検体20+50.csv,2_0055,0055,TAT206,41,17,9.5,126.0,11315.0
2,CSV_data_F07_240529_i-Lab検体20+50.csv,2_0055,0055,TAT206,41,17,9.5,135.2,11338.0
2,CSV_data_F07_240529_i-Lab検体20+50.csv,2_0055,0055,TAT206,41,17,9.5,144.0,11348.0
2,CSV_data_F07_240529_i-Lab検体20+50.csv,2_0055,0055,TAT206,41,17,9.5,153.2,11361.0
2,CSV_data_F07_240529_i-Lab検体20+50.csv,2_0055,0055,TAT206,41,17,9.5,162.0,11378.0
2,CSV_data_F07_240529_i-Lab検体20+50.csv,2_0055,0055,TAT206,41,17,9.5,171.2,11389.0
2,CSV_data_F07_240529_i-Lab検体20+50.csv,2_0055,0055,TAT206,41,17,9.5,180.0,11409.0
2,CSV_data_F07_240529_i-Lab検体20+50.csv,2_0055,0055,TAT1,42,18,10.6,0.0,11094.0
2,CSV_data_F07_240529_i-Lab検体20+50.csv,2_0055,0055,TAT1,42,18,10.6,9.2,11091.0
2,CSV_data_F07_240529_i-Lab検体20+50.csv,2_0055,0055,TAT1,42,18,10.6,18.0,11106.0
2,CSV_data_F07_240529_i-Lab検体20+50.csv,2_0055,0055,TAT1,42,18,10.6,27.2,11119.0
2,CSV_data_F07_240529_i-Lab検体20+50.csv,2_0055,0055,TAT1,42,18,10.6,36.0,11133.0
2,CSV_data_F07_240529_i-Lab検体20+50.csv,2_0055,0055,TAT1,42,18,10.6,45.2,11153.0
2,CSV_data_F07_240529_i-Lab検体20+50.csv,2_0055,0055,TAT1,42,18,10.6,54.0,11164.0
2,CSV_data_F07_240529_i-Lab検体20+50.csv,2_0055,0055,TAT1,42,18,10.6,63.2,11193.0
2,CSV_data_F07_240529_i-Lab検体20+50.csv,2_0055,0055,TAT1,42,18,10.6,72.0,11200.0
2,CSV_data_F07_240529_i-Lab検体20+50.csv,2_0055,0055,TAT1,42,18,10.6,81.2,11225.0
2,CSV_data_F07_240529_i-Lab検体20+50.csv,2_0055,0055,TAT1,42,18,10.6,90.0,11237.0
2,CSV_data_F07_240529_i-Lab検体20+50.csv,2_0055,0055,TAT1,42,18,10.6,99.2,11257.0
2,CSV_data_F07_240529_i-Lab検体20+50.csv,2_0055,0055,TAT1,42,18,10.6,108.0,11267.0
2,CSV_data_F07_240529_i-Lab検体20+50.csv,2_0055,0055,TAT1,42,18,10.6,117.2,11285.0
2,CSV_data_F07_240529_i-Lab検体20+50.csv,2_0055,0055,TAT1,42,18,10.6,126.0,11304.0
2,CSV_data_F07_240529_i-Lab検体20+50.csv,2_0055,0055,TAT1,42,18,10.6,135.2,11317.0
2,CSV_data_F07_240529_i-Lab検体20+50.csv,2_0055,0055,TAT1,42,18,10.6,144.0,11333.0
2,CSV_data_F07_240529_i-Lab検体20+50.csv,2_0055,0055,TAT1,42,18,10.6,153.2,11349.0
2,CSV_data_F07_240529_i-Lab検体20+50.csv,2_0055,0055,TAT1,42,18,10.6,162.0,11366.0
2,CSV_data_F07_240529_i-Lab検体20+50.csv,2_0055,0055,TAT1,42,18,10.6,171.2,11384.0
2,CSV_data_F07_240529_i-Lab検体20+50.csv,2_0055,0055,TAT1,42,18,10.6,180.0,11401.0
2,CSV_data_F07_240529_i-Lab検体20+50.csv,2_0055,0055,TAT3,44,19,7.3,0.0,11047.0
2,CSV_data_F07_240529_i-Lab検体20+50.csv,2_0055,0055,TAT3,44,19,7.3,9.2,11055.0
2,CSV_data_F07_240529_i-Lab検体20+50.csv,2_0055,0055,TAT3,44,19,7.3,18.0,11063.0
2,CSV_data_F07_240529_i-Lab検体20+50.csv,2_0055,0055,TAT3,44,19,7.3,27.2,11068.0
2,CSV_data_F07_240529_i-Lab検体20+50.csv,2_0055,0055,TAT3,44,19,7.3,36.0,11081.0
2,CSV_data_F07_240529_i-Lab検体20+50.csv,2_0055,0055,TAT3,44,19,7.3,45.2,11096.0
2,CSV_data_F07_240529_i-Lab検体20+50.csv,2_0055,0055,TAT3,44,19,7.3,54.0,11107.0
2,CSV_data_F07_240529_i-Lab検体20+50.csv,2_0055,0055,TAT3,44,19,7.3,63.2,11114.0
2,CSV_data_F07_240529_i-Lab検体20+50.csv,2_0055,0055,TAT3,44,19,7.3,72.0,11122.0
2,CSV_data_F07_240529_i-Lab検体20+50.csv,2_0055,0055,TAT3,44,19,7.3,81.2,11137.0
2,CSV_data_F07_240529_i-Lab検体20+50.csv,2_0055,0055,TAT3,44,19,7.3,90.0,11147.0
2,CSV_data_F07_240529_i-Lab検体20+50.csv,2_0055,0055,TAT3,44,19,7.3,99.2,11160.0
2,CSV_data_F07_240529_i-Lab検体20+50.csv,2_0055,0055,TAT3,44,19,7.3,108.0,11167.0
2,CSV_data_F07_240529_i-Lab検体20+50.csv,2_0055,0055,TAT3,44,19,7.3,117.2,11181.0
2,CSV_data_F07_240529_i-Lab検体20+50.csv,2_0055,0055,TAT3,44,19,7.3,126.0,11196.0
2,CSV_data_F07_240529_i-Lab検体20+50.csv,2_0055,0055,TAT3,44,19,7.3,135.2,11199.0
2,CSV_data_F07_240529_i-Lab検体20+50.csv,2_0055,0055,TAT3,44,19,7.3,144.0,11211.0
2,CSV_data_F07_240529_i-Lab検体20+50.csv,2_0055,0055,TAT3,44,19,7.3,153.2,11221.0
2,CSV_data_F07_240529_i-Lab検体20+50.csv,2_0055,0055,TAT3,44,19,7.3,162.0,11238.0
2,CSV_data_F07_240529_i-Lab検体20+50.csv,2_0055,0055,TAT3,44,19,7.3,171.2,11247.0
2,CSV_data_F07_240529_i-Lab検体20+50.csv,2_0055,0055,TAT3,44,19,7.3,180.0,11260.0
2,CSV_data_F07_240529_i-Lab検体20+50.csv,2_0055,0055,TAT5,46,20,4.7,0.0,7128.0
2,CSV_data_F07_240529_i-Lab検体20+50.csv,2_0055,0055,TAT5,46,20,4.7,9.2,7132.0
2,CSV_data_F07_240529_i-Lab検体20+50.csv,2_0055,0055,TAT5,46,20,4.7,18.0,7134.0
2,CSV_data_F07_240529_i-Lab検体20+50.csv,2_0055,0055,TAT5,46,20,4.7,27.2,7142.0
2,CSV_data_F07_240529_i-Lab検体20+50.csv,2_0055,0055,TAT5,46,20,4.7,36.0,7144.0
2,CSV_data_F07_240529_i-Lab検体20+50.csv,2_0055,0055,TAT5,46,20,4.7,45.2,7157.0
2,CSV_data_F07_240529_i-Lab検体20+50.csv,2_0055,0055,TAT5,46,20,4.7,54.0,7164.0
2,CSV_data_F07_240529_i-Lab検体20+50.csv,2_0055,0055,TAT5,46,20,4.7,63.2,7172.0
2,CSV_data_F07_240529_i-Lab検体20+50.csv,2_0055,0055,TAT5,46,20,4.7,72.0,7179.0
2,CSV_data_F07_240529_i-Lab検体20+50.csv,2_0055,0055,TAT5,46,20,4.7,81.2,7183.0
2,CSV_data_F07_240529_i-Lab検体20+50.csv,2_0055,0055,TAT5,46,20,4.7,90.0,7192.0
2,CSV_data_F07_240529_i-Lab検体20+50.csv,2_0055,0055,TAT5,46,20,4.7,99.2,7204.0
2,CSV_data_F07_240529_i-Lab検体20+50.csv,2_0055,0055,TAT5,46,20,4.7,108.0,7204.0
2,CSV_data_F07_240529_i-Lab検体20+50.csv,2_0055,0055,TAT5,46,20,4.7,117.2,7215.0
2,CSV_data_F07_240529_i-Lab検体20+50.csv,2_0055,0055,TAT5,46,20,4.7,126.0,7219.0
2,CSV_data_F07_240529_i-Lab検体20+50.csv,2_0055,0055,TAT5,46,20,4.7,135.2,7223.0
2,CSV_data_F07_240529_i-Lab検体20+50.csv,2_0055,0055,TAT5,46,20,4.7,144.0,7232.0
2,CSV_data_F07_240529_i-Lab検体20+50.csv,2_0055,0055,TAT5,46,20,4.7,153.2,7239.0
2,CSV_data_F07_240529_i-Lab検体20+50.csv,2_0055,0055,TAT5,46,20,4.7,162.0,7246.0
2,CSV_data_F07_240529_i-Lab検体20+50.csv,2_0055,0055,TAT5,46,20,4.7,171.2,7254.0
2,CSV_data_F07_240529_i-Lab検体20+50.csv,2_0055,0055,TAT5,46,20,4.7,180.0,7263.0
2,CSV_data_F07_240529_i-Lab検体20+50.csv,2_0055,0055,TAT6,47,15,1.5,0.0,9092.0
2,CSV_data_F07_240529_i-Lab検体20+50.csv,2_0055,0055,TAT6,47,15,1.5,9.2,9094.0
2,CSV_data_F07_240529_i-Lab検体20+50.csv,2_0055,0055,TAT6,47,15,1.5,18.0,9096.0
2,CSV_data_F07_240529_i-Lab検体20+50.csv,2_0055,0055,TAT6,47,15,1.5,27.2,9090.0
2,CSV_data_F07_240529_i-Lab検体20+50.csv,2_0055,0055,TAT6,47,15,1.5,36.0,9097.0
2,CSV_data_F07_240529_i-Lab検体20+50.csv,2_0055,0055,TAT6,47,15,1.5,45.2,9094.0
2,CSV_data_F07_240529_i-Lab検体20+50.csv,2_0055,0055,TAT6,47,15,1.5,54.0,9098.0
2,CSV_data_F07_240529_i-Lab検体20+50.csv,2_0055,0055,TAT6,47,15,1.5,63.2,9105.0
2,CSV_data_F07_240529_i-Lab検体20+50.csv,2_0055,0055,TAT6,47,15,1.5,72.0,9108.0
2,CSV_data_F07_240529_i-Lab検体20+50.csv,2_0055,0055,TAT6,47,15,1.5,81.2,9108.0
2,CSV_data_F07_240529_i-Lab検体20+50.csv,2_0055,0055,TAT6,47,15,1.5,90.0,9108.0
2,CSV_data_F07_240529_i-Lab検体20+50.csv,2_0055,0055,TAT6,47,15,1.5,99.2,9110.0
2,CSV_data_F07_240529_i-Lab検体20+50.csv,2_0055,0055,TAT6,47,15,1.5,108.0,9114.0
2,CSV_data_F07_240529_i-Lab検体20+50.csv,2_0055,0055,TAT6,47,15,1.5,117.2,9116.0
2,CSV_data_F07_240529_i-Lab検体20+50.csv,2_0055,0055,TAT6,47,15,1.5,126.0,9119.0
2,CSV_data_F07_240529_i-Lab検体20+50.csv,2_0055,0055,TAT6,47,15,1.5,135.2,9118.0
2,CSV_data_F07_240529_i-Lab検体20+50.csv,2_0055,0055,TAT6,47,15,1.5,144.0,9124.0
2,CSV_data_F07_240529_i-Lab検体20+50.csv,2_0055,0055,TAT6,47,15,1.5,153.2,9126.0
2,CSV_data_F07_240529_i-Lab検体20+50.csv,2_0055,0055,TAT6,47,15,1.5,162.0,9128.0
2,CSV_data_F07_240529_i-Lab検体20+50.csv,2_0055,0055,TAT6,47,15,1.5,171.2,9130.0
2,CSV_data_F07_240529_i-Lab検体20+50.csv,2_0055,0055,TAT6,47,15,1.5,180.0,9129.0
2,CSV_data_F07_240529_i-Lab検体20+50.csv,2_0056,0056,TAT206,41,16,14.5,0.0,10973.0
2,CSV_data_F07_240529_i-Lab検体20+50.csv,2_0056,0056,TAT206,41,16,14.5,9.2,10972.0
2,CSV_data_F07_240529_i-Lab検体20+50.csv,2_0056,0056,TAT206,41,16,14.5,18.0,10981.0
2,CSV_data_F07_240529_i-Lab検体20+50.csv,2_0056,0056,TAT206,41,16,14.5,27.2,10999.0
2,CSV_data_F07_240529_i-Lab検体20+50.csv,2_0056,0056,TAT206,41,16,14.5,36.0,11007.0
2,CSV_data_F07_240529_i-Lab検体20+50.csv,2_0056,0056,TAT206,41,16,14.5,45.2,11021.0
2,CSV_data_F07_240529_i-Lab検体20+50.csv,2_0056,0056,TAT206,41,16,14.5,54.0,11035.0
2,CSV_data_F07_240529_i-Lab検体20+50.csv,2_0056,0056,TAT206,41,16,14.5,63.2,11059.0
2,CSV_data_F07_240529_i-Lab検体20+50.csv,2_0056,0056,TAT206,41,16,14.5,72.0,11075.0
2,CSV_data_F07_240529_i-Lab検体20+50.csv,2_0056,0056,TAT206,41,16,14.5,81.2,11091.0
2,CSV_data_F07_240529_i-Lab検体20+50.csv,2_0056,0056,TAT206,41,16,14.5,90.0,11114.0
2,CSV_data_F07_240529_i-Lab検体20+50.csv,2_0056,0056,TAT206,41,16,14.5,99.2,11134.0
2,CSV_data_F07_240529_i-Lab検体20+50.csv,2_0056,0056,TAT206,41,16,14.5,108.0,11145.0
2,CSV_data_F07_240529_i-Lab検体20+50.csv,2_0056,0056,TAT206,41,16,14.5,117.2,11171.0
2,CSV_data_F07_240529_i-Lab検体20+50.csv,2_0056,0056,TAT206,41,16,14.5,126.0,11193.0
2,CSV_data_F07_240529_i-Lab検体20+50.csv,2_0056,0056,TAT206,41,16,14.5,135.2,11212.0
2,CSV_data_F07_240529_i-Lab検体20+50.csv,2_0056,0056,TAT206,41,16,14.5,144.0,11233.0
2,CSV_data_F07_240529_i-Lab検体20+50.csv,2_0056,0056,TAT206,41,16,14.5,153.2,11264.0
2,CSV_data_F07_240529_i-Lab検体20+50.csv,2_0056,0056,TAT206,41,16,14.5,162.0,11282.0
2,CSV_data_F07_240529_i-Lab検体20+50.csv,2_0056,0056,TAT206,41,16,14.5,171.2,11309.0
2,CSV_data_F07_240529_i-Lab検体20+50.csv,2_0056,0056,TAT206,41,16,14.5,180.0,11332.0
2,CSV_data_F07_240529_i-Lab検体20+50.csv,2_0056,0056,TAT1,42,17,17.5,0.0,10961.0
2,CSV_data_F07_240529_i-Lab検体20+50.csv,2_0056,0056,TAT1,42,17,17.5,9.2,10958.0
2,CSV_data_F07_240529_i-Lab検体20+50.csv,2_0056,0056,TAT1,42,17,17.5,18.0,10972.0
2,CSV_data_F07_240529_i-Lab検体20+50.csv,2_0056,0056,TAT1,42,17,17.5,27.2,10981.0
2,CSV_data_F07_240529_i-Lab検体20+50.csv,2_0056,0056,TAT1,42,17,17.5,36.0,10997.0
2,CSV_data_F07_240529_i-Lab検体20+50.csv,2_0056,0056,TAT1,42,17,17.5,45.2,11021.0
2,CSV_data_F07_240529_i-Lab検体20+50.csv,2_0056,0056,TAT1,42,17,17.5,54.0,11040.0
2,CSV_data_F07_240529_i-Lab検体20+50.csv,2_0056,0056,TAT1,42,17,17.5,63.2,11056.0
2,CSV_data_F07_240529_i-Lab検体20+50.csv,2_0056,0056,TAT1,42,17,17.5,72.0,11080.0
2,CSV_data_F07_240529_i-Lab検体20+50.csv,2_0056,0056,TAT1,42,17,17.5,81.2,11104.0
2,CSV_data_F07_240529_i-Lab検体20+50.csv,2_0056,0056,TAT1,42,17,17.5,90.0,11128.0
2,CSV_data_F07_240529_i-Lab検体20+50.csv,2_0056,0056,TAT1,42,17,17.5,99.2,11152.0
2,CSV_data_F07_240529_i-Lab検体20+50.csv,2_0056,0056,TAT1,42,17,17.5,108.0,11181.0
2,CSV_data_F07_240529_i-Lab検体20+50.csv,2_0056,0056,TAT1,42,17,17.5,117.2,11209.0
2,CSV_data_F07_240529_i-Lab検体20+50.csv,2_0056,0056,TAT1,42,17,17.5,126.0,11231.0
2,CSV_data_F07_240529_i-Lab検体20+50.csv,2_0056,0056,TAT1,42,17,17.5,135.2,11258.0
2,CSV_data_F07_240529_i-Lab検体20+50.csv,2_0056,0056,TAT1,42,17,17.5,144.0,11289.0
2,CSV_data_F07_240529_i-Lab検体20+50.csv,2_0056,0056,TAT1,42,17,17.5,153.2,11316.0
2,CSV_data_F07_240529_i-Lab検体20+50.csv,2_0056,0056,TAT1,42,17,17.5,162.0,11346.0
2,CSV_data_F07_240529_i-Lab検体20+50.csv,2_0056,0056,TAT1,42,17,17.5,171.2,11366.0
2,CSV_data_F07_240529_i-Lab検体20+50.csv,2_0056,0056,TAT1,42,17,17.5,180.0,11394.0
2,CSV_data_F07_240529_i-Lab検体20+50.csv,2_0056,0056,TAT3,44,18,10.2,0.0,10850.0
2,CSV_data_F07_240529_i-Lab検体20+50.csv,2_0056,0056,TAT3,44,18,10.2,9.2,10870.0
2,CSV_data_F07_240529_i-Lab検体20+50.csv,2_0056,0056,TAT3,44,18,10.2,18.0,10865.0
2,CSV_data_F07_240529_i-Lab検体20+50.csv,2_0056,0056,TAT3,44,18,10.2,27.2,10878.0
2,CSV_data_F07_240529_i-Lab検体20+50.csv,2_0056,0056,TAT3,44,18,10.2,36.0,10884.0
2,CSV_data_F07_240529_i-Lab検体20+50.csv,2_0056,0056,TAT3,44,18,10.2,45.2,10906.0
2,CSV_data_F07_240529_i-Lab検体20+50.csv,2_0056,0056,TAT3,44,18,10.2,54.0,10918.0
2,CSV_data_F07_240529_i-Lab検体20+50.csv,2_0056,0056,TAT3,44,18,10.2,63.2,10931.0
2,CSV_data_F07_240529_i-Lab検体20+50.csv,2_0056,0056,TAT3,44,18,10.2,72.0,10940.0
2,CSV_data_F07_240529_i-Lab検体20+50.csv,2_0056,0056,TAT3,44,18,10.2,81.2,10958.0
2,CSV_data_F07_240529_i-Lab検体20+50.csv,2_0056,0056,TAT3,44,18,10.2,90.0,10967.0
2,CSV_data_F07_240529_i-Lab検体20+50.csv,2_0056,0056,TAT3,44,18,10.2,99.2,10983.0
2,CSV_data_F07_240529_i-Lab検体20+50.csv,2_0056,0056,TAT3,44,18,10.2,108.0,10994.0
2,CSV_data_F07_240529_i-Lab検体20+50.csv,2_0056,0056,TAT3,44,18,10.2,117.2,11009.0
2,CSV_data_F07_240529_i-Lab検体20+50.csv,2_0056,0056,TAT3,44,18,10.2,126.0,11027.0
2,CSV_data_F07_240529_i-Lab検体20+50.csv,2_0056,0056,TAT3,44,18,10.2,135.2,11042.0
2,CSV_data_F07_240529_i-Lab検体20+50.csv,2_0056,0056,TAT3,44,18,10.2,144.0,11066.0
2,CSV_data_F07_240529_i-Lab検体20+50.csv,2_0056,0056,TAT3,44,18,10.2,153.2,11079.0
2,CSV_data_F07_240529_i-Lab検体20+50.csv,2_0056,0056,TAT3,44,18,10.2,162.0,11098.0
2,CSV_data_F07_240529_i-Lab検体20+50.csv,2_0056,0056,TAT3,44,18,10.2,171.2,11111.0
2,CSV_data_F07_240529_i-Lab検体20+50.csv,2_0056,0056,TAT3,44,18,10.2,180.0,11132.0
2,CSV_data_F07_240529_i-Lab検体20+50.csv,2_0056,0056,TAT5,46,19,3.9,0.0,7049.0
2,CSV_data_F07_240529_i-Lab検体20+50.csv,2_0056,0056,TAT5,46,19,3.9,9.2,7056.0
2,CSV_data_F07_240529_i-Lab検体20+50.csv,2_0056,0056,TAT5,46,19,3.9,18.0,7054.0
2,CSV_data_F07_240529_i-Lab検体20+50.csv,2_0056,0056,TAT5,46,19,3.9,27.2,7060.0
2,CSV_data_F07_240529_i-Lab検体20+50.csv,2_0056,0056,TAT5,46,19,3.9,36.0,7066.0
2,CSV_data_F07_240529_i-Lab検体20+50.csv,2_0056,0056,TAT5,46,19,3.9,45.2,7072.0
2,CSV_data_F07_240529_i-Lab検体20+50.csv,2_0056,0056,TAT5,46,19,3.9,54.0,7079.0
2,CSV_data_F07_240529_i-Lab検体20+50.csv,2_0056,0056,TAT5,46,19,3.9,63.2,7077.0
2,CSV_data_F07_240529_i-Lab検体20+50.csv,2_0056,0056,TAT5,46,19,3.9,72.0,7079.0
2,CSV_data_F07_240529_i-Lab検体20+50.csv,2_0056,0056,TAT5,46,19,3.9,81.2,7092.0
2,CSV_data_F07_240529_i-Lab検体20+50.csv,2_0056,0056,TAT5,46,19,3.9,90.0,7092.0
2,CSV_data_F07_240529_i-Lab検体20+50.csv,2_0056,0056,TAT5,46,19,3.9,99.2,7104.0
2,CSV_data_F07_240529_i-Lab検体20+50.csv,2_0056,0056,TAT5,46,19,3.9,108.0,7105.0
2,CSV_data_F07_240529_i-Lab検体20+50.csv,2_0056,0056,TAT5,46,19,3.9,117.2,7119.0
2,CSV_data_F07_240529_i-Lab検体20+50.csv,2_0056,0056,TAT5,46,19,3.9,126.0,7124.0
2,CSV_data_F07_240529_i-Lab検体20+50.csv,2_0056,0056,TAT5,46,19,3.9,135.2,7125.0
2,CSV_data_F07_240529_i-Lab検体20+50.csv,2_0056,0056,TAT5,46,19,3.9,144.0,7131.0
2,CSV_data_F07_240529_i-Lab検体20+50.csv,2_0056,0056,TAT5,46,19,3.9,153.2,7137.0
2,CSV_data_F07_240529_i-Lab検体20+50.csv,2_0056,0056,TAT5,46,19,3.9,162.0,7141.0
2,CSV_data_F07_240529_i-Lab検体20+50.csv,2_0056,0056,TAT5,46,19,3.9,171.2,7150.0
2,CSV_data_F07_240529_i-Lab検体20+50.csv,2_0056,0056,TAT5,46,19,3.9,180.0,7151.0
2,CSV_data_F07_240529_i-Lab検体20+50.csv,2_0056,0056,TAT6,47,20,0.9,0.0,9083.0
2,CSV_data_F07_240529_i-Lab検体20+50.csv,2_0056,0056,TAT6,47,20,0.9,9.2,9083.0
2,CSV_data_F07_240529_i-Lab検体20+50.csv,2_0056,0056,TAT6,47,20,0.9,18.0,9079.0
2,CSV_data_F07_240529_i-Lab検体20+50.csv,2_0056,0056,TAT6,47,20,0.9,27.2,9082.0
2,CSV_data_F07_240529_i-Lab検体20+50.csv,2_0056,0056,TAT6,47,20,0.9,36.0,9084.0
2,CSV_data_F07_240529_i-Lab検体20+50.csv,2_0056,0056,TAT6,47,20,0.9,45.2,9086.0
2,CSV_data_F07_240529_i-Lab検体20+50.csv,2_0056,0056,TAT6,47,20,0.9,54.0,9087.0
2,CSV_data_F07_240529_i-Lab検体20+50.csv,2_0056,0056,TAT6,47,20,0.9,63.2,9089.0
2,CSV_data_F07_240529_i-Lab検体20+50.csv,2_0056,0056,TAT6,47,20,0.9,72.0,9093.0
2,CSV_data_F07_240529_i-Lab検体20+50.csv,2_0056,0056,TAT6,47,20,0.9,81.2,9095.0
2,CSV_data_F07_240529_i-Lab検体20+50.csv,2_0056,0056,TAT6,47,20,0.9,90.0,9098.0
2,CSV_data_F07_240529_i-Lab検体20+50.csv,2_0056,0056,TAT6,47,20,0.9,99.2,9094.0
2,CSV_data_F07_240529_i-Lab検体20+50.csv,2_0056,0056,TAT6,47,20,0.9,108.0,9098.0
2,CSV_data_F07_240529_i-Lab検体20+50.csv,2_0056,0056,TAT6,47,20,0.9,117.2,9098.0
2,CSV_data_F07_240529_i-Lab検体20+50.csv,2_0056,0056,TAT6,47,20,0.9,126.0,9099.0
2,CSV_data_F07_240529_i-Lab検体20+50.csv,2_0056,0056,TAT6,47,20,0.9,135.2,9099.0
2,CSV_data_F07_240529_i-Lab検体20+50.csv,2_0056,0056,TAT6,47,20,0.9,144.0,9105.0
2,CSV_data_F07_240529_i-Lab検体20+50.csv,2_0056,0056,TAT6,47,20,0.9,153.2,9106.0
2,CSV_data_F07_240529_i-Lab検体20+50.csv,2_0056,0056,TAT6,47,20,0.9,162.0,9108.0
2,CSV_data_F07_240529_i-Lab検体20+50.csv,2_0056,0056,TAT6,47,20,0.9,171.2,9109.0
2,CSV_data_F07_240529_i-Lab検体20+50.csv,2_0056,0056,TAT6,47,20,0.9,180.0,9110.0
2,CSV_data_F07_240529_i-Lab検体20+50.csv,2_0057,0057,TAT206,41,15,9.3,0.0,10974.0
2,CSV_data_F07_240529_i-Lab検体20+50.csv,2_0057,0057,TAT206,41,15,9.3,9.2,10967.0
2,CSV_data_F07_240529_i-Lab検体20+50.csv,2_0057,0057,TAT206,41,15,9.3,18.0,10980.0
2,CSV_data_F07_240529_i-Lab検体20+50.csv,2_0057,0057,TAT206,41,15,9.3,27.2,10984.0
2,CSV_data_F07_240529_i-Lab検体20+50.csv,2_0057,0057,TAT206,41,15,9.3,36.0,10996.0
2,CSV_data_F07_240529_i-Lab検体20+50.csv,2_0057,0057,TAT206,41,15,9.3,45.2,11013.0
2,CSV_data_F07_240529_i-Lab検体20+50.csv,2_0057,0057,TAT206,41,15,9.3,54.0,11024.0
2,CSV_data_F07_240529_i-Lab検体20+50.csv,2_0057,0057,TAT206,41,15,9.3,63.2,11036.0
2,CSV_data_F07_240529_i-Lab検体20+50.csv,2_0057,0057,TAT206,41,15,9.3,72.0,11045.0
2,CSV_data_F07_240529_i-Lab検体20+50.csv,2_0057,0057,TAT206,41,15,9.3,81.2,11065.0
2,CSV_data_F07_240529_i-Lab検体20+50.csv,2_0057,0057,TAT206,41,15,9.3,90.0,11077.0
2,CSV_data_F07_240529_i-Lab検体20+50.csv,2_0057,0057,TAT206,41,15,9.3,99.2,11088.0
2,CSV_data_F07_240529_i-Lab検体20+50.csv,2_0057,0057,TAT206,41,15,9.3,108.0,11101.0
2,CSV_data_F07_240529_i-Lab検体20+50.csv,2_0057,0057,TAT206,41,15,9.3,117.2,11116.0
2,CSV_data_F07_240529_i-Lab検体20+50.csv,2_0057,0057,TAT206,41,15,9.3,126.0,11123.0
2,CSV_data_F07_240529_i-Lab検体20+50.csv,2_0057,0057,TAT206,41,15,9.3,135.2,11141.0
2,CSV_data_F07_240529_i-Lab検体20+50.csv,2_0057,0057,TAT206,41,15,9.3,144.0,11157.0
2,CSV_data_F07_240529_i-Lab検体20+50.csv,2_0057,0057,TAT206,41,15,9.3,153.2,11173.0
2,CSV_data_F07_240529_i-Lab検体20+50.csv,2_0057,0057,TAT206,41,15,9.3,162.0,11187.0
2,CSV_data_F07_240529_i-Lab検体20+50.csv,2_0057,0057,TAT206,41,15,9.3,171.2,11204.0
2,CSV_data_F07_240529_i-Lab検体20+50.csv,2_0057,0057,TAT206,41,15,9.3,180.0,11208.0
2,CSV_data_F07_240529_i-Lab検体20+50.csv,2_0057,0057,TAT1,42,16,11.1,0.0,10810.0
2,CSV_data_F07_240529_i-Lab検体20+50.csv,2_0057,0057,TAT1,42,16,11.1,9.2,10821.0
2,CSV_data_F07_240529_i-Lab検体20+50.csv,2_0057,0057,TAT1,42,16,11.1,18.0,10826.0
2,CSV_data_F07_240529_i-Lab検体20+50.csv,2_0057,0057,TAT1,42,16,11.1,27.2,10845.0
2,CSV_data_F07_240529_i-Lab検体20+50.csv,2_0057,0057,TAT1,42,16,11.1,36.0,10856.0
2,CSV_data_F07_240529_i-Lab検体20+50.csv,2_0057,0057,TAT1,42,16,11.1,45.2,10874.0
2,CSV_data_F07_240529_i-Lab検体20+50.csv,2_0057,0057,TAT1,42,16,11.1,54.0,10884.0
2,CSV_data_F07_240529_i-Lab検体20+50.csv,2_0057,0057,TAT1,42,16,11.1,63.2,10897.0
2,CSV_data_F07_240529_i-Lab検体20+50.csv,2_0057,0057,TAT1,42,16,11.1,72.0,10913.0
2,CSV_data_F07_240529_i-Lab検体20+50.csv,2_0057,0057,TAT1,42,16,11.1,81.2,10928.0
2,CSV_data_F07_240529_i-Lab検体20+50.csv,2_0057,0057,TAT1,42,16,11.1,90.0,10945.0
2,CSV_data_F07_240529_i-Lab検体20+50.csv,2_0057,0057,TAT1,42,16,11.1,99.2,10960.0
2,CSV_data_F07_240529_i-Lab検体20+50.csv,2_0057,0057,TAT1,42,16,11.1,108.0,10976.0
2,CSV_data_F07_240529_i-Lab検体20+50.csv,2_0057,0057,TAT1,42,16,11.1,117.2,10994.0
2,CSV_data_F07_240529_i-Lab検体20+50.csv,2_0057,0057,TAT1,42,16,11.1,126.0,11006.0
2,CSV_data_F07_240529_i-Lab検体20+50.csv,2_0057,0057,TAT1,42,16,11.1,135.2,11028.0
2,CSV_data_F07_240529_i-Lab検体20+50.csv,2_0057,0057,TAT1,42,16,11.1,144.0,11043.0
2,CSV_data_F07_240529_i-Lab検体20+50.csv,2_0057,0057,TAT1,42,16,11.1,153.2,11058.0
2,CSV_data_F07_240529_i-Lab検体20+50.csv,2_0057,0057,TAT1,42,16,11.1,162.0,11077.0
2,CSV_data_F07_240529_i-Lab検体20+50.csv,2_0057,0057,TAT1,42,16,11.1,171.2,11095.0
2,CSV_data_F07_240529_i-Lab検体20+50.csv,2_0057,0057,TAT1,42,16,11.1,180.0,11108.0
2,CSV_data_F07_240529_i-Lab検体20+50.csv,2_0057,0057,TAT3,44,17,7.5,0.0,10717.0
2,CSV_data_F07_240529_i-Lab検体20+50.csv,2_0057,0057,TAT3,44,17,7.5,9.2,10723.0
2,CSV_data_F07_240529_i-Lab検体20+50.csv,2_0057,0057,TAT3,44,17,7.5,18.0,10732.0
2,CSV_data_F07_240529_i-Lab検体20+50.csv,2_0057,0057,TAT3,44,17,7.5,27.2,10739.0
2,CSV_data_F07_240529_i-Lab検体20+50.csv,2_0057,0057,TAT3,44,17,7.5,36.0,10751.0
2,CSV_data_F07_240529_i-Lab検体20+50.csv,2_0057,0057,TAT3,44,17,7.5,45.2,10753.0
2,CSV_data_F07_240529_i-Lab検体20+50.csv,2_0057,0057,TAT3,44,17,7.5,54.0,10761.0
2,CSV_data_F07_240529_i-Lab検体20+50.csv,2_0057,0057,TAT3,44,17,7.5,63.2,10774.0
2,CSV_data_F07_240529_i-Lab検体20+50.csv,2_0057,0057,TAT3,44,17,7.5,72.0,10784.0
2,CSV_data_F07_240529_i-Lab検体20+50.csv,2_0057,0057,TAT3,44,17,7.5,81.2,10795.0
2,CSV_data_F07_240529_i-Lab検体20+50.csv,2_0057,0057,TAT3,44,17,7.5,90.0,10807.0
2,CSV_data_F07_240529_i-Lab検体20+50.csv,2_0057,0057,TAT3,44,17,7.5,99.2,10818.0
2,CSV_data_F07_240529_i-Lab検体20+50.csv,2_0057,0057,TAT3,44,17,7.5,108.0,10825.0
2,CSV_data_F07_240529_i-Lab検体20+50.csv,2_0057,0057,TAT3,44,17,7.5,117.2,10836.0
2,CSV_data_F07_240529_i-Lab検体20+50.csv,2_0057,0057,TAT3,44,17,7.5,126.0,10853.0
2,CSV_data_F07_240529_i-Lab検体20+50.csv,2_0057,0057,TAT3,44,17,7.5,135.2,10858.0
2,CSV_data_F07_240529_i-Lab検体20+50.csv,2_0057,0057,TAT3,44,17,7.5,144.0,10873.0
2,CSV_data_F07_240529_i-Lab検体20+50.csv,2_0057,0057,TAT3,44,17,7.5,153.2,10881.0
2,CSV_data_F07_240529_i-Lab検体20+50.csv,2_0057,0057,TAT3,44,17,7.5,162.0,10897.0
2,CSV_data_F07_240529_i-Lab検体20+50.csv,2_0057,0057,TAT3,44,17,7.5,171.2,10907.0
2,CSV_data_F07_240529_i-Lab検体20+50.csv,2_0057,0057,TAT3,44,17,7.5,180.0,10915.0
2,CSV_data_F07_240529_i-Lab検体20+50.csv,2_0057,0057,TAT5,46,18,3.8,0.0,6811.0
2,CSV_data_F07_240529_i-Lab検体20+50.csv,2_0057,0057,TAT5,46,18,3.8,9.2,6816.0
2,CSV_data_F07_240529_i-Lab検体20+50.csv,2_0057,0057,TAT5,46,18,3.8,18.0,6817.0
2,CSV_data_F07_240529_i-Lab検体20+50.csv,2_0057,0057,TAT5,46,18,3.8,27.2,6824.0
2,CSV_data_F07_240529_i-Lab検体20+50.csv,2_0057,0057,TAT5,46,18,3.8,36.0,6830.0
2,CSV_data_F07_240529_i-Lab検体20+50.csv,2_0057,0057,TAT5,46,18,3.8,45.2,6839.0
2,CSV_data_F07_240529_i-Lab検体20+50.csv,2_0057,0057,TAT5,46,18,3.8,54.0,6837.0
2,CSV_data_F07_240529_i-Lab検体20+50.csv,2_0057,0057,TAT5,46,18,3.8,63.2,6846.0
2,CSV_data_F07_240529_i-Lab検体20+50.csv,2_0057,0057,TAT5,46,18,3.8,72.0,6845.0
2,CSV_data_F07_240529_i-Lab検体20+50.csv,2_0057,0057,TAT5,46,18,3.8,81.2,6856.0
2,CSV_data_F07_240529_i-Lab検体20+50.csv,2_0057,0057,TAT5,46,18,3.8,90.0,6861.0
2,CSV_data_F07_240529_i-Lab検体20+50.csv,2_0057,0057,TAT5,46,18,3.8,99.2,6878.0
2,CSV_data_F07_240529_i-Lab検体20+50.csv,2_0057,0057,TAT5,46,18,3.8,108.0,6872.0
2,CSV_data_F07_240529_i-Lab検体20+50.csv,2_0057,0057,TAT5,46,18,3.8,117.2,6876.0
2,CSV_data_F07_240529_i-Lab検体20+50.csv,2_0057,0057,TAT5,46,18,3.8,126.0,6883.0
2,CSV_data_F07_240529_i-Lab検体20+50.csv,2_0057,0057,TAT5,46,18,3.8,135.2,6889.0
2,CSV_data_F07_240529_i-Lab検体20+50.csv,2_0057,0057,TAT5,46,18,3.8,144.0,6898.0
2,CSV_data_F07_240529_i-Lab検体20+50.csv,2_0057,0057,TAT5,46,18,3.8,153.2,6903.0
2,CSV_data_F07_240529_i-Lab検体20+50.csv,2_0057,0057,TAT5,46,18,3.8,162.0,6907.0
2,CSV_data_F07_240529_i-Lab検体20+50.csv,2_0057,0057,TAT5,46,18,3.8,171.2,6913.0
2,CSV_data_F07_240529_i-Lab検体20+50.csv,2_0057,0057,TAT5,46,18,3.8,180.0,6917.0
2,CSV_data_F07_240529_i-Lab検体20+50.csv,2_0057,0057,TAT6,47,19,1.2,0.0,9001.0
2,CSV_data_F07_240529_i-Lab検体20+50.csv,2_0057,0057,TAT6,47,19,1.2,9.2,8998.0
2,CSV_data_F07_240529_i-Lab検体20+50.csv,2_0057,0057,TAT6,47,19,1.2,18.0,8999.0
2,CSV_data_F07_240529_i-Lab検体20+50.csv,2_0057,0057,TAT6,47,19,1.2,27.2,8995.0
2,CSV_data_F07_240529_i-Lab検体20+50.csv,2_0057,0057,TAT6,47,19,1.2,36.0,8999.0
2,CSV_data_F07_240529_i-Lab検体20+50.csv,2_0057,0057,TAT6,47,19,1.2,45.2,9002.0
2,CSV_data_F07_240529_i-Lab検体20+50.csv,2_0057,0057,TAT6,47,19,1.2,54.0,9000.0
2,CSV_data_F07_240529_i-Lab検体20+50.csv,2_0057,0057,TAT6,47,19,1.2,63.2,9005.0
2,CSV_data_F07_240529_i-Lab検体20+50.csv,2_0057,0057,TAT6,47,19,1.2,72.0,9003.0
2,CSV_data_F07_240529_i-Lab検体20+50.csv,2_0057,0057,TAT6,47,19,1.2,81.2,9010.0
2,CSV_data_F07_240529_i-Lab検体20+50.csv,2_0057,0057,TAT6,47,19,1.2,90.0,9002.0
2,CSV_data_F07_240529_i-Lab検体20+50.csv,2_0057,0057,TAT6,47,19,1.2,99.2,9015.0
2,CSV_data_F07_240529_i-Lab検体20+50.csv,2_0057,0057,TAT6,47,19,1.2,108.0,9010.0
2,CSV_data_F07_240529_i-Lab検体20+50.csv,2_0057,0057,TAT6,47,19,1.2,117.2,9008.0
2,CSV_data_F07_240529_i-Lab検体20+50.csv,2_0057,0057,TAT6,47,19,1.2,126.0,9013.0
2,CSV_data_F07_240529_i-Lab検体20+50.csv,2_0057,0057,TAT6,47,19,1.2,135.2,9018.0
2,CSV_data_F07_240529_i-Lab検体20+50.csv,2_0057,0057,TAT6,47,19,1.2,144.0,9021.0
2,CSV_data_F07_240529_i-Lab検体20+50.csv,2_0057,0057,TAT6,47,19,1.2,153.2,9023.0
2,CSV_data_F07_240529_i-Lab検体20+50.csv,2_0057,0057,TAT6,47,19,1.2,162.0,9022.0
2,CSV_data_F07_240529_i-Lab検体20+50.csv,2_0057,0057,TAT6,47,19,1.2,171.2,9028.0
2,CSV_data_F07_240529_i-Lab検体20+50.csv,2_0057,0057,TAT6,47,19,1.2,180.0,9021.0
2,CSV_data_F07_240529_i-Lab検体20+50.csv,2_0058,0058,TAT206,41,20,9.7,0.0,11071.0
2,CSV_data_F07_240529_i-Lab検体20+50.csv,2_0058,0058,TAT206,41,20,9.7,9.2,11081.0
2,CSV_data_F07_240529_i-Lab検体20+50.csv,2_0058,0058,TAT206,41,20,9.7,18.0,11087.0
2,CSV_data_F07_240529_i-Lab検体20+50.csv,2_0058,0058,TAT206,41,20,9.7,27.2,11103.0
2,CSV_data_F07_240529_i-Lab検体20+50.csv,2_0058,0058,TAT206,41,20,9.7,36.0,11109.0
2,CSV_data_F07_240529_i-Lab検体20+50.csv,2_0058,0058,TAT206,41,20,9.7,45.2,11123.0
2,CSV_data_F07_240529_i-Lab検体20+50.csv,2_0058,0058,TAT206,41,20,9.7,54.0,11136.0
2,CSV_data_F07_240529_i-Lab検体20+50.csv,2_0058,0058,TAT206,41,20,9.7,63.2,11150.0
2,CSV_data_F07_240529_i-Lab検体20+50.csv,2_0058,0058,TAT206,41,20,9.7,72.0,11164.0
2,CSV_data_F07_240529_i-Lab検体20+50.csv,2_0058,0058,TAT206,41,20,9.7,81.2,11176.0
2,CSV_data_F07_240529_i-Lab検体20+50.csv,2_0058,0058,TAT206,41,20,9.7,90.0,11188.0
2,CSV_data_F07_240529_i-Lab検体20+50.csv,2_0058,0058,TAT206,41,20,9.7,99.2,11201.0
2,CSV_data_F07_240529_i-Lab検体20+50.csv,2_0058,0058,TAT206,41,20,9.7,108.0,11216.0
2,CSV_data_F07_240529_i-Lab検体20+50.csv,2_0058,0058,TAT206,41,20,9.7,117.2,11237.0
2,CSV_data_F07_240529_i-Lab検体20+50.csv,2_0058,0058,TAT206,41,20,9.7,126.0,11249.0
2,CSV_data_F07_240529_i-Lab検体20+50.csv,2_0058,0058,TAT206,41,20,9.7,135.2,11259.0
2,CSV_data_F07_240529_i-Lab検体20+50.csv,2_0058,0058,TAT206,41,20,9.7,144.0,11273.0
2,CSV_data_F07_240529_i-Lab検体20+50.csv,2_0058,0058,TAT206,41,20,9.7,153.2,11293.0
2,CSV_data_F07_240529_i-Lab検体20+50.csv,2_0058,0058,TAT206,41,20,9.7,162.0,11307.0
2,CSV_data_F07_240529_i-Lab検体20+50.csv,2_0058,0058,TAT206,41,20,9.7,171.2,11321.0
2,CSV_data_F07_240529_i-Lab検体20+50.csv,2_0058,0058,TAT206,41,20,9.7,180.0,11332.0
2,CSV_data_F07_240529_i-Lab検体20+50.csv,2_0058,0058,TAT1,42,15,11.8,0.0,10956.0
2,CSV_data_F07_240529_i-Lab検体20+50.csv,2_0058,0058,TAT1,42,15,11.8,9.2,10925.0
2,CSV_data_F07_240529_i-Lab検体20+50.csv,2_0058,0058,TAT1,42,15,11.8,18.0,10928.0
2,CSV_data_F07_240529_i-Lab検体20+50.csv,2_0058,0058,TAT1,42,15,11.8,27.2,10948.0
2,CSV_data_F07_240529_i-Lab検体20+50.csv,2_0058,0058,TAT1,42,15,11.8,36.0,10965.0
2,CSV_data_F07_240529_i-Lab検体20+50.csv,2_0058,0058,TAT1,42,15,11.8,45.2,10974.0
2,CSV_data_F07_240529_i-Lab検体20+50.csv,2_0058,0058,TAT1,42,15,11.8,54.0,10987.0
2,CSV_data_F07_240529_i-Lab検体20+50.csv,2_0058,0058,TAT1,42,15,11.8,63.2,11002.0
2,CSV_data_F07_240529_i-Lab検体20+50.csv,2_0058,0058,TAT1,42,15,11.8,72.0,11015.0
2,CSV_data_F07_240529_i-Lab検体20+50.csv,2_0058,0058,TAT1,42,15,11.8,81.2,11036.0
2,CSV_data_F07_240529_i-Lab検体20+50.csv,2_0058,0058,TAT1,42,15,11.8,90.0,11052.0
2,CSV_data_F07_240529_i-Lab検体20+50.csv,2_0058,0058,TAT1,42,15,11.8,99.2,11068.0
2,CSV_data_F07_240529_i-Lab検体20+50.csv,2_0058,0058,TAT1,42,15,11.8,108.0,11081.0
2,CSV_data_F07_240529_i-Lab検体20+50.csv,2_0058,0058,TAT1,42,15,11.8,117.2,11100.0
2,CSV_data_F07_240529_i-Lab検体20+50.csv,2_0058,0058,TAT1,42,15,11.8,126.0,11118.0
2,CSV_data_F07_240529_i-Lab検体20+50.csv,2_0058,0058,TAT1,42,15,11.8,135.2,11142.0
2,CSV_data_F07_240529_i-Lab検体20+50.csv,2_0058,0058,TAT1,42,15,11.8,144.0,11157.0
2,CSV_data_F07_240529_i-Lab検体20+50.csv,2_0058,0058,TAT1,42,15,11.8,153.2,11176.0
2,CSV_data_F07_240529_i-Lab検体20+50.csv,2_0058,0058,TAT1,42,15,11.8,162.0,11196.0
2,CSV_data_F07_240529_i-Lab検体20+50.csv,2_0058,0058,TAT1,42,15,11.8,171.2,11213.0
2,CSV_data_F07_240529_i-Lab検体20+50.csv,2_0058,0058,TAT1,42,15,11.8,180.0,11225.0
2,CSV_data_F07_240529_i-Lab検体20+50.csv,2_0058,0058,TAT3,44,16,6.5,0.0,10802.0
2,CSV_data_F07_240529_i-Lab検体20+50.csv,2_0058,0058,TAT3,44,16,6.5,9.2,10799.0
2,CSV_data_F07_240529_i-Lab検体20+50.csv,2_0058,0058,TAT3,44,16,6.5,18.0,10806.0
2,CSV_data_F07_240529_i-Lab検体20+50.csv,2_0058,0058,TAT3,44,16,6.5,27.2,10820.0
2,CSV_data_F07_240529_i-Lab検体20+50.csv,2_0058,0058,TAT3,44,16,6.5,36.0,10822.0
2,CSV_data_F07_240529_i-Lab検体20+50.csv,2_0058,0058,TAT3,44,16,6.5,45.2,10831.0
2,CSV_data_F07_240529_i-Lab検体20+50.csv,2_0058,0058,TAT3,44,16,6.5,54.0,10840.0
2,CSV_data_F07_240529_i-Lab検体20+50.csv,2_0058,0058,TAT3,44,16,6.5,63.2,10850.0
2,CSV_data_F07_240529_i-Lab検体20+50.csv,2_0058,0058,TAT3,44,16,6.5,72.0,10860.0
2,CSV_data_F07_240529_i-Lab検体20+50.csv,2_0058,0058,TAT3,44,16,6.5,81.2,10870.0
2,CSV_data_F07_240529_i-Lab検体20+50.csv,2_0058,0058,TAT3,44,16,6.5,90.0,10877.0
2,CSV_data_F07_240529_i-Lab検体20+50.csv,2_0058,0058,TAT3,44,16,6.5,99.2,10886.0
2,CSV_data_F07_240529_i-Lab検体20+50.csv,2_0058,0058,TAT3,44,16,6.5,108.0,10895.0
2,CSV_data_F07_240529_i-Lab検体20+50.csv,2_0058,0058,TAT3,44,16,6.5,117.2,10906.0
2,CSV_data_F07_240529_i-Lab検体20+50.csv,2_0058,0058,TAT3,44,16,6.5,126.0,10912.0
2,CSV_data_F07_240529_i-Lab検体20+50.csv,2_0058,0058,TAT3,44,16,6.5,135.2,10925.0
2,CSV_data_F07_240529_i-Lab検体20+50.csv,2_0058,0058,TAT3,44,16,6.5,144.0,10936.0
2,CSV_data_F07_240529_i-Lab検体20+50.csv,2_0058,0058,TAT3,44,16,6.5,153.2,10949.0
2,CSV_data_F07_240529_i-Lab検体20+50.csv,2_0058,0058,TAT3,44,16,6.5,162.0,10957.0
2,CSV_data_F07_240529_i-Lab検体20+50.csv,2_0058,0058,TAT3,44,16,6.5,171.2,10968.0
2,CSV_data_F07_240529_i-Lab検体20+50.csv,2_0058,0058,TAT3,44,16,6.5,180.0,10982.0
2,CSV_data_F07_240529_i-Lab検体20+50.csv,2_0058,0058,TAT5,46,17,4.1,0.0,6770.0
2,CSV_data_F07_240529_i-Lab検体20+50.csv,2_0058,0058,TAT5,46,17,4.1,9.2,6760.0
2,CSV_data_F07_240529_i-Lab検体20+50.csv,2_0058,0058,TAT5,46,17,4.1,18.0,6768.0
2,CSV_data_F07_240529_i-Lab検体20+50.csv,2_0058,0058,TAT5,46,17,4.1,27.2,6773.0
2,CSV_data_F07_240529_i-Lab検体20+50.csv,2_0058,0058,TAT5,46,17,4.1,36.0,6777.0
2,CSV_data_F07_240529_i-Lab検体20+50.csv,2_0058,0058,TAT5,46,17,4.1,45.2,6784.0
2,CSV_data_F07_240529_i-Lab検体20+50.csv,2_0058,0058,TAT5,46,17,4.1,54.0,6790.0
2,CSV_data_F07_240529_i-Lab検体20+50.csv,2_0058,0058,TAT5,46,17,4.1,63.2,6798.0
2,CSV_data_F07_240529_i-Lab検体20+50.csv,2_0058,0058,TAT5,46,17,4.1,72.0,6803.0
2,CSV_data_F07_240529_i-Lab検体20+50.csv,2_0058,0058,TAT5,46,17,4.1,81.2,6806.0
2,CSV_data_F07_240529_i-Lab検体20+50.csv,2_0058,0058,TAT5,46,17,4.1,90.0,6811.0
2,CSV_data_F07_240529_i-Lab検体20+50.csv,2_0058,0058,TAT5,46,17,4.1,99.2,6817.0
2,CSV_data_F07_240529_i-Lab検体20+50.csv,2_0058,0058,TAT5,46,17,4.1,108.0,6828.0
2,CSV_data_F07_240529_i-Lab検体20+50.csv,2_0058,0058,TAT5,46,17,4.1,117.2,6833.0
2,CSV_data_F07_240529_i-Lab検体20+50.csv,2_0058,0058,TAT5,46,17,4.1,126.0,6833.0
2,CSV_data_F07_240529_i-Lab検体20+50.csv,2_0058,0058,TAT5,46,17,4.1,135.2,6843.0
2,CSV_data_F07_240529_i-Lab検体20+50.csv,2_0058,0058,TAT5,46,17,4.1,144.0,6844.0
2,CSV_data_F07_240529_i-Lab検体20+50.csv,2_0058,0058,TAT5,46,17,4.1,153.2,6852.0
2,CSV_data_F07_240529_i-Lab検体20+50.csv,2_0058,0058,TAT5,46,17,4.1,162.0,6859.0
2,CSV_data_F07_240529_i-Lab検体20+50.csv,2_0058,0058,TAT5,46,17,4.1,171.2,6868.0
2,CSV_data_F07_240529_i-Lab検体20+50.csv,2_0058,0058,TAT5,46,17,4.1,180.0,6870.0
2,CSV_data_F07_240529_i-Lab検体20+50.csv,2_0058,0058,TAT6,47,18,1.1,0.0,8827.0
2,CSV_data_F07_240529_i-Lab検体20+50.csv,2_0058,0058,TAT6,47,18,1.1,9.2,8821.0
2,CSV_data_F07_240529_i-Lab検体20+50.csv,2_0058,0058,TAT6,47,18,1.1,18.0,8824.0
2,CSV_data_F07_240529_i-Lab検体20+50.csv,2_0058,0058,TAT6,47,18,1.1,27.2,8820.0
2,CSV_data_F07_240529_i-Lab検体20+50.csv,2_0058,0058,TAT6,47,18,1.1,36.0,8820.0
2,CSV_data_F07_240529_i-Lab検体20+50.csv,2_0058,0058,TAT6,47,18,1.1,45.2,8820.0
2,CSV_data_F07_240529_i-Lab検体20+50.csv,2_0058,0058,TAT6,47,18,1.1,54.0,8817.0
2,CSV_data_F07_240529_i-Lab検体20+50.csv,2_0058,0058,TAT6,47,18,1.1,63.2,8822.0
2,CSV_data_F07_240529_i-Lab検体20+50.csv,2_0058,0058,TAT6,47,18,1.1,72.0,8825.0
2,CSV_data_F07_240529_i-Lab検体20+50.csv,2_0058,0058,TAT6,47,18,1.1,81.2,8826.0
2,CSV_data_F07_240529_i-Lab検体20+50.csv,2_0058,0058,TAT6,47,18,1.1,90.0,8830.0
2,CSV_data_F07_240529_i-Lab検体20+50.csv,2_0058,0058,TAT6,47,18,1.1,99.2,8826.0
2,CSV_data_F07_240529_i-Lab検体20+50.csv,2_0058,0058,TAT6,47,18,1.1,108.0,8833.0
2,CSV_data_F07_240529_i-Lab検体20+50.csv,2_0058,0058,TAT6,47,18,1.1,117.2,8832.0
2,CSV_data_F07_240529_i-Lab検体20+50.csv,2_0058,0058,TAT6,47,18,1.1,126.0,8841.0
2,CSV_data_F07_240529_i-Lab検体20+50.csv,2_0058,0058,TAT6,47,18,1.1,135.2,8838.0
2,CSV_data_F07_240529_i-Lab検体20+50.csv,2_0058,0058,TAT6,47,18,1.1,144.0,8842.0
2,CSV_data_F07_240529_i-Lab検体20+50.csv,2_0058,0058,TAT6,47,18,1.1,153.2,8837.0
2,CSV_data_F07_240529_i-Lab検体20+50.csv,2_0058,0058,TAT6,47,18,1.1,162.0,8842.0
2,CSV_data_F07_240529_i-Lab検体20+50.csv,2_0058,0058,TAT6,47,18,1.1,171.2,8843.0
2,CSV_data_F07_240529_i-Lab検体20+50.csv,2_0058,0058,TAT6,47,18,1.1,180.0,8847.0
2,CSV_data_F07_240529_i-Lab検体20+50.csv,2_0059,0059,TAT206,41,19,15.7,0.0,11311.0
2,CSV_data_F07_240529_i-Lab検体20+50.csv,2_0059,0059,TAT206,41,19,15.7,9.2,11328.0
2,CSV_data_F07_240529_i-Lab検体20+50.csv,2_0059,0059,TAT206,41,19,15.7,18.0,11341.0
2,CSV_data_F07_240529_i-Lab検体20+50.csv,2_0059,0059,TAT206,41,19,15.7,27.2,11358.0
2,CSV_data_F07_240529_i-Lab検体20+50.csv,2_0059,0059,TAT206,41,19,15.7,36.0,11376.0
2,CSV_data_F07_240529_i-Lab検体20+50.csv,2_0059,0059,TAT206,41,19,15.7,45.2,11402.0
2,CSV_data_F07_240529_i-Lab検体20+50.csv,2_0059,0059,TAT206,41,19,15.7,54.0,11426.0
2,CSV_data_F07_240529_i-Lab検体20+50.csv,2_0059,0059,TAT206,41,19,15.7,63.2,11449.0
2,CSV_data_F07_240529_i-Lab検体20+50.csv,2_0059,0059,TAT206,41,19,15.7,72.0,11472.0
2,CSV_data_F07_240529_i-Lab検体20+50.csv,2_0059,0059,TAT206,41,19,15.7,81.2,11495.0
2,CSV_data_F07_240529_i-Lab検体20+50.csv,2_0059,0059,TAT206,41,19,15.7,90.0,11519.0
2,CSV_data_F07_240529_i-Lab検体20+50.csv,2_0059,0059,TAT206,41,19,15.7,99.2,11546.0
2,CSV_data_F07_240529_i-Lab検体20+50.csv,2_0059,0059,TAT206,41,19,15.7,108.0,11570.0
2,CSV_data_F07_240529_i-Lab検体20+50.csv,2_0059,0059,TAT206,41,19,15.7,117.2,11593.0
2,CSV_data_F07_240529_i-Lab検体20+50.csv,2_0059,0059,TAT206,41,19,15.7,126.0,11612.0
2,CSV_data_F07_240529_i-Lab検体20+50.csv,2_0059,0059,TAT206,41,19,15.7,135.2,11627.0
2,CSV_data_F07_240529_i-Lab検体20+50.csv,2_0059,0059,TAT206,41,19,15.7,144.0,11660.0
2,CSV_data_F07_240529_i-Lab検体20+50.csv,2_0059,0059,TAT206,41,19,15.7,153.2,11683.0
2,CSV_data_F07_240529_i-Lab検体20+50.csv,2_0059,0059,TAT206,41,19,15.7,162.0,11707.0
2,CSV_data_F07_240529_i-Lab検体20+50.csv,2_0059,0059,TAT206,41,19,15.7,171.2,11731.0
2,CSV_data_F07_240529_i-Lab検体20+50.csv,2_0059,0059,TAT206,41,19,15.7,180.0,11752.0
2,CSV_data_F07_240529_i-Lab検体20+50.csv,2_0059,0059,TAT1,42,20,17.4,0.0,11259.0
2,CSV_data_F07_240529_i-Lab検体20+50.csv,2_0059,0059,TAT1,42,20,17.4,9.2,11277.0
2,CSV_data_F07_240529_i-Lab検体20+50.csv,2_0059,0059,TAT1,42,20,17.4,18.0,11296.0
2,CSV_data_F07_240529_i-Lab検体20+50.csv,2_0059,0059,TAT1,42,20,17.4,27.2,11321.0
2,CSV_data_F07_240529_i-Lab検体20+50.csv,2_0059,0059,TAT1,42,20,17.4,36.0,11338.0
2,CSV_data_F07_240529_i-Lab検体20+50.csv,2_0059,0059,TAT1,42,20,17.4,45.2,11364.0
2,CSV_data_F07_240529_i-Lab検体20+50.csv,2_0059,0059,TAT1,42,20,17.4,54.0,11387.0
2,CSV_data_F07_240529_i-Lab検体20+50.csv,2_0059,0059,TAT1,42,20,17.4,63.2,11418.0
2,CSV_data_F07_240529_i-Lab検体20+50.csv,2_0059,0059,TAT1,42,20,17.4,72.0,11443.0
2,CSV_data_F07_240529_i-Lab検体20+50.csv,2_0059,0059,TAT1,42,20,17.4,81.2,11465.0
2,CSV_data_F07_240529_i-Lab検体20+50.csv,2_0059,0059,TAT1,42,20,17.4,90.0,11496.0
2,CSV_data_F07_240529_i-Lab検体20+50.csv,2_0059,0059,TAT1,42,20,17.4,99.2,11520.0
2,CSV_data_F07_240529_i-Lab検体20+50.csv,2_0059,0059,TAT1,42,20,17.4,108.0,11550.0
2,CSV_data_F07_240529_i-Lab検体20+50.csv,2_0059,0059,TAT1,42,20,17.4,117.2,11571.0
2,CSV_data_F07_240529_i-Lab検体20+50.csv,2_0059,0059,TAT1,42,20,17.4,126.0,11600.0
2,CSV_data_F07_240529_i-Lab検体20+50.csv,2_0059,0059,TAT1,42,20,17.4,135.2,11627.0
2,CSV_data_F07_240529_i-Lab検体20+50.csv,2_0059,0059,TAT1,42,20,17.4,144.0,11647.0
2,CSV_data_F07_240529_i-Lab検体20+50.csv,2_0059,0059,TAT1,42,20,17.4,153.2,11677.0
2,CSV_data_F07_240529_i-Lab検体20+50.csv,2_0059,0059,TAT1,42,20,17.4,162.0,11701.0
2,CSV_data_F07_240529_i-Lab検体20+50.csv,2_0059,0059,TAT1,42,20,17.4,171.2,11726.0
2,CSV_data_F07_240529_i-Lab検体20+50.csv,2_0059,0059,TAT1,42,20,17.4,180.0,11753.0
2,CSV_data_F07_240529_i-Lab検体20+50.csv,2_0059,0059,TAT3,44,15,13.0,0.0,11067.0
2,CSV_data_F07_240529_i-Lab検体20+50.csv,2_0059,0059,TAT3,44,15,13.0,9.2,11073.0
2,CSV_data_F07_240529_i-Lab検体20+50.csv,2_0059,0059,TAT3,44,15,13.0,18.0,11084.0
2,CSV_data_F07_240529_i-Lab検体20+50.csv,2_0059,0059,TAT3,44,15,13.0,27.2,11096.0
2,CSV_data_F07_240529_i-Lab検体20+50.csv,2_0059,0059,TAT3,44,15,13.0,36.0,11111.0
2,CSV_data_F07_240529_i-Lab検体20+50.csv,2_0059,0059,TAT3,44,15,13.0,45.2,11129.0
2,CSV_data_F07_240529_i-Lab検体20+50.csv,2_0059,0059,TAT3,44,15,13.0,54.0,11146.0
2,CSV_data_F07_240529_i-Lab検体20+50.csv,2_0059,0059,TAT3,44,15,13.0,63.2,11163.0
2,CSV_data_F07_240529_i-Lab検体20+50.csv,2_0059,0059,TAT3,44,15,13.0,72.0,11186.0
2,CSV_data_F07_240529_i-Lab検体20+50.csv,2_0059,0059,TAT3,44,15,13.0,81.2,11205.0
2,CSV_data_F07_240529_i-Lab検体20+50.csv,2_0059,0059,TAT3,44,15,13.0,90.0,11219.0
2,CSV_data_F07_240529_i-Lab検体20+50.csv,2_0059,0059,TAT3,44,15,13.0,99.2,11240.0
2,CSV_data_F07_240529_i-Lab検体20+50.csv,2_0059,0059,TAT3,44,15,13.0,108.0,11261.0
2,CSV_data_F07_240529_i-Lab検体20+50.csv,2_0059,0059,TAT3,44,15,13.0,117.2,11278.0
2,CSV_data_F07_240529_i-Lab検体20+50.csv,2_0059,0059,TAT3,44,15,13.0,126.0,11301.0
2,CSV_data_F07_240529_i-Lab検体20+50.csv,2_0059,0059,TAT3,44,15,13.0,135.2,11322.0
2,CSV_data_F07_240529_i-Lab検体20+50.csv,2_0059,0059,TAT3,44,15,13.0,144.0,11335.0
2,CSV_data_F07_240529_i-Lab検体20+50.csv,2_0059,0059,TAT3,44,15,13.0,153.2,11357.0
2,CSV_data_F07_240529_i-Lab検体20+50.csv,2_0059,0059,TAT3,44,15,13.0,162.0,11374.0
2,CSV_data_F07_240529_i-Lab検体20+50.csv,2_0059,0059,TAT3,44,15,13.0,171.2,11400.0
2,CSV_data_F07_240529_i-Lab検体20+50.csv,2_0059,0059,TAT3,44,15,13.0,180.0,11413.0
2,CSV_data_F07_240529_i-Lab検体20+50.csv,2_0059,0059,TAT5,46,16,7.6,0.0,7101.0
2,CSV_data_F07_240529_i-Lab検体20+50.csv,2_0059,0059,TAT5,46,16,7.6,9.2,7116.0
2,CSV_data_F07_240529_i-Lab検体20+50.csv,2_0059,0059,TAT5,46,16,7.6,18.0,7128.0
2,CSV_data_F07_240529_i-Lab検体20+50.csv,2_0059,0059,TAT5,46,16,7.6,27.2,7143.0
2,CSV_data_F07_240529_i-Lab検体20+50.csv,2_0059,0059,TAT5,46,16,7.6,36.0,7151.0
2,CSV_data_F07_240529_i-Lab検体20+50.csv,2_0059,0059,TAT5,46,16,7.6,45.2,7163.0
2,CSV_data_F07_240529_i-Lab検体20+50.csv,2_0059,0059,TAT5,46,16,7.6,54.0,7176.0
2,CSV_data_F07_240529_i-Lab検体20+50.csv,2_0059,0059,TAT5,46,16,7.6,63.2,7188.0
2,CSV_data_F07_240529_i-Lab検体20+50.csv,2_0059,0059,TAT5,46,16,7.6,72.0,7199.0
2,CSV_data_F07_240529_i-Lab検体20+50.csv,2_0059,0059,TAT5,46,16,7.6,81.2,7211.0
2,CSV_data_F07_240529_i-Lab検体20+50.csv,2_0059,0059,TAT5,46,16,7.6,90.0,7223.0
2,CSV_data_F07_240529_i-Lab検体20+50.csv,2_0059,0059,TAT5,46,16,7.6,99.2,7237.0
2,CSV_data_F07_240529_i-Lab検体20+50.csv,2_0059,0059,TAT5,46,16,7.6,108.0,7248.0
2,CSV_data_F07_240529_i-Lab検体20+50.csv,2_0059,0059,TAT5,46,16,7.6,117.2,7261.0
2,CSV_data_F07_240529_i-Lab検体20+50.csv,2_0059,0059,TAT5,46,16,7.6,126.0,7271.0
2,CSV_data_F07_240529_i-Lab検体20+50.csv,2_0059,0059,TAT5,46,16,7.6,135.2,7279.0
2,CSV_data_F07_240529_i-Lab検体20+50.csv,2_0059,0059,TAT5,46,16,7.6,144.0,7293.0
2,CSV_data_F07_240529_i-Lab検体20+50.csv,2_0059,0059,TAT5,46,16,7.6,153.2,7303.0
2,CSV_data_F07_240529_i-Lab検体20+50.csv,2_0059,0059,TAT5,46,16,7.6,162.0,7314.0
2,CSV_data_F07_240529_i-Lab検体20+50.csv,2_0059,0059,TAT5,46,16,7.6,171.2,7325.0
2,CSV_data_F07_240529_i-Lab検体20+50.csv,2_0059,0059,TAT5,46,16,7.6,180.0,7331.0
2,CSV_data_F07_240529_i-Lab検体20+50.csv,2_0059,0059,TAT6,47,17,1.2,0.0,9068.0
2,CSV_data_F07_240529_i-Lab検体20+50.csv,2_0059,0059,TAT6,47,17,1.2,9.2,9068.0
2,CSV_data_F07_240529_i-Lab検体20+50.csv,2_0059,0059,TAT6,47,17,1.2,18.0,9060.0
2,CSV_data_F07_240529_i-Lab検体20+50.csv,2_0059,0059,TAT6,47,17,1.2,27.2,9057.0
2,CSV_data_F07_240529_i-Lab検体20+50.csv,2_0059,0059,TAT6,47,17,1.2,36.0,9060.0
2,CSV_data_F07_240529_i-Lab検体20+50.csv,2_0059,0059,TAT6,47,17,1.2,45.2,9063.0
2,CSV_data_F07_240529_i-Lab検体20+50.csv,2_0059,0059,TAT6,47,17,1.2,54.0,9065.0
2,CSV_data_F07_240529_i-Lab検体20+50.csv,2_0059,0059,TAT6,47,17,1.2,63.2,9066.0
2,CSV_data_F07_240529_i-Lab検体20+50.csv,2_0059,0059,TAT6,47,17,1.2,72.0,9065.0
2,CSV_data_F07_240529_i-Lab検体20+50.csv,2_0059,0059,TAT6,47,17,1.2,81.2,9068.0
2,CSV_data_F07_240529_i-Lab検体20+50.csv,2_0059,0059,TAT6,47,17,1.2,90.0,9069.0
2,CSV_data_F07_240529_i-Lab検体20+50.csv,2_0059,0059,TAT6,47,17,1.2,99.2,9069.0
2,CSV_data_F07_240529_i-Lab検体20+50.csv,2_0059,0059,TAT6,47,17,1.2,108.0,9072.0
2,CSV_data_F07_240529_i-Lab検体20+50.csv,2_0059,0059,TAT6,47,17,1.2,117.2,9071.0
2,CSV_data_F07_240529_i-Lab検体20+50.csv,2_0059,0059,TAT6,47,17,1.2,126.0,9078.0
2,CSV_data_F07_240529_i-Lab検体20+50.csv,2_0059,0059,TAT6,47,17,1.2,135.2,9076.0
2,CSV_data_F07_240529_i-Lab検体20+50.csv,2_0059,0059,TAT6,47,17,1.2,144.0,9081.0
2,CSV_data_F07_240529_i-Lab検体20+50.csv,2_0059,0059,TAT6,47,17,1.2,153.2,9078.0
2,CSV_data_F07_240529_i-Lab検体20+50.csv,2_0059,0059,TAT6,47,17,1.2,162.0,9086.0
2,CSV_data_F07_240529_i-Lab検体20+50.csv,2_0059,0059,TAT6,47,17,1.2,171.2,9086.0
2,CSV_data_F07_240529_i-Lab検体20+50.csv,2_0059,0059,TAT6,47,17,1.2,180.0,9086.0
2,CSV_data_F07_240529_i-Lab検体20+50.csv,2_0060,0060,TAT206,41,18,11.2,0.0,11075.0
2,CSV_data_F07_240529_i-Lab検体20+50.csv,2_0060,0060,TAT206,41,18,11.2,9.2,11086.0
2,CSV_data_F07_240529_i-Lab検体20+50.csv,2_0060,0060,TAT206,41,18,11.2,18.0,11107.0
2,CSV_data_F07_240529_i-Lab検体20+50.csv,2_0060,0060,TAT206,41,18,11.2,27.2,11114.0
2,CSV_data_F07_240529_i-Lab検体20+50.csv,2_0060,0060,TAT206,41,18,11.2,36.0,11119.0
2,CSV_data_F07_240529_i-Lab検体20+50.csv,2_0060,0060,TAT206,41,18,11.2,45.2,11144.0
2,CSV_data_F07_240529_i-Lab検体20+50.csv,2_0060,0060,TAT206,41,18,11.2,54.0,11160.0
2,CSV_data_F07_240529_i-Lab検体20+50.csv,2_0060,0060,TAT206,41,18,11.2,63.2,11180.0
2,CSV_data_F07_240529_i-Lab検体20+50.csv,2_0060,0060,TAT206,41,18,11.2,72.0,11190.0
2,CSV_data_F07_240529_i-Lab検体20+50.csv,2_0060,0060,TAT206,41,18,11.2,81.2,11207.0
2,CSV_data_F07_240529_i-Lab検体20+50.csv,2_0060,0060,TAT206,41,18,11.2,90.0,11226.0
2,CSV_data_F07_240529_i-Lab検体20+50.csv,2_0060,0060,TAT206,41,18,11.2,99.2,11243.0
2,CSV_data_F07_240529_i-Lab検体20+50.csv,2_0060,0060,TAT206,41,18,11.2,108.0,11258.0
2,CSV_data_F07_240529_i-Lab検体20+50.csv,2_0060,0060,TAT206,41,18,11.2,117.2,11276.0
2,CSV_data_F07_240529_i-Lab検体20+50.csv,2_0060,0060,TAT206,41,18,11.2,126.0,11292.0
2,CSV_data_F07_240529_i-Lab検体20+50.csv,2_0060,0060,TAT206,41,18,11.2,135.2,11312.0
2,CSV_data_F07_240529_i-Lab検体20+50.csv,2_0060,0060,TAT206,41,18,11.2,144.0,11329.0
2,CSV_data_F07_240529_i-Lab検体20+50.csv,2_0060,0060,TAT206,41,18,11.2,153.2,11345.0
2,CSV_data_F07_240529_i-Lab検体20+50.csv,2_0060,0060,TAT206,41,18,11.2,162.0,11356.0
2,CSV_data_F07_240529_i-Lab検体20+50.csv,2_0060,0060,TAT206,41,18,11.2,171.2,11375.0
2,CSV_data_F07_240529_i-Lab検体20+50.csv,2_0060,0060,TAT206,41,18,11.2,180.0,11392.0
2,CSV_data_F07_240529_i-Lab検体20+50.csv,2_0060,0060,TAT1,42,19,12.4,0.0,11101.0
2,CSV_data_F07_240529_i-Lab検体20+50.csv,2_0060,0060,TAT1,42,19,12.4,9.2,11119.0
2,CSV_data_F07_240529_i-Lab検体20+50.csv,2_0060,0060,TAT1,42,19,12.4,18.0,11134.0
2,CSV_data_F07_240529_i-Lab検体20+50.csv,2_0060,0060,TAT1,42,19,12.4,27.2,11152.0
2,CSV_data_F07_240529_i-Lab検体20+50.csv,2_0060,0060,TAT1,42,19,12.4,36.0,11173.0
2,CSV_data_F07_240529_i-Lab検体20+50.csv,2_0060,0060,TAT1,42,19,12.4,45.2,11183.0
2,CSV_data_F07_240529_i-Lab検体20+50.csv,2_0060,0060,TAT1,42,19,12.4,54.0,11206.0
2,CSV_data_F07_240529_i-Lab検体20+50.csv,2_0060,0060,TAT1,42,19,12.4,63.2,11221.0
2,CSV_data_F07_240529_i-Lab検体20+50.csv,2_0060,0060,TAT1,42,19,12.4,72.0,11240.0
2,CSV_data_F07_240529_i-Lab検体20+50.csv,2_0060,0060,TAT1,42,19,12.4,81.2,11262.0
2,CSV_data_F07_240529_i-Lab検体20+50.csv,2_0060,0060,TAT1,42,19,12.4,90.0,11281.0
2,CSV_data_F07_240529_i-Lab検体20+50.csv,2_0060,0060,TAT1,42,19,12.4,99.2,11302.0
2,CSV_data_F07_240529_i-Lab検体20+50.csv,2_0060,0060,TAT1,42,19,12.4,108.0,11317.0
2,CSV_data_F07_240529_i-Lab検体20+50.csv,2_0060,0060,TAT1,42,19,12.4,117.2,11338.0
2,CSV_data_F07_240529_i-Lab検体20+50.csv,2_0060,0060,TAT1,42,19,12.4,126.0,11355.0
2,CSV_data_F07_240529_i-Lab検体20+50.csv,2_0060,0060,TAT1,42,19,12.4,135.2,11375.0
2,CSV_data_F07_240529_i-Lab検体20+50.csv,2_0060,0060,TAT1,42,19,12.4,144.0,11390.0
2,CSV_data_F07_240529_i-Lab検体20+50.csv,2_0060,0060,TAT1,42,19,12.4,153.2,11410.0
2,CSV_data_F07_240529_i-Lab検体20+50.csv,2_0060,0060,TAT1,42,19,12.4,162.0,11433.0
2,CSV_data_F07_240529_i-Lab検体20+50.csv,2_0060,0060,TAT1,42,19,12.4,171.2,11448.0
2,CSV_data_F07_240529_i-Lab検体20+50.csv,2_0060,0060,TAT1,42,19,12.4,180.0,11468.0
2,CSV_data_F07_240529_i-Lab検体20+50.csv,2_0060,0060,TAT3,44,20,7.7,0.0,10949.0
2,CSV_data_F07_240529_i-Lab検体20+50.csv,2_0060,0060,TAT3,44,20,7.7,9.2,10959.0
2,CSV_data_F07_240529_i-Lab検体20+50.csv,2_0060,0060,TAT3,44,20,7.7,18.0,10974.0
2,CSV_data_F07_240529_i-Lab検体20+50.csv,2_0060,0060,TAT3,44,20,7.7,27.2,10980.0
2,CSV_data_F07_240529_i-Lab検体20+50.csv,2_0060,0060,TAT3,44,20,7.7,36.0,10993.0
2,CSV_data_F07_240529_i-Lab検体20+50.csv,2_0060,0060,TAT3,44,20,7.7,45.2,11003.0
2,CSV_data_F07_240529_i-Lab検体20+50.csv,2_0060,0060,TAT3,44,20,7.7,54.0,11012.0
2,CSV_data_F07_240529_i-Lab検体20+50.csv,2_0060,0060,TAT3,44,20,7.7,63.2,11024.0
2,CSV_data_F07_240529_i-Lab検体20+50.csv,2_0060,0060,TAT3,44,20,7.7,72.0,11036.0
2,CSV_data_F07_240529_i-Lab検体20+50.csv,2_0060,0060,TAT3,44,20,7.7,81.2,11044.0
2,CSV_data_F07_240529_i-Lab検体20+50.csv,2_0060,0060,TAT3,44,20,7.7,90.0,11059.0
2,CSV_data_F07_240529_i-Lab検体20+50.csv,2_0060,0060,TAT3,44,20,7.7,99.2,11067.0
2,CSV_data_F07_240529_i-Lab検体20+50.csv,2_0060,0060,TAT3,44,20,7.7,108.0,11078.0
2,CSV_data_F07_240529_i-Lab検体20+50.csv,2_0060,0060,TAT3,44,20,7.7,117.2,11087.0
2,CSV_data_F07_240529_i-Lab検体20+50.csv,2_0060,0060,TAT3,44,20,7.7,126.0,11102.0
2,CSV_data_F07_240529_i-Lab検体20+50.csv,2_0060,0060,TAT3,44,20,7.7,135.2,11113.0
2,CSV_data_F07_240529_i-Lab検体20+50.csv,2_0060,0060,TAT3,44,20,7.7,144.0,11121.0
2,CSV_data_F07_240529_i-Lab検体20+50.csv,2_0060,0060,TAT3,44,20,7.7,153.2,11137.0
2,CSV_data_F07_240529_i-Lab検体20+50.csv,2_0060,0060,TAT3,44,20,7.7,162.0,11145.0
2,CSV_data_F07_240529_i-Lab検体20+50.csv,2_0060,0060,TAT3,44,20,7.7,171.2,11159.0
2,CSV_data_F07_240529_i-Lab検体20+50.csv,2_0060,0060,TAT3,44,20,7.7,180.0,11179.0
2,CSV_data_F07_240529_i-Lab検体20+50.csv,2_0060,0060,TAT5,46,15,6.2,0.0,6907.0
2,CSV_data_F07_240529_i-Lab検体20+50.csv,2_0060,0060,TAT5,46,15,6.2,9.2,6906.0
2,CSV_data_F07_240529_i-Lab検体20+50.csv,2_0060,0060,TAT5,46,15,6.2,18.0,6916.0
2,CSV_data_F07_240529_i-Lab検体20+50.csv,2_0060,0060,TAT5,46,15,6.2,27.2,6921.0
2,CSV_data_F07_240529_i-Lab検体20+50.csv,2_0060,0060,TAT5,46,15,6.2,36.0,6926.0
2,CSV_data_F07_240529_i-Lab検体20+50.csv,2_0060,0060,TAT5,46,15,6.2,45.2,6940.0
2,CSV_data_F07_240529_i-Lab検体20+50.csv,2_0060,0060,TAT5,46,15,6.2,54.0,6951.0
2,CSV_data_F07_240529_i-Lab検体20+50.csv,2_0060,0060,TAT5,46,15,6.2,63.2,6961.0
2,CSV_data_F07_240529_i-Lab検体20+50.csv,2_0060,0060,TAT5,46,15,6.2,72.0,6974.0
2,CSV_data_F07_240529_i-Lab検体20+50.csv,2_0060,0060,TAT5,46,15,6.2,81.2,6980.0
2,CSV_data_F07_240529_i-Lab検体20+50.csv,2_0060,0060,TAT5,46,15,6.2,90.0,6986.0
2,CSV_data_F07_240529_i-Lab検体20+50.csv,2_0060,0060,TAT5,46,15,6.2,99.2,7000.0
2,CSV_data_F07_240529_i-Lab検体20+50.csv,2_0060,0060,TAT5,46,15,6.2,108.0,7005.0
2,CSV_data_F07_240529_i-Lab検体20+50.csv,2_0060,0060,TAT5,46,15,6.2,117.2,7022.0
2,CSV_data_F07_240529_i-Lab検体20+50.csv,2_0060,0060,TAT5,46,15,6.2,126.0,7025.0
2,CSV_data_F07_240529_i-Lab検体20+50.csv,2_0060,0060,TAT5,46,15,6.2,135.2,7041.0
2,CSV_data_F07_240529_i-Lab検体20+50.csv,2_0060,0060,TAT5,46,15,6.2,144.0,7047.0
2,CSV_data_F07_240529_i-Lab検体20+50.csv,2_0060,0060,TAT5,46,15,6.2,153.2,7052.0
2,CSV_data_F07_240529_i-Lab検体20+50.csv,2_0060,0060,TAT5,46,15,6.2,162.0,7064.0
2,CSV_data_F07_240529_i-Lab検体20+50.csv,2_0060,0060,TAT5,46,15,6.2,171.2,7073.0
2,CSV_data_F07_240529_i-Lab検体20+50.csv,2_0060,0060,TAT5,46,15,6.2,180.0,7083.0
2,CSV_data_F07_240529_i-Lab検体20+50.csv,2_0060,0060,TAT6,47,16,0.9,0.0,8924.0
2,CSV_data_F07_240529_i-Lab検体20+50.csv,2_0060,0060,TAT6,47,16,0.9,9.2,8923.0
2,CSV_data_F07_240529_i-Lab検体20+50.csv,2_0060,0060,TAT6,47,16,0.9,18.0,8925.0
2,CSV_data_F07_240529_i-Lab検体20+50.csv,2_0060,0060,TAT6,47,16,0.9,27.2,8927.0
2,CSV_data_F07_240529_i-Lab検体20+50.csv,2_0060,0060,TAT6,47,16,0.9,36.0,8929.0
2,CSV_data_F07_240529_i-Lab検体20+50.csv,2_0060,0060,TAT6,47,16,0.9,45.2,8930.0
2,CSV_data_F07_240529_i-Lab検体20+50.csv,2_0060,0060,TAT6,47,16,0.9,54.0,8934.0
2,CSV_data_F07_240529_i-Lab検体20+50.csv,2_0060,0060,TAT6,47,16,0.9,63.2,8932.0
2,CSV_data_F07_240529_i-Lab検体20+50.csv,2_0060,0060,TAT6,47,16,0.9,72.0,8935.0
2,CSV_data_F07_240529_i-Lab検体20+50.csv,2_0060,0060,TAT6,47,16,0.9,81.2,8941.0
2,CSV_data_F07_240529_i-Lab検体20+50.csv,2_0060,0060,TAT6,47,16,0.9,90.0,8939.0
2,CSV_data_F07_240529_i-Lab検体20+50.csv,2_0060,0060,TAT6,47,16,0.9,99.2,8945.0
2,CSV_data_F07_240529_i-Lab検体20+50.csv,2_0060,0060,TAT6,47,16,0.9,108.0,8942.0
2,CSV_data_F07_240529_i-Lab検体20+50.csv,2_0060,0060,TAT6,47,16,0.9,117.2,8943.0
2,CSV_data_F07_240529_i-Lab検体20+50.csv,2_0060,0060,TAT6,47,16,0.9,126.0,8952.0
2,CSV_data_F07_240529_i-Lab検体20+50.csv,2_0060,0060,TAT6,47,16,0.9,135.2,8949.0
2,CSV_data_F07_240529_i-Lab検体20+50.csv,2_0060,0060,TAT6,47,16,0.9,144.0,8947.0
2,CSV_data_F07_240529_i-Lab検体20+50.csv,2_0060,0060,TAT6,47,16,0.9,153.2,8950.0
2,CSV_data_F07_240529_i-Lab検体20+50.csv,2_0060,0060,TAT6,47,16,0.9,162.0,8955.0
2,CSV_data_F07_240529_i-Lab検体20+50.csv,2_0060,0060,TAT6,47,16,0.9,171.2,8955.0
2,CSV_data_F07_240529_i-Lab検体20+50.csv,2_0060,0060,TAT6,47,16,0.9,180.0,8956.0
2,CSV_data_F07_240529_i-Lab検体20+50.csv,2_0061,0061,TAT206,41,17,17.8,0.0,11037.0
2,CSV_data_F07_240529_i-Lab検体20+50.csv,2_0061,0061,TAT206,41,17,17.8,9.2,11053.0
2,CSV_data_F07_240529_i-Lab検体20+50.csv,2_0061,0061,TAT206,41,17,17.8,18.0,11062.0
2,CSV_data_F07_240529_i-Lab検体20+50.csv,2_0061,0061,TAT206,41,17,17.8,27.2,11071.0
2,CSV_data_F07_240529_i-Lab検体20+50.csv,2_0061,0061,TAT206,41,17,17.8,36.0,11089.0
2,CSV_data_F07_240529_i-Lab検体20+50.csv,2_0061,0061,TAT206,41,17,17.8,45.2,11101.0
2,CSV_data_F07_240529_i-Lab検体20+50.csv,2_0061,0061,TAT206,41,17,17.8,54.0,11116.0
2,CSV_data_F07_240529_i-Lab検体20+50.csv,2_0061,0061,TAT206,41,17,17.8,63.2,11134.0
2,CSV_data_F07_240529_i-Lab検体20+50.csv,2_0061,0061,TAT206,41,17,17.8,72.0,11158.0
2,CSV_data_F07_240529_i-Lab検体20+50.csv,2_0061,0061,TAT206,41,17,17.8,81.2,11174.0
2,CSV_data_F07_240529_i-Lab検体20+50.csv,2_0061,0061,TAT206,41,17,17.8,90.0,11197.0
2,CSV_data_F07_240529_i-Lab検体20+50.csv,2_0061,0061,TAT206,41,17,17.8,99.2,11223.0
2,CSV_data_F07_240529_i-Lab検体20+50.csv,2_0061,0061,TAT206,41,17,17.8,108.0,11243.0
2,CSV_data_F07_240529_i-Lab検体20+50.csv,2_0061,0061,TAT206,41,17,17.8,117.2,11276.0
2,CSV_data_F07_240529_i-Lab検体20+50.csv,2_0061,0061,TAT206,41,17,17.8,126.0,11299.0
2,CSV_data_F07_240529_i-Lab検体20+50.csv,2_0061,0061,TAT206,41,17,17.8,135.2,11327.0
2,CSV_data_F07_240529_i-Lab検体20+50.csv,2_0061,0061,TAT206,41,17,17.8,144.0,11353.0
2,CSV_data_F07_240529_i-Lab検体20+50.csv,2_0061,0061,TAT206,41,17,17.8,153.2,11380.0
2,CSV_data_F07_240529_i-Lab検体20+50.csv,2_0061,0061,TAT206,41,17,17.8,162.0,11413.0
2,CSV_data_F07_240529_i-Lab検体20+50.csv,2_0061,0061,TAT206,41,17,17.8,171.2,11441.0
2,CSV_data_F07_240529_i-Lab検体20+50.csv,2_0061,0061,TAT206,41,17,17.8,180.0,11475.0
2,CSV_data_F07_240529_i-Lab検体20+50.csv,2_0061,0061,TAT1,42,18,28.0,0.0,11055.0
2,CSV_data_F07_240529_i-Lab検体20+50.csv,2_0061,0061,TAT1,42,18,28.0,9.2,11062.0
2,CSV_data_F07_240529_i-Lab検体20+50.csv,2_0061,0061,TAT1,42,18,28.0,18.0,11080.0
2,CSV_data_F07_240529_i-Lab検体20+50.csv,2_0061,0061,TAT1,42,18,28.0,27.2,11104.0
2,CSV_data_F07_240529_i-Lab検体20+50.csv,2_0061,0061,TAT1,42,18,28.0,36.0,11122.0
2,CSV_data_F07_240529_i-Lab検体20+50.csv,2_0061,0061,TAT1,42,18,28.0,45.2,11145.0
2,CSV_data_F07_240529_i-Lab検体20+50.csv,2_0061,0061,TAT1,42,18,28.0,54.0,11168.0
2,CSV_data_F07_240529_i-Lab検体20+50.csv,2_0061,0061,TAT1,42,18,28.0,63.2,11206.0
2,CSV_data_F07_240529_i-Lab検体20+50.csv,2_0061,0061,TAT1,42,18,28.0,72.0,11236.0
2,CSV_data_F07_240529_i-Lab検体20+50.csv,2_0061,0061,TAT1,42,18,28.0,81.2,11261.0
2,CSV_data_F07_240529_i-Lab検体20+50.csv,2_0061,0061,TAT1,42,18,28.0,90.0,11301.0
2,CSV_data_F07_240529_i-Lab検体20+50.csv,2_0061,0061,TAT1,42,18,28.0,99.2,11342.0
2,CSV_data_F07_240529_i-Lab検体20+50.csv,2_0061,0061,TAT1,42,18,28.0,108.0,11378.0
2,CSV_data_F07_240529_i-Lab検体20+50.csv,2_0061,0061,TAT1,42,18,28.0,117.2,11422.0
2,CSV_data_F07_240529_i-Lab検体20+50.csv,2_0061,0061,TAT1,42,18,28.0,126.0,11461.0
2,CSV_data_F07_240529_i-Lab検体20+50.csv,2_0061,0061,TAT1,42,18,28.0,135.2,11508.0
2,CSV_data_F07_240529_i-Lab検体20+50.csv,2_0061,0061,TAT1,42,18,28.0,144.0,11548.0
2,CSV_data_F07_240529_i-Lab検体20+50.csv,2_0061,0061,TAT1,42,18,28.0,153.2,11592.0
2,CSV_data_F07_240529_i-Lab検体20+50.csv,2_0061,0061,TAT1,42,18,28.0,162.0,11636.0
2,CSV_data_F07_240529_i-Lab検体20+50.csv,2_0061,0061,TAT1,42,18,28.0,171.2,11681.0
2,CSV_data_F07_240529_i-Lab検体20+50.csv,2_0061,0061,TAT1,42,18,28.0,180.0,11726.0
2,CSV_data_F07_240529_i-Lab検体20+50.csv,2_0061,0061,TAT3,44,19,22.1,0.0,10951.0
2,CSV_data_F07_240529_i-Lab検体20+50.csv,2_0061,0061,TAT3,44,19,22.1,9.2,10964.0
2,CSV_data_F07_240529_i-Lab検体20+50.csv,2_0061,0061,TAT3,44,19,22.1,18.0,10976.0
2,CSV_data_F07_240529_i-Lab検体20+50.csv,2_0061,0061,TAT3,44,19,22.1,27.2,10993.0
2,CSV_data_F07_240529_i-Lab検体20+50.csv,2_0061,0061,TAT3,44,19,22.1,36.0,11009.0
2,CSV_data_F07_240529_i-Lab検体20+50.csv,2_0061,0061,TAT3,44,19,22.1,45.2,11034.0
2,CSV_data_F07_240529_i-Lab検体20+50.csv,2_0061,0061,TAT3,44,19,22.1,54.0,11055.0
2,CSV_data_F07_240529_i-Lab検体20+50.csv,2_0061,0061,TAT3,44,19,22.1,63.2,11077.0
2,CSV_data_F07_240529_i-Lab検体20+50.csv,2_0061,0061,TAT3,44,19,22.1,72.0,11108.0
2,CSV_data_F07_240529_i-Lab検体20+50.csv,2_0061,0061,TAT3,44,19,22.1,81.2,11129.0
2,CSV_data_F07_240529_i-Lab検体20+50.csv,2_0061,0061,TAT3,44,19,22.1,90.0,11157.0
2,CSV_data_F07_240529_i-Lab検体20+50.csv,2_0061,0061,TAT3,44,19,22.1,99.2,11190.0
2,CSV_data_F07_240529_i-Lab検体20+50.csv,2_0061,0061,TAT3,44,19,22.1,108.0,11217.0
2,CSV_data_F07_240529_i-Lab検体20+50.csv,2_0061,0061,TAT3,44,19,22.1,117.2,11249.0
2,CSV_data_F07_240529_i-Lab検体20+50.csv,2_0061,0061,TAT3,44,19,22.1,126.0,11284.0
2,CSV_data_F07_240529_i-Lab検体20+50.csv,2_0061,0061,TAT3,44,19,22.1,135.2,11316.0
2,CSV_data_F07_240529_i-Lab検体20+50.csv,2_0061,0061,TAT3,44,19,22.1,144.0,11354.0
2,CSV_data_F07_240529_i-Lab検体20+50.csv,2_0061,0061,TAT3,44,19,22.1,153.2,11387.0
2,CSV_data_F07_240529_i-Lab検体20+50.csv,2_0061,0061,TAT3,44,19,22.1,162.0,11421.0
2,CSV_data_F07_240529_i-Lab検体20+50.csv,2_0061,0061,TAT3,44,19,22.1,171.2,11460.0
2,CSV_data_F07_240529_i-Lab検体20+50.csv,2_0061,0061,TAT3,44,19,22.1,180.0,11502.0
2,CSV_data_F07_240529_i-Lab検体20+50.csv,2_0061,0061,TAT5,46,20,3.0,0.0,7012.0
2,CSV_data_F07_240529_i-Lab検体20+50.csv,2_0061,0061,TAT5,46,20,3.0,9.2,7015.0
2,CSV_data_F07_240529_i-Lab検体20+50.csv,2_0061,0061,TAT5,46,20,3.0,18.0,7017.0
2,CSV_data_F07_240529_i-Lab検体20+50.csv,2_0061,0061,TAT5,46,20,3.0,27.2,7017.0
2,CSV_data_F07_240529_i-Lab検体20+50.csv,2_0061,0061,TAT5,46,20,3.0,36.0,7024.0
2,CSV_data_F07_240529_i-Lab検体20+50.csv,2_0061,0061,TAT5,46,20,3.0,45.2,7027.0
2,CSV_data_F07_240529_i-Lab検体20+50.csv,2_0061,0061,TAT5,46,20,3.0,54.0,7026.0
2,CSV_data_F07_240529_i-Lab検体20+50.csv,2_0061,0061,TAT5,46,20,3.0,63.2,7028.0
2,CSV_data_F07_240529_i-Lab検体20+50.csv,2_0061,0061,TAT5,46,20,3.0,72.0,7036.0
2,CSV_data_F07_240529_i-Lab検体20+50.csv,2_0061,0061,TAT5,46,20,3.0,81.2,7039.0
2,CSV_data_F07_240529_i-Lab検体20+50.csv,2_0061,0061,TAT5,46,20,3.0,90.0,7041.0
2,CSV_data_F07_240529_i-Lab検体20+50.csv,2_0061,0061,TAT5,46,20,3.0,99.2,7049.0
2,CSV_data_F07_240529_i-Lab検体20+50.csv,2_0061,0061,TAT5,46,20,3.0,108.0,7049.0
2,CSV_data_F07_240529_i-Lab検体20+50.csv,2_0061,0061,TAT5,46,20,3.0,117.2,7057.0
2,CSV_data_F07_240529_i-Lab検体20+50.csv,2_0061,0061,TAT5,46,20,3.0,126.0,7061.0
2,CSV_data_F07_240529_i-Lab検体20+50.csv,2_0061,0061,TAT5,46,20,3.0,135.2,7063.0
2,CSV_data_F07_240529_i-Lab検体20+50.csv,2_0061,0061,TAT5,46,20,3.0,144.0,7073.0
2,CSV_data_F07_240529_i-Lab検体20+50.csv,2_0061,0061,TAT5,46,20,3.0,153.2,7075.0
2,CSV_data_F07_240529_i-Lab検体20+50.csv,2_0061,0061,TAT5,46,20,3.0,162.0,7084.0
2,CSV_data_F07_240529_i-Lab検体20+50.csv,2_0061,0061,TAT5,46,20,3.0,171.2,7084.0
2,CSV_data_F07_240529_i-Lab検体20+50.csv,2_0061,0061,TAT5,46,20,3.0,180.0,7087.0
2,CSV_data_F07_240529_i-Lab検体20+50.csv,2_0061,0061,TAT6,47,15,-0.5,0.0,8969.0
2,CSV_data_F07_240529_i-Lab検体20+50.csv,2_0061,0061,TAT6,47,15,-0.5,9.2,8956.0
2,CSV_data_F07_240529_i-Lab検体20+50.csv,2_0061,0061,TAT6,47,15,-0.5,18.0,8948.0
2,CSV_data_F07_240529_i-Lab検体20+50.csv,2_0061,0061,TAT6,47,15,-0.5,27.2,8952.0
2,CSV_data_F07_240529_i-Lab検体20+50.csv,2_0061,0061,TAT6,47,15,-0.5,36.0,8941.0
2,CSV_data_F07_240529_i-Lab検体20+50.csv,2_0061,0061,TAT6,47,15,-0.5,45.2,8942.0
2,CSV_data_F07_240529_i-Lab検体20+50.csv,2_0061,0061,TAT6,47,15,-0.5,54.0,8939.0
2,CSV_data_F07_240529_i-Lab検体20+50.csv,2_0061,0061,TAT6,47,15,-0.5,63.2,8939.0
2,CSV_data_F07_240529_i-Lab検体20+50.csv,2_0061,0061,TAT6,47,15,-0.5,72.0,8942.0
2,CSV_data_F07_240529_i-Lab検体20+50.csv,2_0061,0061,TAT6,47,15,-0.5,81.2,8940.0
2,CSV_data_F07_240529_i-Lab検体20+50.csv,2_0061,0061,TAT6,47,15,-0.5,90.0,8940.0
2,CSV_data_F07_240529_i-Lab検体20+50.csv,2_0061,0061,TAT6,47,15,-0.5,99.2,8933.0
2,CSV_data_F07_240529_i-Lab検体20+50.csv,2_0061,0061,TAT6,47,15,-0.5,108.0,8937.0
2,CSV_data_F07_240529_i-Lab検体20+50.csv,2_0061,0061,TAT6,47,15,-0.5,117.2,8932.0
2,CSV_data_F07_240529_i-Lab検体20+50.csv,2_0061,0061,TAT6,47,15,-0.5,126.0,8933.0
2,CSV_data_F07_240529_i-Lab検体20+50.csv,2_0061,0061,TAT6,47,15,-0.5,135.2,8936.0
2,CSV_data_F07_240529_i-Lab検体20+50.csv,2_0061,0061,TAT6,47,15,-0.5,144.0,8937.0
2,CSV_data_F07_240529_i-Lab検体20+50.csv,2_0061,0061,TAT6,47,15,-0.5,153.2,8934.0
2,CSV_data_F07_240529_i-Lab検体20+50.csv,2_0061,0061,TAT6,47,15,-0.5,162.0,8932.0
2,CSV_data_F07_240529_i-Lab検体20+50.csv,2_0061,0061,TAT6,47,15,-0.5,171.2,8933.0
2,CSV_data_F07_240529_i-Lab検体20+50.csv,2_0061,0061,TAT6,47,15,-0.5,180.0,8939.0
2,CSV_data_F07_240529_i-Lab検体20+50.csv,2_0062,0062,TAT206,41,16,7.8,0.0,10936.0
2,CSV_data_F07_240529_i-Lab検体20+50.csv,2_0062,0062,TAT206,41,16,7.8,9.2,10929.0
2,CSV_data_F07_240529_i-Lab検体20+50.csv,2_0062,0062,TAT206,41,16,7.8,18.0,10940.0
2,CSV_data_F07_240529_i-Lab検体20+50.csv,2_0062,0062,TAT206,41,16,7.8,27.2,10946.0
2,CSV_data_F07_240529_i-Lab検体20+50.csv,2_0062,0062,TAT206,41,16,7.8,36.0,10957.0
2,CSV_data_F07_240529_i-Lab検体20+50.csv,2_0062,0062,TAT206,41,16,7.8,45.2,10964.0
2,CSV_data_F07_240529_i-Lab検体20+50.csv,2_0062,0062,TAT206,41,16,7.8,54.0,10978.0
2,CSV_data_F07_240529_i-Lab検体20+50.csv,2_0062,0062,TAT206,41,16,7.8,63.2,10993.0
2,CSV_data_F07_240529_i-Lab検体20+50.csv,2_0062,0062,TAT206,41,16,7.8,72.0,11004.0
2,CSV_data_F07_240529_i-Lab検体20+50.csv,2_0062,0062,TAT206,41,16,7.8,81.2,11015.0
2,CSV_data_F07_240529_i-Lab検体20+50.csv,2_0062,0062,TAT206,41,16,7.8,90.0,11023.0
2,CSV_data_F07_240529_i-Lab検体20+50.csv,2_0062,0062,TAT206,41,16,7.8,99.2,11041.0
2,CSV_data_F07_240529_i-Lab検体20+50.csv,2_0062,0062,TAT206,41,16,7.8,108.0,11054.0
2,CSV_data_F07_240529_i-Lab検体20+50.csv,2_0062,0062,TAT206,41,16,7.8,117.2,11060.0
2,CSV_data_F07_240529_i-Lab検体20+50.csv,2_0062,0062,TAT206,41,16,7.8,126.0,11079.0
2,CSV_data_F07_240529_i-Lab検体20+50.csv,2_0062,0062,TAT206,41,16,7.8,135.2,11091.0
2,CSV_data_F07_240529_i-Lab検体20+50.csv,2_0062,0062,TAT206,41,16,7.8,144.0,11104.0
2,CSV_data_F07_240529_i-Lab検体20+50.csv,2_0062,0062,TAT206,41,16,7.8,153.2,11119.0
2,CSV_data_F07_240529_i-Lab検体20+50.csv,2_0062,0062,TAT206,41,16,7.8,162.0,11130.0
2,CSV_data_F07_240529_i-Lab検体20+50.csv,2_0062,0062,TAT206,41,16,7.8,171.2,11132.0
2,CSV_data_F07_240529_i-Lab検体20+50.csv,2_0062,0062,TAT206,41,16,7.8,180.0,11147.0
2,CSV_data_F07_240529_i-Lab検体20+50.csv,2_0062,0062,TAT1,42,17,10.3,0.0,10820.0
2,CSV_data_F07_240529_i-Lab検体20+50.csv,2_0062,0062,TAT1,42,17,10.3,9.2,10814.0
2,CSV_data_F07_240529_i-Lab検体20+50.csv,2_0062,0062,TAT1,42,17,10.3,18.0,10833.0
2,CSV_data_F07_240529_i-Lab検体20+50.csv,2_0062,0062,TAT1,42,17,10.3,27.2,10848.0
2,CSV_data_F07_240529_i-Lab検体20+50.csv,2_0062,0062,TAT1,42,17,10.3,36.0,10860.0
2,CSV_data_F07_240529_i-Lab検体20+50.csv,2_0062,0062,TAT1,42,17,10.3,45.2,10874.0
2,CSV_data_F07_240529_i-Lab検体20+50.csv,2_0062,0062,TAT1,42,17,10.3,54.0,10888.0
2,CSV_data_F07_240529_i-Lab検体20+50.csv,2_0062,0062,TAT1,42,17,10.3,63.2,10902.0
2,CSV_data_F07_240529_i-Lab検体20+50.csv,2_0062,0062,TAT1,42,17,10.3,72.0,10917.0
2,CSV_data_F07_240529_i-Lab検体20+50.csv,2_0062,0062,TAT1,42,17,10.3,81.2,10930.0
2,CSV_data_F07_240529_i-Lab検体20+50.csv,2_0062,0062,TAT1,42,17,10.3,90.0,10947.0
2,CSV_data_F07_240529_i-Lab検体20+50.csv,2_0062,0062,TAT1,42,17,10.3,99.2,10966.0
2,CSV_data_F07_240529_i-Lab検体20+50.csv,2_0062,0062,TAT1,42,17,10.3,108.0,10971.0
2,CSV_data_F07_240529_i-Lab検体20+50.csv,2_0062,0062,TAT1,42,17,10.3,117.2,10989.0
2,CSV_data_F07_240529_i-Lab検体20+50.csv,2_0062,0062,TAT1,42,17,10.3,126.0,11004.0
2,CSV_data_F07_240529_i-Lab検体20+50.csv,2_0062,0062,TAT1,42,17,10.3,135.2,11021.0
2,CSV_data_F07_240529_i-Lab検体20+50.csv,2_0062,0062,TAT1,42,17,10.3,144.0,11036.0
2,CSV_data_F07_240529_i-Lab検体20+50.csv,2_0062,0062,TAT1,42,17,10.3,153.2,11055.0
2,CSV_data_F07_240529_i-Lab検体20+50.csv,2_0062,0062,TAT1,42,17,10.3,162.0,11071.0
2,CSV_data_F07_240529_i-Lab検体20+50.csv,2_0062,0062,TAT1,42,17,10.3,171.2,11085.0
2,CSV_data_F07_240529_i-Lab検体20+50.csv,2_0062,0062,TAT1,42,17,10.3,180.0,11096.0
2,CSV_data_F07_240529_i-Lab検体20+50.csv,2_0062,0062,TAT3,44,18,6.0,0.0,10784.0
2,CSV_data_F07_240529_i-Lab検体20+50.csv,2_0062,0062,TAT3,44,18,6.0,9.2,10789.0
2,CSV_data_F07_240529_i-Lab検体20+50.csv,2_0062,0062,TAT3,44,18,6.0,18.0,10793.0
2,CSV_data_F07_240529_i-Lab検体20+50.csv,2_0062,0062,TAT3,44,18,6.0,27.2,10804.0
2,CSV_data_F07_240529_i-Lab検体20+50.csv,2_0062,0062,TAT3,44,18,6.0,36.0,10804.0
2,CSV_data_F07_240529_i-Lab検体20+50.csv,2_0062,0062,TAT3,44,18,6.0,45.2,10817.0
2,CSV_data_F07_240529_i-Lab検体20+50.csv,2_0062,0062,TAT3,44,18,6.0,54.0,10823.0
2,CSV_data_F07_240529_i-Lab検体20+50.csv,2_0062,0062,TAT3,44,18,6.0,63.2,10830.0
2,CSV_data_F07_240529_i-Lab検体20+50.csv,2_0062,0062,TAT3,44,18,6.0,72.0,10842.0
2,CSV_data_F07_240529_i-Lab検体20+50.csv,2_0062,0062,TAT3,44,18,6.0,81.2,10854.0
2,CSV_data_F07_240529_i-Lab検体20+50.csv,2_0062,0062,TAT3,44,18,6.0,90.0,10863.0
2,CSV_data_F07_240529_i-Lab検体20+50.csv,2_0062,0062,TAT3,44,18,6.0,99.2,10870.0
2,CSV_data_F07_240529_i-Lab検体20+50.csv,2_0062,0062,TAT3,44,18,6.0,108.0,10872.0
2,CSV_data_F07_240529_i-Lab検体20+50.csv,2_0062,0062,TAT3,44,18,6.0,117.2,10884.0
2,CSV_data_F07_240529_i-Lab検体20+50.csv,2_0062,0062,TAT3,44,18,6.0,126.0,10890.0
2,CSV_data_F07_240529_i-Lab検体20+50.csv,2_0062,0062,TAT3,44,18,6.0,135.2,10906.0
2,CSV_data_F07_240529_i-Lab検体20+50.csv,2_0062,0062,TAT3,44,18,6.0,144.0,10911.0
2,CSV_data_F07_240529_i-Lab検体20+50.csv,2_0062,0062,TAT3,44,18,6.0,153.2,10918.0
2,CSV_data_F07_240529_i-Lab検体20+50.csv,2_0062,0062,TAT3,44,18,6.0,162.0,10932.0
2,CSV_data_F07_240529_i-Lab検体20+50.csv,2_0062,0062,TAT3,44,18,6.0,171.2,10944.0
2,CSV_data_F07_240529_i-Lab検体20+50.csv,2_0062,0062,TAT3,44,18,6.0,180.0,10947.0
2,CSV_data_F07_240529_i-Lab検体20+50.csv,2_0062,0062,TAT5,46,19,3.8,0.0,6927.0
2,CSV_data_F07_240529_i-Lab検体20+50.csv,2_0062,0062,TAT5,46,19,3.8,9.2,6916.0
2,CSV_data_F07_240529_i-Lab検体20+50.csv,2_0062,0062,TAT5,46,19,3.8,18.0,6919.0
2,CSV_data_F07_240529_i-Lab検体20+50.csv,2_0062,0062,TAT5,46,19,3.8,27.2,6931.0
2,CSV_data_F07_240529_i-Lab検体20+50.csv,2_0062,0062,TAT5,46,19,3.8,36.0,6937.0
2,CSV_data_F07_240529_i-Lab検体20+50.csv,2_0062,0062,TAT5,46,19,3.8,45.2,6941.0
2,CSV_data_F07_240529_i-Lab検体20+50.csv,2_0062,0062,TAT5,46,19,3.8,54.0,6942.0
2,CSV_data_F07_240529_i-Lab検体20+50.csv,2_0062,0062,TAT5,46,19,3.8,63.2,6949.0
2,CSV_data_F07_240529_i-Lab検体20+50.csv,2_0062,0062,TAT5,46,19,3.8,72.0,6960.0
2,CSV_data_F07_240529_i-Lab検体20+50.csv,2_0062,0062,TAT5,46,19,3.8,81.2,6968.0
2,CSV_data_F07_240529_i-Lab検体20+50.csv,2_0062,0062,TAT5,46,19,3.8,90.0,6972.0
2,CSV_data_F07_240529_i-Lab検体20+50.csv,2_0062,0062,TAT5,46,19,3.8,99.2,6980.0
2,CSV_data_F07_240529_i-Lab検体20+50.csv,2_0062,0062,TAT5,46,19,3.8,108.0,6982.0
2,CSV_data_F07_240529_i-Lab検体20+50.csv,2_0062,0062,TAT5,46,19,3.8,117.2,6989.0
2,CSV_data_F07_240529_i-Lab検体20+50.csv,2_0062,0062,TAT5,46,19,3.8,126.0,6994.0
2,CSV_data_F07_240529_i-Lab検体20+50.csv,2_0062,0062,TAT5,46,19,3.8,135.2,6998.0
2,CSV_data_F07_240529_i-Lab検体20+50.csv,2_0062,0062,TAT5,46,19,3.8,144.0,7004.0
2,CSV_data_F07_240529_i-Lab検体20+50.csv,2_0062,0062,TAT5,46,19,3.8,153.2,7009.0
2,CSV_data_F07_240529_i-Lab検体20+50.csv,2_0062,0062,TAT5,46,19,3.8,162.0,7018.0
2,CSV_data_F07_240529_i-Lab検体20+50.csv,2_0062,0062,TAT5,46,19,3.8,171.2,7025.0
2,CSV_data_F07_240529_i-Lab検体20+50.csv,2_0062,0062,TAT5,46,19,3.8,180.0,7031.0
2,CSV_data_F07_240529_i-Lab検体20+50.csv,2_0062,0062,TAT6,47,20,1.1,0.0,8963.0
2,CSV_data_F07_240529_i-Lab検体20+50.csv,2_0062,0062,TAT6,47,20,1.1,9.2,8951.0
2,CSV_data_F07_240529_i-Lab検体20+50.csv,2_0062,0062,TAT6,47,20,1.1,18.0,8953.0
2,CSV_data_F07_240529_i-Lab検体20+50.csv,2_0062,0062,TAT6,47,20,1.1,27.2,8950.0
2,CSV_data_F07_240529_i-Lab検体20+50.csv,2_0062,0062,TAT6,47,20,1.1,36.0,8949.0
2,CSV_data_F07_240529_i-Lab検体20+50.csv,2_0062,0062,TAT6,47,20,1.1,45.2,8953.0
2,CSV_data_F07_240529_i-Lab検体20+50.csv,2_0062,0062,TAT6,47,20,1.1,54.0,8949.0
2,CSV_data_F07_240529_i-Lab検体20+50.csv,2_0062,0062,TAT6,47,20,1.1,63.2,8955.0
2,CSV_data_F07_240529_i-Lab検体20+50.csv,2_0062,0062,TAT6,47,20,1.1,72.0,8955.0
2,CSV_data_F07_240529_i-Lab検体20+50.csv,2_0062,0062,TAT6,47,20,1.1,81.2,8956.0
2,CSV_data_F07_240529_i-Lab検体20+50.csv,2_0062,0062,TAT6,47,20,1.1,90.0,8959.0
2,CSV_data_F07_240529_i-Lab検体20+50.csv,2_0062,0062,TAT6,47,20,1.1,99.2,8961.0
2,CSV_data_F07_240529_i-Lab検体20+50.csv,2_0062,0062,TAT6,47,20,1.1,108.0,8960.0
2,CSV_data_F07_240529_i-Lab検体20+50.csv,2_0062,0062,TAT6,47,20,1.1,117.2,8961.0
2,CSV_data_F07_240529_i-Lab検体20+50.csv,2_0062,0062,TAT6,47,20,1.1,126.0,8971.0
2,CSV_data_F07_240529_i-Lab検体20+50.csv,2_0062,0062,TAT6,47,20,1.1,135.2,8969.0
2,CSV_data_F07_240529_i-Lab検体20+50.csv,2_0062,0062,TAT6,47,20,1.1,144.0,8970.0
2,CSV_data_F07_240529_i-Lab検体20+50.csv,2_0062,0062,TAT6,47,20,1.1,153.2,8969.0
2,CSV_data_F07_240529_i-Lab検体20+50.csv,2_0062,0062,TAT6,47,20,1.1,162.0,8968.0
2,CSV_data_F07_240529_i-Lab検体20+50.csv,2_0062,0062,TAT6,47,20,1.1,171.2,8972.0
2,CSV_data_F07_240529_i-Lab検体20+50.csv,2_0062,0062,TAT6,47,20,1.1,180.0,8976.0
2,CSV_data_F07_240529_i-Lab検体20+50.csv,2_0063,0063,TAT206,41,15,10.3,0.0,11017.0
2,CSV_data_F07_240529_i-Lab検体20+50.csv,2_0063,0063,TAT206,41,15,10.3,9.2,11025.0
2,CSV_data_F07_240529_i-Lab検体20+50.csv,2_0063,0063,TAT206,41,15,10.3,18.0,11034.0
2,CSV_data_F07_240529_i-Lab検体20+50.csv,2_0063,0063,TAT206,41,15,10.3,27.2,11044.0
2,CSV_data_F07_240529_i-Lab検体20+50.csv,2_0063,0063,TAT206,41,15,10.3,36.0,11056.0
2,CSV_data_F07_240529_i-Lab検体20+50.csv,2_0063,0063,TAT206,41,15,10.3,45.2,11071.0
2,CSV_data_F07_240529_i-Lab検体20+50.csv,2_0063,0063,TAT206,41,15,10.3,54.0,11079.0
2,CSV_data_F07_240529_i-Lab検体20+50.csv,2_0063,0063,TAT206,41,15,10.3,63.2,11097.0
2,CSV_data_F07_240529_i-Lab検体20+50.csv,2_0063,0063,TAT206,41,15,10.3,72.0,11108.0
2,CSV_data_F07_240529_i-Lab検体20+50.csv,2_0063,0063,TAT206,41,15,10.3,81.2,11121.0
2,CSV_data_F07_240529_i-Lab検体20+50.csv,2_0063,0063,TAT206,41,15,10.3,90.0,11134.0
2,CSV_data_F07_240529_i-Lab検体20+50.csv,2_0063,0063,TAT206,41,15,10.3,99.2,11149.0
2,CSV_data_F07_240529_i-Lab検体20+50.csv,2_0063,0063,TAT206,41,15,10.3,108.0,11166.0
2,CSV_data_F07_240529_i-Lab検体20+50.csv,2_0063,0063,TAT206,41,15,10.3,117.2,11187.0
2,CSV_data_F07_240529_i-Lab検体20+50.csv,2_0063,0063,TAT206,41,15,10.3,126.0,11199.0
2,CSV_data_F07_240529_i-Lab検体20+50.csv,2_0063,0063,TAT206,41,15,10.3,135.2,11210.0
2,CSV_data_F07_240529_i-Lab検体20+50.csv,2_0063,0063,TAT206,41,15,10.3,144.0,11230.0
2,CSV_data_F07_240529_i-Lab検体20+50.csv,2_0063,0063,TAT206,41,15,10.3,153.2,11242.0
2,CSV_data_F07_240529_i-Lab検体20+50.csv,2_0063,0063,TAT206,41,15,10.3,162.0,11260.0
2,CSV_data_F07_240529_i-Lab検体20+50.csv,2_0063,0063,TAT206,41,15,10.3,171.2,11275.0
2,CSV_data_F07_240529_i-Lab検体20+50.csv,2_0063,0063,TAT206,41,15,10.3,180.0,11293.0
2,CSV_data_F07_240529_i-Lab検体20+50.csv,2_0063,0063,TAT1,42,16,11.2,0.0,10880.0
2,CSV_data_F07_240529_i-Lab検体20+50.csv,2_0063,0063,TAT1,42,16,11.2,9.2,10892.0
2,CSV_data_F07_240529_i-Lab検体20+50.csv,2_0063,0063,TAT1,42,16,11.2,18.0,10891.0
2,CSV_data_F07_240529_i-Lab検体20+50.csv,2_0063,0063,TAT1,42,16,11.2,27.2,10911.0
2,CSV_data_F07_240529_i-Lab検体20+50.csv,2_0063,0063,TAT1,42,16,11.2,36.0,10922.0
2,CSV_data_F07_240529_i-Lab検体20+50.csv,2_0063,0063,TAT1,42,16,11.2,45.2,10937.0
2,CSV_data_F07_240529_i-Lab検体20+50.csv,2_0063,0063,TAT1,42,16,11.2,54.0,10954.0
2,CSV_data_F07_240529_i-Lab検体20+50.csv,2_0063,0063,TAT1,42,16,11.2,63.2,10964.0
2,CSV_data_F07_240529_i-Lab検体20+50.csv,2_0063,0063,TAT1,42,16,11.2,72.0,10981.0
2,CSV_data_F07_240529_i-Lab検体20+50.csv,2_0063,0063,TAT1,42,16,11.2,81.2,10995.0
2,CSV_data_F07_240529_i-Lab検体20+50.csv,2_0063,0063,TAT1,42,16,11.2,90.0,11017.0
2,CSV_data_F07_240529_i-Lab検体20+50.csv,2_0063,0063,TAT1,42,16,11.2,99.2,11029.0
2,CSV_data_F07_240529_i-Lab検体20+50.csv,2_0063,0063,TAT1,42,16,11.2,108.0,11051.0
2,CSV_data_F07_240529_i-Lab検体20+50.csv,2_0063,0063,TAT1,42,16,11.2,117.2,11065.0
2,CSV_data_F07_240529_i-Lab検体20+50.csv,2_0063,0063,TAT1,42,16,11.2,126.0,11083.0
2,CSV_data_F07_240529_i-Lab検体20+50.csv,2_0063,0063,TAT1,42,16,11.2,135.2,11102.0
2,CSV_data_F07_240529_i-Lab検体20+50.csv,2_0063,0063,TAT1,42,16,11.2,144.0,11119.0
2,CSV_data_F07_240529_i-Lab検体20+50.csv,2_0063,0063,TAT1,42,16,11.2,153.2,11143.0
2,CSV_data_F07_240529_i-Lab検体20+50.csv,2_0063,0063,TAT1,42,16,11.2,162.0,11151.0
2,CSV_data_F07_240529_i-Lab検体20+50.csv,2_0063,0063,TAT1,42,16,11.2,171.2,11163.0
2,CSV_data_F07_240529_i-Lab検体20+50.csv,2_0063,0063,TAT1,42,16,11.2,180.0,11186.0
2,CSV_data_F07_240529_i-Lab検体20+50.csv,2_0063,0063,TAT3,44,17,7.9,0.0,10658.0
2,CSV_data_F07_240529_i-Lab検体20+50.csv,2_0063,0063,TAT3,44,17,7.9,9.2,10654.0
2,CSV_data_F07_240529_i-Lab検体20+50.csv,2_0063,0063,TAT3,44,17,7.9,18.0,10661.0
2,CSV_data_F07_240529_i-Lab検体20+50.csv,2_0063,0063,TAT3,44,17,7.9,27.2,10671.0
2,CSV_data_F07_240529_i-Lab検体20+50.csv,2_0063,0063,TAT3,44,17,7.9,36.0,10679.0
2,CSV_data_F07_240529_i-Lab検体20+50.csv,2_0063,0063,TAT3,44,17,7.9,45.2,10683.0
2,CSV_data_F07_240529_i-Lab検体20+50.csv,2_0063,0063,TAT3,44,17,7.9,54.0,10698.0
2,CSV_data_F07_240529_i-Lab検体20+50.csv,2_0063,0063,TAT3,44,17,7.9,63.2,10709.0
2,CSV_data_F07_240529_i-Lab検体20+50.csv,2_0063,0063,TAT3,44,17,7.9,72.0,10715.0
2,CSV_data_F07_240529_i-Lab検体20+50.csv,2_0063,0063,TAT3,44,17,7.9,81.2,10728.0
2,CSV_data_F07_240529_i-Lab検体20+50.csv,2_0063,0063,TAT3,44,17,7.9,90.0,10738.0
2,CSV_data_F07_240529_i-Lab検体20+50.csv,2_0063,0063,TAT3,44,17,7.9,99.2,10749.0
2,CSV_data_F07_240529_i-Lab検体20+50.csv,2_0063,0063,TAT3,44,17,7.9,108.0,10760.0
2,CSV_data_F07_240529_i-Lab検体20+50.csv,2_0063,0063,TAT3,44,17,7.9,117.2,10767.0
2,CSV_data_F07_240529_i-Lab検体20+50.csv,2_0063,0063,TAT3,44,17,7.9,126.0,10788.0
2,CSV_data_F07_240529_i-Lab検体20+50.csv,2_0063,0063,TAT3,44,17,7.9,135.2,10800.0
2,CSV_data_F07_240529_i-Lab検体20+50.csv,2_0063,0063,TAT3,44,17,7.9,144.0,10808.0
2,CSV_data_F07_240529_i-Lab検体20+50.csv,2_0063,0063,TAT3,44,17,7.9,153.2,10822.0
2,CSV_data_F07_240529_i-Lab検体20+50.csv,2_0063,0063,TAT3,44,17,7.9,162.0,10838.0
2,CSV_data_F07_240529_i-Lab検体20+50.csv,2_0063,0063,TAT3,44,17,7.9,171.2,10847.0
2,CSV_data_F07_240529_i-Lab検体20+50.csv,2_0063,0063,TAT3,44,17,7.9,180.0,10864.0
2,CSV_data_F07_240529_i-Lab検体20+50.csv,2_0063,0063,TAT5,46,18,5.0,0.0,6798.0
2,CSV_data_F07_240529_i-Lab検体20+50.csv,2_0063,0063,TAT5,46,18,5.0,9.2,6814.0
2,CSV_data_F07_240529_i-Lab検体20+50.csv,2_0063,0063,TAT5,46,18,5.0,18.0,6805.0
2,CSV_data_F07_240529_i-Lab検体20+50.csv,2_0063,0063,TAT5,46,18,5.0,27.2,6816.0
2,CSV_data_F07_240529_i-Lab検体20+50.csv,2_0063,0063,TAT5,46,18,5.0,36.0,6815.0
2,CSV_data_F07_240529_i-Lab検体20+50.csv,2_0063,0063,TAT5,46,18,5.0,45.2,6822.0
2,CSV_data_F07_240529_i-Lab検体20+50.csv,2_0063,0063,TAT5,46,18,5.0,54.0,6821.0
2,CSV_data_F07_240529_i-Lab検体20+50.csv,2_0063,0063,TAT5,46,18,5.0,63.2,6835.0
2,CSV_data_F07_240529_i-Lab検体20+50.csv,2_0063,0063,TAT5,46,18,5.0,72.0,6839.0
2,CSV_data_F07_240529_i-Lab検体20+50.csv,2_0063,0063,TAT5,46,18,5.0,81.2,6846.0
2,CSV_data_F07_240529_i-Lab検体20+50.csv,2_0063,0063,TAT5,46,18,5.0,90.0,6856.0
2,CSV_data_F07_240529_i-Lab検体20+50.csv,2_0063,0063,TAT5,46,18,5.0,99.2,6863.0
2,CSV_data_F07_240529_i-Lab検体20+50.csv,2_0063,0063,TAT5,46,18,5.0,108.0,6867.0
2,CSV_data_F07_240529_i-Lab検体20+50.csv,2_0063,0063,TAT5,46,18,5.0,117.2,6874.0
2,CSV_data_F07_240529_i-Lab検体20+50.csv,2_0063,0063,TAT5,46,18,5.0,126.0,6891.0
2,CSV_data_F07_240529_i-Lab検体20+50.csv,2_0063,0063,TAT5,46,18,5.0,135.2,6897.0
2,CSV_data_F07_240529_i-Lab検体20+50.csv,2_0063,0063,TAT5,46,18,5.0,144.0,6899.0
2,CSV_data_F07_240529_i-Lab検体20+50.csv,2_0063,0063,TAT5,46,18,5.0,153.2,6907.0
2,CSV_data_F07_240529_i-Lab検体20+50.csv,2_0063,0063,TAT5,46,18,5.0,162.0,6913.0
2,CSV_data_F07_240529_i-Lab検体20+50.csv,2_0063,0063,TAT5,46,18,5.0,171.2,6921.0
2,CSV_data_F07_240529_i-Lab検体20+50.csv,2_0063,0063,TAT5,46,18,5.0,180.0,6929.0
2,CSV_data_F07_240529_i-Lab検体20+50.csv,2_0063,0063,TAT6,47,19,0.7,0.0,8974.0
2,CSV_data_F07_240529_i-Lab検体20+50.csv,2_0063,0063,TAT6,47,19,0.7,9.2,8960.0
2,CSV_data_F07_240529_i-Lab検体20+50.csv,2_0063,0063,TAT6,47,19,0.7,18.0,8962.0
2,CSV_data_F07_240529_i-Lab検体20+50.csv,2_0063,0063,TAT6,47,19,0.7,27.2,8957.0
2,CSV_data_F07_240529_i-Lab検体20+50.csv,2_0063,0063,TAT6,47,19,0.7,36.0,8953.0
2,CSV_data_F07_240529_i-Lab検体20+50.csv,2_0063,0063,TAT6,47,19,0.7,45.2,8958.0
2,CSV_data_F07_240529_i-Lab検体20+50.csv,2_0063,0063,TAT6,47,19,0.7,54.0,8961.0
2,CSV_data_F07_240529_i-Lab検体20+50.csv,2_0063,0063,TAT6,47,19,0.7,63.2,8962.0
2,CSV_data_F07_240529_i-Lab検体20+50.csv,2_0063,0063,TAT6,47,19,0.7,72.0,8957.0
2,CSV_data_F07_240529_i-Lab検体20+50.csv,2_0063,0063,TAT6,47,19,0.7,81.2,8962.0
2,CSV_data_F07_240529_i-Lab検体20+50.csv,2_0063,0063,TAT6,47,19,0.7,90.0,8964.0
2,CSV_data_F07_240529_i-Lab検体20+50.csv,2_0063,0063,TAT6,47,19,0.7,99.2,8967.0
2,CSV_data_F07_240529_i-Lab検体20+50.csv,2_0063,0063,TAT6,47,19,0.7,108.0,8961.0
2,CSV_data_F07_240529_i-Lab検体20+50.csv,2_0063,0063,TAT6,47,19,0.7,117.2,8967.0
2,CSV_data_F07_240529_i-Lab検体20+50.csv,2_0063,0063,TAT6,47,19,0.7,126.0,8973.0
2,CSV_data_F07_240529_i-Lab検体20+50.csv,2_0063,0063,TAT6,47,19,0.7,135.2,8970.0
2,CSV_data_F07_240529_i-Lab検体20+50.csv,2_0063,0063,TAT6,47,19,0.7,144.0,8970.0
2,CSV_data_F07_240529_i-Lab検体20+50.csv,2_0063,0063,TAT6,47,19,0.7,153.2,8972.0
2,CSV_data_F07_240529_i-Lab検体20+50.csv,2_0063,0063,TAT6,47,19,0.7,162.0,8976.0
2,CSV_data_F07_240529_i-Lab検体20+50.csv,2_0063,0063,TAT6,47,19,0.7,171.2,8973.0
2,CSV_data_F07_240529_i-Lab検体20+50.csv,2_0063,0063,TAT6,47,19,0.7,180.0,8975.0
2,CSV_data_F07_240529_i-Lab検体20+50.csv,2_0064,0064,TAT206,41,20,14.5,0.0,10970.0
2,CSV_data_F07_240529_i-Lab検体20+50.csv,2_0064,0064,TAT206,41,20,14.5,9.2,10974.0
2,CSV_data_F07_240529_i-Lab検体20+50.csv,2_0064,0064,TAT206,41,20,14.5,18.0,10978.0
2,CSV_data_F07_240529_i-Lab検体20+50.csv,2_0064,0064,TAT206,41,20,14.5,27.2,10996.0
2,CSV_data_F07_240529_i-Lab検体20+50.csv,2_0064,0064,TAT206,41,20,14.5,36.0,11013.0
2,CSV_data_F07_240529_i-Lab検体20+50.csv,2_0064,0064,TAT206,41,20,14.5,45.2,11021.0
2,CSV_data_F07_240529_i-Lab検体20+50.csv,2_0064,0064,TAT206,41,20,14.5,54.0,11040.0
2,CSV_data_F07_240529_i-Lab検体20+50.csv,2_0064,0064,TAT206,41,20,14.5,63.2,11061.0
2,CSV_data_F07_240529_i-Lab検体20+50.csv,2_0064,0064,TAT206,41,20,14.5,72.0,11075.0
2,CSV_data_F07_240529_i-Lab検体20+50.csv,2_0064,0064,TAT206,41,20,14.5,81.2,11095.0
2,CSV_data_F07_240529_i-Lab検体20+50.csv,2_0064,0064,TAT206,41,20,14.5,90.0,11114.0
2,CSV_data_F07_240529_i-Lab検体20+50.csv,2_0064,0064,TAT206,41,20,14.5,99.2,11133.0
2,CSV_data_F07_240529_i-Lab検体20+50.csv,2_0064,0064,TAT206,41,20,14.5,108.0,11153.0
2,CSV_data_F07_240529_i-Lab検体20+50.csv,2_0064,0064,TAT206,41,20,14.5,117.2,11180.0
2,CSV_data_F07_240529_i-Lab検体20+50.csv,2_0064,0064,TAT206,41,20,14.5,126.0,11198.0
2,CSV_data_F07_240529_i-Lab検体20+50.csv,2_0064,0064,TAT206,41,20,14.5,135.2,11219.0
2,CSV_data_F07_240529_i-Lab検体20+50.csv,2_0064,0064,TAT206,41,20,14.5,144.0,11237.0
2,CSV_data_F07_240529_i-Lab検体20+50.csv,2_0064,0064,TAT206,41,20,14.5,153.2,11266.0
2,CSV_data_F07_240529_i-Lab検体20+50.csv,2_0064,0064,TAT206,41,20,14.5,162.0,11270.0
2,CSV_data_F07_240529_i-Lab検体20+50.csv,2_0064,0064,TAT206,41,20,14.5,171.2,11312.0
2,CSV_data_F07_240529_i-Lab検体20+50.csv,2_0064,0064,TAT206,41,20,14.5,180.0,11336.0
2,CSV_data_F07_240529_i-Lab検体20+50.csv,2_0064,0064,TAT1,42,15,16.9,0.0,10751.0
2,CSV_data_F07_240529_i-Lab検体20+50.csv,2_0064,0064,TAT1,42,15,16.9,9.2,10759.0
2,CSV_data_F07_240529_i-Lab検体20+50.csv,2_0064,0064,TAT1,42,15,16.9,18.0,10781.0
2,CSV_data_F07_240529_i-Lab検体20+50.csv,2_0064,0064,TAT1,42,15,16.9,27.2,10795.0
2,CSV_data_F07_240529_i-Lab検体20+50.csv,2_0064,0064,TAT1,42,15,16.9,36.0,10811.0
2,CSV_data_F07_240529_i-Lab検体20+50.csv,2_0064,0064,TAT1,42,15,16.9,45.2,10830.0
2,CSV_data_F07_240529_i-Lab検体20+50.csv,2_0064,0064,TAT1,42,15,16.9,54.0,10854.0
2,CSV_data_F07_240529_i-Lab検体20+50.csv,2_0064,0064,TAT1,42,15,16.9,63.2,10873.0
2,CSV_data_F07_240529_i-Lab検体20+50.csv,2_0064,0064,TAT1,42,15,16.9,72.0,10900.0
2,CSV_data_F07_240529_i-Lab検体20+50.csv,2_0064,0064,TAT1,42,15,16.9,81.2,10916.0
2,CSV_data_F07_240529_i-Lab検体20+50.csv,2_0064,0064,TAT1,42,15,16.9,90.0,10946.0
2,CSV_data_F07_240529_i-Lab検体20+50.csv,2_0064,0064,TAT1,42,15,16.9,99.2,10962.0
2,CSV_data_F07_240529_i-Lab検体20+50.csv,2_0064,0064,TAT1,42,15,16.9,108.0,10990.0
2,CSV_data_F07_240529_i-Lab検体20+50.csv,2_0064,0064,TAT1,42,15,16.9,117.2,11012.0
2,CSV_data_F07_240529_i-Lab検体20+50.csv,2_0064,0064,TAT1,42,15,16.9,126.0,11032.0
2,CSV_data_F07_240529_i-Lab検体20+50.csv,2_0064,0064,TAT1,42,15,16.9,135.2,11066.0
2,CSV_data_F07_240529_i-Lab検体20+50.csv,2_0064,0064,TAT1,42,15,16.9,144.0,11092.0
2,CSV_data_F07_240529_i-Lab検体20+50.csv,2_0064,0064,TAT1,42,15,16.9,153.2,11110.0
2,CSV_data_F07_240529_i-Lab検体20+50.csv,2_0064,0064,TAT1,42,15,16.9,162.0,11138.0
2,CSV_data_F07_240529_i-Lab検体20+50.csv,2_0064,0064,TAT1,42,15,16.9,171.2,11170.0
2,CSV_data_F07_240529_i-Lab検体20+50.csv,2_0064,0064,TAT1,42,15,16.9,180.0,11190.0
2,CSV_data_F07_240529_i-Lab検体20+50.csv,2_0064,0064,TAT3,44,16,10.5,0.0,10603.0
2,CSV_data_F07_240529_i-Lab検体20+50.csv,2_0064,0064,TAT3,44,16,10.5,9.2,10605.0
2,CSV_data_F07_240529_i-Lab検体20+50.csv,2_0064,0064,TAT3,44,16,10.5,18.0,10611.0
2,CSV_data_F07_240529_i-Lab検体20+50.csv,2_0064,0064,TAT3,44,16,10.5,27.2,10627.0
2,CSV_data_F07_240529_i-Lab検体20+50.csv,2_0064,0064,TAT3,44,16,10.5,36.0,10638.0
2,CSV_data_F07_240529_i-Lab検体20+50.csv,2_0064,0064,TAT3,44,16,10.5,45.2,10649.0
2,CSV_data_F07_240529_i-Lab検体20+50.csv,2_0064,0064,TAT3,44,16,10.5,54.0,10659.0
2,CSV_data_F07_240529_i-Lab検体20+50.csv,2_0064,0064,TAT3,44,16,10.5,63.2,10676.0
2,CSV_data_F07_240529_i-Lab検体20+50.csv,2_0064,0064,TAT3,44,16,10.5,72.0,10690.0
2,CSV_data_F07_240529_i-Lab検体20+50.csv,2_0064,0064,TAT3,44,16,10.5,81.2,10706.0
2,CSV_data_F07_240529_i-Lab検体20+50.csv,2_0064,0064,TAT3,44,16,10.5,90.0,10716.0
2,CSV_data_F07_240529_i-Lab検体20+50.csv,2_0064,0064,TAT3,44,16,10.5,99.2,10733.0
2,CSV_data_F07_240529_i-Lab検体20+50.csv,2_0064,0064,TAT3,44,16,10.5,108.0,10749.0
2,CSV_data_F07_240529_i-Lab検体20+50.csv,2_0064,0064,TAT3,44,16,10.5,117.2,10760.0
2,CSV_data_F07_240529_i-Lab検体20+50.csv,2_0064,0064,TAT3,44,16,10.5,126.0,10777.0
2,CSV_data_F07_240529_i-Lab検体20+50.csv,2_0064,0064,TAT3,44,16,10.5,135.2,10797.0
2,CSV_data_F07_240529_i-Lab検体20+50.csv,2_0064,0064,TAT3,44,16,10.5,144.0,10815.0
2,CSV_data_F07_240529_i-Lab検体20+50.csv,2_0064,0064,TAT3,44,16,10.5,153.2,10825.0
2,CSV_data_F07_240529_i-Lab検体20+50.csv,2_0064,0064,TAT3,44,16,10.5,162.0,10847.0
2,CSV_data_F07_240529_i-Lab検体20+50.csv,2_0064,0064,TAT3,44,16,10.5,171.2,10864.0
2,CSV_data_F07_240529_i-Lab検体20+50.csv,2_0064,0064,TAT3,44,16,10.5,180.0,10877.0
2,CSV_data_F07_240529_i-Lab検体20+50.csv,2_0064,0064,TAT5,46,17,4.3,0.0,6713.0
2,CSV_data_F07_240529_i-Lab検体20+50.csv,2_0064,0064,TAT5,46,17,4.3,9.2,6684.0
2,CSV_data_F07_240529_i-Lab検体20+50.csv,2_0064,0064,TAT5,46,17,4.3,18.0,6685.0
2,CSV_data_F07_240529_i-Lab検体20+50.csv,2_0064,0064,TAT5,46,17,4.3,27.2,6695.0
2,CSV_data_F07_240529_i-Lab検体20+50.csv,2_0064,0064,TAT5,46,17,4.3,36.0,6698.0
2,CSV_data_F07_240529_i-Lab検体20+50.csv,2_0064,0064,TAT5,46,17,4.3,45.2,6712.0
2,CSV_data_F07_240529_i-Lab検体20+50.csv,2_0064,0064,TAT5,46,17,4.3,54.0,6711.0
2,CSV_data_F07_240529_i-Lab検体20+50.csv,2_0064,0064,TAT5,46,17,4.3,63.2,6718.0
2,CSV_data_F07_240529_i-Lab検体20+50.csv,2_0064,0064,TAT5,46,17,4.3,72.0,6724.0
2,CSV_data_F07_240529_i-Lab検体20+50.csv,2_0064,0064,TAT5,46,17,4.3,81.2,6735.0
2,CSV_data_F07_240529_i-Lab検体20+50.csv,2_0064,0064,TAT5,46,17,4.3,90.0,6739.0
2,CSV_data_F07_240529_i-Lab検体20+50.csv,2_0064,0064,TAT5,46,17,4.3,99.2,6746.0
2,CSV_data_F07_240529_i-Lab検体20+50.csv,2_0064,0064,TAT5,46,17,4.3,108.0,6756.0
2,CSV_data_F07_240529_i-Lab検体20+50.csv,2_0064,0064,TAT5,46,17,4.3,117.2,6759.0
2,CSV_data_F07_240529_i-Lab検体20+50.csv,2_0064,0064,TAT5,46,17,4.3,126.0,6768.0
2,CSV_data_F07_240529_i-Lab検体20+50.csv,2_0064,0064,TAT5,46,17,4.3,135.2,6776.0
2,CSV_data_F07_240529_i-Lab検体20+50.csv,2_0064,0064,TAT5,46,17,4.3,144.0,6784.0
2,CSV_data_F07_240529_i-Lab検体20+50.csv,2_0064,0064,TAT5,46,17,4.3,153.2,6792.0
2,CSV_data_F07_240529_i-Lab検体20+50.csv,2_0064,0064,TAT5,46,17,4.3,162.0,6799.0
2,CSV_data_F07_240529_i-Lab検体20+50.csv,2_0064,0064,TAT5,46,17,4.3,171.2,6800.0
2,CSV_data_F07_240529_i-Lab検体20+50.csv,2_0064,0064,TAT5,46,17,4.3,180.0,6813.0
2,CSV_data_F07_240529_i-Lab検体20+50.csv,2_0064,0064,TAT6,47,18,0.1,0.0,8754.0
2,CSV_data_F07_240529_i-Lab検体20+50.csv,2_0064,0064,TAT6,47,18,0.1,9.2,8745.0
2,CSV_data_F07_240529_i-Lab検体20+50.csv,2_0064,0064,TAT6,47,18,0.1,18.0,8739.0
2,CSV_data_F07_240529_i-Lab検体20+50.csv,2_0064,0064,TAT6,47,18,0.1,27.2,8740.0
2,CSV_data_F07_240529_i-Lab検体20+50.csv,2_0064,0064,TAT6,47,18,0.1,36.0,8743.0
2,CSV_data_F07_240529_i-Lab検体20+50.csv,2_0064,0064,TAT6,47,18,0.1,45.2,8744.0
2,CSV_data_F07_240529_i-Lab検体20+50.csv,2_0064,0064,TAT6,47,18,0.1,54.0,8743.0
2,CSV_data_F07_240529_i-Lab検体20+50.csv,2_0064,0064,TAT6,47,18,0.1,63.2,8744.0
2,CSV_data_F07_240529_i-Lab検体20+50.csv,2_0064,0064,TAT6,47,18,0.1,72.0,8747.0
2,CSV_data_F07_240529_i-Lab検体20+50.csv,2_0064,0064,TAT6,47,18,0.1,81.2,8751.0
2,CSV_data_F07_240529_i-Lab検体20+50.csv,2_0064,0064,TAT6,47,18,0.1,90.0,8747.0
2,CSV_data_F07_240529_i-Lab検体20+50.csv,2_0064,0064,TAT6,47,18,0.1,99.2,8750.0
2,CSV_data_F07_240529_i-Lab検体20+50.csv,2_0064,0064,TAT6,47,18,0.1,108.0,8748.0
2,CSV_data_F07_240529_i-Lab検体20+50.csv,2_0064,0064,TAT6,47,18,0.1,117.2,8751.0
2,CSV_data_F07_240529_i-Lab検体20+50.csv,2_0064,0064,TAT6,47,18,0.1,126.0,8748.0
2,CSV_data_F07_240529_i-Lab検体20+50.csv,2_0064,0064,TAT6,47,18,0.1,135.2,8752.0
2,CSV_data_F07_240529_i-Lab検体20+50.csv,2_0064,0064,TAT6,47,18,0.1,144.0,8758.0
2,CSV_data_F07_240529_i-Lab検体20+50.csv,2_0064,0064,TAT6,47,18,0.1,153.2,8757.0
2,CSV_data_F07_240529_i-Lab検体20+50.csv,2_0064,0064,TAT6,47,18,0.1,162.0,8756.0
2,CSV_data_F07_240529_i-Lab検体20+50.csv,2_0064,0064,TAT6,47,18,0.1,171.2,8753.0
2,CSV_data_F07_240529_i-Lab検体20+50.csv,2_0064,0064,TAT6,47,18,0.1,180.0,8752.0
2,CSV_data_F07_240529_i-Lab検体20+50.csv,2_0065,0065,TAT206,41,19,12.7,0.0,11038.0
2,CSV_data_F07_240529_i-Lab検体20+50.csv,2_0065,0065,TAT206,41,19,12.7,9.2,11040.0
2,CSV_data_F07_240529_i-Lab検体20+50.csv,2_0065,0065,TAT206,41,19,12.7,18.0,11047.0
2,CSV_data_F07_240529_i-Lab検体20+50.csv,2_0065,0065,TAT206,41,19,12.7,27.2,11065.0
2,CSV_data_F07_240529_i-Lab検体20+50.csv,2_0065,0065,TAT206,41,19,12.7,36.0,11069.0
2,CSV_data_F07_240529_i-Lab検体20+50.csv,2_0065,0065,TAT206,41,19,12.7,45.2,11083.0
2,CSV_data_F07_240529_i-Lab検体20+50.csv,2_0065,0065,TAT206,41,19,12.7,54.0,11096.0
2,CSV_data_F07_240529_i-Lab検体20+50.csv,2_0065,0065,TAT206,41,19,12.7,63.2,11116.0
2,CSV_data_F07_240529_i-Lab検体20+50.csv,2_0065,0065,TAT206,41,19,12.7,72.0,11125.0
2,CSV_data_F07_240529_i-Lab検体20+50.csv,2_0065,0065,TAT206,41,19,12.7,81.2,11142.0
2,CSV_data_F07_240529_i-Lab検体20+50.csv,2_0065,0065,TAT206,41,19,12.7,90.0,11157.0
2,CSV_data_F07_240529_i-Lab検体20+50.csv,2_0065,0065,TAT206,41,19,12.7,99.2,11169.0
2,CSV_data_F07_240529_i-Lab検体20+50.csv,2_0065,0065,TAT206,41,19,12.7,108.0,11195.0
2,CSV_data_F07_240529_i-Lab検体20+50.csv,2_0065,0065,TAT206,41,19,12.7,117.2,11209.0
2,CSV_data_F07_240529_i-Lab検体20+50.csv,2_0065,0065,TAT206,41,19,12.7,126.0,11228.0
2,CSV_data_F07_240529_i-Lab検体20+50.csv,2_0065,0065,TAT206,41,19,12.7,135.2,11246.0
2,CSV_data_F07_240529_i-Lab検体20+50.csv,2_0065,0065,TAT206,41,19,12.7,144.0,11267.0
2,CSV_data_F07_240529_i-Lab検体20+50.csv,2_0065,0065,TAT206,41,19,12.7,153.2,11289.0
2,CSV_data_F07_240529_i-Lab検体20+50.csv,2_0065,0065,TAT206,41,19,12.7,162.0,11306.0
2,CSV_data_F07_240529_i-Lab検体20+50.csv,2_0065,0065,TAT206,41,19,12.7,171.2,11332.0
2,CSV_data_F07_240529_i-Lab検体20+50.csv,2_0065,0065,TAT206,41,19,12.7,180.0,11346.0
2,CSV_data_F07_240529_i-Lab検体20+50.csv,2_0065,0065,TAT1,42,20,13.7,0.0,10830.0
2,CSV_data_F07_240529_i-Lab検体20+50.csv,2_0065,0065,TAT1,42,20,13.7,9.2,10847.0
2,CSV_data_F07_240529_i-Lab検体20+50.csv,2_0065,0065,TAT1,42,20,13.7,18.0,10867.0
2,CSV_data_F07_240529_i-Lab検体20+50.csv,2_0065,0065,TAT1,42,20,13.7,27.2,10873.0
2,CSV_data_F07_240529_i-Lab検体20+50.csv,2_0065,0065,TAT1,42,20,13.7,36.0,10891.0
2,CSV_data_F07_240529_i-Lab検体20+50.csv,2_0065,0065,TAT1,42,20,13.7,45.2,10906.0
2,CSV_data_F07_240529_i-Lab検体20+50.csv,2_0065,0065,TAT1,42,20,13.7,54.0,10931.0
2,CSV_data_F07_240529_i-Lab検体20+50.csv,2_0065,0065,TAT1,42,20,13.7,63.2,10941.0
2,CSV_data_F07_240529_i-Lab検体20+50.csv,2_0065,0065,TAT1,42,20,13.7,72.0,10959.0
2,CSV_data_F07_240529_i-Lab検体20+50.csv,2_0065,0065,TAT1,42,20,13.7,81.2,10978.0
2,CSV_data_F07_240529_i-Lab検体20+50.csv,2_0065,0065,TAT1,42,20,13.7,90.0,10998.0
2,CSV_data_F07_240529_i-Lab検体20+50.csv,2_0065,0065,TAT1,42,20,13.7,99.2,11014.0
2,CSV_data_F07_240529_i-Lab検体20+50.csv,2_0065,0065,TAT1,42,20,13.7,108.0,11038.0
2,CSV_data_F07_240529_i-Lab検体20+50.csv,2_0065,0065,TAT1,42,20,13.7,117.2,11055.0
2,CSV_data_F07_240529_i-Lab検体20+50.csv,2_0065,0065,TAT1,42,20,13.7,126.0,11071.0
2,CSV_data_F07_240529_i-Lab検体20+50.csv,2_0065,0065,TAT1,42,20,13.7,135.2,11101.0
2,CSV_data_F07_240529_i-Lab検体20+50.csv,2_0065,0065,TAT1,42,20,13.7,144.0,11118.0
2,CSV_data_F07_240529_i-Lab検体20+50.csv,2_0065,0065,TAT1,42,20,13.7,153.2,11137.0
2,CSV_data_F07_240529_i-Lab検体20+50.csv,2_0065,0065,TAT1,42,20,13.7,162.0,11158.0
2,CSV_data_F07_240529_i-Lab検体20+50.csv,2_0065,0065,TAT1,42,20,13.7,171.2,11184.0
2,CSV_data_F07_240529_i-Lab検体20+50.csv,2_0065,0065,TAT1,42,20,13.7,180.0,11202.0
2,CSV_data_F07_240529_i-Lab検体20+50.csv,2_0065,0065,TAT3,44,15,9.1,0.0,10695.0
2,CSV_data_F07_240529_i-Lab検体20+50.csv,2_0065,0065,TAT3,44,15,9.1,9.2,10688.0
2,CSV_data_F07_240529_i-Lab検体20+50.csv,2_0065,0065,TAT3,44,15,9.1,18.0,10693.0
2,CSV_data_F07_240529_i-Lab検体20+50.csv,2_0065,0065,TAT3,44,15,9.1,27.2,10709.0
2,CSV_data_F07_240529_i-Lab検体20+50.csv,2_0065,0065,TAT3,44,15,9.1,36.0,10714.0
2,CSV_data_F07_240529_i-Lab検体20+50.csv,2_0065,0065,TAT3,44,15,9.1,45.2,10714.0
2,CSV_data_F07_240529_i-Lab検体20+50.csv,2_0065,0065,TAT3,44,15,9.1,54.0,10727.0
2,CSV_data_F07_240529_i-Lab検体20+50.csv,2_0065,0065,TAT3,44,15,9.1,63.2,10746.0
2,CSV_data_F07_240529_i-Lab検体20+50.csv,2_0065,0065,TAT3,44,15,9.1,72.0,10752.0
2,CSV_data_F07_240529_i-Lab検体20+50.csv,2_0065,0065,TAT3,44,15,9.1,81.2,10762.0
2,CSV_data_F07_240529_i-Lab検体20+50.csv,2_0065,0065,TAT3,44,15,9.1,90.0,10782.0
2,CSV_data_F07_240529_i-Lab検体20+50.csv,2_0065,0065,TAT3,44,15,9.1,99.2,10782.0
2,CSV_data_F07_240529_i-Lab検体20+50.csv,2_0065,0065,TAT3,44,15,9.1,108.0,10800.0
2,CSV_data_F07_240529_i-Lab検体20+50.csv,2_0065,0065,TAT3,44,15,9.1,117.2,10812.0
2,CSV_data_F07_240529_i-Lab検体20+50.csv,2_0065,0065,TAT3,44,15,9.1,126.0,10830.0
2,CSV_data_F07_240529_i-Lab検体20+50.csv,2_0065,0065,TAT3,44,15,9.1,135.2,10837.0
2,CSV_data_F07_240529_i-Lab検体20+50.csv,2_0065,0065,TAT3,44,15,9.1,144.0,10860.0
2,CSV_data_F07_240529_i-Lab検体20+50.csv,2_0065,0065,TAT3,44,15,9.1,153.2,10870.0
2,CSV_data_F07_240529_i-Lab検体20+50.csv,2_0065,0065,TAT3,44,15,9.1,162.0,10884.0
2,CSV_data_F07_240529_i-Lab検体20+50.csv,2_0065,0065,TAT3,44,15,9.1,171.2,10899.0
2,CSV_data_F07_240529_i-Lab検体20+50.csv,2_0065,0065,TAT3,44,15,9.1,180.0,10911.0
2,CSV_data_F07_240529_i-Lab検体20+50.csv,2_0065,0065,TAT5,46,16,4.0,0.0,6671.0
2,CSV_data_F07_240529_i-Lab検体20+50.csv,2_0065,0065,TAT5,46,16,4.0,9.2,6680.0
2,CSV_data_F07_240529_i-Lab検体20+50.csv,2_0065,0065,TAT5,46,16,4.0,18.0,6666.0
2,CSV_data_F07_240529_i-Lab検体20+50.csv,2_0065,0065,TAT5,46,16,4.0,27.2,6677.0
2,CSV_data_F07_240529_i-Lab検体20+50.csv,2_0065,0065,TAT5,46,16,4.0,36.0,6683.0
2,CSV_data_F07_240529_i-Lab検体20+50.csv,2_0065,0065,TAT5,46,16,4.0,45.2,6685.0
2,CSV_data_F07_240529_i-Lab検体20+50.csv,2_0065,0065,TAT5,46,16,4.0,54.0,6686.0
2,CSV_data_F07_240529_i-Lab検体20+50.csv,2_0065,0065,TAT5,46,16,4.0,63.2,6698.0
2,CSV_data_F07_240529_i-Lab検体20+50.csv,2_0065,0065,TAT5,46,16,4.0,72.0,6706.0
2,CSV_data_F07_240529_i-Lab検体20+50.csv,2_0065,0065,TAT5,46,16,4.0,81.2,6711.0
2,CSV_data_F07_240529_i-Lab検体20+50.csv,2_0065,0065,TAT5,46,16,4.0,90.0,6713.0
2,CSV_data_F07_240529_i-Lab検体20+50.csv,2_0065,0065,TAT5,46,16,4.0,99.2,6715.0
2,CSV_data_F07_240529_i-Lab検体20+50.csv,2_0065,0065,TAT5,46,16,4.0,108.0,6725.0
2,CSV_data_F07_240529_i-Lab検体20+50.csv,2_0065,0065,TAT5,46,16,4.0,117.2,6730.0
2,CSV_data_F07_240529_i-Lab検体20+50.csv,2_0065,0065,TAT5,46,16,4.0,126.0,6735.0
2,CSV_data_F07_240529_i-Lab検体20+50.csv,2_0065,0065,TAT5,46,16,4.0,135.2,6745.0
2,CSV_data_F07_240529_i-Lab検体20+50.csv,2_0065,0065,TAT5,46,16,4.0,144.0,6749.0
2,CSV_data_F07_240529_i-Lab検体20+50.csv,2_0065,0065,TAT5,46,16,4.0,153.2,6759.0
2,CSV_data_F07_240529_i-Lab検体20+50.csv,2_0065,0065,TAT5,46,16,4.0,162.0,6759.0
2,CSV_data_F07_240529_i-Lab検体20+50.csv,2_0065,0065,TAT5,46,16,4.0,171.2,6771.0
2,CSV_data_F07_240529_i-Lab検体20+50.csv,2_0065,0065,TAT5,46,16,4.0,180.0,6775.0
2,CSV_data_F07_240529_i-Lab検体20+50.csv,2_0065,0065,TAT6,47,17,0.6,0.0,8638.0
2,CSV_data_F07_240529_i-Lab検体20+50.csv,2_0065,0065,TAT6,47,17,0.6,9.2,8630.0
2,CSV_data_F07_240529_i-Lab検体20+50.csv,2_0065,0065,TAT6,47,17,0.6,18.0,8620.0
2,CSV_data_F07_240529_i-Lab検体20+50.csv,2_0065,0065,TAT6,47,17,0.6,27.2,8616.0
2,CSV_data_F07_240529_i-Lab検体20+50.csv,2_0065,0065,TAT6,47,17,0.6,36.0,8616.0
2,CSV_data_F07_240529_i-Lab検体20+50.csv,2_0065,0065,TAT6,47,17,0.6,45.2,8619.0
2,CSV_data_F07_240529_i-Lab検体20+50.csv,2_0065,0065,TAT6,47,17,0.6,54.0,8616.0
2,CSV_data_F07_240529_i-Lab検体20+50.csv,2_0065,0065,TAT6,47,17,0.6,63.2,8618.0
2,CSV_data_F07_240529_i-Lab検体20+50.csv,2_0065,0065,TAT6,47,17,0.6,72.0,8621.0
2,CSV_data_F07_240529_i-Lab検体20+50.csv,2_0065,0065,TAT6,47,17,0.6,81.2,8619.0
2,CSV_data_F07_240529_i-Lab検体20+50.csv,2_0065,0065,TAT6,47,17,0.6,90.0,8616.0
2,CSV_data_F07_240529_i-Lab検体20+50.csv,2_0065,0065,TAT6,47,17,0.6,99.2,8619.0
2,CSV_data_F07_240529_i-Lab検体20+50.csv,2_0065,0065,TAT6,47,17,0.6,108.0,8625.0
2,CSV_data_F07_240529_i-Lab検体20+50.csv,2_0065,0065,TAT6,47,17,0.6,117.2,8619.0
2,CSV_data_F07_240529_i-Lab検体20+50.csv,2_0065,0065,TAT6,47,17,0.6,126.0,8619.0
2,CSV_data_F07_240529_i-Lab検体20+50.csv,2_0065,0065,TAT6,47,17,0.6,135.2,8627.0
2,CSV_data_F07_240529_i-Lab検体20+50.csv,2_0065,0065,TAT6,47,17,0.6,144.0,8621.0
2,CSV_data_F07_240529_i-Lab検体20+50.csv,2_0065,0065,TAT6,47,17,0.6,153.2,8625.0
2,CSV_data_F07_240529_i-Lab検体20+50.csv,2_0065,0065,TAT6,47,17,0.6,162.0,8626.0
2,CSV_data_F07_240529_i-Lab検体20+50.csv,2_0065,0065,TAT6,47,17,0.6,171.2,8628.0
2,CSV_data_F07_240529_i-Lab検体20+50.csv,2_0065,0065,TAT6,47,17,0.6,180.0,8626.0
2,CSV_data_F07_240529_i-Lab検体20+50.csv,2_0066,0066,TAT206,41,18,23.9,0.0,10939.0
2,CSV_data_F07_240529_i-Lab検体20+50.csv,2_0066,0066,TAT206,41,18,23.9,9.2,10948.0
2,CSV_data_F07_240529_i-Lab検体20+50.csv,2_0066,0066,TAT206,41,18,23.9,18.0,10969.0
2,CSV_data_F07_240529_i-Lab検体20+50.csv,2_0066,0066,TAT206,41,18,23.9,27.2,10979.0
2,CSV_data_F07_240529_i-Lab検体20+50.csv,2_0066,0066,TAT206,41,18,23.9,36.0,11002.0
2,CSV_data_F07_240529_i-Lab検体20+50.csv,2_0066,0066,TAT206,41,18,23.9,45.2,11019.0
2,CSV_data_F07_240529_i-Lab検体20+50.csv,2_0066,0066,TAT206,41,18,23.9,54.0,11043.0
2,CSV_data_F07_240529_i-Lab検体20+50.csv,2_0066,0066,TAT206,41,18,23.9,63.2,11074.0
2,CSV_data_F07_240529_i-Lab検体20+50.csv,2_0066,0066,TAT206,41,18,23.9,72.0,11098.0
2,CSV_data_F07_240529_i-Lab検体20+50.csv,2_0066,0066,TAT206,41,18,23.9,81.2,11121.0
2,CSV_data_F07_240529_i-Lab検体20+50.csv,2_0066,0066,TAT206,41,18,23.9,90.0,11155.0
2,CSV_data_F07_240529_i-Lab検体20+50.csv,2_0066,0066,TAT206,41,18,23.9,99.2,11189.0
2,CSV_data_F07_240529_i-Lab検体20+50.csv,2_0066,0066,TAT206,41,18,23.9,108.0,11227.0
2,CSV_data_F07_240529_i-Lab検体20+50.csv,2_0066,0066,TAT206,41,18,23.9,117.2,11254.0
2,CSV_data_F07_240529_i-Lab検体20+50.csv,2_0066,0066,TAT206,41,18,23.9,126.0,11295.0
2,CSV_data_F07_240529_i-Lab検体20+50.csv,2_0066,0066,TAT206,41,18,23.9,135.2,11328.0
2,CSV_data_F07_240529_i-Lab検体20+50.csv,2_0066,0066,TAT206,41,18,23.9,144.0,11365.0
2,CSV_data_F07_240529_i-Lab検体20+50.csv,2_0066,0066,TAT206,41,18,23.9,153.2,11400.0
2,CSV_data_F07_240529_i-Lab検体20+50.csv,2_0066,0066,TAT206,41,18,23.9,162.0,11435.0
2,CSV_data_F07_240529_i-Lab検体20+50.csv,2_0066,0066,TAT206,41,18,23.9,171.2,11480.0
2,CSV_data_F07_240529_i-Lab検体20+50.csv,2_0066,0066,TAT206,41,18,23.9,180.0,11515.0
2,CSV_data_F07_240529_i-Lab検体20+50.csv,2_0066,0066,TAT1,42,19,29.7,0.0,11040.0
2,CSV_data_F07_240529_i-Lab検体20+50.csv,2_0066,0066,TAT1,42,19,29.7,9.2,11066.0
2,CSV_data_F07_240529_i-Lab検体20+50.csv,2_0066,0066,TAT1,42,19,29.7,18.0,11081.0
2,CSV_data_F07_240529_i-Lab検体20+50.csv,2_0066,0066,TAT1,42,19,29.7,27.2,11102.0
2,CSV_data_F07_240529_i-Lab検体20+50.csv,2_0066,0066,TAT1,42,19,29.7,36.0,11126.0
2,CSV_data_F07_240529_i-Lab検体20+50.csv,2_0066,0066,TAT1,42,19,29.7,45.2,11157.0
2,CSV_data_F07_240529_i-Lab検体20+50.csv,2_0066,0066,TAT1,42,19,29.7,54.0,11184.0
2,CSV_data_F07_240529_i-Lab検体20+50.csv,2_0066,0066,TAT1,42,19,29.7,63.2,11220.0
2,CSV_data_F07_240529_i-Lab検体20+50.csv,2_0066,0066,TAT1,42,19,29.7,72.0,11254.0
2,CSV_data_F07_240529_i-Lab検体20+50.csv,2_0066,0066,TAT1,42,19,29.7,81.2,11295.0
2,CSV_data_F07_240529_i-Lab検体20+50.csv,2_0066,0066,TAT1,42,19,29.7,90.0,11335.0
2,CSV_data_F07_240529_i-Lab検体20+50.csv,2_0066,0066,TAT1,42,19,29.7,99.2,11372.0
2,CSV_data_F07_240529_i-Lab検体20+50.csv,2_0066,0066,TAT1,42,19,29.7,108.0,11419.0
2,CSV_data_F07_240529_i-Lab検体20+50.csv,2_0066,0066,TAT1,42,19,29.7,117.2,11459.0
2,CSV_data_F07_240529_i-Lab検体20+50.csv,2_0066,0066,TAT1,42,19,29.7,126.0,11504.0
2,CSV_data_F07_240529_i-Lab検体20+50.csv,2_0066,0066,TAT1,42,19,29.7,135.2,11546.0
2,CSV_data_F07_240529_i-Lab検体20+50.csv,2_0066,0066,TAT1,42,19,29.7,144.0,11597.0
2,CSV_data_F07_240529_i-Lab検体20+50.csv,2_0066,0066,TAT1,42,19,29.7,153.2,11641.0
2,CSV_data_F07_240529_i-Lab検体20+50.csv,2_0066,0066,TAT1,42,19,29.7,162.0,11691.0
2,CSV_data_F07_240529_i-Lab検体20+50.csv,2_0066,0066,TAT1,42,19,29.7,171.2,11740.0
2,CSV_data_F07_240529_i-Lab検体20+50.csv,2_0066,0066,TAT1,42,19,29.7,180.0,11788.0
2,CSV_data_F07_240529_i-Lab検体20+50.csv,2_0066,0066,TAT3,44,20,21.0,0.0,10803.0
2,CSV_data_F07_240529_i-Lab検体20+50.csv,2_0066,0066,TAT3,44,20,21.0,9.2,10809.0
2,CSV_data_F07_240529_i-Lab検体20+50.csv,2_0066,0066,TAT3,44,20,21.0,18.0,10827.0
2,CSV_data_F07_240529_i-Lab検体20+50.csv,2_0066,0066,TAT3,44,20,21.0,27.2,10834.0
2,CSV_data_F07_240529_i-Lab検体20+50.csv,2_0066,0066,TAT3,44,20,21.0,36.0,10855.0
2,CSV_data_F07_240529_i-Lab検体20+50.csv,2_0066,0066,TAT3,44,20,21.0,45.2,10871.0
2,CSV_data_F07_240529_i-Lab検体20+50.csv,2_0066,0066,TAT3,44,20,21.0,54.0,10897.0
2,CSV_data_F07_240529_i-Lab検体20+50.csv,2_0066,0066,TAT3,44,20,21.0,63.2,10922.0
2,CSV_data_F07_240529_i-Lab検体20+50.csv,2_0066,0066,TAT3,44,20,21.0,72.0,10942.0
2,CSV_data_F07_240529_i-Lab検体20+50.csv,2_0066,0066,TAT3,44,20,21.0,81.2,10967.0
2,CSV_data_F07_240529_i-Lab検体20+50.csv,2_0066,0066,TAT3,44,20,21.0,90.0,10988.0
2,CSV_data_F07_240529_i-Lab検体20+50.csv,2_0066,0066,TAT3,44,20,21.0,99.2,11027.0
2,CSV_data_F07_240529_i-Lab検体20+50.csv,2_0066,0066,TAT3,44,20,21.0,108.0,11051.0
2,CSV_data_F07_240529_i-Lab検体20+50.csv,2_0066,0066,TAT3,44,20,21.0,117.2,11085.0
2,CSV_data_F07_240529_i-Lab検体20+50.csv,2_0066,0066,TAT3,44,20,21.0,126.0,11113.0
2,CSV_data_F07_240529_i-Lab検体20+50.csv,2_0066,0066,TAT3,44,20,21.0,135.2,11144.0
2,CSV_data_F07_240529_i-Lab検体20+50.csv,2_0066,0066,TAT3,44,20,21.0,144.0,11181.0
2,CSV_data_F07_240529_i-Lab検体20+50.csv,2_0066,0066,TAT3,44,20,21.0,153.2,11214.0
2,CSV_data_F07_240529_i-Lab検体20+50.csv,2_0066,0066,TAT3,44,20,21.0,162.0,11248.0
2,CSV_data_F07_240529_i-Lab検体20+50.csv,2_0066,0066,TAT3,44,20,21.0,171.2,11282.0
2,CSV_data_F07_240529_i-Lab検体20+50.csv,2_0066,0066,TAT3,44,20,21.0,180.0,11310.0
2,CSV_data_F07_240529_i-Lab検体20+50.csv,2_0066,0066,TAT5,46,15,3.7,0.0,6737.0
2,CSV_data_F07_240529_i-Lab検体20+50.csv,2_0066,0066,TAT5,46,15,3.7,9.2,6740.0
2,CSV_data_F07_240529_i-Lab検体20+50.csv,2_0066,0066,TAT5,46,15,3.7,18.0,6726.0
2,CSV_data_F07_240529_i-Lab検体20+50.csv,2_0066,0066,TAT5,46,15,3.7,27.2,6734.0
2,CSV_data_F07_240529_i-Lab検体20+50.csv,2_0066,0066,TAT5,46,15,3.7,36.0,6737.0
2,CSV_data_F07_240529_i-Lab検体20+50.csv,2_0066,0066,TAT5,46,15,3.7,45.2,6746.0
2,CSV_data_F07_240529_i-Lab検体20+50.csv,2_0066,0066,TAT5,46,15,3.7,54.0,6745.0
2,CSV_data_F07_240529_i-Lab検体20+50.csv,2_0066,0066,TAT5,46,15,3.7,63.2,6755.0
2,CSV_data_F07_240529_i-Lab検体20+50.csv,2_0066,0066,TAT5,46,15,3.7,72.0,6756.0
2,CSV_data_F07_240529_i-Lab検体20+50.csv,2_0066,0066,TAT5,46,15,3.7,81.2,6766.0
2,CSV_data_F07_240529_i-Lab検体20+50.csv,2_0066,0066,TAT5,46,15,3.7,90.0,6769.0
2,CSV_data_F07_240529_i-Lab検体20+50.csv,2_0066,0066,TAT5,46,15,3.7,99.2,6773.0
2,CSV_data_F07_240529_i-Lab検体20+50.csv,2_0066,0066,TAT5,46,15,3.7,108.0,6781.0
2,CSV_data_F07_240529_i-Lab検体20+50.csv,2_0066,0066,TAT5,46,15,3.7,117.2,6784.0
2,CSV_data_F07_240529_i-Lab検体20+50.csv,2_0066,0066,TAT5,46,15,3.7,126.0,6792.0
2,CSV_data_F07_240529_i-Lab検体20+50.csv,2_0066,0066,TAT5,46,15,3.7,135.2,6796.0
2,CSV_data_F07_240529_i-Lab検体20+50.csv,2_0066,0066,TAT5,46,15,3.7,144.0,6801.0
2,CSV_data_F07_240529_i-Lab検体20+50.csv,2_0066,0066,TAT5,46,15,3.7,153.2,6809.0
2,CSV_data_F07_240529_i-Lab検体20+50.csv,2_0066,0066,TAT5,46,15,3.7,162.0,6816.0
2,CSV_data_F07_240529_i-Lab検体20+50.csv,2_0066,0066,TAT5,46,15,3.7,171.2,6821.0
2,CSV_data_F07_240529_i-Lab検体20+50.csv,2_0066,0066,TAT5,46,15,3.7,180.0,6824.0
2,CSV_data_F07_240529_i-Lab検体20+50.csv,2_0066,0066,TAT6,47,16,0.5,0.0,8711.0
2,CSV_data_F07_240529_i-Lab検体20+50.csv,2_0066,0066,TAT6,47,16,0.5,9.2,8700.0
2,CSV_data_F07_240529_i-Lab検体20+50.csv,2_0066,0066,TAT6,47,16,0.5,18.0,8701.0
2,CSV_data_F07_240529_i-Lab検体20+50.csv,2_0066,0066,TAT6,47,16,0.5,27.2,8705.0
2,CSV_data_F07_240529_i-Lab検体20+50.csv,2_0066,0066,TAT6,47,16,0.5,36.0,8704.0
2,CSV_data_F07_240529_i-Lab検体20+50.csv,2_0066,0066,TAT6,47,16,0.5,45.2,8702.0
2,CSV_data_F07_240529_i-Lab検体20+50.csv,2_0066,0066,TAT6,47,16,0.5,54.0,8702.0
2,CSV_data_F07_240529_i-Lab検体20+50.csv,2_0066,0066,TAT6,47,16,0.5,63.2,8703.0
2,CSV_data_F07_240529_i-Lab検体20+50.csv,2_0066,0066,TAT6,47,16,0.5,72.0,8702.0
2,CSV_data_F07_240529_i-Lab検体20+50.csv,2_0066,0066,TAT6,47,16,0.5,81.2,8708.0
2,CSV_data_F07_240529_i-Lab検体20+50.csv,2_0066,0066,TAT6,47,16,0.5,90.0,8706.0
2,CSV_data_F07_240529_i-Lab検体20+50.csv,2_0066,0066,TAT6,47,16,0.5,99.2,8712.0
2,CSV_data_F07_240529_i-Lab検体20+50.csv,2_0066,0066,TAT6,47,16,0.5,108.0,8715.0
2,CSV_data_F07_240529_i-Lab検体20+50.csv,2_0066,0066,TAT6,47,16,0.5,117.2,8709.0
2,CSV_data_F07_240529_i-Lab検体20+50.csv,2_0066,0066,TAT6,47,16,0.5,126.0,8711.0
2,CSV_data_F07_240529_i-Lab検体20+50.csv,2_0066,0066,TAT6,47,16,0.5,135.2,8716.0
2,CSV_data_F07_240529_i-Lab検体20+50.csv,2_0066,0066,TAT6,47,16,0.5,144.0,8719.0
2,CSV_data_F07_240529_i-Lab検体20+50.csv,2_0066,0066,TAT6,47,16,0.5,153.2,8715.0
2,CSV_data_F07_240529_i-Lab検体20+50.csv,2_0066,0066,TAT6,47,16,0.5,162.0,8711.0
2,CSV_data_F07_240529_i-Lab検体20+50.csv,2_0066,0066,TAT6,47,16,0.5,171.2,8716.0
2,CSV_data_F07_240529_i-Lab検体20+50.csv,2_0066,0066,TAT6,47,16,0.5,180.0,8717.0
2,CSV_data_F07_240529_i-Lab検体20+50.csv,2_0067,0067,TAT206,41,17,7.9,0.0,10935.0
2,CSV_data_F07_240529_i-Lab検体20+50.csv,2_0067,0067,TAT206,41,17,7.9,9.2,10935.0
2,CSV_data_F07_240529_i-Lab検体20+50.csv,2_0067,0067,TAT206,41,17,7.9,18.0,10942.0
2,CSV_data_F07_240529_i-Lab検体20+50.csv,2_0067,0067,TAT206,41,17,7.9,27.2,10951.0
2,CSV_data_F07_240529_i-Lab検体20+50.csv,2_0067,0067,TAT206,41,17,7.9,36.0,10959.0
2,CSV_data_F07_240529_i-Lab検体20+50.csv,2_0067,0067,TAT206,41,17,7.9,45.2,10969.0
2,CSV_data_F07_240529_i-Lab検体20+50.csv,2_0067,0067,TAT206,41,17,7.9,54.0,10981.0
2,CSV_data_F07_240529_i-Lab検体20+50.csv,2_0067,0067,TAT206,41,17,7.9,63.2,10993.0
2,CSV_data_F07_240529_i-Lab検体20+50.csv,2_0067,0067,TAT206,41,17,7.9,72.0,10995.0
2,CSV_data_F07_240529_i-Lab検体20+50.csv,2_0067,0067,TAT206,41,17,7.9,81.2,11017.0
2,CSV_data_F07_240529_i-Lab検体20+50.csv,2_0067,0067,TAT206,41,17,7.9,90.0,11025.0
2,CSV_data_F07_240529_i-Lab検体20+50.csv,2_0067,0067,TAT206,41,17,7.9,99.2,11036.0
2,CSV_data_F07_240529_i-Lab検体20+50.csv,2_0067,0067,TAT206,41,17,7.9,108.0,11045.0
2,CSV_data_F07_240529_i-Lab検体20+50.csv,2_0067,0067,TAT206,41,17,7.9,117.2,11059.0
2,CSV_data_F07_240529_i-Lab検体20+50.csv,2_0067,0067,TAT206,41,17,7.9,126.0,11067.0
2,CSV_data_F07_240529_i-Lab検体20+50.csv,2_0067,0067,TAT206,41,17,7.9,135.2,11086.0
2,CSV_data_F07_240529_i-Lab検体20+50.csv,2_0067,0067,TAT206,41,17,7.9,144.0,11097.0
2,CSV_data_F07_240529_i-Lab検体20+50.csv,2_0067,0067,TAT206,41,17,7.9,153.2,11109.0
2,CSV_data_F07_240529_i-Lab検体20+50.csv,2_0067,0067,TAT206,41,17,7.9,162.0,11123.0
2,CSV_data_F07_240529_i-Lab検体20+50.csv,2_0067,0067,TAT206,41,17,7.9,171.2,11135.0
2,CSV_data_F07_240529_i-Lab検体20+50.csv,2_0067,0067,TAT206,41,17,7.9,180.0,11152.0
2,CSV_data_F07_240529_i-Lab検体20+50.csv,2_0067,0067,TAT1,42,18,8.9,0.0,10940.0
2,CSV_data_F07_240529_i-Lab検体20+50.csv,2_0067,0067,TAT1,42,18,8.9,9.2,10962.0
2,CSV_data_F07_240529_i-Lab検体20+50.csv,2_0067,0067,TAT1,42,18,8.9,18.0,10941.0
2,CSV_data_F07_240529_i-Lab検体20+50.csv,2_0067,0067,TAT1,42,18,8.9,27.2,10956.0
2,CSV_data_F07_240529_i-Lab検体20+50.csv,2_0067,0067,TAT1,42,18,8.9,36.0,10961.0
2,CSV_data_F07_240529_i-Lab検体20+50.csv,2_0067,0067,TAT1,42,18,8.9,45.2,10967.0
2,CSV_data_F07_240529_i-Lab検体20+50.csv,2_0067,0067,TAT1,42,18,8.9,54.0,10981.0
2,CSV_data_F07_240529_i-Lab検体20+50.csv,2_0067,0067,TAT1,42,18,8.9,63.2,11003.0
2,CSV_data_F07_240529_i-Lab検体20+50.csv,2_0067,0067,TAT1,42,18,8.9,72.0,11003.0
2,CSV_data_F07_240529_i-Lab検体20+50.csv,2_0067,0067,TAT1,42,18,8.9,81.2,11023.0
2,CSV_data_F07_240529_i-Lab検体20+50.csv,2_0067,0067,TAT1,42,18,8.9,90.0,11032.0
2,CSV_data_F07_240529_i-Lab検体20+50.csv,2_0067,0067,TAT1,42,18,8.9,99.2,11053.0
2,CSV_data_F07_240529_i-Lab検体20+50.csv,2_0067,0067,TAT1,42,18,8.9,108.0,11054.0
2,CSV_data_F07_240529_i-Lab検体20+50.csv,2_0067,0067,TAT1,42,18,8.9,117.2,11074.0
2,CSV_data_F07_240529_i-Lab検体20+50.csv,2_0067,0067,TAT1,42,18,8.9,126.0,11088.0
2,CSV_data_F07_240529_i-Lab検体20+50.csv,2_0067,0067,TAT1,42,18,8.9,135.2,11103.0
2,CSV_data_F07_240529_i-Lab検体20+50.csv,2_0067,0067,TAT1,42,18,8.9,144.0,11118.0
2,CSV_data_F07_240529_i-Lab検体20+50.csv,2_0067,0067,TAT1,42,18,8.9,153.2,11128.0
2,CSV_data_F07_240529_i-Lab検体20+50.csv,2_0067,0067,TAT1,42,18,8.9,162.0,11144.0
2,CSV_data_F07_240529_i-Lab検体20+50.csv,2_0067,0067,TAT1,42,18,8.9,171.2,11157.0
2,CSV_data_F07_240529_i-Lab検体20+50.csv,2_0067,0067,TAT1,42,18,8.9,180.0,11177.0
2,CSV_data_F07_240529_i-Lab検体20+50.csv,2_0067,0067,TAT3,44,19,6.1,0.0,10897.0
2,CSV_data_F07_240529_i-Lab検体20+50.csv,2_0067,0067,TAT3,44,19,6.1,9.2,10898.0
2,CSV_data_F07_240529_i-Lab検体20+50.csv,2_0067,0067,TAT3,44,19,6.1,18.0,10905.0
2,CSV_data_F07_240529_i-Lab検体20+50.csv,2_0067,0067,TAT3,44,19,6.1,27.2,10912.0
2,CSV_data_F07_240529_i-Lab検体20+50.csv,2_0067,0067,TAT3,44,19,6.1,36.0,10918.0
2,CSV_data_F07_240529_i-Lab検体20+50.csv,2_0067,0067,TAT3,44,19,6.1,45.2,10924.0
2,CSV_data_F07_240529_i-Lab検体20+50.csv,2_0067,0067,TAT3,44,19,6.1,54.0,10928.0
2,CSV_data_F07_240529_i-Lab検体20+50.csv,2_0067,0067,TAT3,44,19,6.1,63.2,10944.0
2,CSV_data_F07_240529_i-Lab検体20+50.csv,2_0067,0067,TAT3,44,19,6.1,72.0,10948.0
2,CSV_data_F07_240529_i-Lab検体20+50.csv,2_0067,0067,TAT3,44,19,6.1,81.2,10956.0
2,CSV_data_F07_240529_i-Lab検体20+50.csv,2_0067,0067,TAT3,44,19,6.1,90.0,10968.0
2,CSV_data_F07_240529_i-Lab検体20+50.csv,2_0067,0067,TAT3,44,19,6.1,99.2,10974.0
2,CSV_data_F07_240529_i-Lab検体20+50.csv,2_0067,0067,TAT3,44,19,6.1,108.0,10982.0
2,CSV_data_F07_240529_i-Lab検体20+50.csv,2_0067,0067,TAT3,44,19,6.1,117.2,11003.0
2,CSV_data_F07_240529_i-Lab検体20+50.csv,2_0067,0067,TAT3,44,19,6.1,126.0,11002.0
2,CSV_data_F07_240529_i-Lab検体20+50.csv,2_0067,0067,TAT3,44,19,6.1,135.2,11016.0
2,CSV_data_F07_240529_i-Lab検体20+50.csv,2_0067,0067,TAT3,44,19,6.1,144.0,11024.0
2,CSV_data_F07_240529_i-Lab検体20+50.csv,2_0067,0067,TAT3,44,19,6.1,153.2,11029.0
2,CSV_data_F07_240529_i-Lab検体20+50.csv,2_0067,0067,TAT3,44,19,6.1,162.0,11038.0
2,CSV_data_F07_240529_i-Lab検体20+50.csv,2_0067,0067,TAT3,44,19,6.1,171.2,11048.0
2,CSV_data_F07_240529_i-Lab検体20+50.csv,2_0067,0067,TAT3,44,19,6.1,180.0,11062.0
2,CSV_data_F07_240529_i-Lab検体20+50.csv,2_0067,0067,TAT5,46,20,3.3,0.0,6930.0
2,CSV_data_F07_240529_i-Lab検体20+50.csv,2_0067,0067,TAT5,46,20,3.3,9.2,6926.0
2,CSV_data_F07_240529_i-Lab検体20+50.csv,2_0067,0067,TAT5,46,20,3.3,18.0,6934.0
2,CSV_data_F07_240529_i-Lab検体20+50.csv,2_0067,0067,TAT5,46,20,3.3,27.2,6942.0
2,CSV_data_F07_240529_i-Lab検体20+50.csv,2_0067,0067,TAT5,46,20,3.3,36.0,6942.0
2,CSV_data_F07_240529_i-Lab検体20+50.csv,2_0067,0067,TAT5,46,20,3.3,45.2,6945.0
2,CSV_data_F07_240529_i-Lab検体20+50.csv,2_0067,0067,TAT5,46,20,3.3,54.0,6957.0
2,CSV_data_F07_240529_i-Lab検体20+50.csv,2_0067,0067,TAT5,46,20,3.3,63.2,6961.0
2,CSV_data_F07_240529_i-Lab検体20+50.csv,2_0067,0067,TAT5,46,20,3.3,72.0,6959.0
2,CSV_data_F07_240529_i-Lab検体20+50.csv,2_0067,0067,TAT5,46,20,3.3,81.2,6967.0
2,CSV_data_F07_240529_i-Lab検体20+50.csv,2_0067,0067,TAT5,46,20,3.3,90.0,6971.0
2,CSV_data_F07_240529_i-Lab検体20+50.csv,2_0067,0067,TAT5,46,20,3.3,99.2,6979.0
2,CSV_data_F07_240529_i-Lab検体20+50.csv,2_0067,0067,TAT5,46,20,3.3,108.0,6983.0
2,CSV_data_F07_240529_i-Lab検体20+50.csv,2_0067,0067,TAT5,46,20,3.3,117.2,6990.0
2,CSV_data_F07_240529_i-Lab検体20+50.csv,2_0067,0067,TAT5,46,20,3.3,126.0,6993.0
2,CSV_data_F07_240529_i-Lab検体20+50.csv,2_0067,0067,TAT5,46,20,3.3,135.2,7003.0
2,CSV_data_F07_240529_i-Lab検体20+50.csv,2_0067,0067,TAT5,46,20,3.3,144.0,7010.0
2,CSV_data_F07_240529_i-Lab検体20+50.csv,2_0067,0067,TAT5,46,20,3.3,153.2,7014.0
2,CSV_data_F07_240529_i-Lab検体20+50.csv,2_0067,0067,TAT5,46,20,3.3,162.0,7014.0
2,CSV_data_F07_240529_i-Lab検体20+50.csv,2_0067,0067,TAT5,46,20,3.3,171.2,7017.0
2,CSV_data_F07_240529_i-Lab検体20+50.csv,2_0067,0067,TAT5,46,20,3.3,180.0,7026.0
2,CSV_data_F07_240529_i-Lab検体20+50.csv,2_0067,0067,TAT6,47,15,0.9,0.0,8846.0
2,CSV_data_F07_240529_i-Lab検体20+50.csv,2_0067,0067,TAT6,47,15,0.9,9.2,8833.0
2,CSV_data_F07_240529_i-Lab検体20+50.csv,2_0067,0067,TAT6,47,15,0.9,18.0,8833.0
2,CSV_data_F07_240529_i-Lab検体20+50.csv,2_0067,0067,TAT6,47,15,0.9,27.2,8829.0
2,CSV_data_F07_240529_i-Lab検体20+50.csv,2_0067,0067,TAT6,47,15,0.9,36.0,8834.0
2,CSV_data_F07_240529_i-Lab検体20+50.csv,2_0067,0067,TAT6,47,15,0.9,45.2,8836.0
2,CSV_data_F07_240529_i-Lab検体20+50.csv,2_0067,0067,TAT6,47,15,0.9,54.0,8838.0
2,CSV_data_F07_240529_i-Lab検体20+50.csv,2_0067,0067,TAT6,47,15,0.9,63.2,8841.0
2,CSV_data_F07_240529_i-Lab検体20+50.csv,2_0067,0067,TAT6,47,15,0.9,72.0,8831.0
2,CSV_data_F07_240529_i-Lab検体20+50.csv,2_0067,0067,TAT6,47,15,0.9,81.2,8836.0
2,CSV_data_F07_240529_i-Lab検体20+50.csv,2_0067,0067,TAT6,47,15,0.9,90.0,8838.0
2,CSV_data_F07_240529_i-Lab検体20+50.csv,2_0067,0067,TAT6,47,15,0.9,99.2,8842.0
2,CSV_data_F07_240529_i-Lab検体20+50.csv,2_0067,0067,TAT6,47,15,0.9,108.0,8846.0
2,CSV_data_F07_240529_i-Lab検体20+50.csv,2_0067,0067,TAT6,47,15,0.9,117.2,8843.0
2,CSV_data_F07_240529_i-Lab検体20+50.csv,2_0067,0067,TAT6,47,15,0.9,126.0,8843.0
2,CSV_data_F07_240529_i-Lab検体20+50.csv,2_0067,0067,TAT6,47,15,0.9,135.2,8841.0
2,CSV_data_F07_240529_i-Lab検体20+50.csv,2_0067,0067,TAT6,47,15,0.9,144.0,8842.0
2,CSV_data_F07_240529_i-Lab検体20+50.csv,2_0067,0067,TAT6,47,15,0.9,153.2,8848.0
2,CSV_data_F07_240529_i-Lab検体20+50.csv,2_0067,0067,TAT6,47,15,0.9,162.0,8843.0
2,CSV_data_F07_240529_i-Lab検体20+50.csv,2_0067,0067,TAT6,47,15,0.9,171.2,8850.0
2,CSV_data_F07_240529_i-Lab検体20+50.csv,2_0067,0067,TAT6,47,15,0.9,180.0,8852.0
2,CSV_data_F07_240529_i-Lab検体20+50.csv,2_0068,0068,TAT206,41,16,13.7,0.0,11444.0
2,CSV_data_F07_240529_i-Lab検体20+50.csv,2_0068,0068,TAT206,41,16,13.7,9.2,11461.0
2,CSV_data_F07_240529_i-Lab検体20+50.csv,2_0068,0068,TAT206,41,16,13.7,18.0,11477.0
2,CSV_data_F07_240529_i-Lab検体20+50.csv,2_0068,0068,TAT206,41,16,13.7,27.2,11492.0
2,CSV_data_F07_240529_i-Lab検体20+50.csv,2_0068,0068,TAT206,41,16,13.7,36.0,11511.0
2,CSV_data_F07_240529_i-Lab検体20+50.csv,2_0068,0068,TAT206,41,16,13.7,45.2,11532.0
2,CSV_data_F07_240529_i-Lab検体20+50.csv,2_0068,0068,TAT206,41,16,13.7,54.0,11556.0
2,CSV_data_F07_240529_i-Lab検体20+50.csv,2_0068,0068,TAT206,41,16,13.7,63.2,11575.0
2,CSV_data_F07_240529_i-Lab検体20+50.csv,2_0068,0068,TAT206,41,16,13.7,72.0,11589.0
2,CSV_data_F07_240529_i-Lab検体20+50.csv,2_0068,0068,TAT206,41,16,13.7,81.2,11615.0
2,CSV_data_F07_240529_i-Lab検体20+50.csv,2_0068,0068,TAT206,41,16,13.7,90.0,11632.0
2,CSV_data_F07_240529_i-Lab検体20+50.csv,2_0068,0068,TAT206,41,16,13.7,99.2,11655.0
2,CSV_data_F07_240529_i-Lab検体20+50.csv,2_0068,0068,TAT206,41,16,13.7,108.0,11674.0
2,CSV_data_F07_240529_i-Lab検体20+50.csv,2_0068,0068,TAT206,41,16,13.7,117.2,11691.0
2,CSV_data_F07_240529_i-Lab検体20+50.csv,2_0068,0068,TAT206,41,16,13.7,126.0,11720.0
2,CSV_data_F07_240529_i-Lab検体20+50.csv,2_0068,0068,TAT206,41,16,13.7,135.2,11741.0
2,CSV_data_F07_240529_i-Lab検体20+50.csv,2_0068,0068,TAT206,41,16,13.7,144.0,11760.0
2,CSV_data_F07_240529_i-Lab検体20+50.csv,2_0068,0068,TAT206,41,16,13.7,153.2,11779.0
2,CSV_data_F07_240529_i-Lab検体20+50.csv,2_0068,0068,TAT206,41,16,13.7,162.0,11798.0
2,CSV_data_F07_240529_i-Lab検体20+50.csv,2_0068,0068,TAT206,41,16,13.7,171.2,11820.0
2,CSV_data_F07_240529_i-Lab検体20+50.csv,2_0068,0068,TAT206,41,16,13.7,180.0,11844.0
2,CSV_data_F07_240529_i-Lab検体20+50.csv,2_0068,0068,TAT1,42,17,17.4,0.0,11375.0
2,CSV_data_F07_240529_i-Lab検体20+50.csv,2_0068,0068,TAT1,42,17,17.4,9.2,11411.0
2,CSV_data_F07_240529_i-Lab検体20+50.csv,2_0068,0068,TAT1,42,17,17.4,18.0,11423.0
2,CSV_data_F07_240529_i-Lab検体20+50.csv,2_0068,0068,TAT1,42,17,17.4,27.2,11436.0
2,CSV_data_F07_240529_i-Lab検体20+50.csv,2_0068,0068,TAT1,42,17,17.4,36.0,11463.0
2,CSV_data_F07_240529_i-Lab検体20+50.csv,2_0068,0068,TAT1,42,17,17.4,45.2,11485.0
2,CSV_data_F07_240529_i-Lab検体20+50.csv,2_0068,0068,TAT1,42,17,17.4,54.0,11508.0
2,CSV_data_F07_240529_i-Lab検体20+50.csv,2_0068,0068,TAT1,42,17,17.4,63.2,11530.0
2,CSV_data_F07_240529_i-Lab検体20+50.csv,2_0068,0068,TAT1,42,17,17.4,72.0,11553.0
2,CSV_data_F07_240529_i-Lab検体20+50.csv,2_0068,0068,TAT1,42,17,17.4,81.2,11578.0
2,CSV_data_F07_240529_i-Lab検体20+50.csv,2_0068,0068,TAT1,42,17,17.4,90.0,11610.0
2,CSV_data_F07_240529_i-Lab検体20+50.csv,2_0068,0068,TAT1,42,17,17.4,99.2,11630.0
2,CSV_data_F07_240529_i-Lab検体20+50.csv,2_0068,0068,TAT1,42,17,17.4,108.0,11654.0
2,CSV_data_F07_240529_i-Lab検体20+50.csv,2_0068,0068,TAT1,42,17,17.4,117.2,11680.0
2,CSV_data_F07_240529_i-Lab検体20+50.csv,2_0068,0068,TAT1,42,17,17.4,126.0,11703.0
2,CSV_data_F07_240529_i-Lab検体20+50.csv,2_0068,0068,TAT1,42,17,17.4,135.2,11729.0
2,CSV_data_F07_240529_i-Lab検体20+50.csv,2_0068,0068,TAT1,42,17,17.4,144.0,11755.0
2,CSV_data_F07_240529_i-Lab検体20+50.csv,2_0068,0068,TAT1,42,17,17.4,153.2,11785.0
2,CSV_data_F07_240529_i-Lab検体20+50.csv,2_0068,0068,TAT1,42,17,17.4,162.0,11809.0
2,CSV_data_F07_240529_i-Lab検体20+50.csv,2_0068,0068,TAT1,42,17,17.4,171.2,11839.0
2,CSV_data_F07_240529_i-Lab検体20+50.csv,2_0068,0068,TAT1,42,17,17.4,180.0,11863.0
2,CSV_data_F07_240529_i-Lab検体20+50.csv,2_0068,0068,TAT3,44,18,14.1,0.0,11234.0
2,CSV_data_F07_240529_i-Lab検体20+50.csv,2_0068,0068,TAT3,44,18,14.1,9.2,11262.0
2,CSV_data_F07_240529_i-Lab検体20+50.csv,2_0068,0068,TAT3,44,18,14.1,18.0,11265.0
2,CSV_data_F07_240529_i-Lab検体20+50.csv,2_0068,0068,TAT3,44,18,14.1,27.2,11292.0
2,CSV_data_F07_240529_i-Lab検体20+50.csv,2_0068,0068,TAT3,44,18,14.1,36.0,11302.0
2,CSV_data_F07_240529_i-Lab検体20+50.csv,2_0068,0068,TAT3,44,18,14.1,45.2,11321.0
2,CSV_data_F07_240529_i-Lab検体20+50.csv,2_0068,0068,TAT3,44,18,14.1,54.0,11339.0
2,CSV_data_F07_240529_i-Lab検体20+50.csv,2_0068,0068,TAT3,44,18,14.1,63.2,11358.0
2,CSV_data_F07_240529_i-Lab検体20+50.csv,2_0068,0068,TAT3,44,18,14.1,72.0,11377.0
2,CSV_data_F07_240529_i-Lab検体20+50.csv,2_0068,0068,TAT3,44,18,14.1,81.2,11390.0
2,CSV_data_F07_240529_i-Lab検体20+50.csv,2_0068,0068,TAT3,44,18,14.1,90.0,11408.0
2,CSV_data_F07_240529_i-Lab検体20+50.csv,2_0068,0068,TAT3,44,18,14.1,99.2,11424.0
2,CSV_data_F07_240529_i-Lab検体20+50.csv,2_0068,0068,TAT3,44,18,14.1,108.0,11442.0
2,CSV_data_F07_240529_i-Lab検体20+50.csv,2_0068,0068,TAT3,44,18,14.1,117.2,11460.0
2,CSV_data_F07_240529_i-Lab検体20+50.csv,2_0068,0068,TAT3,44,18,14.1,126.0,11479.0
2,CSV_data_F07_240529_i-Lab検体20+50.csv,2_0068,0068,TAT3,44,18,14.1,135.2,11504.0
2,CSV_data_F07_240529_i-Lab検体20+50.csv,2_0068,0068,TAT3,44,18,14.1,144.0,11537.0
2,CSV_data_F07_240529_i-Lab検体20+50.csv,2_0068,0068,TAT3,44,18,14.1,153.2,11553.0
2,CSV_data_F07_240529_i-Lab検体20+50.csv,2_0068,0068,TAT3,44,18,14.1,162.0,11585.0
2,CSV_data_F07_240529_i-Lab検体20+50.csv,2_0068,0068,TAT3,44,18,14.1,171.2,11602.0
2,CSV_data_F07_240529_i-Lab検体20+50.csv,2_0068,0068,TAT3,44,18,14.1,180.0,11622.0
2,CSV_data_F07_240529_i-Lab検体20+50.csv,2_0068,0068,TAT5,46,19,6.8,0.0,7511.0
2,CSV_data_F07_240529_i-Lab検体20+50.csv,2_0068,0068,TAT5,46,19,6.8,9.2,7518.0
2,CSV_data_F07_240529_i-Lab検体20+50.csv,2_0068,0068,TAT5,46,19,6.8,18.0,7525.0
2,CSV_data_F07_240529_i-Lab検体20+50.csv,2_0068,0068,TAT5,46,19,6.8,27.2,7536.0
2,CSV_data_F07_240529_i-Lab検体20+50.csv,2_0068,0068,TAT5,46,19,6.8,36.0,7544.0
2,CSV_data_F07_240529_i-Lab検体20+50.csv,2_0068,0068,TAT5,46,19,6.8,45.2,7562.0
2,CSV_data_F07_240529_i-Lab検体20+50.csv,2_0068,0068,TAT5,46,19,6.8,54.0,7573.0
2,CSV_data_F07_240529_i-Lab検体20+50.csv,2_0068,0068,TAT5,46,19,6.8,63.2,7587.0
2,CSV_data_F07_240529_i-Lab検体20+50.csv,2_0068,0068,TAT5,46,19,6.8,72.0,7593.0
2,CSV_data_F07_240529_i-Lab検体20+50.csv,2_0068,0068,TAT5,46,19,6.8,81.2,7608.0
2,CSV_data_F07_240529_i-Lab検体20+50.csv,2_0068,0068,TAT5,46,19,6.8,90.0,7618.0
2,CSV_data_F07_240529_i-Lab検体20+50.csv,2_0068,0068,TAT5,46,19,6.8,99.2,7625.0
2,CSV_data_F07_240529_i-Lab検体20+50.csv,2_0068,0068,TAT5,46,19,6.8,108.0,7642.0
2,CSV_data_F07_240529_i-Lab検体20+50.csv,2_0068,0068,TAT5,46,19,6.8,117.2,7650.0
2,CSV_data_F07_240529_i-Lab検体20+50.csv,2_0068,0068,TAT5,46,19,6.8,126.0,7663.0
2,CSV_data_F07_240529_i-Lab検体20+50.csv,2_0068,0068,TAT5,46,19,6.8,135.2,7671.0
2,CSV_data_F07_240529_i-Lab検体20+50.csv,2_0068,0068,TAT5,46,19,6.8,144.0,7685.0
2,CSV_data_F07_240529_i-Lab検体20+50.csv,2_0068,0068,TAT5,46,19,6.8,153.2,7696.0
2,CSV_data_F07_240529_i-Lab検体20+50.csv,2_0068,0068,TAT5,46,19,6.8,162.0,7707.0
2,CSV_data_F07_240529_i-Lab検体20+50.csv,2_0068,0068,TAT5,46,19,6.8,171.2,7710.0
2,CSV_data_F07_240529_i-Lab検体20+50.csv,2_0068,0068,TAT5,46,19,6.8,180.0,7722.0
2,CSV_data_F07_240529_i-Lab検体20+50.csv,2_0068,0068,TAT6,47,20,1.7,0.0,9402.0
2,CSV_data_F07_240529_i-Lab検体20+50.csv,2_0068,0068,TAT6,47,20,1.7,9.2,9406.0
2,CSV_data_F07_240529_i-Lab検体20+50.csv,2_0068,0068,TAT6,47,20,1.7,18.0,9406.0
2,CSV_data_F07_240529_i-Lab検体20+50.csv,2_0068,0068,TAT6,47,20,1.7,27.2,9411.0
2,CSV_data_F07_240529_i-Lab検体20+50.csv,2_0068,0068,TAT6,47,20,1.7,36.0,9414.0
2,CSV_data_F07_240529_i-Lab検体20+50.csv,2_0068,0068,TAT6,47,20,1.7,45.2,9423.0
2,CSV_data_F07_240529_i-Lab検体20+50.csv,2_0068,0068,TAT6,47,20,1.7,54.0,9422.0
2,CSV_data_F07_240529_i-Lab検体20+50.csv,2_0068,0068,TAT6,47,20,1.7,63.2,9430.0
2,CSV_data_F07_240529_i-Lab検体20+50.csv,2_0068,0068,TAT6,47,20,1.7,72.0,9438.0
2,CSV_data_F07_240529_i-Lab検体20+50.csv,2_0068,0068,TAT6,47,20,1.7,81.2,9448.0
2,CSV_data_F07_240529_i-Lab検体20+50.csv,2_0068,0068,TAT6,47,20,1.7,90.0,9444.0
2,CSV_data_F07_240529_i-Lab検体20+50.csv,2_0068,0068,TAT6,47,20,1.7,99.2,9452.0
2,CSV_data_F07_240529_i-Lab検体20+50.csv,2_0068,0068,TAT6,47,20,1.7,108.0,9456.0
2,CSV_data_F07_240529_i-Lab検体20+50.csv,2_0068,0068,TAT6,47,20,1.7,117.2,9458.0
2,CSV_data_F07_240529_i-Lab検体20+50.csv,2_0068,0068,TAT6,47,20,1.7,126.0,9456.0
2,CSV_data_F07_240529_i-Lab検体20+50.csv,2_0068,0068,TAT6,47,20,1.7,135.2,9461.0
2,CSV_data_F07_240529_i-Lab検体20+50.csv,2_0068,0068,TAT6,47,20,1.7,144.0,9464.0
2,CSV_data_F07_240529_i-Lab検体20+50.csv,2_0068,0068,TAT6,47,20,1.7,153.2,9464.0
2,CSV_data_F07_240529_i-Lab検体20+50.csv,2_0068,0068,TAT6,47,20,1.7,162.0,9469.0
2,CSV_data_F07_240529_i-Lab検体20+50.csv,2_0068,0068,TAT6,47,20,1.7,171.2,9473.0
2,CSV_data_F07_240529_i-Lab検体20+50.csv,2_0068,0068,TAT6,47,20,1.7,180.0,9476.0
2,CSV_data_F07_240529_i-Lab検体20+50.csv,2_0069,0069,TAT206,41,15,14.5,0.0,11337.0
2,CSV_data_F07_240529_i-Lab検体20+50.csv,2_0069,0069,TAT206,41,15,14.5,9.2,11340.0
2,CSV_data_F07_240529_i-Lab検体20+50.csv,2_0069,0069,TAT206,41,15,14.5,18.0,11357.0
2,CSV_data_F07_240529_i-Lab検体20+50.csv,2_0069,0069,TAT206,41,15,14.5,27.2,11368.0
2,CSV_data_F07_240529_i-Lab検体20+50.csv,2_0069,0069,TAT206,41,15,14.5,36.0,11390.0
2,CSV_data_F07_240529_i-Lab検体20+50.csv,2_0069,0069,TAT206,41,15,14.5,45.2,11405.0
2,CSV_data_F07_240529_i-Lab検体20+50.csv,2_0069,0069,TAT206,41,15,14.5,54.0,11425.0
2,CSV_data_F07_240529_i-Lab検体20+50.csv,2_0069,0069,TAT206,41,15,14.5,63.2,11452.0
2,CSV_data_F07_240529_i-Lab検体20+50.csv,2_0069,0069,TAT206,41,15,14.5,72.0,11466.0
2,CSV_data_F07_240529_i-Lab検体20+50.csv,2_0069,0069,TAT206,41,15,14.5,81.2,11485.0
2,CSV_data_F07_240529_i-Lab検体20+50.csv,2_0069,0069,TAT206,41,15,14.5,90.0,11508.0
2,CSV_data_F07_240529_i-Lab検体20+50.csv,2_0069,0069,TAT206,41,15,14.5,99.2,11526.0
2,CSV_data_F07_240529_i-Lab検体20+50.csv,2_0069,0069,TAT206,41,15,14.5,108.0,11545.0
2,CSV_data_F07_240529_i-Lab検体20+50.csv,2_0069,0069,TAT206,41,15,14.5,117.2,11572.0
2,CSV_data_F07_240529_i-Lab検体20+50.csv,2_0069,0069,TAT206,41,15,14.5,126.0,11596.0
2,CSV_data_F07_240529_i-Lab検体20+50.csv,2_0069,0069,TAT206,41,15,14.5,135.2,11618.0
2,CSV_data_F07_240529_i-Lab検体20+50.csv,2_0069,0069,TAT206,41,15,14.5,144.0,11639.0
2,CSV_data_F07_240529_i-Lab検体20+50.csv,2_0069,0069,TAT206,41,15,14.5,153.2,11664.0
2,CSV_data_F07_240529_i-Lab検体20+50.csv,2_0069,0069,TAT206,41,15,14.5,162.0,11674.0
2,CSV_data_F07_240529_i-Lab検体20+50.csv,2_0069,0069,TAT206,41,15,14.5,171.2,11703.0
2,CSV_data_F07_240529_i-Lab検体20+50.csv,2_0069,0069,TAT206,41,15,14.5,180.0,11724.0
2,CSV_data_F07_240529_i-Lab検体20+50.csv,2_0069,0069,TAT1,42,16,16.5,0.0,11151.0
2,CSV_data_F07_240529_i-Lab検体20+50.csv,2_0069,0069,TAT1,42,16,16.5,9.2,11160.0
2,CSV_data_F07_240529_i-Lab検体20+50.csv,2_0069,0069,TAT1,42,16,16.5,18.0,11179.0
2,CSV_data_F07_240529_i-Lab検体20+50.csv,2_0069,0069,TAT1,42,16,16.5,27.2,11200.0
2,CSV_data_F07_240529_i-Lab検体20+50.csv,2_0069,0069,TAT1,42,16,16.5,36.0,11216.0
2,CSV_data_F07_240529_i-Lab検体20+50.csv,2_0069,0069,TAT1,42,16,16.5,45.2,11242.0
2,CSV_data_F07_240529_i-Lab検体20+50.csv,2_0069,0069,TAT1,42,16,16.5,54.0,11268.0
2,CSV_data_F07_240529_i-Lab検体20+50.csv,2_0069,0069,TAT1,42,16,16.5,63.2,11288.0
2,CSV_data_F07_240529_i-Lab検体20+50.csv,2_0069,0069,TAT1,42,16,16.5,72.0,11311.0
2,CSV_data_F07_240529_i-Lab検体20+50.csv,2_0069,0069,TAT1,42,16,16.5,81.2,11336.0
2,CSV_data_F07_240529_i-Lab検体20+50.csv,2_0069,0069,TAT1,42,16,16.5,90.0,11361.0
2,CSV_data_F07_240529_i-Lab検体20+50.csv,2_0069,0069,TAT1,42,16,16.5,99.2,11387.0
2,CSV_data_F07_240529_i-Lab検体20+50.csv,2_0069,0069,TAT1,42,16,16.5,108.0,11404.0
2,CSV_data_F07_240529_i-Lab検体20+50.csv,2_0069,0069,TAT1,42,16,16.5,117.2,11434.0
2,CSV_data_F07_240529_i-Lab検体20+50.csv,2_0069,0069,TAT1,42,16,16.5,126.0,11454.0
2,CSV_data_F07_240529_i-Lab検体20+50.csv,2_0069,0069,TAT1,42,16,16.5,135.2,11481.0
2,CSV_data_F07_240529_i-Lab検体20+50.csv,2_0069,0069,TAT1,42,16,16.5,144.0,11508.0
2,CSV_data_F07_240529_i-Lab検体20+50.csv,2_0069,0069,TAT1,42,16,16.5,153.2,11531.0
2,CSV_data_F07_240529_i-Lab検体20+50.csv,2_0069,0069,TAT1,42,16,16.5,162.0,11550.0
2,CSV_data_F07_240529_i-Lab検体20+50.csv,2_0069,0069,TAT1,42,16,16.5,171.2,11583.0
2,CSV_data_F07_240529_i-Lab検体20+50.csv,2_0069,0069,TAT1,42,16,16.5,180.0,11604.0
2,CSV_data_F07_240529_i-Lab検体20+50.csv,2_0069,0069,TAT3,44,17,11.0,0.0,11082.0
2,CSV_data_F07_240529_i-Lab検体20+50.csv,2_0069,0069,TAT3,44,17,11.0,9.2,11075.0
2,CSV_data_F07_240529_i-Lab検体20+50.csv,2_0069,0069,TAT3,44,17,11.0,18.0,11087.0
2,CSV_data_F07_240529_i-Lab検体20+50.csv,2_0069,0069,TAT3,44,17,11.0,27.2,11097.0
2,CSV_data_F07_240529_i-Lab検体20+50.csv,2_0069,0069,TAT3,44,17,11.0,36.0,11106.0
2,CSV_data_F07_240529_i-Lab検体20+50.csv,2_0069,0069,TAT3,44,17,11.0,45.2,11120.0
2,CSV_data_F07_240529_i-Lab検体20+50.csv,2_0069,0069,TAT3,44,17,11.0,54.0,11140.0
2,CSV_data_F07_240529_i-Lab検体20+50.csv,2_0069,0069,TAT3,44,17,11.0,63.2,11154.0
2,CSV_data_F07_240529_i-Lab検体20+50.csv,2_0069,0069,TAT3,44,17,11.0,72.0,11167.0
2,CSV_data_F07_240529_i-Lab検体20+50.csv,2_0069,0069,TAT3,44,17,11.0,81.2,11181.0
2,CSV_data_F07_240529_i-Lab検体20+50.csv,2_0069,0069,TAT3,44,17,11.0,90.0,11203.0
2,CSV_data_F07_240529_i-Lab検体20+50.csv,2_0069,0069,TAT3,44,17,11.0,99.2,11213.0
2,CSV_data_F07_240529_i-Lab検体20+50.csv,2_0069,0069,TAT3,44,17,11.0,108.0,11232.0
2,CSV_data_F07_240529_i-Lab検体20+50.csv,2_0069,0069,TAT3,44,17,11.0,117.2,11249.0
2,CSV_data_F07_240529_i-Lab検体20+50.csv,2_0069,0069,TAT3,44,17,11.0,126.0,11266.0
2,CSV_data_F07_240529_i-Lab検体20+50.csv,2_0069,0069,TAT3,44,17,11.0,135.2,11280.0
2,CSV_data_F07_240529_i-Lab検体20+50.csv,2_0069,0069,TAT3,44,17,11.0,144.0,11302.0
2,CSV_data_F07_240529_i-Lab検体20+50.csv,2_0069,0069,TAT3,44,17,11.0,153.2,11317.0
2,CSV_data_F07_240529_i-Lab検体20+50.csv,2_0069,0069,TAT3,44,17,11.0,162.0,11328.0
2,CSV_data_F07_240529_i-Lab検体20+50.csv,2_0069,0069,TAT3,44,17,11.0,171.2,11346.0
2,CSV_data_F07_240529_i-Lab検体20+50.csv,2_0069,0069,TAT3,44,17,11.0,180.0,11358.0
2,CSV_data_F07_240529_i-Lab検体20+50.csv,2_0069,0069,TAT5,46,18,5.3,0.0,7195.0
2,CSV_data_F07_240529_i-Lab検体20+50.csv,2_0069,0069,TAT5,46,18,5.3,9.2,7197.0
2,CSV_data_F07_240529_i-Lab検体20+50.csv,2_0069,0069,TAT5,46,18,5.3,18.0,7210.0
2,CSV_data_F07_240529_i-Lab検体20+50.csv,2_0069,0069,TAT5,46,18,5.3,27.2,7214.0
2,CSV_data_F07_240529_i-Lab検体20+50.csv,2_0069,0069,TAT5,46,18,5.3,36.0,7223.0
2,CSV_data_F07_240529_i-Lab検体20+50.csv,2_0069,0069,TAT5,46,18,5.3,45.2,7241.0
2,CSV_data_F07_240529_i-Lab検体20+50.csv,2_0069,0069,TAT5,46,18,5.3,54.0,7242.0
2,CSV_data_F07_240529_i-Lab検体20+50.csv,2_0069,0069,TAT5,46,18,5.3,63.2,7254.0
2,CSV_data_F07_240529_i-Lab検体20+50.csv,2_0069,0069,TAT5,46,18,5.3,72.0,7256.0
2,CSV_data_F07_240529_i-Lab検体20+50.csv,2_0069,0069,TAT5,46,18,5.3,81.2,7273.0
2,CSV_data_F07_240529_i-Lab検体20+50.csv,2_0069,0069,TAT5,46,18,5.3,90.0,7284.0
2,CSV_data_F07_240529_i-Lab検体20+50.csv,2_0069,0069,TAT5,46,18,5.3,99.2,7291.0
2,CSV_data_F07_240529_i-Lab検体20+50.csv,2_0069,0069,TAT5,46,18,5.3,108.0,7296.0
2,CSV_data_F07_240529_i-Lab検体20+50.csv,2_0069,0069,TAT5,46,18,5.3,117.2,7313.0
2,CSV_data_F07_240529_i-Lab検体20+50.csv,2_0069,0069,TAT5,46,18,5.3,126.0,7314.0
2,CSV_data_F07_240529_i-Lab検体20+50.csv,2_0069,0069,TAT5,46,18,5.3,135.2,7323.0
2,CSV_data_F07_240529_i-Lab検体20+50.csv,2_0069,0069,TAT5,46,18,5.3,144.0,7337.0
2,CSV_data_F07_240529_i-Lab検体20+50.csv,2_0069,0069,TAT5,46,18,5.3,153.2,7345.0
2,CSV_data_F07_240529_i-Lab検体20+50.csv,2_0069,0069,TAT5,46,18,5.3,162.0,7349.0
2,CSV_data_F07_240529_i-Lab検体20+50.csv,2_0069,0069,TAT5,46,18,5.3,171.2,7352.0
2,CSV_data_F07_240529_i-Lab検体20+50.csv,2_0069,0069,TAT5,46,18,5.3,180.0,7360.0
2,CSV_data_F07_240529_i-Lab検体20+50.csv,2_0069,0069,TAT6,47,19,1.7,0.0,9346.0
2,CSV_data_F07_240529_i-Lab検体20+50.csv,2_0069,0069,TAT6,47,19,1.7,9.2,9330.0
2,CSV_data_F07_240529_i-Lab検体20+50.csv,2_0069,0069,TAT6,47,19,1.7,18.0,9324.0
2,CSV_data_F07_240529_i-Lab検体20+50.csv,2_0069,0069,TAT6,47,19,1.7,27.2,9323.0
2,CSV_data_F07_240529_i-Lab検体20+50.csv,2_0069,0069,TAT6,47,19,1.7,36.0,9331.0
2,CSV_data_F07_240529_i-Lab検体20+50.csv,2_0069,0069,TAT6,47,19,1.7,45.2,9329.0
2,CSV_data_F07_240529_i-Lab検体20+50.csv,2_0069,0069,TAT6,47,19,1.7,54.0,9339.0
2,CSV_data_F07_240529_i-Lab検体20+50.csv,2_0069,0069,TAT6,47,19,1.7,63.2,9339.0
2,CSV_data_F07_240529_i-Lab検体20+50.csv,2_0069,0069,TAT6,47,19,1.7,72.0,9337.0
2,CSV_data_F07_240529_i-Lab検体20+50.csv,2_0069,0069,TAT6,47,19,1.7,81.2,9341.0
2,CSV_data_F07_240529_i-Lab検体20+50.csv,2_0069,0069,TAT6,47,19,1.7,90.0,9348.0
2,CSV_data_F07_240529_i-Lab検体20+50.csv,2_0069,0069,TAT6,47,19,1.7,99.2,9350.0
2,CSV_data_F07_240529_i-Lab検体20+50.csv,2_0069,0069,TAT6,47,19,1.7,108.0,9349.0
2,CSV_data_F07_240529_i-Lab検体20+50.csv,2_0069,0069,TAT6,47,19,1.7,117.2,9356.0
2,CSV_data_F07_240529_i-Lab検体20+50.csv,2_0069,0069,TAT6,47,19,1.7,126.0,9358.0
2,CSV_data_F07_240529_i-Lab検体20+50.csv,2_0069,0069,TAT6,47,19,1.7,135.2,9364.0
2,CSV_data_F07_240529_i-Lab検体20+50.csv,2_0069,0069,TAT6,47,19,1.7,144.0,9364.0
2,CSV_data_F07_240529_i-Lab検体20+50.csv,2_0069,0069,TAT6,47,19,1.7,153.2,9367.0
2,CSV_data_F07_240529_i-Lab検体20+50.csv,2_0069,0069,TAT6,47,19,1.7,162.0,9361.0
2,CSV_data_F07_240529_i-Lab検体20+50.csv,2_0069,0069,TAT6,47,19,1.7,171.2,9366.0
2,CSV_data_F07_240529_i-Lab検体20+50.csv,2_0069,0069,TAT6,47,19,1.7,180.0,9371.0
2,CSV_data_F07_240529_i-Lab検体20+50.csv,2_0070,0070,TAT206,41,20,7.6,0.0,10964.0
2,CSV_data_F07_240529_i-Lab検体20+50.csv,2_0070,0070,TAT206,41,20,7.6,9.2,10986.0
2,CSV_data_F07_240529_i-Lab検体20+50.csv,2_0070,0070,TAT206,41,20,7.6,18.0,10975.0
2,CSV_data_F07_240529_i-Lab検体20+50.csv,2_0070,0070,TAT206,41,20,7.6,27.2,10989.0
2,CSV_data_F07_240529_i-Lab検体20+50.csv,2_0070,0070,TAT206,41,20,7.6,36.0,10965.0
2,CSV_data_F07_240529_i-Lab検体20+50.csv,2_0070,0070,TAT206,41,20,7.6,45.2,10999.0
2,CSV_data_F07_240529_i-Lab検体20+50.csv,2_0070,0070,TAT206,41,20,7.6,54.0,11008.0
2,CSV_data_F07_240529_i-Lab検体20+50.csv,2_0070,0070,TAT206,41,20,7.6,63.2,11019.0
2,CSV_data_F07_240529_i-Lab検体20+50.csv,2_0070,0070,TAT206,41,20,7.6,72.0,11030.0
2,CSV_data_F07_240529_i-Lab検体20+50.csv,2_0070,0070,TAT206,41,20,7.6,81.2,11039.0
2,CSV_data_F07_240529_i-Lab検体20+50.csv,2_0070,0070,TAT206,41,20,7.6,90.0,11053.0
2,CSV_data_F07_240529_i-Lab検体20+50.csv,2_0070,0070,TAT206,41,20,7.6,99.2,11059.0
2,CSV_data_F07_240529_i-Lab検体20+50.csv,2_0070,0070,TAT206,41,20,7.6,108.0,11066.0
2,CSV_data_F07_240529_i-Lab検体20+50.csv,2_0070,0070,TAT206,41,20,7.6,117.2,11079.0
2,CSV_data_F07_240529_i-Lab検体20+50.csv,2_0070,0070,TAT206,41,20,7.6,126.0,11096.0
2,CSV_data_F07_240529_i-Lab検体20+50.csv,2_0070,0070,TAT206,41,20,7.6,135.2,11105.0
2,CSV_data_F07_240529_i-Lab検体20+50.csv,2_0070,0070,TAT206,41,20,7.6,144.0,11121.0
2,CSV_data_F07_240529_i-Lab検体20+50.csv,2_0070,0070,TAT206,41,20,7.6,153.2,11127.0
2,CSV_data_F07_240529_i-Lab検体20+50.csv,2_0070,0070,TAT206,41,20,7.6,162.0,11138.0
2,CSV_data_F07_240529_i-Lab検体20+50.csv,2_0070,0070,TAT206,41,20,7.6,171.2,11153.0
2,CSV_data_F07_240529_i-Lab検体20+50.csv,2_0070,0070,TAT206,41,20,7.6,180.0,11165.0
2,CSV_data_F07_240529_i-Lab検体20+50.csv,2_0070,0070,TAT1,42,15,9.3,0.0,10814.0
2,CSV_data_F07_240529_i-Lab検体20+50.csv,2_0070,0070,TAT1,42,15,9.3,9.2,10817.0
2,CSV_data_F07_240529_i-Lab検体20+50.csv,2_0070,0070,TAT1,42,15,9.3,18.0,10818.0
2,CSV_data_F07_240529_i-Lab検体20+50.csv,2_0070,0070,TAT1,42,15,9.3,27.2,10829.0
2,CSV_data_F07_240529_i-Lab検体20+50.csv,2_0070,0070,TAT1,42,15,9.3,36.0,10834.0
2,CSV_data_F07_240529_i-Lab検体20+50.csv,2_0070,0070,TAT1,42,15,9.3,45.2,10848.0
2,CSV_data_F07_240529_i-Lab検体20+50.csv,2_0070,0070,TAT1,42,15,9.3,54.0,10862.0
2,CSV_data_F07_240529_i-Lab検体20+50.csv,2_0070,0070,TAT1,42,15,9.3,63.2,10872.0
2,CSV_data_F07_240529_i-Lab検体20+50.csv,2_0070,0070,TAT1,42,15,9.3,72.0,10893.0
2,CSV_data_F07_240529_i-Lab検体20+50.csv,2_0070,0070,TAT1,42,15,9.3,81.2,10897.0
2,CSV_data_F07_240529_i-Lab検体20+50.csv,2_0070,0070,TAT1,42,15,9.3,90.0,10905.0
2,CSV_data_F07_240529_i-Lab検体20+50.csv,2_0070,0070,TAT1,42,15,9.3,99.2,10925.0
2,CSV_data_F07_240529_i-Lab検体20+50.csv,2_0070,0070,TAT1,42,15,9.3,108.0,10940.0
2,CSV_data_F07_240529_i-Lab検体20+50.csv,2_0070,0070,TAT1,42,15,9.3,117.2,10955.0
2,CSV_data_F07_240529_i-Lab検体20+50.csv,2_0070,0070,TAT1,42,15,9.3,126.0,10964.0
2,CSV_data_F07_240529_i-Lab検体20+50.csv,2_0070,0070,TAT1,42,15,9.3,135.2,10977.0
2,CSV_data_F07_240529_i-Lab検体20+50.csv,2_0070,0070,TAT1,42,15,9.3,144.0,10990.0
2,CSV_data_F07_240529_i-Lab検体20+50.csv,2_0070,0070,TAT1,42,15,9.3,153.2,11007.0
2,CSV_data_F07_240529_i-Lab検体20+50.csv,2_0070,0070,TAT1,42,15,9.3,162.0,11020.0
2,CSV_data_F07_240529_i-Lab検体20+50.csv,2_0070,0070,TAT1,42,15,9.3,171.2,11036.0
2,CSV_data_F07_240529_i-Lab検体20+50.csv,2_0070,0070,TAT1,42,15,9.3,180.0,11053.0
2,CSV_data_F07_240529_i-Lab検体20+50.csv,2_0070,0070,TAT3,44,16,5.9,0.0,10593.0
2,CSV_data_F07_240529_i-Lab検体20+50.csv,2_0070,0070,TAT3,44,16,5.9,9.2,10597.0
2,CSV_data_F07_240529_i-Lab検体20+50.csv,2_0070,0070,TAT3,44,16,5.9,18.0,10601.0
2,CSV_data_F07_240529_i-Lab検体20+50.csv,2_0070,0070,TAT3,44,16,5.9,27.2,10603.0
2,CSV_data_F07_240529_i-Lab検体20+50.csv,2_0070,0070,TAT3,44,16,5.9,36.0,10608.0
2,CSV_data_F07_240529_i-Lab検体20+50.csv,2_0070,0070,TAT3,44,16,5.9,45.2,10615.0
2,CSV_data_F07_240529_i-Lab検体20+50.csv,2_0070,0070,TAT3,44,16,5.9,54.0,10625.0
2,CSV_data_F07_240529_i-Lab検体20+50.csv,2_0070,0070,TAT3,44,16,5.9,63.2,10631.0
2,CSV_data_F07_240529_i-Lab検体20+50.csv,2_0070,0070,TAT3,44,16,5.9,72.0,10641.0
2,CSV_data_F07_240529_i-Lab検体20+50.csv,2_0070,0070,TAT3,44,16,5.9,81.2,10648.0
2,CSV_data_F07_240529_i-Lab検体20+50.csv,2_0070,0070,TAT3,44,16,5.9,90.0,10654.0
2,CSV_data_F07_240529_i-Lab検体20+50.csv,2_0070,0070,TAT3,44,16,5.9,99.2,10666.0
2,CSV_data_F07_240529_i-Lab検体20+50.csv,2_0070,0070,TAT3,44,16,5.9,108.0,10676.0
2,CSV_data_F07_240529_i-Lab検体20+50.csv,2_0070,0070,TAT3,44,16,5.9,117.2,10682.0
2,CSV_data_F07_240529_i-Lab検体20+50.csv,2_0070,0070,TAT3,44,16,5.9,126.0,10688.0
2,CSV_data_F07_240529_i-Lab検体20+50.csv,2_0070,0070,TAT3,44,16,5.9,135.2,10702.0
2,CSV_data_F07_240529_i-Lab検体20+50.csv,2_0070,0070,TAT3,44,16,5.9,144.0,10704.0
2,CSV_data_F07_240529_i-Lab検体20+50.csv,2_0070,0070,TAT3,44,16,5.9,153.2,10715.0
2,CSV_data_F07_240529_i-Lab検体20+50.csv,2_0070,0070,TAT3,44,16,5.9,162.0,10725.0
2,CSV_data_F07_240529_i-Lab検体20+50.csv,2_0070,0070,TAT3,44,16,5.9,171.2,10736.0
2,CSV_data_F07_240529_i-Lab検体20+50.csv,2_0070,0070,TAT3,44,16,5.9,180.0,10746.0
2,CSV_data_F07_240529_i-Lab検体20+50.csv,2_0070,0070,TAT5,46,17,2.1,0.0,6589.0
2,CSV_data_F07_240529_i-Lab検体20+50.csv,2_0070,0070,TAT5,46,17,2.1,9.2,6572.0
2,CSV_data_F07_240529_i-Lab検体20+50.csv,2_0070,0070,TAT5,46,17,2.1,18.0,6576.0
2,CSV_data_F07_240529_i-Lab検体20+50.csv,2_0070,0070,TAT5,46,17,2.1,27.2,6577.0
2,CSV_data_F07_240529_i-Lab検体20+50.csv,2_0070,0070,TAT5,46,17,2.1,36.0,6579.0
2,CSV_data_F07_240529_i-Lab検体20+50.csv,2_0070,0070,TAT5,46,17,2.1,45.2,6579.0
2,CSV_data_F07_240529_i-Lab検体20+50.csv,2_0070,0070,TAT5,46,17,2.1,54.0,6580.0
2,CSV_data_F07_240529_i-Lab検体20+50.csv,2_0070,0070,TAT5,46,17,2.1,63.2,6583.0
2,CSV_data_F07_240529_i-Lab検体20+50.csv,2_0070,0070,TAT5,46,17,2.1,72.0,6588.0
2,CSV_data_F07_240529_i-Lab検体20+50.csv,2_0070,0070,TAT5,46,17,2.1,81.2,6594.0
2,CSV_data_F07_240529_i-Lab検体20+50.csv,2_0070,0070,TAT5,46,17,2.1,90.0,6594.0
2,CSV_data_F07_240529_i-Lab検体20+50.csv,2_0070,0070,TAT5,46,17,2.1,99.2,6595.0
2,CSV_data_F07_240529_i-Lab検体20+50.csv,2_0070,0070,TAT5,46,17,2.1,108.0,6598.0
2,CSV_data_F07_240529_i-Lab検体20+50.csv,2_0070,0070,TAT5,46,17,2.1,117.2,6603.0
2,CSV_data_F07_240529_i-Lab検体20+50.csv,2_0070,0070,TAT5,46,17,2.1,126.0,6607.0
2,CSV_data_F07_240529_i-Lab検体20+50.csv,2_0070,0070,TAT5,46,17,2.1,135.2,6613.0
2,CSV_data_F07_240529_i-Lab検体20+50.csv,2_0070,0070,TAT5,46,17,2.1,144.0,6612.0
2,CSV_data_F07_240529_i-Lab検体20+50.csv,2_0070,0070,TAT5,46,17,2.1,153.2,6616.0
2,CSV_data_F07_240529_i-Lab検体20+50.csv,2_0070,0070,TAT5,46,17,2.1,162.0,6623.0
2,CSV_data_F07_240529_i-Lab検体20+50.csv,2_0070,0070,TAT5,46,17,2.1,171.2,6626.0
2,CSV_data_F07_240529_i-Lab検体20+50.csv,2_0070,0070,TAT5,46,17,2.1,180.0,6628.0
2,CSV_data_F07_240529_i-Lab検体20+50.csv,2_0070,0070,TAT6,47,18,-1.1,0.0,8710.0
2,CSV_data_F07_240529_i-Lab検体20+50.csv,2_0070,0070,TAT6,47,18,-1.1,9.2,8706.0
2,CSV_data_F07_240529_i-Lab検体20+50.csv,2_0070,0070,TAT6,47,18,-1.1,18.0,8706.0
2,CSV_data_F07_240529_i-Lab検体20+50.csv,2_0070,0070,TAT6,47,18,-1.1,27.2,8702.0
2,CSV_data_F07_240529_i-Lab検体20+50.csv,2_0070,0070,TAT6,47,18,-1.1,36.0,8700.0
2,CSV_data_F07_240529_i-Lab検体20+50.csv,2_0070,0070,TAT6,47,18,-1.1,45.2,8700.0
2,CSV_data_F07_240529_i-Lab検体20+50.csv,2_0070,0070,TAT6,47,18,-1.1,54.0,8700.0
2,CSV_data_F07_240529_i-Lab検体20+50.csv,2_0070,0070,TAT6,47,18,-1.1,63.2,8697.0
2,CSV_data_F07_240529_i-Lab検体20+50.csv,2_0070,0070,TAT6,47,18,-1.1,72.0,8701.0
2,CSV_data_F07_240529_i-Lab検体20+50.csv,2_0070,0070,TAT6,47,18,-1.1,81.2,8701.0
2,CSV_data_F07_240529_i-Lab検体20+50.csv,2_0070,0070,TAT6,47,18,-1.1,90.0,8701.0
2,CSV_data_F07_240529_i-Lab検体20+50.csv,2_0070,0070,TAT6,47,18,-1.1,99.2,8693.0
2,CSV_data_F07_240529_i-Lab検体20+50.csv,2_0070,0070,TAT6,47,18,-1.1,108.0,8697.0
2,CSV_data_F07_240529_i-Lab検体20+50.csv,2_0070,0070,TAT6,47,18,-1.1,117.2,8693.0
2,CSV_data_F07_240529_i-Lab検体20+50.csv,2_0070,0070,TAT6,47,18,-1.1,126.0,8692.0
2,CSV_data_F07_240529_i-Lab検体20+50.csv,2_0070,0070,TAT6,47,18,-1.1,135.2,8690.0
2,CSV_data_F07_240529_i-Lab検体20+50.csv,2_0070,0070,TAT6,47,18,-1.1,144.0,8690.0
2,CSV_data_F07_240529_i-Lab検体20+50.csv,2_0070,0070,TAT6,47,18,-1.1,153.2,8689.0
2,CSV_data_F07_240529_i-Lab検体20+50.csv,2_0070,0070,TAT6,47,18,-1.1,162.0,8695.0
2,CSV_data_F07_240529_i-Lab検体20+50.csv,2_0070,0070,TAT6,47,18,-1.1,171.2,8684.0
2,CSV_data_F07_240529_i-Lab検体20+50.csv,2_0070,0070,TAT6,47,18,-1.1,180.0,8694.0
2,CSV_data_F07_240529_i-Lab検体20+50.csv,2_0071,0071,TAT206,41,19,7.7,0.0,10935.0
2,CSV_data_F07_240529_i-Lab検体20+50.csv,2_0071,0071,TAT206,41,19,7.7,9.2,10949.0
2,CSV_data_F07_240529_i-Lab検体20+50.csv,2_0071,0071,TAT206,41,19,7.7,18.0,10942.0
2,CSV_data_F07_240529_i-Lab検体20+50.csv,2_0071,0071,TAT206,41,19,7.7,27.2,10958.0
2,CSV_data_F07_240529_i-Lab検体20+50.csv,2_0071,0071,TAT206,41,19,7.7,36.0,10957.0
2,CSV_data_F07_240529_i-Lab検体20+50.csv,2_0071,0071,TAT206,41,19,7.7,45.2,10968.0
2,CSV_data_F07_240529_i-Lab検体20+50.csv,2_0071,0071,TAT206,41,19,7.7,54.0,10976.0
2,CSV_data_F07_240529_i-Lab検体20+50.csv,2_0071,0071,TAT206,41,19,7.7,63.2,10987.0
2,CSV_data_F07_240529_i-Lab検体20+50.csv,2_0071,0071,TAT206,41,19,7.7,72.0,10993.0
2,CSV_data_F07_240529_i-Lab検体20+50.csv,2_0071,0071,TAT206,41,19,7.7,81.2,11006.0
2,CSV_data_F07_240529_i-Lab検体20+50.csv,2_0071,0071,TAT206,41,19,7.7,90.0,11014.0
2,CSV_data_F07_240529_i-Lab検体20+50.csv,2_0071,0071,TAT206,41,19,7.7,99.2,11028.0
2,CSV_data_F07_240529_i-Lab検体20+50.csv,2_0071,0071,TAT206,41,19,7.7,108.0,11038.0
2,CSV_data_F07_240529_i-Lab検体20+50.csv,2_0071,0071,TAT206,41,19,7.7,117.2,11049.0
2,CSV_data_F07_240529_i-Lab検体20+50.csv,2_0071,0071,TAT206,41,19,7.7,126.0,11063.0
2,CSV_data_F07_240529_i-Lab検体20+50.csv,2_0071,0071,TAT206,41,19,7.7,135.2,11072.0
2,CSV_data_F07_240529_i-Lab検体20+50.csv,2_0071,0071,TAT206,41,19,7.7,144.0,11088.0
2,CSV_data_F07_240529_i-Lab検体20+50.csv,2_0071,0071,TAT206,41,19,7.7,153.2,11099.0
2,CSV_data_F07_240529_i-Lab検体20+50.csv,2_0071,0071,TAT206,41,19,7.7,162.0,11112.0
2,CSV_data_F07_240529_i-Lab検体20+50.csv,2_0071,0071,TAT206,41,19,7.7,171.2,11122.0
2,CSV_data_F07_240529_i-Lab検体20+50.csv,2_0071,0071,TAT206,41,19,7.7,180.0,11141.0
2,CSV_data_F07_240529_i-Lab検体20+50.csv,2_0071,0071,TAT1,42,20,9.3,0.0,10935.0
2,CSV_data_F07_240529_i-Lab検体20+50.csv,2_0071,0071,TAT1,42,20,9.3,9.2,10933.0
2,CSV_data_F07_240529_i-Lab検体20+50.csv,2_0071,0071,TAT1,42,20,9.3,18.0,10940.0
2,CSV_data_F07_240529_i-Lab検体20+50.csv,2_0071,0071,TAT1,42,20,9.3,27.2,10950.0
2,CSV_data_F07_240529_i-Lab検体20+50.csv,2_0071,0071,TAT1,42,20,9.3,36.0,10955.0
2,CSV_data_F07_240529_i-Lab検体20+50.csv,2_0071,0071,TAT1,42,20,9.3,45.2,10962.0
2,CSV_data_F07_240529_i-Lab検体20+50.csv,2_0071,0071,TAT1,42,20,9.3,54.0,10976.0
2,CSV_data_F07_240529_i-Lab検体20+50.csv,2_0071,0071,TAT1,42,20,9.3,63.2,10986.0
2,CSV_data_F07_240529_i-Lab検体20+50.csv,2_0071,0071,TAT1,42,20,9.3,72.0,11003.0
2,CSV_data_F07_240529_i-Lab検体20+50.csv,2_0071,0071,TAT1,42,20,9.3,81.2,11015.0
2,CSV_data_F07_240529_i-Lab検体20+50.csv,2_0071,0071,TAT1,42,20,9.3,90.0,11034.0
2,CSV_data_F07_240529_i-Lab検体20+50.csv,2_0071,0071,TAT1,42,20,9.3,99.2,11044.0
2,CSV_data_F07_240529_i-Lab検体20+50.csv,2_0071,0071,TAT1,42,20,9.3,108.0,11053.0
2,CSV_data_F07_240529_i-Lab検体20+50.csv,2_0071,0071,TAT1,42,20,9.3,117.2,11067.0
2,CSV_data_F07_240529_i-Lab検体20+50.csv,2_0071,0071,TAT1,42,20,9.3,126.0,11080.0
2,CSV_data_F07_240529_i-Lab検体20+50.csv,2_0071,0071,TAT1,42,20,9.3,135.2,11093.0
2,CSV_data_F07_240529_i-Lab検体20+50.csv,2_0071,0071,TAT1,42,20,9.3,144.0,11106.0
2,CSV_data_F07_240529_i-Lab検体20+50.csv,2_0071,0071,TAT1,42,20,9.3,153.2,11127.0
2,CSV_data_F07_240529_i-Lab検体20+50.csv,2_0071,0071,TAT1,42,20,9.3,162.0,11146.0
2,CSV_data_F07_240529_i-Lab検体20+50.csv,2_0071,0071,TAT1,42,20,9.3,171.2,11154.0
2,CSV_data_F07_240529_i-Lab検体20+50.csv,2_0071,0071,TAT1,42,20,9.3,180.0,11175.0
2,CSV_data_F07_240529_i-Lab検体20+50.csv,2_0071,0071,TAT3,44,15,6.1,0.0,10607.0
2,CSV_data_F07_240529_i-Lab検体20+50.csv,2_0071,0071,TAT3,44,15,6.1,9.2,10604.0
2,CSV_data_F07_240529_i-Lab検体20+50.csv,2_0071,0071,TAT3,44,15,6.1,18.0,10607.0
2,CSV_data_F07_240529_i-Lab検体20+50.csv,2_0071,0071,TAT3,44,15,6.1,27.2,10611.0
2,CSV_data_F07_240529_i-Lab検体20+50.csv,2_0071,0071,TAT3,44,15,6.1,36.0,10618.0
2,CSV_data_F07_240529_i-Lab検体20+50.csv,2_0071,0071,TAT3,44,15,6.1,45.2,10627.0
2,CSV_data_F07_240529_i-Lab検体20+50.csv,2_0071,0071,TAT3,44,15,6.1,54.0,10636.0
2,CSV_data_F07_240529_i-Lab検体20+50.csv,2_0071,0071,TAT3,44,15,6.1,63.2,10640.0
2,CSV_data_F07_240529_i-Lab検体20+50.csv,2_0071,0071,TAT3,44,15,6.1,72.0,10643.0
2,CSV_data_F07_240529_i-Lab検体20+50.csv,2_0071,0071,TAT3,44,15,6.1,81.2,10653.0
2,CSV_data_F07_240529_i-Lab検体20+50.csv,2_0071,0071,TAT3,44,15,6.1,90.0,10666.0
2,CSV_data_F07_240529_i-Lab検体20+50.csv,2_0071,0071,TAT3,44,15,6.1,99.2,10672.0
2,CSV_data_F07_240529_i-Lab検体20+50.csv,2_0071,0071,TAT3,44,15,6.1,108.0,10683.0
2,CSV_data_F07_240529_i-Lab検体20+50.csv,2_0071,0071,TAT3,44,15,6.1,117.2,10683.0
2,CSV_data_F07_240529_i-Lab検体20+50.csv,2_0071,0071,TAT3,44,15,6.1,126.0,10693.0
2,CSV_data_F07_240529_i-Lab検体20+50.csv,2_0071,0071,TAT3,44,15,6.1,135.2,10701.0
2,CSV_data_F07_240529_i-Lab検体20+50.csv,2_0071,0071,TAT3,44,15,6.1,144.0,10714.0
2,CSV_data_F07_240529_i-Lab検体20+50.csv,2_0071,0071,TAT3,44,15,6.1,153.2,10726.0
2,CSV_data_F07_240529_i-Lab検体20+50.csv,2_0071,0071,TAT3,44,15,6.1,162.0,10732.0
2,CSV_data_F07_240529_i-Lab検体20+50.csv,2_0071,0071,TAT3,44,15,6.1,171.2,10745.0
2,CSV_data_F07_240529_i-Lab検体20+50.csv,2_0071,0071,TAT3,44,15,6.1,180.0,10754.0
2,CSV_data_F07_240529_i-Lab検体20+50.csv,2_0071,0071,TAT5,46,16,2.3,0.0,6620.0
2,CSV_data_F07_240529_i-Lab検体20+50.csv,2_0071,0071,TAT5,46,16,2.3,9.2,6607.0
2,CSV_data_F07_240529_i-Lab検体20+50.csv,2_0071,0071,TAT5,46,16,2.3,18.0,6599.0
2,CSV_data_F07_240529_i-Lab検体20+50.csv,2_0071,0071,TAT5,46,16,2.3,27.2,6603.0
2,CSV_data_F07_240529_i-Lab検体20+50.csv,2_0071,0071,TAT5,46,16,2.3,36.0,6604.0
2,CSV_data_F07_240529_i-Lab検体20+50.csv,2_0071,0071,TAT5,46,16,2.3,45.2,6606.0
2,CSV_data_F07_240529_i-Lab検体20+50.csv,2_0071,0071,TAT5,46,16,2.3,54.0,6612.0
2,CSV_data_F07_240529_i-Lab検体20+50.csv,2_0071,0071,TAT5,46,16,2.3,63.2,6612.0
2,CSV_data_F07_240529_i-Lab検体20+50.csv,2_0071,0071,TAT5,46,16,2.3,72.0,6614.0
2,CSV_data_F07_240529_i-Lab検体20+50.csv,2_0071,0071,TAT5,46,16,2.3,81.2,6619.0
2,CSV_data_F07_240529_i-Lab検体20+50.csv,2_0071,0071,TAT5,46,16,2.3,90.0,6626.0
2,CSV_data_F07_240529_i-Lab検体20+50.csv,2_0071,0071,TAT5,46,16,2.3,99.2,6627.0
2,CSV_data_F07_240529_i-Lab検体20+50.csv,2_0071,0071,TAT5,46,16,2.3,108.0,6635.0
2,CSV_data_F07_240529_i-Lab検体20+50.csv,2_0071,0071,TAT5,46,16,2.3,117.2,6630.0
2,CSV_data_F07_240529_i-Lab検体20+50.csv,2_0071,0071,TAT5,46,16,2.3,126.0,6639.0
2,CSV_data_F07_240529_i-Lab検体20+50.csv,2_0071,0071,TAT5,46,16,2.3,135.2,6639.0
2,CSV_data_F07_240529_i-Lab検体20+50.csv,2_0071,0071,TAT5,46,16,2.3,144.0,6643.0
2,CSV_data_F07_240529_i-Lab検体20+50.csv,2_0071,0071,TAT5,46,16,2.3,153.2,6649.0
2,CSV_data_F07_240529_i-Lab検体20+50.csv,2_0071,0071,TAT5,46,16,2.3,162.0,6651.0
2,CSV_data_F07_240529_i-Lab検体20+50.csv,2_0071,0071,TAT5,46,16,2.3,171.2,6654.0
2,CSV_data_F07_240529_i-Lab検体20+50.csv,2_0071,0071,TAT5,46,16,2.3,180.0,6650.0
2,CSV_data_F07_240529_i-Lab検体20+50.csv,2_0071,0071,TAT6,47,17,-0.5,0.0,8569.0
2,CSV_data_F07_240529_i-Lab検体20+50.csv,2_0071,0071,TAT6,47,17,-0.5,9.2,8553.0
2,CSV_data_F07_240529_i-Lab検体20+50.csv,2_0071,0071,TAT6,47,17,-0.5,18.0,8553.0
2,CSV_data_F07_240529_i-Lab検体20+50.csv,2_0071,0071,TAT6,47,17,-0.5,27.2,8546.0
2,CSV_data_F07_240529_i-Lab検体20+50.csv,2_0071,0071,TAT6,47,17,-0.5,36.0,8537.0
2,CSV_data_F07_240529_i-Lab検体20+50.csv,2_0071,0071,TAT6,47,17,-0.5,45.2,8538.0
2,CSV_data_F07_240529_i-Lab検体20+50.csv,2_0071,0071,TAT6,47,17,-0.5,54.0,8537.0
2,CSV_data_F07_240529_i-Lab検体20+50.csv,2_0071,0071,TAT6,47,17,-0.5,63.2,8538.0
2,CSV_data_F07_240529_i-Lab検体20+50.csv,2_0071,0071,TAT6,47,17,-0.5,72.0,8543.0
2,CSV_data_F07_240529_i-Lab検体20+50.csv,2_0071,0071,TAT6,47,17,-0.5,81.2,8537.0
2,CSV_data_F07_240529_i-Lab検体20+50.csv,2_0071,0071,TAT6,47,17,-0.5,90.0,8537.0
2,CSV_data_F07_240529_i-Lab検体20+50.csv,2_0071,0071,TAT6,47,17,-0.5,99.2,8540.0
2,CSV_data_F07_240529_i-Lab検体20+50.csv,2_0071,0071,TAT6,47,17,-0.5,108.0,8537.0
2,CSV_data_F07_240529_i-Lab検体20+50.csv,2_0071,0071,TAT6,47,17,-0.5,117.2,8533.0
2,CSV_data_F07_240529_i-Lab検体20+50.csv,2_0071,0071,TAT6,47,17,-0.5,126.0,8530.0
2,CSV_data_F07_240529_i-Lab検体20+50.csv,2_0071,0071,TAT6,47,17,-0.5,135.2,8531.0
2,CSV_data_F07_240529_i-Lab検体20+50.csv,2_0071,0071,TAT6,47,17,-0.5,144.0,8533.0
2,CSV_data_F07_240529_i-Lab検体20+50.csv,2_0071,0071,TAT6,47,17,-0.5,153.2,8529.0
2,CSV_data_F07_240529_i-Lab検体20+50.csv,2_0071,0071,TAT6,47,17,-0.5,162.0,8531.0
2,CSV_data_F07_240529_i-Lab検体20+50.csv,2_0071,0071,TAT6,47,17,-0.5,171.2,8530.0
2,CSV_data_F07_240529_i-Lab検体20+50.csv,2_0071,0071,TAT6,47,17,-0.5,180.0,8528.0
2,CSV_data_F07_240529_i-Lab検体20+50.csv,2_0072,0072,TAT206,41,18,6.7,0.0,10946.0
2,CSV_data_F07_240529_i-Lab検体20+50.csv,2_0072,0072,TAT206,41,18,6.7,9.2,10952.0
2,CSV_data_F07_240529_i-Lab検体20+50.csv,2_0072,0072,TAT206,41,18,6.7,18.0,10957.0
2,CSV_data_F07_240529_i-Lab検体20+50.csv,2_0072,0072,TAT206,41,18,6.7,27.2,10967.0
2,CSV_data_F07_240529_i-Lab検体20+50.csv,2_0072,0072,TAT206,41,18,6.7,36.0,10976.0
2,CSV_data_F07_240529_i-Lab検体20+50.csv,2_0072,0072,TAT206,41,18,6.7,45.2,10992.0
2,CSV_data_F07_240529_i-Lab検体20+50.csv,2_0072,0072,TAT206,41,18,6.7,54.0,10995.0
2,CSV_data_F07_240529_i-Lab検体20+50.csv,2_0072,0072,TAT206,41,18,6.7,63.2,11006.0
2,CSV_data_F07_240529_i-Lab検体20+50.csv,2_0072,0072,TAT206,41,18,6.7,72.0,11018.0
2,CSV_data_F07_240529_i-Lab検体20+50.csv,2_0072,0072,TAT206,41,18,6.7,81.2,11036.0
2,CSV_data_F07_240529_i-Lab検体20+50.csv,2_0072,0072,TAT206,41,18,6.7,90.0,11041.0
2,CSV_data_F07_240529_i-Lab検体20+50.csv,2_0072,0072,TAT206,41,18,6.7,99.2,11056.0
2,CSV_data_F07_240529_i-Lab検体20+50.csv,2_0072,0072,TAT206,41,18,6.7,108.0,11055.0
2,CSV_data_F07_240529_i-Lab検体20+50.csv,2_0072,0072,TAT206,41,18,6.7,117.2,11078.0
2,CSV_data_F07_240529_i-Lab検体20+50.csv,2_0072,0072,TAT206,41,18,6.7,126.0,11081.0
2,CSV_data_F07_240529_i-Lab検体20+50.csv,2_0072,0072,TAT206,41,18,6.7,135.2,11102.0
2,CSV_data_F07_240529_i-Lab検体20+50.csv,2_0072,0072,TAT206,41,18,6.7,144.0,11117.0
2,CSV_data_F07_240529_i-Lab検体20+50.csv,2_0072,0072,TAT206,41,18,6.7,153.2,11115.0
2,CSV_data_F07_240529_i-Lab検体20+50.csv,2_0072,0072,TAT206,41,18,6.7,162.0,11128.0
2,CSV_data_F07_240529_i-Lab検体20+50.csv,2_0072,0072,TAT206,41,18,6.7,171.2,11137.0
2,CSV_data_F07_240529_i-Lab検体20+50.csv,2_0072,0072,TAT206,41,18,6.7,180.0,11147.0
2,CSV_data_F07_240529_i-Lab検体20+50.csv,2_0072,0072,TAT1,42,19,9.1,0.0,11019.0
2,CSV_data_F07_240529_i-Lab検体20+50.csv,2_0072,0072,TAT1,42,19,9.1,9.2,11022.0
2,CSV_data_F07_240529_i-Lab検体20+50.csv,2_0072,0072,TAT1,42,19,9.1,18.0,11028.0
2,CSV_data_F07_240529_i-Lab検体20+50.csv,2_0072,0072,TAT1,42,19,9.1,27.2,11037.0
2,CSV_data_F07_240529_i-Lab検体20+50.csv,2_0072,0072,TAT1,42,19,9.1,36.0,11047.0
2,CSV_data_F07_240529_i-Lab検体20+50.csv,2_0072,0072,TAT1,42,19,9.1,45.2,11061.0
2,CSV_data_F07_240529_i-Lab検体20+50.csv,2_0072,0072,TAT1,42,19,9.1,54.0,11072.0
2,CSV_data_F07_240529_i-Lab検体20+50.csv,2_0072,0072,TAT1,42,19,9.1,63.2,11089.0
2,CSV_data_F07_240529_i-Lab検体20+50.csv,2_0072,0072,TAT1,42,19,9.1,72.0,11096.0
2,CSV_data_F07_240529_i-Lab検体20+50.csv,2_0072,0072,TAT1,42,19,9.1,81.2,11105.0
2,CSV_data_F07_240529_i-Lab検体20+50.csv,2_0072,0072,TAT1,42,19,9.1,90.0,11123.0
2,CSV_data_F07_240529_i-Lab検体20+50.csv,2_0072,0072,TAT1,42,19,9.1,99.2,11135.0
2,CSV_data_F07_240529_i-Lab検体20+50.csv,2_0072,0072,TAT1,42,19,9.1,108.0,11146.0
2,CSV_data_F07_240529_i-Lab検体20+50.csv,2_0072,0072,TAT1,42,19,9.1,117.2,11156.0
2,CSV_data_F07_240529_i-Lab検体20+50.csv,2_0072,0072,TAT1,42,19,9.1,126.0,11173.0
2,CSV_data_F07_240529_i-Lab検体20+50.csv,2_0072,0072,TAT1,42,19,9.1,135.2,11189.0
2,CSV_data_F07_240529_i-Lab検体20+50.csv,2_0072,0072,TAT1,42,19,9.1,144.0,11201.0
2,CSV_data_F07_240529_i-Lab検体20+50.csv,2_0072,0072,TAT1,42,19,9.1,153.2,11214.0
2,CSV_data_F07_240529_i-Lab検体20+50.csv,2_0072,0072,TAT1,42,19,9.1,162.0,11231.0
2,CSV_data_F07_240529_i-Lab検体20+50.csv,2_0072,0072,TAT1,42,19,9.1,171.2,11241.0
2,CSV_data_F07_240529_i-Lab検体20+50.csv,2_0072,0072,TAT1,42,19,9.1,180.0,11257.0
2,CSV_data_F07_240529_i-Lab検体20+50.csv,2_0072,0072,TAT3,44,20,6.3,0.0,10823.0
2,CSV_data_F07_240529_i-Lab検体20+50.csv,2_0072,0072,TAT3,44,20,6.3,9.2,10826.0
2,CSV_data_F07_240529_i-Lab検体20+50.csv,2_0072,0072,TAT3,44,20,6.3,18.0,10833.0
2,CSV_data_F07_240529_i-Lab検体20+50.csv,2_0072,0072,TAT3,44,20,6.3,27.2,10836.0
2,CSV_data_F07_240529_i-Lab検体20+50.csv,2_0072,0072,TAT3,44,20,6.3,36.0,10846.0
2,CSV_data_F07_240529_i-Lab検体20+50.csv,2_0072,0072,TAT3,44,20,6.3,45.2,10852.0
2,CSV_data_F07_240529_i-Lab検体20+50.csv,2_0072,0072,TAT3,44,20,6.3,54.0,10853.0
2,CSV_data_F07_240529_i-Lab検体20+50.csv,2_0072,0072,TAT3,44,20,6.3,63.2,10865.0
2,CSV_data_F07_240529_i-Lab検体20+50.csv,2_0072,0072,TAT3,44,20,6.3,72.0,10850.0
2,CSV_data_F07_240529_i-Lab検体20+50.csv,2_0072,0072,TAT3,44,20,6.3,81.2,10877.0
2,CSV_data_F07_240529_i-Lab検体20+50.csv,2_0072,0072,TAT3,44,20,6.3,90.0,10884.0
2,CSV_data_F07_240529_i-Lab検体20+50.csv,2_0072,0072,TAT3,44,20,6.3,99.2,10897.0
2,CSV_data_F07_240529_i-Lab検体20+50.csv,2_0072,0072,TAT3,44,20,6.3,108.0,10909.0
2,CSV_data_F07_240529_i-Lab検体20+50.csv,2_0072,0072,TAT3,44,20,6.3,117.2,10915.0
2,CSV_data_F07_240529_i-Lab検体20+50.csv,2_0072,0072,TAT3,44,20,6.3,126.0,10920.0
2,CSV_data_F07_240529_i-Lab検体20+50.csv,2_0072,0072,TAT3,44,20,6.3,135.2,10929.0
2,CSV_data_F07_240529_i-Lab検体20+50.csv,2_0072,0072,TAT3,44,20,6.3,144.0,10944.0
2,CSV_data_F07_240529_i-Lab検体20+50.csv,2_0072,0072,TAT3,44,20,6.3,153.2,10951.0
2,CSV_data_F07_240529_i-Lab検体20+50.csv,2_0072,0072,TAT3,44,20,6.3,162.0,10958.0
2,CSV_data_F07_240529_i-Lab検体20+50.csv,2_0072,0072,TAT3,44,20,6.3,171.2,10972.0
2,CSV_data_F07_240529_i-Lab検体20+50.csv,2_0072,0072,TAT3,44,20,6.3,180.0,10978.0
2,CSV_data_F07_240529_i-Lab検体20+50.csv,2_0072,0072,TAT5,46,15,3.7,0.0,6753.0
2,CSV_data_F07_240529_i-Lab検体20+50.csv,2_0072,0072,TAT5,46,15,3.7,9.2,6752.0
2,CSV_data_F07_240529_i-Lab検体20+50.csv,2_0072,0072,TAT5,46,15,3.7,18.0,6757.0
2,CSV_data_F07_240529_i-Lab検体20+50.csv,2_0072,0072,TAT5,46,15,3.7,27.2,6764.0
2,CSV_data_F07_240529_i-Lab検体20+50.csv,2_0072,0072,TAT5,46,15,3.7,36.0,6769.0
2,CSV_data_F07_240529_i-Lab検体20+50.csv,2_0072,0072,TAT5,46,15,3.7,45.2,6767.0
2,CSV_data_F07_240529_i-Lab検体20+50.csv,2_0072,0072,TAT5,46,15,3.7,54.0,6773.0
2,CSV_data_F07_240529_i-Lab検体20+50.csv,2_0072,0072,TAT5,46,15,3.7,63.2,6783.0
2,CSV_data_F07_240529_i-Lab検体20+50.csv,2_0072,0072,TAT5,46,15,3.7,72.0,6782.0
2,CSV_data_F07_240529_i-Lab検体20+50.csv,2_0072,0072,TAT5,46,15,3.7,81.2,6795.0
2,CSV_data_F07_240529_i-Lab検体20+50.csv,2_0072,0072,TAT5,46,15,3.7,90.0,6802.0
2,CSV_data_F07_240529_i-Lab検体20+50.csv,2_0072,0072,TAT5,46,15,3.7,99.2,6802.0
2,CSV_data_F07_240529_i-Lab検体20+50.csv,2_0072,0072,TAT5,46,15,3.7,108.0,6805.0
2,CSV_data_F07_240529_i-Lab検体20+50.csv,2_0072,0072,TAT5,46,15,3.7,117.2,6812.0
2,CSV_data_F07_240529_i-Lab検体20+50.csv,2_0072,0072,TAT5,46,15,3.7,126.0,6814.0
2,CSV_data_F07_240529_i-Lab検体20+50.csv,2_0072,0072,TAT5,46,15,3.7,135.2,6827.0
2,CSV_data_F07_240529_i-Lab検体20+50.csv,2_0072,0072,TAT5,46,15,3.7,144.0,6830.0
2,CSV_data_F07_240529_i-Lab検体20+50.csv,2_0072,0072,TAT5,46,15,3.7,153.2,6841.0
2,CSV_data_F07_240529_i-Lab検体20+50.csv,2_0072,0072,TAT5,46,15,3.7,162.0,6845.0
2,CSV_data_F07_240529_i-Lab検体20+50.csv,2_0072,0072,TAT5,46,15,3.7,171.2,6851.0
2,CSV_data_F07_240529_i-Lab検体20+50.csv,2_0072,0072,TAT5,46,15,3.7,180.0,6852.0
2,CSV_data_F07_240529_i-Lab検体20+50.csv,2_0072,0072,TAT6,47,16,0.1,0.0,8713.0
2,CSV_data_F07_240529_i-Lab検体20+50.csv,2_0072,0072,TAT6,47,16,0.1,9.2,8706.0
2,CSV_data_F07_240529_i-Lab検体20+50.csv,2_0072,0072,TAT6,47,16,0.1,18.0,8697.0
2,CSV_data_F07_240529_i-Lab検体20+50.csv,2_0072,0072,TAT6,47,16,0.1,27.2,8696.0
2,CSV_data_F07_240529_i-Lab検体20+50.csv,2_0072,0072,TAT6,47,16,0.1,36.0,8698.0
2,CSV_data_F07_240529_i-Lab検体20+50.csv,2_0072,0072,TAT6,47,16,0.1,45.2,8700.0
2,CSV_data_F07_240529_i-Lab検体20+50.csv,2_0072,0072,TAT6,47,16,0.1,54.0,8699.0
2,CSV_data_F07_240529_i-Lab検体20+50.csv,2_0072,0072,TAT6,47,16,0.1,63.2,8698.0
2,CSV_data_F07_240529_i-Lab検体20+50.csv,2_0072,0072,TAT6,47,16,0.1,72.0,8695.0
2,CSV_data_F07_240529_i-Lab検体20+50.csv,2_0072,0072,TAT6,47,16,0.1,81.2,8705.0
2,CSV_data_F07_240529_i-Lab検体20+50.csv,2_0072,0072,TAT6,47,16,0.1,90.0,8703.0
2,CSV_data_F07_240529_i-Lab検体20+50.csv,2_0072,0072,TAT6,47,16,0.1,99.2,8705.0
2,CSV_data_F07_240529_i-Lab検体20+50.csv,2_0072,0072,TAT6,47,16,0.1,108.0,8703.0
2,CSV_data_F07_240529_i-Lab検体20+50.csv,2_0072,0072,TAT6,47,16,0.1,117.2,8704.0
2,CSV_data_F07_240529_i-Lab検体20+50.csv,2_0072,0072,TAT6,47,16,0.1,126.0,8708.0
2,CSV_data_F07_240529_i-Lab検体20+50.csv,2_0072,0072,TAT6,47,16,0.1,135.2,8708.0
2,CSV_data_F07_240529_i-Lab検体20+50.csv,2_0072,0072,TAT6,47,16,0.1,144.0,8706.0
2,CSV_data_F07_240529_i-Lab検体20+50.csv,2_0072,0072,TAT6,47,16,0.1,153.2,8714.0
2,CSV_data_F07_240529_i-Lab検体20+50.csv,2_0072,0072,TAT6,47,16,0.1,162.0,8712.0
2,CSV_data_F07_240529_i-Lab検体20+50.csv,2_0072,0072,TAT6,47,16,0.1,171.2,8707.0
2,CSV_data_F07_240529_i-Lab検体20+50.csv,2_0072,0072,TAT6,47,16,0.1,180.0,8714.0
2,CSV_data_F07_240529_i-Lab検体20+50.csv,2_0073,0073,TAT206,41,17,15.3,0.0,10854.0
2,CSV_data_F07_240529_i-Lab検体20+50.csv,2_0073,0073,TAT206,41,17,15.3,9.2,10849.0
2,CSV_data_F07_240529_i-Lab検体20+50.csv,2_0073,0073,TAT206,41,17,15.3,18.0,10865.0
2,CSV_data_F07_240529_i-Lab検体20+50.csv,2_0073,0073,TAT206,41,17,15.3,27.2,10871.0
2,CSV_data_F07_240529_i-Lab検体20+50.csv,2_0073,0073,TAT206,41,17,15.3,36.0,10890.0
2,CSV_data_F07_240529_i-Lab検体20+50.csv,2_0073,0073,TAT206,41,17,15.3,45.2,10906.0
2,CSV_data_F07_240529_i-Lab検体20+50.csv,2_0073,0073,TAT206,41,17,15.3,54.0,10921.0
2,CSV_data_F07_240529_i-Lab検体20+50.csv,2_0073,0073,TAT206,41,17,15.3,63.2,10937.0
2,CSV_data_F07_240529_i-Lab検体20+50.csv,2_0073,0073,TAT206,41,17,15.3,72.0,10954.0
2,CSV_data_F07_240529_i-Lab検体20+50.csv,2_0073,0073,TAT206,41,17,15.3,81.2,10973.0
2,CSV_data_F07_240529_i-Lab検体20+50.csv,2_0073,0073,TAT206,41,17,15.3,90.0,10999.0
2,CSV_data_F07_240529_i-Lab検体20+50.csv,2_0073,0073,TAT206,41,17,15.3,99.2,11021.0
2,CSV_data_F07_240529_i-Lab検体20+50.csv,2_0073,0073,TAT206,41,17,15.3,108.0,11039.0
2,CSV_data_F07_240529_i-Lab検体20+50.csv,2_0073,0073,TAT206,41,17,15.3,117.2,11060.0
2,CSV_data_F07_240529_i-Lab検体20+50.csv,2_0073,0073,TAT206,41,17,15.3,126.0,11088.0
2,CSV_data_F07_240529_i-Lab検体20+50.csv,2_0073,0073,TAT206,41,17,15.3,135.2,11103.0
2,CSV_data_F07_240529_i-Lab検体20+50.csv,2_0073,0073,TAT206,41,17,15.3,144.0,11131.0
2,CSV_data_F07_240529_i-Lab検体20+50.csv,2_0073,0073,TAT206,41,17,15.3,153.2,11157.0
2,CSV_data_F07_240529_i-Lab検体20+50.csv,2_0073,0073,TAT206,41,17,15.3,162.0,11173.0
2,CSV_data_F07_240529_i-Lab検体20+50.csv,2_0073,0073,TAT206,41,17,15.3,171.2,11202.0
2,CSV_data_F07_240529_i-Lab検体20+50.csv,2_0073,0073,TAT206,41,17,15.3,180.0,11230.0
2,CSV_data_F07_240529_i-Lab検体20+50.csv,2_0073,0073,TAT1,42,18,20.9,0.0,10903.0
2,CSV_data_F07_240529_i-Lab検体20+50.csv,2_0073,0073,TAT1,42,18,20.9,9.2,10912.0
2,CSV_data_F07_240529_i-Lab検体20+50.csv,2_0073,0073,TAT1,42,18,20.9,18.0,10918.0
2,CSV_data_F07_240529_i-Lab検体20+50.csv,2_0073,0073,TAT1,42,18,20.9,27.2,10940.0
2,CSV_data_F07_240529_i-Lab検体20+50.csv,2_0073,0073,TAT1,42,18,20.9,36.0,10958.0
2,CSV_data_F07_240529_i-Lab検体20+50.csv,2_0073,0073,TAT1,42,18,20.9,45.2,10981.0
2,CSV_data_F07_240529_i-Lab検体20+50.csv,2_0073,0073,TAT1,42,18,20.9,54.0,11002.0
2,CSV_data_F07_240529_i-Lab検体20+50.csv,2_0073,0073,TAT1,42,18,20.9,63.2,11029.0
2,CSV_data_F07_240529_i-Lab検体20+50.csv,2_0073,0073,TAT1,42,18,20.9,72.0,11045.0
2,CSV_data_F07_240529_i-Lab検体20+50.csv,2_0073,0073,TAT1,42,18,20.9,81.2,11077.0
2,CSV_data_F07_240529_i-Lab検体20+50.csv,2_0073,0073,TAT1,42,18,20.9,90.0,11105.0
2,CSV_data_F07_240529_i-Lab検体20+50.csv,2_0073,0073,TAT1,42,18,20.9,99.2,11132.0
2,CSV_data_F07_240529_i-Lab検体20+50.csv,2_0073,0073,TAT1,42,18,20.9,108.0,11167.0
2,CSV_data_F07_240529_i-Lab検体20+50.csv,2_0073,0073,TAT1,42,18,20.9,117.2,11198.0
2,CSV_data_F07_240529_i-Lab検体20+50.csv,2_0073,0073,TAT1,42,18,20.9,126.0,11227.0
2,CSV_data_F07_240529_i-Lab検体20+50.csv,2_0073,0073,TAT1,42,18,20.9,135.2,11254.0
2,CSV_data_F07_240529_i-Lab検体20+50.csv,2_0073,0073,TAT1,42,18,20.9,144.0,11299.0
2,CSV_data_F07_240529_i-Lab検体20+50.csv,2_0073,0073,TAT1,42,18,20.9,153.2,11332.0
2,CSV_data_F07_240529_i-Lab検体20+50.csv,2_0073,0073,TAT1,42,18,20.9,162.0,11364.0
2,CSV_data_F07_240529_i-Lab検体20+50.csv,2_0073,0073,TAT1,42,18,20.9,171.2,11391.0
2,CSV_data_F07_240529_i-Lab検体20+50.csv,2_0073,0073,TAT1,42,18,20.9,180.0,11436.0
2,CSV_data_F07_240529_i-Lab検体20+50.csv,2_0073,0073,TAT3,44,19,17.6,0.0,10817.0
2,CSV_data_F07_240529_i-Lab検体20+50.csv,2_0073,0073,TAT3,44,19,17.6,9.2,10826.0
2,CSV_data_F07_240529_i-Lab検体20+50.csv,2_0073,0073,TAT3,44,19,17.6,18.0,10845.0
2,CSV_data_F07_240529_i-Lab検体20+50.csv,2_0073,0073,TAT3,44,19,17.6,27.2,10859.0
2,CSV_data_F07_240529_i-Lab検体20+50.csv,2_0073,0073,TAT3,44,19,17.6,36.0,10874.0
2,CSV_data_F07_240529_i-Lab検体20+50.csv,2_0073,0073,TAT3,44,19,17.6,45.2,10892.0
2,CSV_data_F07_240529_i-Lab検体20+50.csv,2_0073,0073,TAT3,44,19,17.6,54.0,10904.0
2,CSV_data_F07_240529_i-Lab検体20+50.csv,2_0073,0073,TAT3,44,19,17.6,63.2,10928.0
2,CSV_data_F07_240529_i-Lab検体20+50.csv,2_0073,0073,TAT3,44,19,17.6,72.0,10950.0
2,CSV_data_F07_240529_i-Lab検体20+50.csv,2_0073,0073,TAT3,44,19,17.6,81.2,10969.0
2,CSV_data_F07_240529_i-Lab検体20+50.csv,2_0073,0073,TAT3,44,19,17.6,90.0,10995.0
2,CSV_data_F07_240529_i-Lab検体20+50.csv,2_0073,0073,TAT3,44,19,17.6,99.2,11014.0
2,CSV_data_F07_240529_i-Lab検体20+50.csv,2_0073,0073,TAT3,44,19,17.6,108.0,11048.0
2,CSV_data_F07_240529_i-Lab検体20+50.csv,2_0073,0073,TAT3,44,19,17.6,117.2,11066.0
2,CSV_data_F07_240529_i-Lab検体20+50.csv,2_0073,0073,TAT3,44,19,17.6,126.0,11094.0
2,CSV_data_F07_240529_i-Lab検体20+50.csv,2_0073,0073,TAT3,44,19,17.6,135.2,11119.0
2,CSV_data_F07_240529_i-Lab検体20+50.csv,2_0073,0073,TAT3,44,19,17.6,144.0,11142.0
2,CSV_data_F07_240529_i-Lab検体20+50.csv,2_0073,0073,TAT3,44,19,17.6,153.2,11174.0
2,CSV_data_F07_240529_i-Lab検体20+50.csv,2_0073,0073,TAT3,44,19,17.6,162.0,11201.0
2,CSV_data_F07_240529_i-Lab検体20+50.csv,2_0073,0073,TAT3,44,19,17.6,171.2,11233.0
2,CSV_data_F07_240529_i-Lab検体20+50.csv,2_0073,0073,TAT3,44,19,17.6,180.0,11258.0
2,CSV_data_F07_240529_i-Lab検体20+50.csv,2_0073,0073,TAT5,46,20,4.9,0.0,6818.0
2,CSV_data_F07_240529_i-Lab検体20+50.csv,2_0073,0073,TAT5,46,20,4.9,9.2,6821.0
2,CSV_data_F07_240529_i-Lab検体20+50.csv,2_0073,0073,TAT5,46,20,4.9,18.0,6829.0
2,CSV_data_F07_240529_i-Lab検体20+50.csv,2_0073,0073,TAT5,46,20,4.9,27.2,6834.0
2,CSV_data_F07_240529_i-Lab検体20+50.csv,2_0073,0073,TAT5,46,20,4.9,36.0,6838.0
2,CSV_data_F07_240529_i-Lab検体20+50.csv,2_0073,0073,TAT5,46,20,4.9,45.2,6851.0
2,CSV_data_F07_240529_i-Lab検体20+50.csv,2_0073,0073,TAT5,46,20,4.9,54.0,6851.0
2,CSV_data_F07_240529_i-Lab検体20+50.csv,2_0073,0073,TAT5,46,20,4.9,63.2,6857.0
2,CSV_data_F07_240529_i-Lab検体20+50.csv,2_0073,0073,TAT5,46,20,4.9,72.0,6865.0
2,CSV_data_F07_240529_i-Lab検体20+50.csv,2_0073,0073,TAT5,46,20,4.9,81.2,6874.0
2,CSV_data_F07_240529_i-Lab検体20+50.csv,2_0073,0073,TAT5,46,20,4.9,90.0,6880.0
2,CSV_data_F07_240529_i-Lab検体20+50.csv,2_0073,0073,TAT5,46,20,4.9,99.2,6884.0
2,CSV_data_F07_240529_i-Lab検体20+50.csv,2_0073,0073,TAT5,46,20,4.9,108.0,6894.0
2,CSV_data_F07_240529_i-Lab検体20+50.csv,2_0073,0073,TAT5,46,20,4.9,117.2,6896.0
2,CSV_data_F07_240529_i-Lab検体20+50.csv,2_0073,0073,TAT5,46,20,4.9,126.0,6903.0
2,CSV_data_F07_240529_i-Lab検体20+50.csv,2_0073,0073,TAT5,46,20,4.9,135.2,6917.0
2,CSV_data_F07_240529_i-Lab検体20+50.csv,2_0073,0073,TAT5,46,20,4.9,144.0,6928.0
2,CSV_data_F07_240529_i-Lab検体20+50.csv,2_0073,0073,TAT5,46,20,4.9,153.2,6924.0
2,CSV_data_F07_240529_i-Lab検体20+50.csv,2_0073,0073,TAT5,46,20,4.9,162.0,6939.0
2,CSV_data_F07_240529_i-Lab検体20+50.csv,2_0073,0073,TAT5,46,20,4.9,171.2,6947.0
2,CSV_data_F07_240529_i-Lab検体20+50.csv,2_0073,0073,TAT5,46,20,4.9,180.0,6952.0
2,CSV_data_F07_240529_i-Lab検体20+50.csv,2_0073,0073,TAT6,47,15,0.7,0.0,8801.0
2,CSV_data_F07_240529_i-Lab検体20+50.csv,2_0073,0073,TAT6,47,15,0.7,9.2,8785.0
2,CSV_data_F07_240529_i-Lab検体20+50.csv,2_0073,0073,TAT6,47,15,0.7,18.0,8784.0
2,CSV_data_F07_240529_i-Lab検体20+50.csv,2_0073,0073,TAT6,47,15,0.7,27.2,8786.0
2,CSV_data_F07_240529_i-Lab検体20+50.csv,2_0073,0073,TAT6,47,15,0.7,36.0,8791.0
2,CSV_data_F07_240529_i-Lab検体20+50.csv,2_0073,0073,TAT6,47,15,0.7,45.2,8795.0
2,CSV_data_F07_240529_i-Lab検体20+50.csv,2_0073,0073,TAT6,47,15,0.7,54.0,8794.0
2,CSV_data_F07_240529_i-Lab検体20+50.csv,2_0073,0073,TAT6,47,15,0.7,63.2,8792.0
2,CSV_data_F07_240529_i-Lab検体20+50.csv,2_0073,0073,TAT6,47,15,0.7,72.0,8791.0
2,CSV_data_F07_240529_i-Lab検体20+50.csv,2_0073,0073,TAT6,47,15,0.7,81.2,8800.0
2,CSV_data_F07_240529_i-Lab検体20+50.csv,2_0073,0073,TAT6,47,15,0.7,90.0,8799.0
2,CSV_data_F07_240529_i-Lab検体20+50.csv,2_0073,0073,TAT6,47,15,0.7,99.2,8798.0
2,CSV_data_F07_240529_i-Lab検体20+50.csv,2_0073,0073,TAT6,47,15,0.7,108.0,8802.0
2,CSV_data_F07_240529_i-Lab検体20+50.csv,2_0073,0073,TAT6,47,15,0.7,117.2,8807.0
2,CSV_data_F07_240529_i-Lab検体20+50.csv,2_0073,0073,TAT6,47,15,0.7,126.0,8809.0
2,CSV_data_F07_240529_i-Lab検体20+50.csv,2_0073,0073,TAT6,47,15,0.7,135.2,8808.0
2,CSV_data_F07_240529_i-Lab検体20+50.csv,2_0073,0073,TAT6,47,15,0.7,144.0,8812.0
2,CSV_data_F07_240529_i-Lab検体20+50.csv,2_0073,0073,TAT6,47,15,0.7,153.2,8810.0
2,CSV_data_F07_240529_i-Lab検体20+50.csv,2_0073,0073,TAT6,47,15,0.7,162.0,8814.0
2,CSV_data_F07_240529_i-Lab検体20+50.csv,2_0073,0073,TAT6,47,15,0.7,171.2,8811.0
2,CSV_data_F07_240529_i-Lab検体20+50.csv,2_0073,0073,TAT6,47,15,0.7,180.0,8813.0
2,CSV_data_F07_240529_i-Lab検体20+50.csv,2_0074,0074,TAT206,41,16,15.3,0.0,11197.0
2,CSV_data_F07_240529_i-Lab検体20+50.csv,2_0074,0074,TAT206,41,16,15.3,9.2,11223.0
2,CSV_data_F07_240529_i-Lab検体20+50.csv,2_0074,0074,TAT206,41,16,15.3,18.0,11229.0
2,CSV_data_F07_240529_i-Lab検体20+50.csv,2_0074,0074,TAT206,41,16,15.3,27.2,11243.0
2,CSV_data_F07_240529_i-Lab検体20+50.csv,2_0074,0074,TAT206,41,16,15.3,36.0,11265.0
2,CSV_data_F07_240529_i-Lab検体20+50.csv,2_0074,0074,TAT206,41,16,15.3,45.2,11279.0
2,CSV_data_F07_240529_i-Lab検体20+50.csv,2_0074,0074,TAT206,41,16,15.3,54.0,11297.0
2,CSV_data_F07_240529_i-Lab検体20+50.csv,2_0074,0074,TAT206,41,16,15.3,63.2,11321.0
2,CSV_data_F07_240529_i-Lab検体20+50.csv,2_0074,0074,TAT206,41,16,15.3,72.0,11335.0
2,CSV_data_F07_240529_i-Lab検体20+50.csv,2_0074,0074,TAT206,41,16,15.3,81.2,11360.0
2,CSV_data_F07_240529_i-Lab検体20+50.csv,2_0074,0074,TAT206,41,16,15.3,90.0,11378.0
2,CSV_data_F07_240529_i-Lab検体20+50.csv,2_0074,0074,TAT206,41,16,15.3,99.2,11397.0
2,CSV_data_F07_240529_i-Lab検体20+50.csv,2_0074,0074,TAT206,41,16,15.3,108.0,11416.0
2,CSV_data_F07_240529_i-Lab検体20+50.csv,2_0074,0074,TAT206,41,16,15.3,117.2,11445.0
2,CSV_data_F07_240529_i-Lab検体20+50.csv,2_0074,0074,TAT206,41,16,15.3,126.0,11468.0
2,CSV_data_F07_240529_i-Lab検体20+50.csv,2_0074,0074,TAT206,41,16,15.3,135.2,11492.0
2,CSV_data_F07_240529_i-Lab検体20+50.csv,2_0074,0074,TAT206,41,16,15.3,144.0,11516.0
2,CSV_data_F07_240529_i-Lab検体20+50.csv,2_0074,0074,TAT206,41,16,15.3,153.2,11544.0
2,CSV_data_F07_240529_i-Lab検体20+50.csv,2_0074,0074,TAT206,41,16,15.3,162.0,11567.0
2,CSV_data_F07_240529_i-Lab検体20+50.csv,2_0074,0074,TAT206,41,16,15.3,171.2,11590.0
2,CSV_data_F07_240529_i-Lab検体20+50.csv,2_0074,0074,TAT206,41,16,15.3,180.0,11624.0
2,CSV_data_F07_240529_i-Lab検体20+50.csv,2_0074,0074,TAT1,42,17,22.1,0.0,11133.0
2,CSV_data_F07_240529_i-Lab検体20+50.csv,2_0074,0074,TAT1,42,17,22.1,9.2,11150.0
2,CSV_data_F07_240529_i-Lab検体20+50.csv,2_0074,0074,TAT1,42,17,22.1,18.0,11166.0
2,CSV_data_F07_240529_i-Lab検体20+50.csv,2_0074,0074,TAT1,42,17,22.1,27.2,11191.0
2,CSV_data_F07_240529_i-Lab検体20+50.csv,2_0074,0074,TAT1,42,17,22.1,36.0,11214.0
2,CSV_data_F07_240529_i-Lab検体20+50.csv,2_0074,0074,TAT1,42,17,22.1,45.2,11235.0
2,CSV_data_F07_240529_i-Lab検体20+50.csv,2_0074,0074,TAT1,42,17,22.1,54.0,11263.0
2,CSV_data_F07_240529_i-Lab検体20+50.csv,2_0074,0074,TAT1,42,17,22.1,63.2,11291.0
2,CSV_data_F07_240529_i-Lab検体20+50.csv,2_0074,0074,TAT1,42,17,22.1,72.0,11321.0
2,CSV_data_F07_240529_i-Lab検体20+50.csv,2_0074,0074,TAT1,42,17,22.1,81.2,11355.0
2,CSV_data_F07_240529_i-Lab検体20+50.csv,2_0074,0074,TAT1,42,17,22.1,90.0,11378.0
2,CSV_data_F07_240529_i-Lab検体20+50.csv,2_0074,0074,TAT1,42,17,22.1,99.2,11410.0
2,CSV_data_F07_240529_i-Lab検体20+50.csv,2_0074,0074,TAT1,42,17,22.1,108.0,11440.0
2,CSV_data_F07_240529_i-Lab検体20+50.csv,2_0074,0074,TAT1,42,17,22.1,117.2,11481.0
2,CSV_data_F07_240529_i-Lab検体20+50.csv,2_0074,0074,TAT1,42,17,22.1,126.0,11514.0
2,CSV_data_F07_240529_i-Lab検体20+50.csv,2_0074,0074,TAT1,42,17,22.1,135.2,11547.0
2,CSV_data_F07_240529_i-Lab検体20+50.csv,2_0074,0074,TAT1,42,17,22.1,144.0,11582.0
2,CSV_data_F07_240529_i-Lab検体20+50.csv,2_0074,0074,TAT1,42,17,22.1,153.2,11617.0
2,CSV_data_F07_240529_i-Lab検体20+50.csv,2_0074,0074,TAT1,42,17,22.1,162.0,11652.0
2,CSV_data_F07_240529_i-Lab検体20+50.csv,2_0074,0074,TAT1,42,17,22.1,171.2,11686.0
2,CSV_data_F07_240529_i-Lab検体20+50.csv,2_0074,0074,TAT1,42,17,22.1,180.0,11724.0
2,CSV_data_F07_240529_i-Lab検体20+50.csv,2_0074,0074,TAT3,44,18,14.1,0.0,11091.0
2,CSV_data_F07_240529_i-Lab検体20+50.csv,2_0074,0074,TAT3,44,18,14.1,9.2,11106.0
2,CSV_data_F07_240529_i-Lab検体20+50.csv,2_0074,0074,TAT3,44,18,14.1,18.0,11109.0
2,CSV_data_F07_240529_i-Lab検体20+50.csv,2_0074,0074,TAT3,44,18,14.1,27.2,11124.0
2,CSV_data_F07_240529_i-Lab検体20+50.csv,2_0074,0074,TAT3,44,18,14.1,36.0,11141.0
2,CSV_data_F07_240529_i-Lab検体20+50.csv,2_0074,0074,TAT3,44,18,14.1,45.2,11155.0
2,CSV_data_F07_240529_i-Lab検体20+50.csv,2_0074,0074,TAT3,44,18,14.1,54.0,11175.0
2,CSV_data_F07_240529_i-Lab検体20+50.csv,2_0074,0074,TAT3,44,18,14.1,63.2,11200.0
2,CSV_data_F07_240529_i-Lab検体20+50.csv,2_0074,0074,TAT3,44,18,14.1,72.0,11216.0
2,CSV_data_F07_240529_i-Lab検体20+50.csv,2_0074,0074,TAT3,44,18,14.1,81.2,11239.0
2,CSV_data_F07_240529_i-Lab検体20+50.csv,2_0074,0074,TAT3,44,18,14.1,90.0,11260.0
2,CSV_data_F07_240529_i-Lab検体20+50.csv,2_0074,0074,TAT3,44,18,14.1,99.2,11279.0
2,CSV_data_F07_240529_i-Lab検体20+50.csv,2_0074,0074,TAT3,44,18,14.1,108.0,11295.0
2,CSV_data_F07_240529_i-Lab検体20+50.csv,2_0074,0074,TAT3,44,18,14.1,117.2,11313.0
2,CSV_data_F07_240529_i-Lab検体20+50.csv,2_0074,0074,TAT3,44,18,14.1,126.0,11337.0
2,CSV_data_F07_240529_i-Lab検体20+50.csv,2_0074,0074,TAT3,44,18,14.1,135.2,11369.0
2,CSV_data_F07_240529_i-Lab検体20+50.csv,2_0074,0074,TAT3,44,18,14.1,144.0,11382.0
2,CSV_data_F07_240529_i-Lab検体20+50.csv,2_0074,0074,TAT3,44,18,14.1,153.2,11407.0
2,CSV_data_F07_240529_i-Lab検体20+50.csv,2_0074,0074,TAT3,44,18,14.1,162.0,11427.0
2,CSV_data_F07_240529_i-Lab検体20+50.csv,2_0074,0074,TAT3,44,18,14.1,171.2,11450.0
2,CSV_data_F07_240529_i-Lab検体20+50.csv,2_0074,0074,TAT3,44,18,14.1,180.0,11474.0
2,CSV_data_F07_240529_i-Lab検体20+50.csv,2_0074,0074,TAT5,46,19,4.7,0.0,7249.0
2,CSV_data_F07_240529_i-Lab検体20+50.csv,2_0074,0074,TAT5,46,19,4.7,9.2,7242.0
2,CSV_data_F07_240529_i-Lab検体20+50.csv,2_0074,0074,TAT5,46,19,4.7,18.0,7259.0
2,CSV_data_F07_240529_i-Lab検体20+50.csv,2_0074,0074,TAT5,46,19,4.7,27.2,7260.0
2,CSV_data_F07_240529_i-Lab検体20+50.csv,2_0074,0074,TAT5,46,19,4.7,36.0,7262.0
2,CSV_data_F07_240529_i-Lab検体20+50.csv,2_0074,0074,TAT5,46,19,4.7,45.2,7276.0
2,CSV_data_F07_240529_i-Lab検体20+50.csv,2_0074,0074,TAT5,46,19,4.7,54.0,7277.0
2,CSV_data_F07_240529_i-Lab検体20+50.csv,2_0074,0074,TAT5,46,19,4.7,63.2,7287.0
2,CSV_data_F07_240529_i-Lab検体20+50.csv,2_0074,0074,TAT5,46,19,4.7,72.0,7294.0
2,CSV_data_F07_240529_i-Lab検体20+50.csv,2_0074,0074,TAT5,46,19,4.7,81.2,7298.0
2,CSV_data_F07_240529_i-Lab検体20+50.csv,2_0074,0074,TAT5,46,19,4.7,90.0,7303.0
2,CSV_data_F07_240529_i-Lab検体20+50.csv,2_0074,0074,TAT5,46,19,4.7,99.2,7316.0
2,CSV_data_F07_240529_i-Lab検体20+50.csv,2_0074,0074,TAT5,46,19,4.7,108.0,7321.0
2,CSV_data_F07_240529_i-Lab検体20+50.csv,2_0074,0074,TAT5,46,19,4.7,117.2,7330.0
2,CSV_data_F07_240529_i-Lab検体20+50.csv,2_0074,0074,TAT5,46,19,4.7,126.0,7339.0
2,CSV_data_F07_240529_i-Lab検体20+50.csv,2_0074,0074,TAT5,46,19,4.7,135.2,7339.0
2,CSV_data_F07_240529_i-Lab検体20+50.csv,2_0074,0074,TAT5,46,19,4.7,144.0,7342.0
2,CSV_data_F07_240529_i-Lab検体20+50.csv,2_0074,0074,TAT5,46,19,4.7,153.2,7354.0
2,CSV_data_F07_240529_i-Lab検体20+50.csv,2_0074,0074,TAT5,46,19,4.7,162.0,7357.0
2,CSV_data_F07_240529_i-Lab検体20+50.csv,2_0074,0074,TAT5,46,19,4.7,171.2,7369.0
2,CSV_data_F07_240529_i-Lab検体20+50.csv,2_0074,0074,TAT5,46,19,4.7,180.0,7374.0
2,CSV_data_F07_240529_i-Lab検体20+50.csv,2_0074,0074,TAT6,47,20,1.3,0.0,9267.0
2,CSV_data_F07_240529_i-Lab検体20+50.csv,2_0074,0074,TAT6,47,20,1.3,9.2,9268.0
2,CSV_data_F07_240529_i-Lab検体20+50.csv,2_0074,0074,TAT6,47,20,1.3,18.0,9268.0
2,CSV_data_F07_240529_i-Lab検体20+50.csv,2_0074,0074,TAT6,47,20,1.3,27.2,9269.0
2,CSV_data_F07_240529_i-Lab検体20+50.csv,2_0074,0074,TAT6,47,20,1.3,36.0,9270.0
2,CSV_data_F07_240529_i-Lab検体20+50.csv,2_0074,0074,TAT6,47,20,1.3,45.2,9271.0
2,CSV_data_F07_240529_i-Lab検体20+50.csv,2_0074,0074,TAT6,47,20,1.3,54.0,9271.0
2,CSV_data_F07_240529_i-Lab検体20+50.csv,2_0074,0074,TAT6,47,20,1.3,63.2,9276.0
2,CSV_data_F07_240529_i-Lab検体20+50.csv,2_0074,0074,TAT6,47,20,1.3,72.0,9275.0
2,CSV_data_F07_240529_i-Lab検体20+50.csv,2_0074,0074,TAT6,47,20,1.3,81.2,9277.0
2,CSV_data_F07_240529_i-Lab検体20+50.csv,2_0074,0074,TAT6,47,20,1.3,90.0,9279.0
2,CSV_data_F07_240529_i-Lab検体20+50.csv,2_0074,0074,TAT6,47,20,1.3,99.2,9284.0
2,CSV_data_F07_240529_i-Lab検体20+50.csv,2_0074,0074,TAT6,47,20,1.3,108.0,9267.0
2,CSV_data_F07_240529_i-Lab検体20+50.csv,2_0074,0074,TAT6,47,20,1.3,117.2,9286.0
2,CSV_data_F07_240529_i-Lab検体20+50.csv,2_0074,0074,TAT6,47,20,1.3,126.0,9286.0
2,CSV_data_F07_240529_i-Lab検体20+50.csv,2_0074,0074,TAT6,47,20,1.3,135.2,9286.0
2,CSV_data_F07_240529_i-Lab検体20+50.csv,2_0074,0074,TAT6,47,20,1.3,144.0,9290.0
2,CSV_data_F07_240529_i-Lab検体20+50.csv,2_0074,0074,TAT6,47,20,1.3,153.2,9284.0
2,CSV_data_F07_240529_i-Lab検体20+50.csv,2_0074,0074,TAT6,47,20,1.3,162.0,9288.0
2,CSV_data_F07_240529_i-Lab検体20+50.csv,2_0074,0074,TAT6,47,20,1.3,171.2,9296.0
2,CSV_data_F07_240529_i-Lab検体20+50.csv,2_0074,0074,TAT6,47,20,1.3,180.0,9291.0
2,CSV_data_F07_240529_i-Lab検体20+50.csv,2_0075,0075,TAT206,41,15,19.5,0.0,11084.0
2,CSV_data_F07_240529_i-Lab検体20+50.csv,2_0075,0075,TAT206,41,15,19.5,9.2,11122.0
2,CSV_data_F07_240529_i-Lab検体20+50.csv,2_0075,0075,TAT206,41,15,19.5,18.0,11132.0
2,CSV_data_F07_240529_i-Lab検体20+50.csv,2_0075,0075,TAT206,41,15,19.5,27.2,11150.0
2,CSV_data_F07_240529_i-Lab検体20+50.csv,2_0075,0075,TAT206,41,15,19.5,36.0,11174.0
2,CSV_data_F07_240529_i-Lab検体20+50.csv,2_0075,0075,TAT206,41,15,19.5,45.2,11192.0
2,CSV_data_F07_240529_i-Lab検体20+50.csv,2_0075,0075,TAT206,41,15,19.5,54.0,11218.0
2,CSV_data_F07_240529_i-Lab検体20+50.csv,2_0075,0075,TAT206,41,15,19.5,63.2,11243.0
2,CSV_data_F07_240529_i-Lab検体20+50.csv,2_0075,0075,TAT206,41,15,19.5,72.0,11263.0
2,CSV_data_F07_240529_i-Lab検体20+50.csv,2_0075,0075,TAT206,41,15,19.5,81.2,11292.0
2,CSV_data_F07_240529_i-Lab検体20+50.csv,2_0075,0075,TAT206,41,15,19.5,90.0,11315.0
2,CSV_data_F07_240529_i-Lab検体20+50.csv,2_0075,0075,TAT206,41,15,19.5,99.2,11348.0
2,CSV_data_F07_240529_i-Lab検体20+50.csv,2_0075,0075,TAT206,41,15,19.5,108.0,11377.0
2,CSV_data_F07_240529_i-Lab検体20+50.csv,2_0075,0075,TAT206,41,15,19.5,117.2,11407.0
2,CSV_data_F07_240529_i-Lab検体20+50.csv,2_0075,0075,TAT206,41,15,19.5,126.0,11432.0
2,CSV_data_F07_240529_i-Lab検体20+50.csv,2_0075,0075,TAT206,41,15,19.5,135.2,11464.0
2,CSV_data_F07_240529_i-Lab検体20+50.csv,2_0075,0075,TAT206,41,15,19.5,144.0,11488.0
2,CSV_data_F07_240529_i-Lab検体20+50.csv,2_0075,0075,TAT206,41,15,19.5,153.2,11525.0
2,CSV_data_F07_240529_i-Lab検体20+50.csv,2_0075,0075,TAT206,41,15,19.5,162.0,11547.0
2,CSV_data_F07_240529_i-Lab検体20+50.csv,2_0075,0075,TAT206,41,15,19.5,171.2,11585.0
2,CSV_data_F07_240529_i-Lab検体20+50.csv,2_0075,0075,TAT206,41,15,19.5,180.0,11608.0
2,CSV_data_F07_240529_i-Lab検体20+50.csv,2_0075,0075,TAT1,42,16,24.3,0.0,10951.0
2,CSV_data_F07_240529_i-Lab検体20+50.csv,2_0075,0075,TAT1,42,16,24.3,9.2,10966.0
2,CSV_data_F07_240529_i-Lab検体20+50.csv,2_0075,0075,TAT1,42,16,24.3,18.0,10984.0
2,CSV_data_F07_240529_i-Lab検体20+50.csv,2_0075,0075,TAT1,42,16,24.3,27.2,11011.0
2,CSV_data_F07_240529_i-Lab検体20+50.csv,2_0075,0075,TAT1,42,16,24.3,36.0,11032.0
2,CSV_data_F07_240529_i-Lab検体20+50.csv,2_0075,0075,TAT1,42,16,24.3,45.2,11065.0
2,CSV_data_F07_240529_i-Lab検体20+50.csv,2_0075,0075,TAT1,42,16,24.3,54.0,11096.0
2,CSV_data_F07_240529_i-Lab検体20+50.csv,2_0075,0075,TAT1,42,16,24.3,63.2,11126.0
2,CSV_data_F07_240529_i-Lab検体20+50.csv,2_0075,0075,TAT1,42,16,24.3,72.0,11153.0
2,CSV_data_F07_240529_i-Lab検体20+50.csv,2_0075,0075,TAT1,42,16,24.3,81.2,11185.0
2,CSV_data_F07_240529_i-Lab検体20+50.csv,2_0075,0075,TAT1,42,16,24.3,90.0,11215.0
2,CSV_data_F07_240529_i-Lab検体20+50.csv,2_0075,0075,TAT1,42,16,24.3,99.2,11253.0
2,CSV_data_F07_240529_i-Lab検体20+50.csv,2_0075,0075,TAT1,42,16,24.3,108.0,11288.0
2,CSV_data_F07_240529_i-Lab検体20+50.csv,2_0075,0075,TAT1,42,16,24.3,117.2,11324.0
2,CSV_data_F07_240529_i-Lab検体20+50.csv,2_0075,0075,TAT1,42,16,24.3,126.0,11362.0
2,CSV_data_F07_240529_i-Lab検体20+50.csv,2_0075,0075,TAT1,42,16,24.3,135.2,11394.0
2,CSV_data_F07_240529_i-Lab検体20+50.csv,2_0075,0075,TAT1,42,16,24.3,144.0,11439.0
2,CSV_data_F07_240529_i-Lab検体20+50.csv,2_0075,0075,TAT1,42,16,24.3,153.2,11472.0
2,CSV_data_F07_240529_i-Lab検体20+50.csv,2_0075,0075,TAT1,42,16,24.3,162.0,11515.0
2,CSV_data_F07_240529_i-Lab検体20+50.csv,2_0075,0075,TAT1,42,16,24.3,171.2,11549.0
2,CSV_data_F07_240529_i-Lab検体20+50.csv,2_0075,0075,TAT1,42,16,24.3,180.0,11587.0
2,CSV_data_F07_240529_i-Lab検体20+50.csv,2_0075,0075,TAT3,44,17,19.4,0.0,10860.0
2,CSV_data_F07_240529_i-Lab検体20+50.csv,2_0075,0075,TAT3,44,17,19.4,9.2,10839.0
2,CSV_data_F07_240529_i-Lab検体20+50.csv,2_0075,0075,TAT3,44,17,19.4,18.0,10863.0
2,CSV_data_F07_240529_i-Lab検体20+50.csv,2_0075,0075,TAT3,44,17,19.4,27.2,10874.0
2,CSV_data_F07_240529_i-Lab検体20+50.csv,2_0075,0075,TAT3,44,17,19.4,36.0,10894.0
2,CSV_data_F07_240529_i-Lab検体20+50.csv,2_0075,0075,TAT3,44,17,19.4,45.2,10920.0
2,CSV_data_F07_240529_i-Lab検体20+50.csv,2_0075,0075,TAT3,44,17,19.4,54.0,10940.0
2,CSV_data_F07_240529_i-Lab検体20+50.csv,2_0075,0075,TAT3,44,17,19.4,63.2,10964.0
2,CSV_data_F07_240529_i-Lab検体20+50.csv,2_0075,0075,TAT3,44,17,19.4,72.0,10994.0
2,CSV_data_F07_240529_i-Lab検体20+50.csv,2_0075,0075,TAT3,44,17,19.4,81.2,11021.0
2,CSV_data_F07_240529_i-Lab検体20+50.csv,2_0075,0075,TAT3,44,17,19.4,90.0,11045.0
2,CSV_data_F07_240529_i-Lab検体20+50.csv,2_0075,0075,TAT3,44,17,19.4,99.2,11070.0
2,CSV_data_F07_240529_i-Lab検体20+50.csv,2_0075,0075,TAT3,44,17,19.4,108.0,11104.0
2,CSV_data_F07_240529_i-Lab検体20+50.csv,2_0075,0075,TAT3,44,17,19.4,117.2,11128.0
2,CSV_data_F07_240529_i-Lab検体20+50.csv,2_0075,0075,TAT3,44,17,19.4,126.0,11160.0
2,CSV_data_F07_240529_i-Lab検体20+50.csv,2_0075,0075,TAT3,44,17,19.4,135.2,11194.0
2,CSV_data_F07_240529_i-Lab検体20+50.csv,2_0075,0075,TAT3,44,17,19.4,144.0,11222.0
2,CSV_data_F07_240529_i-Lab検体20+50.csv,2_0075,0075,TAT3,44,17,19.4,153.2,11252.0
2,CSV_data_F07_240529_i-Lab検体20+50.csv,2_0075,0075,TAT3,44,17,19.4,162.0,11283.0
2,CSV_data_F07_240529_i-Lab検体20+50.csv,2_0075,0075,TAT3,44,17,19.4,171.2,11312.0
2,CSV_data_F07_240529_i-Lab検体20+50.csv,2_0075,0075,TAT3,44,17,19.4,180.0,11350.0
2,CSV_data_F07_240529_i-Lab検体20+50.csv,2_0075,0075,TAT5,46,18,6.7,0.0,7019.0
2,CSV_data_F07_240529_i-Lab検体20+50.csv,2_0075,0075,TAT5,46,18,6.7,9.2,7040.0
2,CSV_data_F07_240529_i-Lab検体20+50.csv,2_0075,0075,TAT5,46,18,6.7,18.0,7046.0
2,CSV_data_F07_240529_i-Lab検体20+50.csv,2_0075,0075,TAT5,46,18,6.7,27.2,7045.0
2,CSV_data_F07_240529_i-Lab検体20+50.csv,2_0075,0075,TAT5,46,18,6.7,36.0,7064.0
2,CSV_data_F07_240529_i-Lab検体20+50.csv,2_0075,0075,TAT5,46,18,6.7,45.2,7079.0
2,CSV_data_F07_240529_i-Lab検体20+50.csv,2_0075,0075,TAT5,46,18,6.7,54.0,7088.0
2,CSV_data_F07_240529_i-Lab検体20+50.csv,2_0075,0075,TAT5,46,18,6.7,63.2,7099.0
2,CSV_data_F07_240529_i-Lab検体20+50.csv,2_0075,0075,TAT5,46,18,6.7,72.0,7114.0
2,CSV_data_F07_240529_i-Lab検体20+50.csv,2_0075,0075,TAT5,46,18,6.7,81.2,7127.0
2,CSV_data_F07_240529_i-Lab検体20+50.csv,2_0075,0075,TAT5,46,18,6.7,90.0,7133.0
2,CSV_data_F07_240529_i-Lab検体20+50.csv,2_0075,0075,TAT5,46,18,6.7,99.2,7146.0
2,CSV_data_F07_240529_i-Lab検体20+50.csv,2_0075,0075,TAT5,46,18,6.7,108.0,7154.0
2,CSV_data_F07_240529_i-Lab検体20+50.csv,2_0075,0075,TAT5,46,18,6.7,117.2,7161.0
2,CSV_data_F07_240529_i-Lab検体20+50.csv,2_0075,0075,TAT5,46,18,6.7,126.0,7174.0
2,CSV_data_F07_240529_i-Lab検体20+50.csv,2_0075,0075,TAT5,46,18,6.7,135.2,7183.0
2,CSV_data_F07_240529_i-Lab検体20+50.csv,2_0075,0075,TAT5,46,18,6.7,144.0,7203.0
2,CSV_data_F07_240529_i-Lab検体20+50.csv,2_0075,0075,TAT5,46,18,6.7,153.2,7210.0
2,CSV_data_F07_240529_i-Lab検体20+50.csv,2_0075,0075,TAT5,46,18,6.7,162.0,7226.0
2,CSV_data_F07_240529_i-Lab検体20+50.csv,2_0075,0075,TAT5,46,18,6.7,171.2,7227.0
2,CSV_data_F07_240529_i-Lab検体20+50.csv,2_0075,0075,TAT5,46,18,6.7,180.0,7247.0
2,CSV_data_F07_240529_i-Lab検体20+50.csv,2_0075,0075,TAT6,47,19,1.3,0.0,9152.0
2,CSV_data_F07_240529_i-Lab検体20+50.csv,2_0075,0075,TAT6,47,19,1.3,9.2,9150.0
2,CSV_data_F07_240529_i-Lab検体20+50.csv,2_0075,0075,TAT6,47,19,1.3,18.0,9150.0
2,CSV_data_F07_240529_i-Lab検体20+50.csv,2_0075,0075,TAT6,47,19,1.3,27.2,9162.0
2,CSV_data_F07_240529_i-Lab検体20+50.csv,2_0075,0075,TAT6,47,19,1.3,36.0,9154.0
2,CSV_data_F07_240529_i-Lab検体20+50.csv,2_0075,0075,TAT6,47,19,1.3,45.2,9159.0
2,CSV_data_F07_240529_i-Lab検体20+50.csv,2_0075,0075,TAT6,47,19,1.3,54.0,9164.0
2,CSV_data_F07_240529_i-Lab検体20+50.csv,2_0075,0075,TAT6,47,19,1.3,63.2,9168.0
2,CSV_data_F07_240529_i-Lab検体20+50.csv,2_0075,0075,TAT6,47,19,1.3,72.0,9170.0
2,CSV_data_F07_240529_i-Lab検体20+50.csv,2_0075,0075,TAT6,47,19,1.3,81.2,9168.0
2,CSV_data_F07_240529_i-Lab検体20+50.csv,2_0075,0075,TAT6,47,19,1.3,90.0,9173.0
2,CSV_data_F07_240529_i-Lab検体20+50.csv,2_0075,0075,TAT6,47,19,1.3,99.2,9170.0
2,CSV_data_F07_240529_i-Lab検体20+50.csv,2_0075,0075,TAT6,47,19,1.3,108.0,9172.0
2,CSV_data_F07_240529_i-Lab検体20+50.csv,2_0075,0075,TAT6,47,19,1.3,117.2,9179.0
2,CSV_data_F07_240529_i-Lab検体20+50.csv,2_0075,0075,TAT6,47,19,1.3,126.0,9178.0
2,CSV_data_F07_240529_i-Lab検体20+50.csv,2_0075,0075,TAT6,47,19,1.3,135.2,9178.0
2,CSV_data_F07_240529_i-Lab検体20+50.csv,2_0075,0075,TAT6,47,19,1.3,144.0,9180.0
2,CSV_data_F07_240529_i-Lab検体20+50.csv,2_0075,0075,TAT6,47,19,1.3,153.2,9183.0
2,CSV_data_F07_240529_i-Lab検体20+50.csv,2_0075,0075,TAT6,47,19,1.3,162.0,9186.0
2,CSV_data_F07_240529_i-Lab検体20+50.csv,2_0075,0075,TAT6,47,19,1.3,171.2,9187.0
2,CSV_data_F07_240529_i-Lab検体20+50.csv,2_0075,0075,TAT6,47,19,1.3,180.0,9191.0
2,CSV_data_F07_240529_i-Lab検体20+50.csv,2_0076,0076,TAT206,41,20,16.3,0.0,10894.0
2,CSV_data_F07_240529_i-Lab検体20+50.csv,2_0076,0076,TAT206,41,20,16.3,9.2,10892.0
2,CSV_data_F07_240529_i-Lab検体20+50.csv,2_0076,0076,TAT206,41,20,16.3,18.0,10913.0
2,CSV_data_F07_240529_i-Lab検体20+50.csv,2_0076,0076,TAT206,41,20,16.3,27.2,10934.0
2,CSV_data_F07_240529_i-Lab検体20+50.csv,2_0076,0076,TAT206,41,20,16.3,36.0,10944.0
2,CSV_data_F07_240529_i-Lab検体20+50.csv,2_0076,0076,TAT206,41,20,16.3,45.2,10969.0
2,CSV_data_F07_240529_i-Lab検体20+50.csv,2_0076,0076,TAT206,41,20,16.3,54.0,10991.0
2,CSV_data_F07_240529_i-Lab検体20+50.csv,2_0076,0076,TAT206,41,20,16.3,63.2,11016.0
2,CSV_data_F07_240529_i-Lab検体20+50.csv,2_0076,0076,TAT206,41,20,16.3,72.0,11032.0
2,CSV_data_F07_240529_i-Lab検体20+50.csv,2_0076,0076,TAT206,41,20,16.3,81.2,11063.0
2,CSV_data_F07_240529_i-Lab検体20+50.csv,2_0076,0076,TAT206,41,20,16.3,90.0,11075.0
2,CSV_data_F07_240529_i-Lab検体20+50.csv,2_0076,0076,TAT206,41,20,16.3,99.2,11105.0
2,CSV_data_F07_240529_i-Lab検体20+50.csv,2_0076,0076,TAT206,41,20,16.3,108.0,11132.0
2,CSV_data_F07_240529_i-Lab検体20+50.csv,2_0076,0076,TAT206,41,20,16.3,117.2,11152.0
2,CSV_data_F07_240529_i-Lab検体20+50.csv,2_0076,0076,TAT206,41,20,16.3,126.0,11179.0
2,CSV_data_F07_240529_i-Lab検体20+50.csv,2_0076,0076,TAT206,41,20,16.3,135.2,11203.0
2,CSV_data_F07_240529_i-Lab検体20+50.csv,2_0076,0076,TAT206,41,20,16.3,144.0,11228.0
2,CSV_data_F07_240529_i-Lab検体20+50.csv,2_0076,0076,TAT206,41,20,16.3,153.2,11252.0
2,CSV_data_F07_240529_i-Lab検体20+50.csv,2_0076,0076,TAT206,41,20,16.3,162.0,11273.0
2,CSV_data_F07_240529_i-Lab検体20+50.csv,2_0076,0076,TAT206,41,20,16.3,171.2,11307.0
2,CSV_data_F07_240529_i-Lab検体20+50.csv,2_0076,0076,TAT206,41,20,16.3,180.0,11324.0
2,CSV_data_F07_240529_i-Lab検体20+50.csv,2_0076,0076,TAT1,42,15,18.7,0.0,10830.0
2,CSV_data_F07_240529_i-Lab検体20+50.csv,2_0076,0076,TAT1,42,15,18.7,9.2,10808.0
2,CSV_data_F07_240529_i-Lab検体20+50.csv,2_0076,0076,TAT1,42,15,18.7,18.0,10827.0
2,CSV_data_F07_240529_i-Lab検体20+50.csv,2_0076,0076,TAT1,42,15,18.7,27.2,10852.0
2,CSV_data_F07_240529_i-Lab検体20+50.csv,2_0076,0076,TAT1,42,15,18.7,36.0,10872.0
2,CSV_data_F07_240529_i-Lab検体20+50.csv,2_0076,0076,TAT1,42,15,18.7,45.2,10897.0
2,CSV_data_F07_240529_i-Lab検体20+50.csv,2_0076,0076,TAT1,42,15,18.7,54.0,10917.0
2,CSV_data_F07_240529_i-Lab検体20+50.csv,2_0076,0076,TAT1,42,15,18.7,63.2,10949.0
2,CSV_data_F07_240529_i-Lab検体20+50.csv,2_0076,0076,TAT1,42,15,18.7,72.0,10968.0
2,CSV_data_F07_240529_i-Lab検体20+50.csv,2_0076,0076,TAT1,42,15,18.7,81.2,10997.0
2,CSV_data_F07_240529_i-Lab検体20+50.csv,2_0076,0076,TAT1,42,15,18.7,90.0,11027.0
2,CSV_data_F07_240529_i-Lab検体20+50.csv,2_0076,0076,TAT1,42,15,18.7,99.2,11055.0
2,CSV_data_F07_240529_i-Lab検体20+50.csv,2_0076,0076,TAT1,42,15,18.7,108.0,11071.0
2,CSV_data_F07_240529_i-Lab検体20+50.csv,2_0076,0076,TAT1,42,15,18.7,117.2,11114.0
2,CSV_data_F07_240529_i-Lab検体20+50.csv,2_0076,0076,TAT1,42,15,18.7,126.0,11138.0
2,CSV_data_F07_240529_i-Lab検体20+50.csv,2_0076,0076,TAT1,42,15,18.7,135.2,11169.0
2,CSV_data_F07_240529_i-Lab検体20+50.csv,2_0076,0076,TAT1,42,15,18.7,144.0,11192.0
2,CSV_data_F07_240529_i-Lab検体20+50.csv,2_0076,0076,TAT1,42,15,18.7,153.2,11217.0
2,CSV_data_F07_240529_i-Lab検体20+50.csv,2_0076,0076,TAT1,42,15,18.7,162.0,11244.0
2,CSV_data_F07_240529_i-Lab検体20+50.csv,2_0076,0076,TAT1,42,15,18.7,171.2,11278.0
2,CSV_data_F07_240529_i-Lab検体20+50.csv,2_0076,0076,TAT1,42,15,18.7,180.0,11303.0
2,CSV_data_F07_240529_i-Lab検体20+50.csv,2_0076,0076,TAT3,44,16,11.8,0.0,10558.0
2,CSV_data_F07_240529_i-Lab検体20+50.csv,2_0076,0076,TAT3,44,16,11.8,9.2,10564.0
2,CSV_data_F07_240529_i-Lab検体20+50.csv,2_0076,0076,TAT3,44,16,11.8,18.0,10575.0
2,CSV_data_F07_240529_i-Lab検体20+50.csv,2_0076,0076,TAT3,44,16,11.8,27.2,10587.0
2,CSV_data_F07_240529_i-Lab検体20+50.csv,2_0076,0076,TAT3,44,16,11.8,36.0,10603.0
2,CSV_data_F07_240529_i-Lab検体20+50.csv,2_0076,0076,TAT3,44,16,11.8,45.2,10614.0
2,CSV_data_F07_240529_i-Lab検体20+50.csv,2_0076,0076,TAT3,44,16,11.8,54.0,10635.0
2,CSV_data_F07_240529_i-Lab検体20+50.csv,2_0076,0076,TAT3,44,16,11.8,63.2,10650.0
2,CSV_data_F07_240529_i-Lab検体20+50.csv,2_0076,0076,TAT3,44,16,11.8,72.0,10663.0
2,CSV_data_F07_240529_i-Lab検体20+50.csv,2_0076,0076,TAT3,44,16,11.8,81.2,10676.0
2,CSV_data_F07_240529_i-Lab検体20+50.csv,2_0076,0076,TAT3,44,16,11.8,90.0,10702.0
2,CSV_data_F07_240529_i-Lab検体20+50.csv,2_0076,0076,TAT3,44,16,11.8,99.2,10717.0
2,CSV_data_F07_240529_i-Lab検体20+50.csv,2_0076,0076,TAT3,44,16,11.8,108.0,10734.0
2,CSV_data_F07_240529_i-Lab検体20+50.csv,2_0076,0076,TAT3,44,16,11.8,117.2,10750.0
2,CSV_data_F07_240529_i-Lab検体20+50.csv,2_0076,0076,TAT3,44,16,11.8,126.0,10767.0
2,CSV_data_F07_240529_i-Lab検体20+50.csv,2_0076,0076,TAT3,44,16,11.8,135.2,10783.0
2,CSV_data_F07_240529_i-Lab検体20+50.csv,2_0076,0076,TAT3,44,16,11.8,144.0,10797.0
2,CSV_data_F07_240529_i-Lab検体20+50.csv,2_0076,0076,TAT3,44,16,11.8,153.2,10820.0
2,CSV_data_F07_240529_i-Lab検体20+50.csv,2_0076,0076,TAT3,44,16,11.8,162.0,10834.0
2,CSV_data_F07_240529_i-Lab検体20+50.csv,2_0076,0076,TAT3,44,16,11.8,171.2,10853.0
2,CSV_data_F07_240529_i-Lab検体20+50.csv,2_0076,0076,TAT3,44,16,11.8,180.0,10873.0
2,CSV_data_F07_240529_i-Lab検体20+50.csv,2_0076,0076,TAT5,46,17,7.4,0.0,6606.0
2,CSV_data_F07_240529_i-Lab検体20+50.csv,2_0076,0076,TAT5,46,17,7.4,9.2,6604.0
2,CSV_data_F07_240529_i-Lab検体20+50.csv,2_0076,0076,TAT5,46,17,7.4,18.0,6614.0
2,CSV_data_F07_240529_i-Lab検体20+50.csv,2_0076,0076,TAT5,46,17,7.4,27.2,6625.0
2,CSV_data_F07_240529_i-Lab検体20+50.csv,2_0076,0076,TAT5,46,17,7.4,36.0,6632.0
2,CSV_data_F07_240529_i-Lab検体20+50.csv,2_0076,0076,TAT5,46,17,7.4,45.2,6647.0
2,CSV_data_F07_240529_i-Lab検体20+50.csv,2_0076,0076,TAT5,46,17,7.4,54.0,6652.0
2,CSV_data_F07_240529_i-Lab検体20+50.csv,2_0076,0076,TAT5,46,17,7.4,63.2,6663.0
2,CSV_data_F07_240529_i-Lab検体20+50.csv,2_0076,0076,TAT5,46,17,7.4,72.0,6677.0
2,CSV_data_F07_240529_i-Lab検体20+50.csv,2_0076,0076,TAT5,46,17,7.4,81.2,6686.0
2,CSV_data_F07_240529_i-Lab検体20+50.csv,2_0076,0076,TAT5,46,17,7.4,90.0,6694.0
2,CSV_data_F07_240529_i-Lab検体20+50.csv,2_0076,0076,TAT5,46,17,7.4,99.2,6711.0
2,CSV_data_F07_240529_i-Lab検体20+50.csv,2_0076,0076,TAT5,46,17,7.4,108.0,6718.0
2,CSV_data_F07_240529_i-Lab検体20+50.csv,2_0076,0076,TAT5,46,17,7.4,117.2,6733.0
2,CSV_data_F07_240529_i-Lab検体20+50.csv,2_0076,0076,TAT5,46,17,7.4,126.0,6739.0
2,CSV_data_F07_240529_i-Lab検体20+50.csv,2_0076,0076,TAT5,46,17,7.4,135.2,6750.0
2,CSV_data_F07_240529_i-Lab検体20+50.csv,2_0076,0076,TAT5,46,17,7.4,144.0,6765.0
2,CSV_data_F07_240529_i-Lab検体20+50.csv,2_0076,0076,TAT5,46,17,7.4,153.2,6770.0
2,CSV_data_F07_240529_i-Lab検体20+50.csv,2_0076,0076,TAT5,46,17,7.4,162.0,6788.0
2,CSV_data_F07_240529_i-Lab検体20+50.csv,2_0076,0076,TAT5,46,17,7.4,171.2,6797.0
2,CSV_data_F07_240529_i-Lab検体20+50.csv,2_0076,0076,TAT5,46,17,7.4,180.0,6811.0
2,CSV_data_F07_240529_i-Lab検体20+50.csv,2_0076,0076,TAT6,47,18,-0.5,0.0,8721.0
2,CSV_data_F07_240529_i-Lab検体20+50.csv,2_0076,0076,TAT6,47,18,-0.5,9.2,8702.0
2,CSV_data_F07_240529_i-Lab検体20+50.csv,2_0076,0076,TAT6,47,18,-0.5,18.0,8701.0
2,CSV_data_F07_240529_i-Lab検体20+50.csv,2_0076,0076,TAT6,47,18,-0.5,27.2,8698.0
2,CSV_data_F07_240529_i-Lab検体20+50.csv,2_0076,0076,TAT6,47,18,-0.5,36.0,8701.0
2,CSV_data_F07_240529_i-Lab検体20+50.csv,2_0076,0076,TAT6,47,18,-0.5,45.2,8703.0
2,CSV_data_F07_240529_i-Lab検体20+50.csv,2_0076,0076,TAT6,47,18,-0.5,54.0,8692.0
2,CSV_data_F07_240529_i-Lab検体20+50.csv,2_0076,0076,TAT6,47,18,-0.5,63.2,8695.0
2,CSV_data_F07_240529_i-Lab検体20+50.csv,2_0076,0076,TAT6,47,18,-0.5,72.0,8687.0
2,CSV_data_F07_240529_i-Lab検体20+50.csv,2_0076,0076,TAT6,47,18,-0.5,81.2,8697.0
2,CSV_data_F07_240529_i-Lab検体20+50.csv,2_0076,0076,TAT6,47,18,-0.5,90.0,8693.0
2,CSV_data_F07_240529_i-Lab検体20+50.csv,2_0076,0076,TAT6,47,18,-0.5,99.2,8697.0
2,CSV_data_F07_240529_i-Lab検体20+50.csv,2_0076,0076,TAT6,47,18,-0.5,108.0,8697.0
2,CSV_data_F07_240529_i-Lab検体20+50.csv,2_0076,0076,TAT6,47,18,-0.5,117.2,8702.0
2,CSV_data_F07_240529_i-Lab検体20+50.csv,2_0076,0076,TAT6,47,18,-0.5,126.0,8697.0
2,CSV_data_F07_240529_i-Lab検体20+50.csv,2_0076,0076,TAT6,47,18,-0.5,135.2,8704.0
2,CSV_data_F07_240529_i-Lab検体20+50.csv,2_0076,0076,TAT6,47,18,-0.5,144.0,8696.0
2,CSV_data_F07_240529_i-Lab検体20+50.csv,2_0076,0076,TAT6,47,18,-0.5,153.2,8690.0
2,CSV_data_F07_240529_i-Lab検体20+50.csv,2_0076,0076,TAT6,47,18,-0.5,162.0,8691.0
2,CSV_data_F07_240529_i-Lab検体20+50.csv,2_0076,0076,TAT6,47,18,-0.5,171.2,8690.0
2,CSV_data_F07_240529_i-Lab検体20+50.csv,2_0076,0076,TAT6,47,18,-0.5,180.0,8688.0
2,CSV_data_F07_240529_i-Lab検体20+50.csv,2_0077,0077,TAT206,41,19,11.5,0.0,11285.0
2,CSV_data_F07_240529_i-Lab検体20+50.csv,2_0077,0077,TAT206,41,19,11.5,9.2,11293.0
2,CSV_data_F07_240529_i-Lab検体20+50.csv,2_0077,0077,TAT206,41,19,11.5,18.0,11302.0
2,CSV_data_F07_240529_i-Lab検体20+50.csv,2_0077,0077,TAT206,41,19,11.5,27.2,11314.0
2,CSV_data_F07_240529_i-Lab検体20+50.csv,2_0077,0077,TAT206,41,19,11.5,36.0,11327.0
2,CSV_data_F07_240529_i-Lab検体20+50.csv,2_0077,0077,TAT206,41,19,11.5,45.2,11345.0
2,CSV_data_F07_240529_i-Lab検体20+50.csv,2_0077,0077,TAT206,41,19,11.5,54.0,11362.0
2,CSV_data_F07_240529_i-Lab検体20+50.csv,2_0077,0077,TAT206,41,19,11.5,63.2,11372.0
2,CSV_data_F07_240529_i-Lab検体20+50.csv,2_0077,0077,TAT206,41,19,11.5,72.0,11388.0
2,CSV_data_F07_240529_i-Lab検体20+50.csv,2_0077,0077,TAT206,41,19,11.5,81.2,11404.0
2,CSV_data_F07_240529_i-Lab検体20+50.csv,2_0077,0077,TAT206,41,19,11.5,90.0,11423.0
2,CSV_data_F07_240529_i-Lab検体20+50.csv,2_0077,0077,TAT206,41,19,11.5,99.2,11441.0
2,CSV_data_F07_240529_i-Lab検体20+50.csv,2_0077,0077,TAT206,41,19,11.5,108.0,11456.0
2,CSV_data_F07_240529_i-Lab検体20+50.csv,2_0077,0077,TAT206,41,19,11.5,117.2,11469.0
2,CSV_data_F07_240529_i-Lab検体20+50.csv,2_0077,0077,TAT206,41,19,11.5,126.0,11493.0
2,CSV_data_F07_240529_i-Lab検体20+50.csv,2_0077,0077,TAT206,41,19,11.5,135.2,11502.0
2,CSV_data_F07_240529_i-Lab検体20+50.csv,2_0077,0077,TAT206,41,19,11.5,144.0,11524.0
2,CSV_data_F07_240529_i-Lab検体20+50.csv,2_0077,0077,TAT206,41,19,11.5,153.2,11543.0
2,CSV_data_F07_240529_i-Lab検体20+50.csv,2_0077,0077,TAT206,41,19,11.5,162.0,11559.0
2,CSV_data_F07_240529_i-Lab検体20+50.csv,2_0077,0077,TAT206,41,19,11.5,171.2,11577.0
2,CSV_data_F07_240529_i-Lab検体20+50.csv,2_0077,0077,TAT206,41,19,11.5,180.0,11592.0
2,CSV_data_F07_240529_i-Lab検体20+50.csv,2_0077,0077,TAT1,42,20,12.1,0.0,11100.0
2,CSV_data_F07_240529_i-Lab検体20+50.csv,2_0077,0077,TAT1,42,20,12.1,9.2,11118.0
2,CSV_data_F07_240529_i-Lab検体20+50.csv,2_0077,0077,TAT1,42,20,12.1,18.0,11131.0
2,CSV_data_F07_240529_i-Lab検体20+50.csv,2_0077,0077,TAT1,42,20,12.1,27.2,11140.0
2,CSV_data_F07_240529_i-Lab検体20+50.csv,2_0077,0077,TAT1,42,20,12.1,36.0,11157.0
2,CSV_data_F07_240529_i-Lab検体20+50.csv,2_0077,0077,TAT1,42,20,12.1,45.2,11176.0
2,CSV_data_F07_240529_i-Lab検体20+50.csv,2_0077,0077,TAT1,42,20,12.1,54.0,11195.0
2,CSV_data_F07_240529_i-Lab検体20+50.csv,2_0077,0077,TAT1,42,20,12.1,63.2,11214.0
2,CSV_data_F07_240529_i-Lab検体20+50.csv,2_0077,0077,TAT1,42,20,12.1,72.0,11230.0
2,CSV_data_F07_240529_i-Lab検体20+50.csv,2_0077,0077,TAT1,42,20,12.1,81.2,11248.0
2,CSV_data_F07_240529_i-Lab検体20+50.csv,2_0077,0077,TAT1,42,20,12.1,90.0,11266.0
2,CSV_data_F07_240529_i-Lab検体20+50.csv,2_0077,0077,TAT1,42,20,12.1,99.2,11290.0
2,CSV_data_F07_240529_i-Lab検体20+50.csv,2_0077,0077,TAT1,42,20,12.1,108.0,11304.0
2,CSV_data_F07_240529_i-Lab検体20+50.csv,2_0077,0077,TAT1,42,20,12.1,117.2,11322.0
2,CSV_data_F07_240529_i-Lab検体20+50.csv,2_0077,0077,TAT1,42,20,12.1,126.0,11342.0
2,CSV_data_F07_240529_i-Lab検体20+50.csv,2_0077,0077,TAT1,42,20,12.1,135.2,11352.0
2,CSV_data_F07_240529_i-Lab検体20+50.csv,2_0077,0077,TAT1,42,20,12.1,144.0,11372.0
2,CSV_data_F07_240529_i-Lab検体20+50.csv,2_0077,0077,TAT1,42,20,12.1,153.2,11394.0
2,CSV_data_F07_240529_i-Lab検体20+50.csv,2_0077,0077,TAT1,42,20,12.1,162.0,11407.0
2,CSV_data_F07_240529_i-Lab検体20+50.csv,2_0077,0077,TAT1,42,20,12.1,171.2,11430.0
2,CSV_data_F07_240529_i-Lab検体20+50.csv,2_0077,0077,TAT1,42,20,12.1,180.0,11446.0
2,CSV_data_F07_240529_i-Lab検体20+50.csv,2_0077,0077,TAT3,44,15,8.7,0.0,10971.0
2,CSV_data_F07_240529_i-Lab検体20+50.csv,2_0077,0077,TAT3,44,15,8.7,9.2,10955.0
2,CSV_data_F07_240529_i-Lab検体20+50.csv,2_0077,0077,TAT3,44,15,8.7,18.0,10960.0
2,CSV_data_F07_240529_i-Lab検体20+50.csv,2_0077,0077,TAT3,44,15,8.7,27.2,10958.0
2,CSV_data_F07_240529_i-Lab検体20+50.csv,2_0077,0077,TAT3,44,15,8.7,36.0,10967.0
2,CSV_data_F07_240529_i-Lab検体20+50.csv,2_0077,0077,TAT3,44,15,8.7,45.2,10982.0
2,CSV_data_F07_240529_i-Lab検体20+50.csv,2_0077,0077,TAT3,44,15,8.7,54.0,10994.0
2,CSV_data_F07_240529_i-Lab検体20+50.csv,2_0077,0077,TAT3,44,15,8.7,63.2,11006.0
2,CSV_data_F07_240529_i-Lab検体20+50.csv,2_0077,0077,TAT3,44,15,8.7,72.0,11016.0
2,CSV_data_F07_240529_i-Lab検体20+50.csv,2_0077,0077,TAT3,44,15,8.7,81.2,11031.0
2,CSV_data_F07_240529_i-Lab検体20+50.csv,2_0077,0077,TAT3,44,15,8.7,90.0,11042.0
2,CSV_data_F07_240529_i-Lab検体20+50.csv,2_0077,0077,TAT3,44,15,8.7,99.2,11062.0
2,CSV_data_F07_240529_i-Lab検体20+50.csv,2_0077,0077,TAT3,44,15,8.7,108.0,11068.0
2,CSV_data_F07_240529_i-Lab検体20+50.csv,2_0077,0077,TAT3,44,15,8.7,117.2,11085.0
2,CSV_data_F07_240529_i-Lab検体20+50.csv,2_0077,0077,TAT3,44,15,8.7,126.0,11096.0
2,CSV_data_F07_240529_i-Lab検体20+50.csv,2_0077,0077,TAT3,44,15,8.7,135.2,11109.0
2,CSV_data_F07_240529_i-Lab検体20+50.csv,2_0077,0077,TAT3,44,15,8.7,144.0,11124.0
2,CSV_data_F07_240529_i-Lab検体20+50.csv,2_0077,0077,TAT3,44,15,8.7,153.2,11140.0
2,CSV_data_F07_240529_i-Lab検体20+50.csv,2_0077,0077,TAT3,44,15,8.7,162.0,11154.0
2,CSV_data_F07_240529_i-Lab検体20+50.csv,2_0077,0077,TAT3,44,15,8.7,171.2,11161.0
2,CSV_data_F07_240529_i-Lab検体20+50.csv,2_0077,0077,TAT3,44,15,8.7,180.0,11177.0
2,CSV_data_F07_240529_i-Lab検体20+50.csv,2_0077,0077,TAT5,46,16,5.3,0.0,6969.0
2,CSV_data_F07_240529_i-Lab検体20+50.csv,2_0077,0077,TAT5,46,16,5.3,9.2,6963.0
2,CSV_data_F07_240529_i-Lab検体20+50.csv,2_0077,0077,TAT5,46,16,5.3,18.0,6969.0
2,CSV_data_F07_240529_i-Lab検体20+50.csv,2_0077,0077,TAT5,46,16,5.3,27.2,6972.0
2,CSV_data_F07_240529_i-Lab検体20+50.csv,2_0077,0077,TAT5,46,16,5.3,36.0,6983.0
2,CSV_data_F07_240529_i-Lab検体20+50.csv,2_0077,0077,TAT5,46,16,5.3,45.2,6993.0
2,CSV_data_F07_240529_i-Lab検体20+50.csv,2_0077,0077,TAT5,46,16,5.3,54.0,7000.0
2,CSV_data_F07_240529_i-Lab検体20+50.csv,2_0077,0077,TAT5,46,16,5.3,63.2,7011.0
2,CSV_data_F07_240529_i-Lab検体20+50.csv,2_0077,0077,TAT5,46,16,5.3,72.0,7019.0
2,CSV_data_F07_240529_i-Lab検体20+50.csv,2_0077,0077,TAT5,46,16,5.3,81.2,7025.0
2,CSV_data_F07_240529_i-Lab検体20+50.csv,2_0077,0077,TAT5,46,16,5.3,90.0,7030.0
2,CSV_data_F07_240529_i-Lab検体20+50.csv,2_0077,0077,TAT5,46,16,5.3,99.2,7039.0
2,CSV_data_F07_240529_i-Lab検体20+50.csv,2_0077,0077,TAT5,46,16,5.3,108.0,7051.0
2,CSV_data_F07_240529_i-Lab検体20+50.csv,2_0077,0077,TAT5,46,16,5.3,117.2,7054.0
2,CSV_data_F07_240529_i-Lab検体20+50.csv,2_0077,0077,TAT5,46,16,5.3,126.0,7065.0
2,CSV_data_F07_240529_i-Lab検体20+50.csv,2_0077,0077,TAT5,46,16,5.3,135.2,7077.0
2,CSV_data_F07_240529_i-Lab検体20+50.csv,2_0077,0077,TAT5,46,16,5.3,144.0,7080.0
2,CSV_data_F07_240529_i-Lab検体20+50.csv,2_0077,0077,TAT5,46,16,5.3,153.2,7091.0
2,CSV_data_F07_240529_i-Lab検体20+50.csv,2_0077,0077,TAT5,46,16,5.3,162.0,7100.0
2,CSV_data_F07_240529_i-Lab検体20+50.csv,2_0077,0077,TAT5,46,16,5.3,171.2,7105.0
2,CSV_data_F07_240529_i-Lab検体20+50.csv,2_0077,0077,TAT5,46,16,5.3,180.0,7111.0
2,CSV_data_F07_240529_i-Lab検体20+50.csv,2_0077,0077,TAT6,47,17,1.3,0.0,8958.0
2,CSV_data_F07_240529_i-Lab検体20+50.csv,2_0077,0077,TAT6,47,17,1.3,9.2,8931.0
2,CSV_data_F07_240529_i-Lab検体20+50.csv,2_0077,0077,TAT6,47,17,1.3,18.0,8934.0
2,CSV_data_F07_240529_i-Lab検体20+50.csv,2_0077,0077,TAT6,47,17,1.3,27.2,8928.0
2,CSV_data_F07_240529_i-Lab検体20+50.csv,2_0077,0077,TAT6,47,17,1.3,36.0,8931.0
2,CSV_data_F07_240529_i-Lab検体20+50.csv,2_0077,0077,TAT6,47,17,1.3,45.2,8930.0
2,CSV_data_F07_240529_i-Lab検体20+50.csv,2_0077,0077,TAT6,47,17,1.3,54.0,8932.0
2,CSV_data_F07_240529_i-Lab検体20+50.csv,2_0077,0077,TAT6,47,17,1.3,63.2,8941.0
2,CSV_data_F07_240529_i-Lab検体20+50.csv,2_0077,0077,TAT6,47,17,1.3,72.0,8941.0
2,CSV_data_F07_240529_i-Lab検体20+50.csv,2_0077,0077,TAT6,47,17,1.3,81.2,8942.0
2,CSV_data_F07_240529_i-Lab検体20+50.csv,2_0077,0077,TAT6,47,17,1.3,90.0,8943.0
2,CSV_data_F07_240529_i-Lab検体20+50.csv,2_0077,0077,TAT6,47,17,1.3,99.2,8946.0
2,CSV_data_F07_240529_i-Lab検体20+50.csv,2_0077,0077,TAT6,47,17,1.3,108.0,8944.0
2,CSV_data_F07_240529_i-Lab検体20+50.csv,2_0077,0077,TAT6,47,17,1.3,117.2,8948.0
2,CSV_data_F07_240529_i-Lab検体20+50.csv,2_0077,0077,TAT6,47,17,1.3,126.0,8947.0
2,CSV_data_F07_240529_i-Lab検体20+50.csv,2_0077,0077,TAT6,47,17,1.3,135.2,8952.0
2,CSV_data_F07_240529_i-Lab検体20+50.csv,2_0077,0077,TAT6,47,17,1.3,144.0,8952.0
2,CSV_data_F07_240529_i-Lab検体20+50.csv,2_0077,0077,TAT6,47,17,1.3,153.2,8963.0
2,CSV_data_F07_240529_i-Lab検体20+50.csv,2_0077,0077,TAT6,47,17,1.3,162.0,8960.0
2,CSV_data_F07_240529_i-Lab検体20+50.csv,2_0077,0077,TAT6,47,17,1.3,171.2,8962.0
2,CSV_data_F07_240529_i-Lab検体20+50.csv,2_0077,0077,TAT6,47,17,1.3,180.0,8956.0
2,CSV_data_F07_240529_i-Lab検体20+50.csv,2_0078,0078,TAT206,41,18,13.8,0.0,10931.0
2,CSV_data_F07_240529_i-Lab検体20+50.csv,2_0078,0078,TAT206,41,18,13.8,9.2,10959.0
2,CSV_data_F07_240529_i-Lab検体20+50.csv,2_0078,0078,TAT206,41,18,13.8,18.0,10968.0
2,CSV_data_F07_240529_i-Lab検体20+50.csv,2_0078,0078,TAT206,41,18,13.8,27.2,10976.0
2,CSV_data_F07_240529_i-Lab検体20+50.csv,2_0078,0078,TAT206,41,18,13.8,36.0,10989.0
2,CSV_data_F07_240529_i-Lab検体20+50.csv,2_0078,0078,TAT206,41,18,13.8,45.2,11006.0
2,CSV_data_F07_240529_i-Lab検体20+50.csv,2_0078,0078,TAT206,41,18,13.8,54.0,11016.0
2,CSV_data_F07_240529_i-Lab検体20+50.csv,2_0078,0078,TAT206,41,18,13.8,63.2,11033.0
2,CSV_data_F07_240529_i-Lab検体20+50.csv,2_0078,0078,TAT206,41,18,13.8,72.0,11053.0
2,CSV_data_F07_240529_i-Lab検体20+50.csv,2_0078,0078,TAT206,41,18,13.8,81.2,11071.0
2,CSV_data_F07_240529_i-Lab検体20+50.csv,2_0078,0078,TAT206,41,18,13.8,90.0,11090.0
2,CSV_data_F07_240529_i-Lab検体20+50.csv,2_0078,0078,TAT206,41,18,13.8,99.2,11113.0
2,CSV_data_F07_240529_i-Lab検体20+50.csv,2_0078,0078,TAT206,41,18,13.8,108.0,11129.0
2,CSV_data_F07_240529_i-Lab検体20+50.csv,2_0078,0078,TAT206,41,18,13.8,117.2,11144.0
2,CSV_data_F07_240529_i-Lab検体20+50.csv,2_0078,0078,TAT206,41,18,13.8,126.0,11174.0
2,CSV_data_F07_240529_i-Lab検体20+50.csv,2_0078,0078,TAT206,41,18,13.8,135.2,11187.0
2,CSV_data_F07_240529_i-Lab検体20+50.csv,2_0078,0078,TAT206,41,18,13.8,144.0,11212.0
2,CSV_data_F07_240529_i-Lab検体20+50.csv,2_0078,0078,TAT206,41,18,13.8,153.2,11229.0
2,CSV_data_F07_240529_i-Lab検体20+50.csv,2_0078,0078,TAT206,41,18,13.8,162.0,11266.0
2,CSV_data_F07_240529_i-Lab検体20+50.csv,2_0078,0078,TAT206,41,18,13.8,171.2,11278.0
2,CSV_data_F07_240529_i-Lab検体20+50.csv,2_0078,0078,TAT206,41,18,13.8,180.0,11316.0
2,CSV_data_F07_240529_i-Lab検体20+50.csv,2_0078,0078,TAT1,42,19,18.2,0.0,10997.0
2,CSV_data_F07_240529_i-Lab検体20+50.csv,2_0078,0078,TAT1,42,19,18.2,9.2,11010.0
2,CSV_data_F07_240529_i-Lab検体20+50.csv,2_0078,0078,TAT1,42,19,18.2,18.0,11031.0
2,CSV_data_F07_240529_i-Lab検体20+50.csv,2_0078,0078,TAT1,42,19,18.2,27.2,11047.0
2,CSV_data_F07_240529_i-Lab検体20+50.csv,2_0078,0078,TAT1,42,19,18.2,36.0,11066.0
2,CSV_data_F07_240529_i-Lab検体20+50.csv,2_0078,0078,TAT1,42,19,18.2,45.2,11084.0
2,CSV_data_F07_240529_i-Lab検体20+50.csv,2_0078,0078,TAT1,42,19,18.2,54.0,11103.0
2,CSV_data_F07_240529_i-Lab検体20+50.csv,2_0078,0078,TAT1,42,19,18.2,63.2,11125.0
2,CSV_data_F07_240529_i-Lab検体20+50.csv,2_0078,0078,TAT1,42,19,18.2,72.0,11153.0
2,CSV_data_F07_240529_i-Lab検体20+50.csv,2_0078,0078,TAT1,42,19,18.2,81.2,11175.0
2,CSV_data_F07_240529_i-Lab検体20+50.csv,2_0078,0078,TAT1,42,19,18.2,90.0,11196.0
2,CSV_data_F07_240529_i-Lab検体20+50.csv,2_0078,0078,TAT1,42,19,18.2,99.2,11222.0
2,CSV_data_F07_240529_i-Lab検体20+50.csv,2_0078,0078,TAT1,42,19,18.2,108.0,11247.0
2,CSV_data_F07_240529_i-Lab検体20+50.csv,2_0078,0078,TAT1,42,19,18.2,117.2,11273.0
2,CSV_data_F07_240529_i-Lab検体20+50.csv,2_0078,0078,TAT1,42,19,18.2,126.0,11302.0
2,CSV_data_F07_240529_i-Lab検体20+50.csv,2_0078,0078,TAT1,42,19,18.2,135.2,11330.0
2,CSV_data_F07_240529_i-Lab検体20+50.csv,2_0078,0078,TAT1,42,19,18.2,144.0,11360.0
2,CSV_data_F07_240529_i-Lab検体20+50.csv,2_0078,0078,TAT1,42,19,18.2,153.2,11390.0
2,CSV_data_F07_240529_i-Lab検体20+50.csv,2_0078,0078,TAT1,42,19,18.2,162.0,11414.0
2,CSV_data_F07_240529_i-Lab検体20+50.csv,2_0078,0078,TAT1,42,19,18.2,171.2,11448.0
2,CSV_data_F07_240529_i-Lab検体20+50.csv,2_0078,0078,TAT1,42,19,18.2,180.0,11474.0
2,CSV_data_F07_240529_i-Lab検体20+50.csv,2_0078,0078,TAT3,44,20,12.3,0.0,10821.0
2,CSV_data_F07_240529_i-Lab検体20+50.csv,2_0078,0078,TAT3,44,20,12.3,9.2,10821.0
2,CSV_data_F07_240529_i-Lab検体20+50.csv,2_0078,0078,TAT3,44,20,12.3,18.0,10827.0
2,CSV_data_F07_240529_i-Lab検体20+50.csv,2_0078,0078,TAT3,44,20,12.3,27.2,10843.0
2,CSV_data_F07_240529_i-Lab検体20+50.csv,2_0078,0078,TAT3,44,20,12.3,36.0,10852.0
2,CSV_data_F07_240529_i-Lab検体20+50.csv,2_0078,0078,TAT3,44,20,12.3,45.2,10866.0
2,CSV_data_F07_240529_i-Lab検体20+50.csv,2_0078,0078,TAT3,44,20,12.3,54.0,10876.0
2,CSV_data_F07_240529_i-Lab検体20+50.csv,2_0078,0078,TAT3,44,20,12.3,63.2,10892.0
2,CSV_data_F07_240529_i-Lab検体20+50.csv,2_0078,0078,TAT3,44,20,12.3,72.0,10908.0
2,CSV_data_F07_240529_i-Lab検体20+50.csv,2_0078,0078,TAT3,44,20,12.3,81.2,10932.0
2,CSV_data_F07_240529_i-Lab検体20+50.csv,2_0078,0078,TAT3,44,20,12.3,90.0,10950.0
2,CSV_data_F07_240529_i-Lab検体20+50.csv,2_0078,0078,TAT3,44,20,12.3,99.2,10959.0
2,CSV_data_F07_240529_i-Lab検体20+50.csv,2_0078,0078,TAT3,44,20,12.3,108.0,10982.0
2,CSV_data_F07_240529_i-Lab検体20+50.csv,2_0078,0078,TAT3,44,20,12.3,117.2,11001.0
2,CSV_data_F07_240529_i-Lab検体20+50.csv,2_0078,0078,TAT3,44,20,12.3,126.0,11018.0
2,CSV_data_F07_240529_i-Lab検体20+50.csv,2_0078,0078,TAT3,44,20,12.3,135.2,11040.0
2,CSV_data_F07_240529_i-Lab検体20+50.csv,2_0078,0078,TAT3,44,20,12.3,144.0,11059.0
2,CSV_data_F07_240529_i-Lab検体20+50.csv,2_0078,0078,TAT3,44,20,12.3,153.2,11069.0
2,CSV_data_F07_240529_i-Lab検体20+50.csv,2_0078,0078,TAT3,44,20,12.3,162.0,11099.0
2,CSV_data_F07_240529_i-Lab検体20+50.csv,2_0078,0078,TAT3,44,20,12.3,171.2,11116.0
2,CSV_data_F07_240529_i-Lab検体20+50.csv,2_0078,0078,TAT3,44,20,12.3,180.0,11133.0
2,CSV_data_F07_240529_i-Lab検体20+50.csv,2_0078,0078,TAT5,46,15,3.7,0.0,6822.0
2,CSV_data_F07_240529_i-Lab検体20+50.csv,2_0078,0078,TAT5,46,15,3.7,9.2,6811.0
2,CSV_data_F07_240529_i-Lab検体20+50.csv,2_0078,0078,TAT5,46,15,3.7,18.0,6814.0
2,CSV_data_F07_240529_i-Lab検体20+50.csv,2_0078,0078,TAT5,46,15,3.7,27.2,6817.0
2,CSV_data_F07_240529_i-Lab検体20+50.csv,2_0078,0078,TAT5,46,15,3.7,36.0,6823.0
2,CSV_data_F07_240529_i-Lab検体20+50.csv,2_0078,0078,TAT5,46,15,3.7,45.2,6831.0
2,CSV_data_F07_240529_i-Lab検体20+50.csv,2_0078,0078,TAT5,46,15,3.7,54.0,6836.0
2,CSV_data_F07_240529_i-Lab検体20+50.csv,2_0078,0078,TAT5,46,15,3.7,63.2,6843.0
2,CSV_data_F07_240529_i-Lab検体20+50.csv,2_0078,0078,TAT5,46,15,3.7,72.0,6850.0
2,CSV_data_F07_240529_i-Lab検体20+50.csv,2_0078,0078,TAT5,46,15,3.7,81.2,6854.0
2,CSV_data_F07_240529_i-Lab検体20+50.csv,2_0078,0078,TAT5,46,15,3.7,90.0,6852.0
2,CSV_data_F07_240529_i-Lab検体20+50.csv,2_0078,0078,TAT5,46,15,3.7,99.2,6859.0
2,CSV_data_F07_240529_i-Lab検体20+50.csv,2_0078,0078,TAT5,46,15,3.7,108.0,6869.0
2,CSV_data_F07_240529_i-Lab検体20+50.csv,2_0078,0078,TAT5,46,15,3.7,117.2,6871.0
2,CSV_data_F07_240529_i-Lab検体20+50.csv,2_0078,0078,TAT5,46,15,3.7,126.0,6881.0
2,CSV_data_F07_240529_i-Lab検体20+50.csv,2_0078,0078,TAT5,46,15,3.7,135.2,6882.0
2,CSV_data_F07_240529_i-Lab検体20+50.csv,2_0078,0078,TAT5,46,15,3.7,144.0,6890.0
2,CSV_data_F07_240529_i-Lab検体20+50.csv,2_0078,0078,TAT5,46,15,3.7,153.2,6894.0
2,CSV_data_F07_240529_i-Lab検体20+50.csv,2_0078,0078,TAT5,46,15,3.7,162.0,6906.0
2,CSV_data_F07_240529_i-Lab検体20+50.csv,2_0078,0078,TAT5,46,15,3.7,171.2,6909.0
2,CSV_data_F07_240529_i-Lab検体20+50.csv,2_0078,0078,TAT5,46,15,3.7,180.0,6910.0
2,CSV_data_F07_240529_i-Lab検体20+50.csv,2_0078,0078,TAT6,47,16,1.1,0.0,8896.0
2,CSV_data_F07_240529_i-Lab検体20+50.csv,2_0078,0078,TAT6,47,16,1.1,9.2,8872.0
2,CSV_data_F07_240529_i-Lab検体20+50.csv,2_0078,0078,TAT6,47,16,1.1,18.0,8879.0
2,CSV_data_F07_240529_i-Lab検体20+50.csv,2_0078,0078,TAT6,47,16,1.1,27.2,8875.0
2,CSV_data_F07_240529_i-Lab検体20+50.csv,2_0078,0078,TAT6,47,16,1.1,36.0,8880.0
2,CSV_data_F07_240529_i-Lab検体20+50.csv,2_0078,0078,TAT6,47,16,1.1,45.2,8877.0
2,CSV_data_F07_240529_i-Lab検体20+50.csv,2_0078,0078,TAT6,47,16,1.1,54.0,8881.0
2,CSV_data_F07_240529_i-Lab検体20+50.csv,2_0078,0078,TAT6,47,16,1.1,63.2,8887.0
2,CSV_data_F07_240529_i-Lab検体20+50.csv,2_0078,0078,TAT6,47,16,1.1,72.0,8891.0
2,CSV_data_F07_240529_i-Lab検体20+50.csv,2_0078,0078,TAT6,47,16,1.1,81.2,8891.0
2,CSV_data_F07_240529_i-Lab検体20+50.csv,2_0078,0078,TAT6,47,16,1.1,90.0,8893.0
2,CSV_data_F07_240529_i-Lab検体20+50.csv,2_0078,0078,TAT6,47,16,1.1,99.2,8889.0
2,CSV_data_F07_240529_i-Lab検体20+50.csv,2_0078,0078,TAT6,47,16,1.1,108.0,8891.0
2,CSV_data_F07_240529_i-Lab検体20+50.csv,2_0078,0078,TAT6,47,16,1.1,117.2,8895.0
2,CSV_data_F07_240529_i-Lab検体20+50.csv,2_0078,0078,TAT6,47,16,1.1,126.0,8901.0
2,CSV_data_F07_240529_i-Lab検体20+50.csv,2_0078,0078,TAT6,47,16,1.1,135.2,8899.0
2,CSV_data_F07_240529_i-Lab検体20+50.csv,2_0078,0078,TAT6,47,16,1.1,144.0,8899.0
2,CSV_data_F07_240529_i-Lab検体20+50.csv,2_0078,0078,TAT6,47,16,1.1,153.2,8905.0
2,CSV_data_F07_240529_i-Lab検体20+50.csv,2_0078,0078,TAT6,47,16,1.1,162.0,8905.0
2,CSV_data_F07_240529_i-Lab検体20+50.csv,2_0078,0078,TAT6,47,16,1.1,171.2,8908.0
2,CSV_data_F07_240529_i-Lab検体20+50.csv,2_0078,0078,TAT6,47,16,1.1,180.0,8908.0
